id,name,country,description,category,ingredients,instructions
7b19ad87-f11a-49db-ad58-cc0047d0ebb5,Pratik Çilekli Manolya Tatlısı,Turkey,Lezzetli çilekler ve kremsi dokusuyla pratik ve ferah bir tatlı,Ye,"[""1 litre süt"", ""100 mililitresüt kreması"", ""1 su bardağı (bir parmak eksik) şeker"", ""4 yemek kaşığı un"", ""1 adet yumurta"", ""1 paket vanilya"", ""1 paket bebe bisküvisi""]","[""Süt, un, şeker, yumurta ve kremayı tencereye alıp pişene kadar karıştıralım."", ""Muhallebi kaynayıp göz göz olduktan sonra ocaktan alarak 1 paket vanilya ekleyelim."", ""Robottan çekilmiş bebe bisküvilerini kupların altına ekleyelim. Orta katman olarak meyve ve muhallebiyi ekledikten sonra tekrar bisküvi katmanı ekleyelim. Afiyet olsun.""]"
fc857bde-e501-48d4-9998-a4cb05ee2bae,Röşti Usulü Patates Cipsi,Turkey,"Röşti usulü hazırlanan bu çıtır patates cipsi, kaşar peyniriyle harmanlanarak lezzetli bir atıştırmalık sunuyor",Ye,"[""1 adet büyük boy patates (rendelenmiş, suyu sıkılmış)"", ""2 yemek kaşığı oda sıcaklığında tereyağı"", ""50 gram rendelenmiş kaşar peyniri"", ""1 çay kaşığı tuz""]","[""Tüm malzemeleri bir kase içerisine alarak karıştırın."", ""Bir kaşık yardımıyla porsiyonlayarak tost makinesine alın. Makinenin kapağını kapatarak 15 dakika pişirin ve sıcak olarak servis edin.""]"
c6b33387-7042-4a85-a7ff-42af719572b4,Kremalı Mantar Çorbası,Turkey,"Zengin ve kremsi dokusuyla sizi ısıtacak, lezzetli bir başlangıç",Ye,"[""2 yemek kaşığı tereyağı"", ""400 gram mantar"", ""2 yemek kaşığı un"", ""4 su bardağı tavuk suyu"", ""1-1,5 su bardağı su"", ""1 tatlı kaşığı tuz"", ""1 çay kaşığı karabiber"", ""200 mililitrekrema""]","[""Tereyağını tencerede eritin, ince ince doğranmış mantar ve rendelenmiş sarımsakları ekleyip mantarlar suyunu çekene kadar pişirin."", ""Unu ekleyin, baharatlandırın ve kavurun."", ""Un kokusu çıkınca yavaşça ve sürekli karıştırarak sularını ekleyin ve kaynamaya bırakın."", ""Çorba kaynayınca ocaktan alın kremayı sürekli karıştırarak ilave edin ve tekrar ocağa alıp bir taşım kaynatın.""]"
abd50ca2-af82-47d5-b18e-62390104b1ee,Tuzda Çipura,Turkey,"Tuzun içinde pişen çipura, lezzetini ve nemini içinde saklayarak harika bir tat sunar",Ana Yemek,"[""2 adet çupra (temizlenmiş)"", ""3 kilogram kaya tuzu"", ""3 adet yumurta"", ""3 yemek kaşığı rezene tohumu"", ""2 adet limon kabuğu rendesi"", ""2-3 adet taze soğan""]","[""Tuzu derince bir kaba alın. Üstüne bir yumurtaları kırın, rezene tohumlarını serpin ve limon kabuğu rendelerini ilave edin. Güzelce karıştırın ve bir kenara alın."", ""Balıkların karnını; taze kekik, maydanoz ve taze soğanlarla doldurun. Hazırladığınız tuzun 3’te 1’ini tepsinin dibini tamamen kaplayacak şekilde ve yaklaşık 1 cmlik bir tabaka olacak şekilde tepsiye y"", ""Üstüne karnını doldurduğunuz balıkları yerleştirin ve kalan tuzla balıkları güzelce kaplayın. Balıkların üstünde yerlerini de belli edecek minik tuz tepeleri olacak."", ""Önceden ısıtılmış 245 derece fırında yaklaşık 15 dakika bu şekilde pişmeye bırakın. Balıklar pişerken sosunu hazırlayın."", ""Sarımsakları bir havanda tamamen ezilene dek dövün, üstlerine safranı ilave edip tekrar dövün, zeytinyağını damla damla ilave ederek, pürüzsüz bir sos elde edene dek karıştırmayı sürdürün. Biraz da tu"", ""Balıkları fırından alın ve 10 dakika kadar tepsiyi bir kenarda soğumaya bırakın. Tepsideki tuz taş gibi sertleşmiş olacak, bir bıçağın ucuyla balıkların belli olduğu tuz tepesinin knarların hafif hafi"", ""Tuz bir kalıp şeklinde balıkların üstünden kalkacaktır. Balıkları tuzlardan tamamen arındırın, gerekirse bir mutfak fırçasıyla üstünde kalan tuz parçalarını temizleyin ve bir servis tabağına alın."", ""Yanında aioli sosu ve mevsim salatasıyla sıcak olarak servis edin.""]"
db5f71e3-80bf-4210-8859-55dc75c54ef7,Kakaolu Cupcake,Turkey,"Mis gibi kokan, yumuşacık dokusuyla büyüleyen kakaolu cupcake'ler hem göze hem damağa hitap ediyor",Ye,"[""2 adet yumurta"", ""1 su bardağı toz şeker"", ""2 yemek kaşığı eritilmiş tereyağı"", ""1/2 çay bardağı sıvı yağ"", ""1 çay bardağı süt"", ""2 su bardağı un"", ""2 yemek kaşığı kakao"", ""1 paket vanilya"", ""1 paket kabartma tozu""]","[""2 adet yumurtayı 1 su bardağı toz şekerle birlikte çırpın."", ""Ardından üzerine sırasıyla 2 yemek kaşığı eritilmiş tereyağı, yarım çay bardağı sıvı yağ ve 1 çay bardağı süt ilave ederek çırpma işlemine devam edin."", ""Üzerine 2 su bardağı un, 2 yemek kaşığı kakao, 1 paket vanilya ve kabartma tozu ilave edin."", ""Spatula yardımıyla güzelce karıştırın."", ""Hazırladığınız harcı yağlanmış kalıplara pay edin ve daha önceden ısıtılmış 175 derecelik fırında yaklaşık 20 dakika kadar pişirin."", ""Kreması için; 200 gram oda sıcaklığında tereyağını kremamsı bir kıvam alana kadar çırpın. Üzerine 4 yemek kaşığı süt, 1 paket vanilya ilave edip çırpmaya devam edin."", ""Son olarak 1 su bardağı pudra şekerini ekleyin ve bütünleşene kadar karıştırmaya devam edin."", ""Soğuyan keklerinizin üzerini hazırladığınız kremayı sıkın."", ""Çilek ve pasta süsü yardımıyla süsleyin. Ardından servis edin. Afiyet olsun.""]"
83af604f-7670-4767-97a6-65ce9bc56066,Kar Topu Tatlısı,Turkey,"Hindistan cevizi ve krema ile hazırlanan, pratik ve lezzetli bir tatlı",Tatlı,"[""1 su bardağı krema (200 ml)"", ""1 su bardağı toz şeker"", ""3,5 su bardağı Hindistan cevizi"", ""10 adet fındık""]","[""Bir kapta krema ve toz şekeri mikser yardımıyla, şeker eriyene kadar çırpın."", ""Şekeri erimiş karışımın üzerine azar azar Hindistan cevizini ilave ederek kurabiye hamuruna benzer bir kıvam elde edin."", ""Karışımdan ceviz büyüklüğünde parçalar alın ve ortasına bütün fındık ilave edip, yuvarlayın."", ""Buzdolabında yaklaşık 1 saat kadar dinlendirin."", ""Servis etmeden önce, çikolatayı benmari usulü eritin ve bir kaşık yardımıyla kartopu tatlısının üzerinde gezdirin."", ""Üzerlerine toz Antep fıstığı serpiştirerek servis edin.""]"
d46f3a9c-4842-4d57-9715-708915ceb372,Leblebi Tozlu Kurabiye,Turkey,Lezzetli ve pratik leblebi tozlu kurabiye tarifi,Tatlı,"[""160 gram pudra şekeri (1 su bardağı)"", ""300 gram leblebi tozu"", ""1 su bardağı sıvı yağ"", ""210 gram un""]","[""1 su bardağı pudra şekeri, 1,5 su bardağı leblebi tozu, 1 su bardağı sıvı yağı uygun bir kapta iyice harmanlıyoruz."", ""Harmanladıktan sonra 1,5 su bardağı unu ekleyerek hamur haline getiriyoruz."", ""Hamurumuzdan ceviz büyüklüğünde parçalar kopararak istediğimiz şekli veriyoruz."", ""Şekil verdiğimiz kurabiyelerimizi 170 derecelik fırına veriyoruz."", ""15 dakika sonra pişmiş olan kurabiyelerimizi fırından alarak soğumasını bekliyoruz."", ""Soğuyan kurabiyelerimiz artık servise hazır. Afiyet olsun.""]"
bf697007-3bb4-4414-9d24-7a85e6e00831,Tuile Somon,Turkey,Ince ve çıtır somon dilimleri ile şık bir başlangıç,Balık & Deniz Ürünleri,"[""2 adet somon"", ""1/2 çay kaşığı tuz"", ""1/2 çay kaşığı karabiber"", ""1/2 çay kaşığı kırmızı toz biber"", ""2 yemek kaşığı zeytinyağı""]","[""Tuile için tüm malzemeyi iyice karıştırıp tavada kuruyana kadar pişirin."", ""Peçete üzerine alarak soğumaya bırakın. Tabağınızı dekore etmek için kullanın."", ""Pesto sos için zeytinyağı hariç tüm malzemeleri rondodan geçirin."", ""Üzerine yavaş yavaş zeytinyağı ekleyerek sos kıvamı almasını sağlayın. (İsterseniz hazır pesto sosu da kullanabilirsiniz.)"", ""Somon için: zeytinyağında tüm baharatları ve sarımsakları karıştırın."", ""Balıkların üzerine hazırladığınız yağlı karışımı gezdirin ve 1 saat buzdolabında dinlendirin."", ""Fırında 180 derecede yaklaşık 25 dakika pişirin."", ""Pesto sostan servis edeceğiniz tabağa 1 yemek kaşığı sürün üzerine balığınızı yerleştirip afiyetle yiyin."", ""Pesto sos için kullandığınız çam fıstıklarından 1 yemek kaşığı kadarını kavurarak tabak sunumunda kullanabilirsiniz.""]"
3ee9dcf2-2538-4d6b-87dc-cb714a39ee3e,Fırında Helva,Turkey,"Fırında helva, ceviz ve limon suyuyla zenginleştirilmiş, çıtır çıtır ve lezzetli bir tatlı alternatifidir",Tatlı,"[""250 gram tahinli helva (sade)"", ""1/2 su bardağı dövülmüş ceviz"", ""1 yemek kaşığı limon suyu"", ""1 çay bardağı süt"", ""1,5 tatlı kaşığı tereyağı""]","[""Helvayı küp küp doğrayın. Bir kabın içerisine alın ve ezin. Üzerine kıyılmış cevizi ilave edin."", ""Üzerine süt, oda sıcaklığındaki tereyağı ve limon suyunu ilave edin."", ""Fırın kabına aktarın. Üzerine susam serperek süsleyin. 190 derecede önceden ısıtılmış fırında üzeri kızarana kadar yaklaşık 15 dakika pişirin.""]"
a8d05b11-bcd8-492b-a992-7e0ee07d64ee,Çilek Reçeli,Turkey,"Taze çileklerin şekerle buluştuğu, lezzetli ve pratik bir ev yapımı reçel tarifi",Ana Yemek,"[""2 kilogram çilek"", ""8 su bardağı toz şeker"", ""1 çay kaşığı (tepeleme) dövülmüş limon tuzu (arzuya göre 1 adet limonun suyu)"", ""1 tatlı kaşığı tereyağı""]","[""Çilekleri bol suyla yıkayın ve sapları kopartın. Eğer çilekleriniz çok büyükse ikiye ya da üçe kesebilirsiniz ama orta boyda iseler bütün bırakabilirsiniz."", ""Saplarını kopardığınız çilekleri tekrar bol suyla yıkayın ve kurutun. Geniş bir tencereye çileklerin bir kısmını dizin, toz şekeri üstlerine serpin. Toz şeker ve çilek bitene dek aynı işlemi uygulayın"", ""Bekleme süresinin sonunda çilekler oldukça fazla su salmış ve şeker tamamen erimiş olacak."", ""Eğer çilekleriniz yeteri kadar su salmamışsa, 1 çay bardağı kadar su ekleyebilirsiniz. Suyunu salmış olan çilekleri ocağa alın ve ara ara narince karıştırarak, kaynayana dek pişirin."", ""Kaynamaya başlayınca daha az köpürmesi için 1 tatlı kaşığı tereyağını ekleyin ve altını kısın ve 30- 35 dakika kadar kontrollü olarak pişirin. Kaynama süresince üstünde biriken köpüğü alıp atın. Kayna"", ""Sterilize edilmiş bir kavanoza doldurun ve kapaklarını kapatıp ters çevirin. Soğuduktan sonra dilediğiniz gibi tüketebilirsiniz. Afiyetler olsun!""]"
50ba30b0-4a2e-440e-87d1-e2ad27bd13ee,Mantarlı Tavuklu Krep Makarna,Turkey,"Mantarlı tavuklu krep makarna, pratik ve lezzetli bir ana yemek alternatifidir",Pilav & Makarna,"[""1,5 su bardağı un"", ""3/4 su bardağı süt"", ""1/2 su bardağı su"", ""1 yemek kaşığı zeytinyağı"", ""1 tatlı kaşığı tuz"", ""2 adet yumurta""]","[""Un, süt, su, zeytinyağı, tuz ve yumurtayı pürüzsüz bir karışım olana kadar çırpın."", ""1 tatlı kaşığı zeytinyağıyla ısınmış tavayı yağlayın."", ""Kepçeyle krep hamurunu ısınan tavaya dökün. Kepçenin tersiyle hamuru yayabilirsiniz."", ""İki yüzü de iyice pişinceye kadar çevirerek pişirin.""]"
c3cf42a5-1550-4175-b39a-919966c54e7c,Nutellalı Pizza,Turkey,Nutella sevenler için harika bir tatlı pizza tarifi,Ana Yemek,"[""1,5 su bardağı un"", ""1/2 su bardağı ılık su"", ""1/2 tatlı kaşığı kuru maya"", ""1 yemek kaşığı süt"", ""1 yemek kaşığı zeytinyağı"", ""1/4 çay kaşığı tuz""]","[""Pizza hamurunu hazırlamak için; kuru mayayı ılık suyla karıştırdıktan sonra mayanın aktive olması için 10 dakika kadar bekletin."", ""Elenmiş un ve tuzu derin bir karıştırma kabına alın. Zeytinyağı ve süt eklediğiniz sıvı maya karışımını unun orta kısmına ekledikten sonra tüm malzemeyi hamur toparlanana kadar yoğurun."", ""Tek bir beze haline gelen pizza hamurunu, üzerini hafif nemli bir pamuklu bezle örttükten sonra oda ısısında mayalanması için 30 dakika kadar bekletin."", ""Oda ısısında mayalanan hamuru daha kolay bir şekilde açılması ve gevrek olması için; streç film ile sarıp, buzdolabında en az 30 dakika daha bekletin."", ""Yaklaşık 30 cm. çapında çıtır çıtır kızaran, gevrek bir pizza tabanı elde etmek için beklettiğiniz hamuru yağlı kağıt ya da unlanmış mutfak tezgahı üzerinde bir oklava yardımıyla açın."", ""Hamurun alt ve üst kısmının eşit derecede pişmesi için açtığınız hamuru, delikli bir pizza tabanı ya da yağlı kağıt üzerine alın ve fırın ızgarasının üzerine yerleştirin."", ""Delikli bir pizza tabanınız yoksa fırın tepsisi kullanmayın. Yağlı kağıt ile birlikte direkt olarak ızgara teli üzerine yerleştirin. Bu şekilde alttan ve üstten eşit ısıda pişecektir. Çok fazla kabarm"", ""İnce hamur pizzayı önceden ısıtılmış 250 derece fırında 10-12 dakika kadar pişirin."", ""Bu sırada bir tencerede bulunan kaynayan su buharı üzerine yerleştirdiğiniz ayrı bir kapta kuvertür beyaz çikolatayı, alttan üste doğru karıştırarak eritin."", ""Fırından çıkan sıcak pizzayı soğuması için dinlendirdikten sonra üzerini nutella ya da arzu ettiğiniz bir çikolata ezmesiyle kaplayın."", ""Benmari usulü eritilmiş beyaz çikolatayı küçükten büyüğe giden halkalar halinde nutellalı pizza üzerine gezdirin. Bir kürdan yardımıyla beyaz çikolatayı dalga dalga dağıtıp pizzaya son şeklini verin."", ""Arzuya göre çilek dilimleri, fındık içi ya da file bademle süslediğiniz çikolatalı pizzayı dilimledikten sonra sevdiklerinizle paylaşın.""]"
aec2875d-c271-4c8e-8fd1-31f5efaec3bc,Heftebecer,Turkey,"Lezzetli ve pratik Heftebecer, organik tavuk, taze patates ve domatesle hazırlanan doyurucu bir ana yemek",Ana Yemek,"[""1 adet organik tavuk"", ""3 adet patates"", ""3 adet domates"", ""3 adet patlıcan"", ""2 adet soğan"", ""2 adet yeşil biber"", ""2 adet erik"", ""100 gram tereyağı"", ""1 çay kaşığı tuz"", ""1 tatlı kaşığı karabiber""]","[""Tavuğu parçalara ayırın, sebzeleri halka şeklinde doğrayın, yeşillikleri de küçük doğrayın."", ""Bir tepsinin içine ilk olarak soğanları, sonra tavuk etlerini daha sonra diğer sebzeleri, en üst katta domatesleri sırayla kat kat dizin."", ""Baharatları, erikleri, yeşillikleri ve tereyağını ekleyerek kapağını kapatın ve kısık ateşte 40-45 dakika pişmeye bırakın. Afiyetler olsun!""]"
f1775b32-bfbb-4c86-a8f6-709aa4000c1a,Elmalı Tart,Turkey,Tereyağlı hamuru ve şerbetli elmalarıyla harika bir lezzet,Ana Yemek,"[""125 gram margarin"", ""1 adet yumurta"", ""1 çay bardağı pudra şekeri"", ""1 çay bardağı sıvı yağ"", ""1 çay bardağı yoğurt"", ""1 su bardağı nişasta"", ""1/2 paket kabartma tozu"", ""1 paket vanilya"", ""3-3,5 su bardağı un""]","[""Soyup rendelediğimiz elmaları toz şekerle kavuruyoruz, altını kapatıp tarçını ekliyoruz ve soğumaya alıyoruz."", ""Hamuru için un hariç bütün malzemeyi karıştırıyoruz, unu da yavaş yavaş ekleyip yumuşak bir hamur elde ediyoruz."", ""Yağladığımız tart kalıbına hamuru yerleştiriyoruz, iç harcı üzerine yayıp üzerini istediğimiz gibi süslüyoruz."", ""180 derece fırında üzeri kızarana kadar pişiriyoruz. Soğuttuktan sonra kalıptan çıkartıp pudra şekeri serpiyoruz. Afiyet olsun.""]"
4a6cafa8-3a40-446e-ab15-07fdbffa14de,Siyez Unlu Brownie,Turkey,Siyez unu ve Hindistan cevizi ile hazırlanan sağlıklı ve lezzetli brownie tarifi,Ana Yemek,"[""6 yemek kaşığı Hindistan cevizi"", ""100 gram bitter çikolata"", ""2 adet yumurta"", ""1 tatlı kaşığı vanilya özütü"", ""1 su bardağı (bir parmak eksik) esmer şeker"", ""1 su bardağı siyez unu"", ""1 çay kaşığı kabartma tozu"", ""1/2 çay kaşığı tuz"", ""1/2 su bardağı çikolata (kıyılmış)""]","[""Hindistan cevizi yağı ve 100 gram bitter çikolatayı eritin."", ""Yumurta, esmer şeker ve vanilyayı çırpın. Ilınan çikolatalı karışımı ekleyin kısacık çırpın."", ""Un, tuz ve kabartma tozunu bir kapta karıştırıp yumurtalı karışıma ekleyin."", ""En son doğranmış çikolataları ekleyip kısacık karıştırın."", ""179 derecede önceden ısınmış fırında yaklaşık 30 dakika kadar pişirin. Soğuyunca dilimleyiniz. Afiyet olsun.""]"
e46b6a1e-861b-443b-a5a1-825f170cafdc,Fasulye Ekşilisi,Turkey,"Yaz aylarının ferah lezzeti, limonlu sosuyla harika bir fasulye yemeği",Sebze Yemekleri,"[""500 gram taze fasulye"", ""2 adet domates"", ""1/2 adet limonun suyu"", ""1/2 çay bardağı elma sirkesi"", ""1/2 çay bardağı zeytinyağı""]","[""Taze fasulyelerin kenarlarındaki kılçıkları ayıklayıp uzunlamasına ince ince kesin. Bol tuzlu kaynar suda fasulyeleri diriliklerini hafif kaybedene kadar yaklaşık 15 dakika haşlayın."", ""Fasulyeler haşlanırken sos için, bir kabın içine domatesleri rendeleyin. Limon suyu, elma sirkesi, tuz, karabiber, ezilmiş sarımsak ve zeytinyağını ekleyip karıştırın."", ""Fasulyeler haşlanınca süzün ve sıcakken sosla harmanlayın."", ""Fasulye ekşilisini servis tabağına alın, üstüne ince kıyım dereotu ekleyip ılık ya da soğuk olarak servis edin.""]"
5b01ed7f-a06b-490b-9d33-b96d8e4409e9,Pratik Dondurma,Turkey,"Sadece üç malzemeyle hazırlayabileceğiniz, sağlıklı ve lezzetli ev yapımı dondurma tarifi",Tatlı,"[""2 adet orta boy muz"", ""1 yemek kaşığı yer fıstığı ezmesi"", ""80 gram çikolata"", ""1 tatlı kaşığı Hindistan cevizi yağı (İsteğe Bağlı)""]","[""Muzları ve yer fıstığı ezmesini bir kasede püre haline getiriyoruz."", ""Püre haline gelen iç malzemeyi dondurma kalıplarına yerleştirip, dondurucuda en az 1 saat bekletiyoruz."", ""Benmari usulü erittiğimiz çikolataya 1 tatlı kaşığı Hindistan cevizi yağı ekleyerek iyice karıştırıyoruz ve çikolatayla dondurmamızı kaplıyoruz."", ""Çikolata ile kapladıktan sonra çubuğundan aşağı doğru tutarak elinizde bir iki dakika dinlendirip servis yapabilirsiniz. Eğer elinizde dinlendirmeden servis yaparsanız çikolatası tabağınıza bulaşabili""]"
3832fcca-0699-4238-93b3-107f588643b5,Remoulade Sos,Turkey,"Kremamsı ve baharatlı Remoulade sos, sandviçler ve deniz ürünleri için mükemmel bir lezzet katmanıdır",Ana Yemek,"[""1 su bardağı mayonez (200 gram)"", ""2 yemek kaşığı taneli hardal"", ""1 yemek kaşığı hardal"", ""2 yemek kaşığı ketçap"", ""1 yemek kaşığı limon suyu"", ""1 yemek kaşığı worcestershire sos"", ""1 yemek kaşığı üzüm sirkesi"", ""6 adet arpacık soğan (parçalara bölünmüş)"", ""1 çay kaşığı toz kırmızı biber"", ""1 çay kaşığı acı biber sosu"", ""1/2 çay kaşığı karabiber (öğütülmüş)"", ""1/4 çay kaşığı tuz""]","[""Tüm malzemeleri robot kabına koyun."", ""Sos kıvamına gelene kadar robotta çekin. Afiyet olsun.""]"
725f2378-63ca-4744-94b4-94009ffac15d,Volkan Kek,Turkey,"Bitter çikolata ve tereyağı ile hazırlanan, ağızda dağılan lezzetli bir kek",Tatlı,"[""125 gram tereyağı"", ""125 gram bitter çikolata"", ""2 adet yumurta sarısı"", ""1 adet yumurta"", ""62 gram toz şeker"", ""40 gram un"", ""1 çay kaşığı vanilya""]","[""İlk olarak tereyağını bir tavada eritip, çikolatayı koyun ve eriyene kadar karıştırın."", ""Bir kabın içine; yumurta, toz şeker, vanilyayı koyup, karıştırın."", ""Ardından erittiğimiz çikolatayı ve unu ekleyip, iyice karıştırın."", ""Kalıpları tereyağı ile yağlayıp, hafif un eleyip karışımı kalıplara eşitlik olarak paylaştırın."", ""Bir parmak eksik olsun. Fırına verip 10 dakika pişirin. Sıcak olarak servis edin. Afiyet olsun.""]"
d9de0ac3-7355-4a9c-9e86-6544e66c79bc,Balık Burger,Turkey,"Lezzetli ve pratik balık burger, damaklarda unutulmaz bir tat bırakıyor",Balık & Deniz Ürünleri,"[""1 su bardağı un"", ""2 yemek kaşığı sirke"", ""6 adet buz"", ""2 adet levrek fileto""]","[""Balık filetoları ikişer eşit parçaya kesin ve varsa kılçıklarını alın."", ""Un, tuz, maden suyu ve sirkeyi karıştırın. Buzları ekleyin ve karıştırmaya devam edin."", ""Balıkları harca batırın. Fazlasını süzün. Kızgın yağda arkalı önlü 4-5 dakika pişirin.""]"
6b9c7844-d646-4f9b-afe5-57d5ab26b92f,Limonata,Turkey,"Yaz aylarının serinletici ve ferahlatici içeceği, ev yapımı limonata",İçecek,"[""5 adet orta boy limon"", ""1 adet orta boy portakal"", ""7 yemek kaşığı şeker"", ""1,5 litre su""]","[""Limonları güzelce yıkayalım. Daha sonra limonların ve portakalın kabuğunu rendeleyelim.(Beyaz yerini rendelemeyin acı olur.) Kabukları rendeledikten sonra şekerle çok iyi karıştırın."", ""Sonra limon ve portakalın suyunu sıkıp rendelenmiş kabukların üzerine dökün.Daha sonra suyunu da ekleyin."", ""Sonra hepsini süzgeçten geçirin. Sürahi ve şişelere doldurun. Afiyet olsun.""]"
f5b1e9a7-e484-4af6-91d2-d40ab9f731f2,Evde Kolay Ekmek,Turkey,"Evde pratik bir şekilde hazırlayabileceğiniz, mis gibi kokan yumuşacık ekmek tarifi",Börek & Hamur İşi,"[""1,5 su bardağı süt"", ""1 paket instant maya"", ""1 tatlı kaşığı şeker"", ""1 tatlı kaşığı tuz"", ""3,5 su bardağı un"", ""1 yemek kaşığı yoğurt""]","[""Sütü ısıtalım. Mayamızı, şekeri ve tuzu ekleyip karıştıralım."", ""Kontrollü bir şekilde unumuzu ekleyelim, yumuşak ele yapışmayacak bir kıvamda olacak hamurumuz."", ""Hamurun üzerini kapatalım, bir saat kadar mayalanmaya bırakalım. Mayalandıktan sonra hafif un serilmiş tezgaha alalım ve havası çıkana kadar yoğuralım."", ""Dilediğimiz şekli verelim ve yağlı kağıt serilmiş tepsimize dizelim. Üzerine keskin bir bıçakla çizik atalım ve üzerine yoğurdunu sürüp üzerine ince un eleyip tepsi mayası için 20 dakika kadar beklete"", ""220 derece önceden ısıtılmış fırında üzerleri kızarana kadar pişirelim. Afiyet olsun.""]"
9635d6b9-b2c6-421f-a3ee-e9dde5ad9673,İslim Kebabı,Turkey,"Patlıcan, biber ve domatesin mükemmel uyumuyla hazırlanan geleneksel Türk lezzeti İslim Kebabı, fırında pişirilen enfes bir yemektir",Et Yemekleri,"[""3 kg kemer patlıcan"", ""1 kg domates"", ""1/2 kg dolmalık biber""]","[""Patlıcanlar çizgili soyularak şerit şeklinde uzun uzun kesilir ve tuzlu suda 15-20 dk bekletin."", ""Daha sonra sudan çıkarılıp kurulanır ve yağda kızartın. Ben yağsız sacda kızarttım çok az miktarda yağ kullandım."", ""Köftesi için soğanı, sarımsağı rendeleyin. Maydanozu ince ince kesin, kıyma, ufalanmış ekmek, yumurta ve baharatları ekleyerek köfteyi yoğurun."", ""Patlıcandan sonra domates ve biberleride hafif çok az yağla kızartın. Daha sonra köfteleri pişirin. Dilerseniz kızartabilirsiniz, dilerseniz de fırına verebilirsiniz."", ""2 adet patlıcan alarak artı şeklinde koyun ve ortasına 1 adet köfte koyun. Patlıcanın uçlarını köftenin üzerine koyarak bohça gibi yapın."", ""Üzerine biber ve dilimlenmiş domatesten koyarak kürdan ile açılmayacak şekilde tutturun.Tüm patlıcanları aynı şekilde yaparak fırın tepsisine dizin."", ""Ayrı bir kapta salçayı sıcak suda ezin ve patlıcanların üzerine dökün.185 derece fırında domateslerin üzeri kızarana kadar pişmeye bırakalım.""]"
ee96e824-5066-491b-a57e-13d09a4c2ef0,Kup Tiramisu,Turkey,"İtalyan mutfağının en sevilen tatlılarından olan kup tiramisu, pratik sunumu ve enfes lezzetiyle misafirlerinizi büyüleyecek",Ana Yemek,"[""6 adet büyük boy yumurta sarısı"", ""200 gram toz şeker"", ""360 gram sıvı krema"", ""240 gram labne peyniri"", ""1 yemek kaşığı gr anül kahve"", ""1 su bardağı su"", ""12 adet kedidili bisküvi"", ""3 yemek kaşığı kakao""]","[""Yumurta sarısını ve şekerimizi kasenin içinde el mikseri ile çırpmaya başlayın. Bu işlemden sonra kaseyi ocaktaki tencerenin üstünden alıp kenara ılıması için koyun."", ""Başka bir kasenin içinde el mikseri ile kremayı çırpın. İyice sertleşip katılaşmalı."", ""Ilımış olan yumurta sarısının içine suyunu süzdüğünüz labneyi ekleyin. Mikser ile 10 saniye kadar çırpın."", ""Daha önceden çırpıp kenara aldığınız kremayı da ekleyip işlemi tamamlayın."", ""Su ile granül kahveyi güzelce birbirine yedirip her kaseye 2 adet kedi dili gelecek şekilde ıslatıp dilediğiniz gibi sunuma hazırlayın. Soğuyan tiramisuları kakao ekleyip afiyetle yiyin.""]"
8a2c7b30-dd62-441f-a1ae-14a068946627,Matcha Kurabiye,Turkey,"Sağlıklı ve lezzetli matcha kurabiye tarifi, muz ve tahin ile hazırlanıyor",Tatlı,"[""3 adet küçük boy olgun muz (alternatif olarak 6-7 tane hurma kullanabilirsiniz)"", ""25 mililitretahin (alternatif olarak fıstık ezmesi kullanabilirsiniz)"", ""1/2 çay kaşığı vanilya"", ""6 yemek kaşığı badem unu (alternatif olarak yulaf unu kullanabilirsiniz)"", ""1 tatlı kaşığı matcha""]","[""Muzları çatal yardımıyla püre haline gelene dek ezelim."", ""Kalan tüm malzemeleri ekleyip kaşıkla iyice karıştıralım."", ""İster elinizle ister dondurma kaşığı yardımıyla top haline getirelim ve 150 derecelik önceden ısıtılmış fırında 12 dakika pişirelim. Soğuyunca servis edelim. Afiyet olsun.""]"
6ca3a407-b16f-4824-b09e-bb5c6c58c754,Pazı Kavurma,Turkey,"Lezzetli ve pratik pazı kavurma, soğan ve zeytinyağıyla harmanlanmış sağlıklı bir ana yemek",Ana Yemek,"[""3 adet soğan"", ""1 yemek kaşığı zeytinyağı"", ""1 çay kaşığı tuz"", ""1 çay kaşığı karabiber"", ""1 çay kaşığı pul biber""]","[""Soğanları küp küp doğrayıp zeytinyağı ile kavuralım."", ""Pazıları çok minik olmayacak şekilde doğrayalım."", ""Kavrulan soğanların içine pazıyı ekleyelim ve suyunu çekene kadar kavuralım."", ""Kavrulduktan sonra tuzunu karabiberini ve pul biberi ekleyelim. Ocaktan alıp afiyetle yiyelim.""]"
fcd327ee-5aa8-4d34-88ec-bad2ef302b3b,Pancar Salatası,Turkey,"Sağlıklı ve lezzetli pancar salatası, doğal renkleri ve besleyici özellikleriyle sofralarınıza ferahlık katıyor",Salata,"[""2 adet pancar"", ""2 adet patates"", ""2 çay kaşığı tuz"", ""1 çay kaşığı karabiber"", ""2 adet havuç"", ""4 yemek kaşığı süzme yoğurt"", ""4 yemek kaşığı zeytinyağı"", ""1 çay kaşığı tuz""]","[""Pancarları ve patatesleri soyalım, dörde bölelim ve ayrı ayrı tencerelerde pişirelim."", ""Pişen patatesleri ezelim, üzerine pişen pancarları rendeleyelim. Patatesle pancarı birlikte ezerek harmanlayalım."", ""İçerisine karabiber, tuz, sarımsak ekleyelim. Tekrar karıştırıp buzdolabında bir müddet bekletelim."", ""Havuçları rendeleyip tavada yağla biraz kavuralım. Soğuyunca üzerine tuz ve süzme yoğurt ekleyip karıştıralım ve dolapta bir müddet dinlendirelim."", ""Sunum aşamasında servis tabağımızın ortasına havuçlu karışımı, etrafına ise pancarlı karışımı yerleştirelim. Üzerine zeytinyağı gezdirelim. Afiyet olsun.""]"
665fb4ae-0637-478b-bca9-8bba84a58a1f,Havuçlu Tarçınlı Cevizli Kek,Turkey,"Tarçın ve cevizin harika uyumuyla lezzetlenen, nemli ve baharatlı havuçlu kek tarifi",Tatlı,"[""3 adet yumurta"", ""1 su bardağı toz şeker"", ""1 çay bardağı sıvı yağ"", ""1 çay bardağı süt"", ""3 adet orta boy rendelenmiş havuç"", ""1 su bardağı ceviz içi (ince çekilmiş)"", ""1 tatlı kaşığı tarçın"", ""2,5 su bardağı elenmiş un"", ""1 paket kabartma tozu"", ""1 paket vanilya""]","[""Havuçları soyun, rendeleyin."", ""Cevizleri iri şekilde dövün."", ""Yumurta, toz şeker ve vanilyayı mikserle bembeyaz olana dek çırpın."", ""Süt ve sıvı yağ ekleyin, karıştırın. Unu eleyin."", ""havuç rendesi, ceviz, tarçınını ekleyin."", ""Un ve kabartma tozunu da ekleyip düşük ayarda çırpın."", ""Fırını 180 derece önceden alt üst ayarda ısıtın."", ""Kek kalıbını iyice yağlayın. Kek harcını dökün."", ""Önceden ısıtılmış 180 derecelik fırında pişirin. Afiyet olsun.""]"
896460dc-4edf-4b2b-8145-542c45bfa705,Rafine Şekersiz İrmikli Lokum,Turkey,"Sağlıklı ve doğal malzemelerle hazırlanan, rafine şekersiz irmikli lokum tarifi. Portakal suyu ve balın tatlılığıyla lezzetlenen hafif bir tatlı",Tatlı,"[""1 su bardağı portakal suyu"", ""8 yemek kaşığı irmik"", ""4 tatlı kaşığı bal""]","[""Portakal suyu ve irmiği derin bir tencereye alıp, orta ateşte pişirelim."", ""Kıvam alınca altını kapatıp, vanilya ve balı ekleyelim."", ""Daha sonra buzdolabında soğumaya bırakalım."", ""Soğuduktan sonra toplar yapalım. Afiyet olsun.""]"
7d69e9b3-3a51-4cfc-92ed-2e56aedcd4b6,Coco Pasta,Turkey,"Lezzetli ve kremsi Coco Pasta, yumuşak dokusuyla damaklarda unutulmaz bir tat bırakır",Tatlı,"[""5 adet yumurta sarısı"", ""5 adet yumurta beyazı"", ""65 gram süt (1/3 su bardağı + 2 yemek kaşığı)"", ""1/3 su bardağı sıvı yağ (50 gram)"", ""3/4 su bardağı un (80 gram)"", ""1 yemek kaşığı mısır nişastası (20 gram)"", ""40 gram Hindistan cevizi (1 su bardağı + 1 yemek kaşığı)"", ""100 gram toz şeker (1/2 su bardağı + 1 yemek kaşığı)""]","[""Kek için tüm malzemenin oda sıcaklığında olduğuna emin olun. İlk olarak derin bir kapta yumurta sarıları, süt ve sıvı yağı karıştırın."", ""Karışıma un ve nişastayı eleyerek ekleyin. Ardından Hindistan cevizlerini de ekleyip topak kalmayacak şekilde sertçe karıştırın."", ""Şekeri tavada orta ateşte bir dakika ısıtın. Ayrı bir kapta yumurta beyazlarını mikserle köpürtün ve içine sıcak şekeri azar azar ekleyip köpük sert ve parlak bir kıvam alana kadar çırpın."", ""Yumurta beyazı karışımının yarısını diğer karışıma ekleyip hızlıca karıştırın ve yedirin."", ""Kalan yumurta beyazı karışımını azar azar, spatula yardımı ile havasını kaçırmadan kek harcına yedirin."", ""Yaptığınız keke harcını tabanına yağlı kağıt serilmiş orta boy dikdörtgen bir fırın kabına dökün."", ""Harcın içinde hava kalmaması için bir kürdan ya da chopstick'i içinde nazikçe gezdirin ve tepsiyi birkaç kez tezgaha yavaşça vurun."", ""Tepsiyi içine bez koyduğunuz başka bir tepsiye yerleştirin, içine bir santimetre yüksekliğinde sıcak su koyun ve 140 derecelik fansız sıcak fırında 1 saat pişirin."", ""Pişen keki oda sıcaklığında tamamen soğuyana kadar dinlendirin. Kekin piştiği esnada pastacı kremasını da hazırlayabilirsiniz."", ""Krema için sütü, şekerin birazını ve Hindistan cevizlerini ufak bir tencerede kaynamaya bırakın."", ""Ayrı bir kapta kalan şeker, yumurtalar ve nişastayı pürüzsüz olana kadar çırpın."", ""Kaynayan sütü yumurtalı karışıma azar azar ekleyip temperleme işlemini yapın ve karışımı tekrar tencereye alıp yüksek ateşte koyulaşana kadar çırparak pişirmeye devam edin."", ""Koyulaşma başlayınca ocağın altını iyice kısın ve üç dakika daha pişirin. Pişen kremayı ocaktan alıp bir kaba aktarın, vanilini ekleyin ve içine soğuk tereyağını azar azar ekleyip çırpın."", ""Hazır olan kremanın üzerine değecek şekilde streç film serin ve kekle birlikte oda sıcaklığında soğutun."", ""Şerbet için süt ve şekeri karıştırın. Soğumuş kekin yüzeyini çatalla delin, şekerli sütü fırça yardımı ile keke yedirin.""]"
bf5dd603-a101-4b35-8492-1ba6b29f39a2,"Yeşil Çaylı, Yaseminli Mus",Turkey,"Yeşil çay ve yasemin çiçeğinin zarif aromasıyla harmanlanmış, kremsi dokulu hafif bir mus tatlısı",İçecek,"[""90 ml krema"", ""4 gram yeşil çay yaprağı"", ""3 parça yasemin çiçeği yaprağı"", ""30 gram toz şeker"", ""3 gram yaprak jelatin"", ""90 ml çırpılmış krema""]","[""Krema, yeşil çay ve yasemin yapraklarını bir sos tenceresinde ısıtın, ocaktan alır almaz toz şeker ekleyip karıştırın."", ""Bu sırada jelatini bir kap su içinde yumuşatın ve hala sıcak olan krema karışımında eritin ve homojen olana kadar karıştırın."", ""Eğer hala sıcaksa soğuyana kadar bekleyin ve çırpılmış kremayla karıştırın."", ""Dilerseniz servis kaselerine alın ya da bir sıkma poşetine koyup dolaba kaldırın."", ""En az 3 saat dolapta beklettikten sonra eğer sıkma poşetindeyse tatlıyı, kaselere alıp servis edebilirsiniz.""]"
f7e57d96-cad6-4327-98fa-3894308e0f29,Kayseri Tahinlisi,Turkey,"Kayseri'nin meşhur tatlısı tahinli, özel hamuru ve tahinli harcıyla damaklarda unutulmaz bir lezzet bırakır",Ana Yemek,"[""3,5 su bardağı un"", ""10 gram instant maya"", ""2 yemek kaşığı şeker"", ""1,5 su bardağı ılık su""]","[""Maya, ılık su , şeker ve biraz un kaseye alınıp karıştırılır. Üzeri streç ile kapatılıp 15 dakika dinlendirilir."", ""Dinlenen mayaya kalan un ve tuz katılıp, yaķlaşık 10 dakika yoğurulur."", ""Üzeri kapatılıp 1 saat mayalandırılır. Mayalan hamur 3 adet bezeye bölünür."", ""Her beze ayrı ayrı unlu tezgah ta fazla ince olmayacak şekil de oklava ile açılır."", ""Her yerine tahin sürülür ve 3 avuç şeker serpilir."", ""Yufkanın ortasın dan bir delik açarak, uca doğru rulo yapılır."", ""Biraz çekiştirerek uzatılır ve gül böreği gibi kendi etrafında sarılır."", ""Her bezeye aynı işlem uygulanır."", ""Yağlı kağıt üzerine alınır ve merdane ile uzunlamasına 1 cm kalınlığında açılıp yarim saat de bu şekilde dinlendirilir."", ""En son üzerine tahin sürülür. Şeker ve susam serpilir ve 190 derece de 20-25 dakika pişirilir. Afiyet olsun.""]"
a1e8aef7-bcf9-4f0c-8417-2c989050bcc3,Karabuğdaylı Tavuk,Turkey,"Lezzetli ve besleyici karabuğdaylı tavuk yemeği, sağlıklı bir akşam yemeği seçeneği",Tavuk Yemekleri,"[""1 adet tavuk göğsü"", ""3 yemek kaşığı zeytinyağı"", ""1 çay kaşığı tuz"", ""1 çay kaşığı karabiber""]","[""Karabuğdayı güzelce yıkayın ve haşlamak için minik bir tencereye alın. Üzerine 2 su bardağı su ilave edin."", ""Tencerenin altını açarak karabuğdaylarınızı yaklaşık 15-20 dakika kadar yumuşayana kadar haşlayın."", ""O sırada bit tavaya tavuk için gerekli zeytinyağını alın. Hafif kızdıktan sonra tavuğunuzun arkasını önünü tuzlayıp karabiberleyerek tavaya alın."", ""Tavuğunuzun içinin piştiğinden emin olana kadar arkalı önlü bir şekilde kızartın. Ardından tavadan alıp dilediğiniz şekilde dilimleyin."", ""Karabuğdayınız yumuşayınca ocaktan alın. Fazla suyunu süzdürün. Bir tabağa alın. Üzerine zeytinyağı gezdirin. Doğranmış domateslerini ilave edin. Dilimlenmiş tavuklarını da ekleyerek servis edin. Afiy""]"
e87bd4db-ddb2-431a-a231-eec4c89afa7d,Kolay Sarıyer Böreği,Turkey,"Pratik ve lezzetli Kolay Sarıyer Böreği, baklavalık yufkalarla hazırlanan çıtır çıtır bir atıştırmalıktır",Börek & Hamur İşi,"[""15-20 adet baklavalık yufka"", ""50-60 gram tereyağı"", ""4 yemek kaşığı süt"", ""500 gram kıyma"", ""2 adet büyük boy soğan"", ""2-3 çay kaşığı tuz"", ""1 çay kaşığı karabiber"", ""1 çay kaşığı kırmızı toz biber"", ""1/2 çay kaşığı yenibahar"", ""1/2 çay kaşığı tarçın"", ""2 yemek kaşığı kuş üzümü""]","[""Kıyma kendi yağında kavrulur. Soğan rondodan geçirilir,kıymaya eklenir. Baharatlar ilave edilerek pişmeye bırakılır."", ""3 adet baklava yufkası üst üste konur. Kısa kenara bolca kıymalı harçtan yayılır. Yufka sarılarak rulo yapılır, yağlı kağıt serili fırın tepsisine yerleştirilir. İç harç bitene kadar yufkalar üçerli s"", ""Geniş ve keskin bir bıçakla bütün yufkalar aynı anda 2-3 parmak genişliğinde kesilir. Üzerine heryere gelecek şekilde sos boca edilir. Önceden ısıtılmış 200 derecelik fırında kızarana kadar pişirilir."", ""Ardından çıkarılıp dilimlenerek servis edilir. Afiyetler olsun!""]"
2b9dddea-f223-41a3-8973-525635be49ac,Yaban Mersinli Muhallebi,Turkey,"Lezzetli yaban mersinleriyle zenginleştirilmiş, kremsi dokulu muhallebi tarifi",Ye,"[""2 su bardağı süt"", ""2 yemek kaşığı şeker"", ""2 yemek kaşığı un"", ""1 adet yumurta sarısı"", ""1 tutamdamla sakızı"", ""1/2 paket vanilya""]","[""Sütü ve vanılya hariç tüm malzemeyi tencereye koyup karıştırarak pişirelim."", ""Kaynayınca ocaktan alıp vanilyayı ekleyip karıştıralım. İçine bir avuç yaban mersini ekleyip kuplara koyalım."", ""Yaban mersini ve suyu ayrı bir kapta kaynatalım. Daha sonra yaban mersinlerini çıkaralım."", ""İçine nişastayı az suda çözdürerek ekleyelim. Şekeri de ekleyip kaynanana kadar karıştıralım."", ""Yarım paket vanilyayı ekleyip ocaktan alıp muhallebicinin üstüne ekleyelim. Afiyet olsun.""]"
edb6094f-f5b0-4efe-b2c9-4fbccab33bc1,Pileli Börek,Turkey,"Pratik ve lezzetli pileli börek, çay saatlerinin vazgeçilmezi",Börek & Hamur İşi,"[""2 adet yumurta"", ""1 su bardağı süt"", ""1/2 çay bardağı sıvı yağ"", ""16 adet hazır baklava yufkası""]","[""2 tane baklava yufkasını üst üste tezgaha serin."", ""Üzerine rendelenmiş peyniri serpiştirin."", ""Baklava yufkalarını iki uçtan büzerek margarin ile yağladığınız dikdörtgen borcama koyun."", ""Kalan baklava yufkalarını da aynı şekilde yapıp borcama dizin."", ""Sosu için : Sıvı yağı, sütü, yumurtayı ve sodayı bir kaba koyup çırpın."", ""Kaşık yardımıyla borcamdaki böreklerin üzerine dökün."", ""Önceden ısıtılmış 190 derece fırında kızarana kadar pişirin."", ""Sıcak olarak dilimleyip servis yapın. Afiyet olsun.""]"
405526f4-7e75-49fd-8f3f-4561de7e9cc4,Kuş Üzümlü Pekmez Soslu Kek,Turkey,"Kuş üzümlü pekmez soslu kek, tatlı ve ekşi lezzetleri bir araya getiren, çay saatlerinin vazgeçilmezi pratik bir tatlıdır",Tatlı,"[""3 adet yumurta"", ""1 çay bardağı şeker"", ""1 çay bardağı sıvı yağ"", ""1 su bardağı süt"", ""1 tatlı kaşığı tarçın"", ""1 adet limon kabuğu"", ""1 çay bardağı kuş üzümü"", ""2 su bardağı un"", ""1 paket şekerli vanilin"", ""1 paket kabartma tozu""]","[""Öncelikle yumurta ve şekeri köpürtüp, şeker eriyene kadar çırpın."", ""Köpüren yumurta ve şeker karışımının içine süt ve sıvı yağı ekleyip, yaklaşık 10 saniye çırpın."", ""Kalan malzemeleri de ekledikten sonra önceden ısıtılmış 180 derecelik fırına koyup alt-üst ayarda üstü kızarana kadar pişirin. (Benim kekim 40 dakikada pişti.)"", ""Lütfen kekin sosunu fırından çıkar çıkmaz koymayın! Kek fırından çıktıktan 5 dakika sonra koyun. Afiyet olsun.""]"
461b7ac9-9e71-44b1-bb22-c81b45ca7305,Rengarenk Kurabiye,Turkey,"Rengarenk kurabiye, hem göze hitap eden hem de damakta tat bırakan lezzetli bir atıştırmalıktır",Ye,"[""50 gram toz şeker"", ""50 gram margarin"", ""1 paket vanilin"", ""1 adet yumurta"", ""1 tatlı kaşığı kuru maya"", ""5 çay bardağı damla çikolata"", ""1 adet renkli şekerlemeler (arzuya göre)""]","[""Öncelikle margarini eritelim. Daha sonra bir kaseye alalım ve üzerine toz şekeri ekleyip karıştıralım."", ""Karıştırdıktan sonra üzerine vanilini ekleyip karıştırmaya devam edelim."", ""Şimdi sıra yumurtayı karışıma kırmakta. Hepsini yoğuralım."", ""Son olarak aldığı kadar unu, tuzu ve mayayı ekleyip yoğurmaya devam edelim."", ""Hamurumuza renk katmak için, damla çikolatalarını ve şekerleri ekleyelim ve hepsini yoğuralım."", ""Kurabiyelere istediğimiz gibi şekil vererek tepsiye dizelim ve önceden ısıttığımız 180 derece fırında 10-15 dakika pişirip alalım. Şimdiden afiyet olsun.""]"
cbb0cc9d-9df0-4e62-8f25-f7d315fdbe4e,Şöbiyet,Turkey,"Şöbiyet, irmik ve şekerle hazırlanan lezzetli bir Türk tatlısıdır. Çıtır yufka katmanları arasında tatlı irmik harcıyla sunulan bu tatlı, çay saatlerinin vazgeçilmezidir",Et Yemekleri,"[""2 adet hazır yufka"", ""9 yemek kaşığı irmik"", ""9 yemek kaşığı toz şeker"", ""3 su bardağı süt"", ""1 su bardağı ceviz içi (iri parça lanmış)"", ""3 su bardağı su"", ""3 su bardağı şeker"", ""1 paket tereyağ""]","[""Öncelikle tatlının şerbeti için 3 su bardağı su ve 3 su bardağı şekeri derin bir tencere kaynamaya bırakalım."", ""Tatlının iç harcı için 3 bardak süt, 9 yemek kaşığı irmik ve 9 yemek kaşığı şekeri katı bir muhallebi kıvamına gelene kadar karıştırarak pişirelim."", ""Pişen muhallebiyi ocaktan alıp 1 su bardağı iri parçalanmış ceviz içini de ekleyerek karıştıralım."", ""2 adet hazır yufkayı açıp üst üste koyarak 1 parmak uzunluğunda olacak şekilde kare kare keselim."", ""2 katlı her karenin içine 1 tatlı kaşığı muhallebiden koyup üçgen olacak şekilde iki ucu birleştirip katlayalım."", ""Tüm yufkaları bu şekilde kapatıp uçları birbirinin altında kalacak şekilde tepsiye veya borcama dizdikten sonra eritilmiş tereyağını üzerine gezdirelim."", ""Önceden ısıtılmış 180° C fırında iyice kızarana dek pişirelim."", ""Tatlıyı fırından çıkarttıktan birkaç dakika sonra soğuk şerbeti üzerine gezdirelim.""]"
6d36981c-d03f-446d-a055-7b2e72c8e76f,Diyet Tarifleri,Turkey,"Lezzetli ve hafif diyet tatlılarıyla tatlı krizlerinizi yenin, şekersiz alternatiflerle keyifli anlar yaşayın",Et Yemekleri,"[""Etimek Tatlısı Tarifi"", ""Damla Çikolatalı Kurabiye"", ""Tatlı Tarifleri Spoonful Mozaik Pasta Çikolatalı Sufle İrmik Helvası Fırın Sütlaç Profiterol Revani Magnolia"", ""Kahvaltılık Tarifler Pancake Krep Pişi Kuymak Kaygana Kahvaltılık Sos Menemen Muhlama Yumurtalı Ekmek Omlet"", ""Omlet""]","[""Rafine şeker yerine neler kullanılabilir diye düşünenler, tatlı krizlerine nasıl çözümler bulabileceklerini araştıranlar için nefis önerilerle geldik. Bu tatlı tarifleriyle işlenmiş şekerden uzak tatl"", ""Etsiz de enfes köfteler yapılabileceğinin en net kanıtlarından birisi bu tarif. Özellikle canınız hafif bir şeyler yemek istediğinizde kurtarıcı lezzetlerden biri olacak nohut köftesi fırında pişerek"", ""Kabaktan yapılan en güzel tariflerden biri kuşkusuz mücver. Ama yağda kızartınca kalorisi artıyor, diyet yaparken onu hayatımızdan çıkarmak zorunda kalıyoruz. Bu sefer onu fırında yaparak hafiflettik""]"
c279e9c7-5865-4ddb-859e-f3c6df52d440,Yumurtalı Soğan Kavurması,Turkey,Soğanların karamelize tadıyla yumurtanın lezzetini birleştiren pratik ve doyurucu bir tarif,Ye,"[""2 adet soğan"", ""3 adet yumurta"", ""2 yemek kaşığı sıvı yağ"", ""1 yemek kaşığı tereyağı"", ""1 çay kaşığı şeker"", ""1 çay kaşığı tuz"", ""1 çay kaşığı karabiber"", ""1 çay kaşığı kırmızı pul biber""]","[""Soğanları soyup halka halka kesin. Dilerseniz piyazlık da kesebilirsiniz."", ""Daha sonra soğanları tavaya alın. Üzerine şekeri ekleyin ve kavurun. Pişmeye yakın baharat ve tuzunu ekleyin."", ""Tamamen pişen soğanların üzerine yumurtaları kırın."", ""Yumurtanın beyaz kısımlarını hafif karıştırın."", ""Yumurtalar istediğiniz kıvamda pişince ocaktan alıp servis edin. Afiyetler olsun!""]"
def98604-6274-4891-a45b-5d909c9b0879,Havuçlu Muhallebili Tart,Turkey,"Havuçun tatlılığı ve muhallebinin yumuşaklığıyla buluşan bu pratik tart, hem göze hem damaga hitap eden lezzetli bir tatlıdır",Ye,"[""2 adet yumurta"", ""1 tatlı kaşığı tarçın"", ""1 adet büyük boy havuç (rendelenmiş)"", ""1/2 su bardağı ceviz içi (dövülmüş)"", ""1 paket kabartma tozu"", ""1 paket vanilin""]","[""Kek için: Yumurta ve şekerin rengi açılana kadar çırpın. Yoğurt ve sıvı yağı ekleyip biraz daha çırpın."", ""Un, kabartma tozu, vanilin, tarçın, havuç ve cevizi ayrı bir kapta karıştırıp sıvı karışımın içine alıp spatula ile karıştırın. Yağlanmış tart kalıbına döküp önceden ısıtılmış 180 derece fırında 20 da"", ""Muhallebi için: Süt, toz şeker yumurta sarısı un ve nişastayı karıştırıp kaynayana kadar karıştırarak pişirin."", ""Vanilin ve cevizi de ekleyip 1 dakika daha pişirin. Muhallebi soğuduktan sonra kremayı katıp karıştırın."", ""Üstü için: Havuçları ve şekeri kısık ateşte yumuşayana kadar pişirin pişen havuçları blenderden geçirin püre haline gelen havuçlara tarçın ve ceviz ekleyin."", ""Soğuyan keki ters çevirip içine muhallebiyi dökün ve son olarak da havuç püresini yayın. İsteğe göre süsleyin. Afiyet Olsun.""]"
6a9cd5ca-0733-401b-bfdb-d961e4b7ffe6,Yulaflı Çikolatalı Tatlı,Turkey,"Sağlıklı ve lezzetli yulaflı çikolatalı tatlı, hem besleyici hem de doyurucu bir atıştırmalık",Tatlı,"[""3 su bardağı yulaf (un haline getirilmiş)"", ""4 yemek kaşığı yulaf ezmesi"", ""4 yemek kaşığı pekmez"", ""1/4 çay kaşığı tuz"", ""1 çay kaşığı vanilya aroması"", ""2 su bardağı ceviz içi (doğranmış)"", ""1/2 çay bardağı Hindistan cevizi yağı"", ""300 gram bitter çikolata (benmari usulü eritilmiş)"", ""1/2 su bardağı krema""]","[""3 su bardağı yulafı mutfak robotunda un inceliğine gelinceye dek çekin ve ardından geniş bir kaseye alın."", ""Üzerine yulaf ezmesi, tuz, pekmez, vanilya aroması, ceviz ve Hindistan cevizi yağını ekleyerek bir spatula yardımıyla güzelce karıştırın."", ""Bitter çikolatayı benmari usulü eritin. Oda sıcaklığında bir süre dinlendirdikten sonra çikolataya kremayı ekleyin ve karıştırın."", ""Yağlı kağıt ile kapladığınız 20x20 ölçülerinde bir kalıbın tabanına yulaflı karışımın yarsını dökerek güzelce yayın. Bir spatula yardımıyla bastırarak düzeltin."", ""Hazırladığınız çikolatalı karışımı yulaf katmanının üzerine dökün. Ardından kalan yulaflı karışımın kalanını da en üst katman olarak üzerine ekleyin ve güzelce yayarak spatulayla düzeltin."", ""2 saat buzdolabında dinledirdikten sonra dilimleyerek servis edin.""]"
c9aba28a-0821-481b-b7ef-15cbd47789f4,İnegöl Köfte,Turkey,"İnegöl'ün meşhur köftesi, özel harçlarla hazırlanan lezzetli bir köfte tarifi",Et Yemekleri,"[""500 gram köftelik kıyma (kuzu-dana karışık yapabilirsiniz biz sevmediğimiz için danadan yaptım)"", ""1 adet orta boy soğan"", ""4 yemek kaşığı galeta unu"", ""1/4 su bardağı su"", ""1 tatlı kaşığı (tepeleme) karbonat"", ""1 tatlı kaşığı limon suyu"", ""1 çay kaşığı karabiber"", ""2 çay kaşığı tuz""]","[""Geceden kıymanın içine tuz, su ve galeta ununu ekleyip 10 dakika iyice yoğuruyoruz. Streç folyo ile kapatıp bir gece dinlendiriyoruz."", ""Sabah limon suyu ve karbonatı karıştırıp kıymaya ekliyoruz. Karabiberini, rendelenmiş soğanını ekleyip 5 dakika yoğurup krem şanti sıkma torbası ile sıkarak şekil veriyoruz. İsterseniz elinizle de şek"", ""Pişirene kadar buzdolabında dinlendiriyoruz. Kızartmadan yarım saat önce oda sıcaklığına gelmesi için çıkarıyoruz. Kızgın döküm tava/tavada kızartıyoruz."", ""Yanına közlenmiş biber, domates, piyaz ve acı biber sosu çok yakışır. Deneyenlere şimdiden afiyet olsun...""]"
9f421756-b481-452c-91f6-92fb047c9572,Tavada Pizza,Turkey,Pratik ve lezzetli tavada pizza tarifi ile kısa sürede evde pizza keyfi yaşayın,Ana Yemek,"[""1 adet yumurta"", ""1 su bardağı süt"", ""1 su bardağı su"", ""1 yemek kaşığı şeker"", ""1 paket aktif kuru maya"", ""1,5 çay kaşığı tuz"", ""4,5 su bardağı un""]","[""Hamur için bir kapa yumurta, su, süt, maya, tuz ve şekerini koyup karıştırın."", ""Yavaş yavaş ununu ekleyin. Sonra hamuru yarım saat dinlendirin. Hamurları açın."", ""(6 tane yuvarlak pizza hamuru çıktı) Açılan hamurun üzerine salçasını gezdirin."", ""Üstüne istediğiniz malzemeleri koyabilirsiniz. Tavayı biraz yağlayın. Orta ateşte pizzayı pişirin. Afiyet olsun.""]"
ff59927e-9906-4693-890b-e23a58e3ce15,Acılı Çıtır Tavuk Dürüm,Turkey,Baharatlı ve çıtır tavuk parçalarının dürümle buluştuğu lezzetli bir atıştırmalık,Tavuk Yemekleri,"[""3 yemek kaşığı un"", ""3 yemek kaşığı galeta unu"", ""1 çay kaşığı tuz"", ""1/2 çay kaşığı karabiber"", ""1 tatlı kaşığı toz kırmızı biber"", ""250 gram tavuk göğsü (doğranmış, haşlanmış)"", ""1 adet yumurta"", ""2 yemek kaşığı yoğurt"", ""1 tatlı kaşığı acı sos"", ""2 su bardağı mısır gevreği (dövülmüş)""]","[""Un, galeta unu, tuz, sarımsak, karabiber ve toz kırmızı biberi bir kaseye alın ve karıştırın."", ""Doğranmış ve haşlanmış tavuk göğüslerini bu karışımın içerisine alın. Güzelce harmanlayın."", ""Farklı bir kaseye; yumurta, yoğurt ve acı sosu alın. Güzelce çırpın."", ""Harmanladığınız tavukları, yumurtalı karışımın içerisine aktarın. Güzelce karıştırın ve bütün tavukların sosla buluşmasını sağlayın."", ""Bir spatula yardımıyla her bir soslu tavuğu, mısır gevreği dolu bir kabın içerisine alın ve mısır gevreğine bulayın."", ""Kızdırılmış sıvı yağın içerisine hazırladığınız tavukları aktarın. Arkalı önlü kızartarak pişirin. Bir kenara alın."", ""Mor lavaşı (herhangi bir lavaş da olur) tezgaha alın. İçerisine acı sos sürün."", ""Sosun üzerine ince doğranmış göbek marulu serin. Bir yemek kaşığı kadar mayonez sıkın."", ""Çıtır tavukları doğrayarak dürüm ortasına yerleştirin."", ""Güzelce sardıktan sonra ortadan ikiye keserek servis edebilirsiniz. Afiyet olsun.""]"
dcbb5300-8bb7-487a-9aec-82ea0615326c,Portakallı Kurabiye,Turkey,"Portakallı kurabiye, ferahlatıcı portakal aromasıyla harmanlanmış çıtır ve lezzetli bir tatlıdır",Tatlı,"[""250 gram tereyağ"", ""1 su bardağı sıvı yağ"", ""1,5 su bardağı şeker"", ""1 su bardağı portakal suyu"", ""1 adet yumurta (sarısı içine, akı üzerine)"", ""5 su bardağı un"", ""2 adet portakal kabuğu rendesi"", ""1 paket vanilya"", ""1 paket kabartma tozu"", ""3 yemek kaşığı şeker (üzerine)""]","[""Oda sıcaklığındaki tereyağ, yumurta sarısı, şeker sıvı yağ ve portakal suyunu karıştırıyoruz."", ""Un, kabartma tozu, vanilya ve portakal kabuğu rendesi ekleyip yoğuruyoruz."", ""Hamurdan ceviz büyüklüğünde parçalar koparıp yuvarlayarak, önce yumurta akına sonra toz şekere batırıyoruz."", ""Yağlı kağıt serili tepsiye aralıklarla diziyoruz ve önceden ısıtılmış 200 derece fırında üzerleri hafif kızarana kadar pişiriyoruz. AFİYET OLSUN.""]"
eb1dbcf5-d5a9-4f5d-8277-f016ec3fd14a,Yoğurtlu Garnitürlü Pirinç Salatası,Turkey,"Pratik ve lezzetli pirinç salatası, yoğurt ve garnitürle zenginleştirilmiş hafif bir öğün alternatifi",Salata,"[""1 çay bardağı pirinç"", ""2 yemek kaşığı garnitür"", ""2 yemek kaşığı mısır"", ""1/2 adet kapya biber"", ""2 yemek kaşığı yoğurt"", ""1 yemek kaşığı süzme yoğurt"", ""1 çay kaşığı tuz""]","[""Pirinci bir küçük tencerenin içerisine alın. Üzerine 1 su bardağı su ilave ederek 10-15 dakika hafif yumuşayana kadar pişirin."", ""Ardından çıkarıp süzdürün ve soğuk sudan geçirerek bir köşeye alın."", ""Pirinçlerinizi bir kaseye alın. Üzerine gerekli diğer malzemeleri ilave ederek güzelce karıştırın. Ardından servis edin. Afiyetler olsun!""]"
69f39ea3-5b97-4e53-852a-f38831c3a5d7,Pratik Mor Lahana Salatası,Turkey,"Lezzetli ve pratik mor lahana salatası, mayonez ve yoğurt ile harmanlanmış ferah bir lezzet",Salata,"[""1 adet orta boy mor lahana"", ""1 çay bardağı mayonez"", ""1 su bardağı yoğurt"", ""5-6 adet ceviz"", ""2 yemek kaşığı zeytinyağı""]","[""Mor lahanamızı ve sarımsaklarımızı rendeleyelim."", ""Ardından maydanozlarımı doğrayalım."", ""Bir kapta bütün malzemelerimizi karıştıralım. Servise hazır. Afiyet olsun:)""]"
5d1e68f9-24d9-44d5-8506-5d21f5b3e4bd,Osmanlı Kebabı,Turkey,"Osmanlı döneminin lezzetli mirası, sebzelerle harmanlanmış nefis bir kebap",Et Yemekleri,"[""2 adet patates"", ""1 adet patlıcan"", ""1 adet havuç"", ""1 adet kabak"", ""300 gram kuşbaşı dana eti""]","[""Sebzeleri küp küp doğrayın. Kızgın yağda önce kabakları kızartın."", ""Patatesleri kızartın."", ""Ardından patlıcanları kızartın."", ""Son olarak etleri de yağda kızartın."", ""Beşamel sos için tencereye tereyağını alın ve eritin. Unu ekleyin ve kokusu çıkana kadar kavurun."", ""Ardından sütü ve baharatları ekleyin ve karıştırarak kıvam alana kadar pişirin."", ""Kızaran sebzeleri ve eti borcama alın. Üzerine beşamel sosu ekleyin."", ""Üzerine rendelenmiş kaşar peynirini serpiştirin."", ""Önceden ısıtılmış 180 derece fırında 20 dakika üzeri kızarana kadar pişirin.""]"
bb52853b-9036-43aa-9bed-4a59d16e323b,Acılı Chili Sos,Turkey,"Meksika biberlerinin acısıyla kapya biberlerinin tatlılığını birleştiren, soğanla derinleşen harika bir sos",Ye,"[""4 adet Meksika biberi"", ""8 adet kapya biber"", ""1/2 adet soğan"", ""30 mililitreelma sirkesi"", ""1 çay kaşığı sebze çeşni"", ""1 çay kaşığı tuz""]","[""Biberler, domates, soğan ve sarımsak rondoda çekilir."", ""Tencereye alınır. Baharatlar ve elma sirkesi ilave edilir. Kaynatılır."", ""Kaseye alarak servis edebilirsiniz. Afiyet olsun.""]"
ca363941-0ef9-4685-9b05-8056cf4d3dca,Dövme Pilavı,Turkey,"Zeytinyağlı dövme ve haşlanmış nohutlarla hazırlanan, doyurucu ve lezzetli geleneksel bir pilav tarifi",Pilav & Makarna,"[""1 su bardağı dövme"", ""1/2 su bardağı zeytinyağı"", ""1/2 su bardağı haşlanmış nohut"", ""1 adet kuru soğan"", ""1 çay kaşığı tuz"", ""3 su bardağı et suyu veya tavuk suyu""]","[""Zeytinyağı tencereye alalım. Orta ateşte ısındıktan sonra küçük küçük doğranmış soğanı ekleyerek pembeleşene kadar karıştıralım"", ""Temizlenip yıkanmış dövmeleri ve tuzu ilave edip 2 dakika karıştıralım."", ""Haşlanmış nohut ve suyu da ekleyerek kısık ateşte kapağı kapalı bir şekilde pişirelim."", ""Önemli bir ayrıntı pilavın suyu tamamen çekmeden hafif sulu kalacak şekilde ocaktan alalım."", ""Bir örtüye sararak sıcak kalmasını sağlayıp 45 dakika dinlendirdikten sonra servis yapabiliriz. Afiyet olsun.""]"
8e8ac96a-c307-420b-a7bf-0d08737218c4,Sardalya Ezmesi,Turkey,"Tereyağı ve limon kabuğuyla zenginleştirilmiş, lezzetli sardalya ezmesi",Ana Yemek,"[""1 adet soğan"", ""2 yemek kaşığı tereyağı (oda ısısında yumuşamış)"", ""1 adet limon kabuğu rendesi"", ""1/2 adet limonun suyu"", ""4 yemek kaşığı zeytinyağı"", ""1/2 çay kaşığı tuz"", ""1/2 çay kaşığı karabiber""]","[""Soğanı mutfak robotunun haznesine 4'e bölerek koyun."", ""Üzerine maydanoz, limon kabuğu rendesi ve limon suyunu ekleyin."", ""Sardalya balığı konservesini ve kalan malzemeleri ekleyin."", ""Robottan pürüzsüz bir kıvam alana kadar geçirin."", ""Kıvam alınca servis tabağına alın."", ""Kızarmış ekmek dilimlerinin üzerine sürerek atıştırmalık olarak servis edebilirsiniz.""]"
7fdd30fd-781d-4842-8a73-66528217019e,Fasulye Kavurması,Turkey,"Lezzetli ve doyurucu fasulye kavurması, soğan ve kapya biberlerle harmanlanmış geleneksel bir Türk yemeği",Sebze Yemekleri,"[""1 kilogram fasulye"", ""2 adet orta boy soğan"", ""2 adet kapya biber"", ""1 adet büyük boy domates"", ""1 yemek kaşığı zeytinyağı"", ""1 çay kaşığı tuz"", ""1/2 çay kaşığı karabiber"", ""1 çay kaşığı pul biber""]","[""Fasulyeleri ayıklamadan önce bolca yıkıyoruz. Yıkama işleminden sonra ayıklayıp minik minik doğruyoruz."", ""Tuzlu kaynar suda hafif yumuşayıncaya dek haşlıyoruz."", ""Haşlandıktan sonra haşlama suyundan 1 kase kadar ayırıp süzüyoruz."", ""Yayvan bir tencereye bolca zeytinyağı alarak soğanları güzelce kavurup, minikçe doğranmış kapya biber ekleyip kavurmaya devam ediyoruz."", ""Minikçe doğranmış domates ve baharatları ekliyoruz."", ""Haşlanmış fasulye ve yıkanmış pirinci de ekleyip biraz kavurup köşeye ayırdığımız fasulyenin haşlama suyunu da ekleyip ocağın en kısık ateşinde suyunu güzelce çekip pirinçler de yumuşayana dek pişiriy"", ""Servis tabağına alıp ılındıktan sonra güzel bir sızma zeytinyağı ile taçlandırıyoruz. Afiyet olsun.""]"
2db449d9-17a6-4f0f-8f82-72fb6da77465,İrmik Topları,Turkey,"Tereyağı ve irmikle hazırlanan, yumuşak dokulu ve lezzetli tatlı toplar",Ana Yemek,"[""1 adet yumurta"", ""1 adet yumurta beyazı"", ""125 gram tereyağı"", ""1 çay bardağı sıvı yağ"", ""1/2 çay bardağı irmik"", ""1 çay bardağı pudra şekeri"", ""1 paket kabartma tozu"", ""1 paket vanilya"", ""1 su bardağı un (aldığı kadar)""]","[""Öncelikle şerbetini hazırlayıp soğumaya bırakın. Su ve şekeri bir tencereye alın, ocağın altını açıp şeker eriyene dek sürekli karıştırın. Şerbet kaynadıktan sonra 7-8 dakika daha kaynatın ve soğumaya"", ""Hamur için ilk olarak yumurtalardan birinin sarısını kenara ayırın. Beyazını ve diğer yumurtayı bir yoğurma kabına alın. İçine tereyağını, sıvı yağı, irmiği ve pudra şekerini ekleyip güzelce karıştır"", ""Vanilya ve kabarma tozunu ekleyin. Daha sonra unu azar azar ilave ederek kulak memesi yumuşaklığında bir hamur elde edin."", ""Hamurdan ceviz büyüklüğünde parçalar koparın ve yuvarlayın, üstünü bulamak için bir tabağa irmik alın ve üst tarafı tamamen irmikle kaplanacak şekilde irmiğin içinde yuvarlayın."", ""Önceden ısıtılmış 190 derece fırında üstleri kızarana dek pişirin. Tatlılar fırından çıkar çıkmaz soğumuş olan şerbeti gezdirin ve dinlenmeye bırakın. Afiyet olsun.""]"
e13faeb9-c947-4d15-8ce3-cfa6bedbeeb7,Yulaflı Diyet Dostu Pankek,Turkey,"Sağlıklı ve doyurucu yulaflı pankekler, diyetinize lezzet katmak için ideal bir kahvaltı seçeneği",Tatlı,"[""2-3 adet yumurta"", ""13 yemek kaşığı yulaf unu"", ""1 su bardağı laktozsuz süt""]","[""Yumurta ve sütü derin bir kapta çırpın."", ""Yulaf ezmesini blenderda çekerek un haline getirmelisiniz."", ""Elde edeceğiniz undan 13 yemek kaşığı yulaf ununu yumurta ve sütün olduğu kaba ekleyin ve karıştırın."", ""Tavanızı biraz yağlayarak birer kepçe/kaşık dökün ve çevire çevire pişirin."", ""Dilediğiniz gibi süsleyerek servis edebilirsiniz. Afiyet olsun.""]"
238fc372-2cd0-4fa2-87fb-49c5c6436778,Tava Pizzası,Turkey,Evde kolayca hazırlayabileceğiniz lezzetli ve pratik tava pizzası,Ana Yemek,"[""3 su bardağı tam buğday unu"", ""1/2 su bardağı yoğurt"", ""1 adet yumurta"", ""1 paket kabartma tozu"", ""2 yemek kaşığı zeytinyağı"", ""1/2 çay kaşığı tuz""]","[""Hamur için hazırlanan malzemeler yoğurulur."", ""Parçalar kopartılarak yuvarlanır ve tava boyutuna bağlı olarak açılır. Tavaya alınır."", ""Sosu için zeytinyağı, salça ve kekik karıştırılarak tavaya yerleştirilen hamurun üzerine sürülür."", ""Pizza için kullanılacak malzemeler küçük küçük doğranarak hamurun her yerine eşit şekilde dağıtılır."", ""Tavanın kapağı kapatılarak kısık ateşte yarım saat pişirilir. Pişerken üzerine kaşar eklenir. Afiyet olsun.""]"
b037c112-f427-4677-b8ca-ae577a061e98,Mor Havuçlu Yayla Çorbası,Turkey,"Mor havuçun eşsiz rengi ve lezzetiyle zenginleştirilmiş, doyurucu yayla çorbası",Çorba,"[""1/2 su bardağı pirinç"", ""1 adet mor havuç"", ""1 su bardağı su"", ""1 adet yumurta"", ""1 yemek kaşığı un"", ""1 tatlı kaşığı nane"", ""1 tatlı kaşığı tuz"", ""1 tatlı kaşığı karabiber"", ""1 yemek kaşığı tereyağı"", ""2 yemek kaşığı zeytinyağı""]","[""Pirinci yıkayın, su ile birlikte rende mor havuçları da ekleyerek düşük ısıda pirinçler yumuşayıncaya kadar pişirin. İçine tavuk suyunu ekleyip bir taşım kaynatın."", ""Bir kasenin içinde yumurta ve yoğurdu çırpın. İçine unu ekleyip çırparak homojen hale getirin."", ""Pirinçlerin suyundan 2-3 kaşık alıp yoğurtlu karışıma ekleyerek karışımı temperleyin."", ""Bir iki kaşık daha ekleyerek karıştırmaya devam edin. Sonra bu karışımı çırpmaya devam ederek tencerenize aktarın."", ""Tuz, nane, tereyağı ve karabiberini ekleyin. 5-10 dakika daha kısık ateşte pişirin. Taze nane ile süsleyin. Afiyet olsun.""]"
b28a36e5-d263-40ad-97f1-91077566d3a3,Cocostar Pasta,Turkey,"Cocostar, hindistan cevizi ve kremanın mükemmel uyumuyla hazırlanan, hafif ve lezzetli bir pasta tarifi",Tatlı,"[""3 adet yumurta"", ""1 su bardağı şeker"", ""1,5 su bardağı süt"", ""1,5 su bardağı sıvı yağ"", ""3 su bardağı un"", ""1 paket kabartma tozu"", ""1 paket vanilya"", ""3 yemek kaşığı kakao"", ""1 paket krem şanti"", ""2 su bardağı Hindistan cevizi"", ""2 yemek kaşığı tereyağı"", ""1 paket çikolata sosu"", ""1,5 su bardağı süt (ıslatmak için)""]","[""Yumurta ve şekeri iyice çırpın. Üzerine diğer sıvı malzemeleri ekleyip karıştırın. Sonra kuru malzemeleri de ekleyip karıştırın."", ""Yağlanmış borcama dökün ve önceden ısıtılmış fırında pişirin."", ""Kek ılıyınca sütle ıslatın. krem şantiyi sütle çırpın, tereyağını eritip soğuyunca krem şantiye ekleyin. Hindistan cevizini de ekleyin, karıştırın ve kekin üzerine yayın."", ""Çikolata sosunu üzerindeki tarifle pişirip soğumaya alın ve arada karıştırın. Soğuyunca pastaya döküp yayın ve dilediğiniz gibi süsleyip dilimleyip servis edin. Afiyet olsun.""]"
8d3f407a-67f7-4af2-a74c-9aa2c08d064e,Çikolatalı Donut,Turkey,"Ev yapımı çikolatalı donutlar, çıtır dışı ve yumuşak içiyle damakları çıldırtan bir lezzet",Tatlı,"[""1 su bardağı süt"", ""1/2 su bardağı su"", ""2 adet yumurta"", ""1/2 su bardağı tereyağı (eritilip soğutulmuş)"", ""1/2 su bardağı şeker"", ""30 gram yaş maya"", ""1 çay kaşığı tuz"", ""3-4 su bardağı un (aldığı kadar)"", ""1 su bardağı sıvı yağ (kızartmak için)""]","[""Süt, su, maya ve şekeri yoğurma kabına alıp eriyene kadar karıştırın."", ""Yumurta ve tereyağı ilave edin, tekrar karıştırın."", ""Azar azar unu ve tuzu ekleyip yumuşak, ele yapışmayan bir hamur yoğurun."", ""Üzerini kapatıp dinlenmesi için bir kenarda bekletin."", ""Hamur iki katına ulaştığında merdane ile 1 cm kalınlığında açın."", ""Yuvarlarlar kesip unlanmış tezgah veya pişirme kağıdı üzerine dizin."", ""Üzerlerini bez ile örtüp yarım saat kadar daha mayalandırın."", ""Orta ateşte kızgın yağda her iki tarafını da kızartın."", ""Benmari usulü eritilmiş çikolataya batırıp üzerlerine fındık parçaları veya küçük renkli şekerlemeler serpin.""]"
3dd84317-8783-4d7d-9a99-8b919084dc7e,Doyuran Simitli Omlet,Turkey,Simitin lezzetiyle omletin doyuruculuğunu birleştiren pratik bir kahvaltı tarifi,Börek & Hamur İşi,"[""1 adet simit"", ""2 adet mantar"", ""7 adet zeytin"", ""2 yemek kaşığı beyaz peynir"", ""3 adet yumurta"", ""1 su bardağı süt"", ""2 yemek kaşığı zeytinyağı"", ""1 çay kaşığı tuz"", ""1/2 çay kaşığı karabiber"", ""1 çay kaşığı toz kırmızı biber"", ""1/2 çay kaşığı sarımsak tozu""]","[""Simit ve ekmekleri küp şeklinde doğrayın."", ""Sebzeleri ve hindi fümeyi küp şeklinde doğrayın."", ""Derin bir kase içinde doğradığınız malzemeleri, baharatları, yumurta , zeytinyağı ve sütü alın."", ""Hepsi güzelce karışana kadar bir spatula ile harmanlayın."", ""Karışımı tepsiye alın ve güzelce yayın."", ""180 derecede önceden ısıtılmış fırında kızarana kadar 20-25 dakika pişirin."", ""Fırından çıkardıktan sonra dilediğiniz gibi servis edebilirsiniz. Afiyet olsun.""]"
8e78f4b0-25c0-42a3-b65b-559423f7c71d,Çok Pratik San Sebastian,Turkey,"Krem peynir ve yumurtanın mükemmel uyumuyla hazırlanan bu pratik Sanbastian tarifi, misafirlerinize sunabileceğiniz enfes bir tatlı seçeneği",Ana Yemek,"[""4 adet yumurta"", ""600 gram krem peynir"", ""400 mililitresıvı krema"", ""2 paket vanilya"", ""1 su bardağı (1 parmak fazla) toz şeker"", ""2 yemek kaşığı un""]","[""Uygun bir kaba peynirleri ve şekeri koyup çırpalım."", ""Sonra yumurtalarımızı ekleyip tekrardan çırpalım ve unumuzu ilave edip çırpmaya devam edelim."", ""Son olarak kremayı ve vanilyayı ekleyelim, çırpalım."", ""Karışımı, yağlı kağıt yaydığımız kelepçeli kalıbımıza dökelim ve 200 derece fırında 45-50 dakika pişirelim. Afiyet olsun.""]"
8bf31171-ab5b-4d87-9435-a4134801d4dc,Kahveli Kurabiye,Turkey,"Kahve aromalı, çıtır kıvamında enfes kurabiye tarifi. Kahve saatleri için mükemmel bir atıştırmalık",Tatlı,"[""250 gram tereyağı"", ""1 su bardağı şeker"", ""2 su bardağı un"", ""3 yemek kaşığı kakao"", ""1 tatlı kaşığı (tepeleme) Türk kahvesi"", ""1 paket vanilya"", ""1 paket kabartma tozu""]","[""Şekeri robotta çok ince olarak çekiyoruz. Oda sıcaklığındaki yağ ve çekilmiş şekeri karıştırıp, un, kabartma tozu, vanilya, kakao ve kahveyi ekleyip iyice yoğuruyoruz."", ""Hamurdan küçük parçalar alarak, elimizle yuvarlayıp, yağlı kağıt serili tepsiye aralıklarla diziyoruz."", ""190 derece, önceden ısıtılmış fırında üzerleri çatlayana kadar pişiriyoruz. AFİYET OLSUN.""]"
4a6f996c-3592-46bd-a13e-38e806263b9f,Tavuklu Volovan,Turkey,Hafif ve lezzetli milföy hamurlarının içinde tavuklu harcın buluştuğu şık bir atıştırmalık,Tavuk Yemekleri,"[""15 adet milföy hamuru"", ""3 yemek kaşığı zeytinyağı"", ""1 adet orta boy kuru soğan"", ""200 gram kültür mantarı"", ""500 gram fileto tavuk göğsü"", ""1 adet rendelenmiş limon kabuğu"", ""1/2 su bardağı konserve mısır"", ""200 ml krema"", ""1/2 su bardağı rendelenmiş kaşar peyniri"", ""1 çay kaşığı tuz"", ""1/2 çay kaşığı taze çekilmiş tane karabiber""]","[""Volovan hamurlarını hazırlamak için; dondurulmuş milföy hamurlarını oda sıcaklığında 10 dakika bekletip, çözdürün."", ""Bir su bardağı ya da bir kurabiye kalıbı kullanarak tüm milföy hamurlarını halka şeklinde kesin. Beş adetini taban olarak kullanmak üzere kenara ayırın."", ""Kalan 10 adet yuvarlak hamurun ortasını bir çay bardağı ya da daha küçük bir kurabiye kalıbı kullanarak yeniden kesin. Orta kısımlarını çıkartarak alın. Böylelikle orta kısmı da boş olan 10 adet yuvar"", ""Yumurta sarısı ve akını ayrı ayrı kaplara ayırın. Taban kısmında kullanmak üzere hazırladığınız beş adet milföy hamurunu yağlı kağıt serili fırın tepsisine alın."", ""Aralarına yumurta akı sürüp orta kısımları boşluk olan yuvarlak milföy hamurlarını taban kısımları üzerine iki kat halinde yapıştırın. Toplamda beş adet, üç katlı hamurlar hazırlayın. Orta kısımlarını"", ""Önceden ısıtılmış 180 derece fırında 20-25 dakika kızarıp kabarana kadar pişirin."", ""Volovanların içine dolduracağınız tavuklu iç harcı hazırlamak için; kuru soğanı küçük küpler halinde doğrayın. Sarımsağı bıçağın tersiyle ezip incecik kıyın. Fileto tavuk göğüslerini iri küpler halind"", ""Zeytinyağını geniş tabanlı bir tavada kızdırın. Kuru soğanları hafif bir renk alana kadar soteleyin. Lezzet vermesi adına sarımsağı katın. Fileto tavuk göğüslerini ekleyip yüksek ateşte kavurun."", ""Mantar dilimlerini katıp yüksek ateşte soteleme işlemini sürdürün. Konserve mısır ve rendelenmiş limon kabuğu ile iç harcı zenginleştirin. Tuz ve taze çekilmiş tane karabiber ilavesiyle tatlandırın. S"", ""Fırından çıkan üç katlı hamurların orta kısımlarını hazırladığınız iç harçla doldurun. İç harçla dolan hamurların giderek yükseldiğini göreceksiniz."", ""Üzerlerine rendelenmiş kaşar peyniri serpiştirdiğiniz hamurları önceden ısıtılmış fırında peynirler eriyene kadar pişirmeye devam edin. Ilık olarak sevdiklerinizle paylaşın.""]"
bab84af1-68f6-4c8d-a15a-e5ec81da6ae1,Limon Tatlısı,Turkey,"Taze limonun ferahlatıcı tadıyla hazırlanan bu tatlı, yaz aylarının vazgeçilmezi olacak",Tatlı,"[""2 adet limon suyu"", ""1 adet limon kabuğu rendesi"", ""2,5 su bardağı su"", ""3 yemek kaşığı buğday nişastası"", ""7 yemek kaşığı pudra şekeri"", ""1/2 çay kaşığı zerdeçal""]","[""Limon suyu, limon rendesi, su, pudra şekeri zerdeçal ve nişastayı tencereye ekleyin."", ""Orta dereceli ateşte muhallebi kıvamına gelinceye kadar karıştıralım."", ""Dilediğiniz gibi servis edebilirsiniz. Afiyet olsun.""]"
eff9edce-b492-4551-a486-ff7ca6d01719,Bademli Armutlu Tart,Turkey,"Bademli Armutlu Tart, çıtır hamuruyla harmanlanmış tatlı armutların ve bademlerin mükemmel uyumu",Ana Yemek,"[""175 gram tereyağı (soğuk, küp küp kesilmiş)"", ""5 yemek kaşığı toz badem"", ""1/2 çay kaşığı tuz"", ""2 su bardağı un"", ""7 yemek kaşığı soğuk su"", ""1 yemek kaşığı pudra şekeri""]","[""Derince bir kabın içerisine tereyağı, un, toz badem, tuz ve pudra şekerini alın."", ""Elinizle tereyağı, un ve diğer malzemelerle iyice harmanlanana kadar yedirin."", ""Elinizle sıktığınızda birleşen ve hemen ardından dağılan bir kıvam elde edene kadar bu işleme devam edin."", ""Ardından kontrollü bir şekilde soğuk su ilave ederek tüm malzemeleri yoğurmadan, birleştirmeye çalışın."", ""Birleştiğinde streç filme sarın ve buzdolabında 1 saat kadar dinlendirin.""]"
8e5e6e0c-7532-46b0-9f8f-6a56dd1f415f,Limon Soslu Çilek Topları,Turkey,"Taze çileklerin ferahlatıcı limon sosuyla buluştuğu, sağlıklı ve lezzetli bir atıştırmalık",Ye,"[""5 yemek kaşığı yulaf"", ""4 adet hurma"", ""2 adet kuru incir"", ""3 tatlı kaşığı labne peyniri"", ""3 adet çilek"", ""1 yemek kaşığı pudra şekeri (sosu için)"", ""1 tatlı kaşığı limon suyu (sosu için)""]","[""Yulafı rondodan geçirip çok da un olmayacak şekilde küçültüyoruz."", ""İçine sıcak suda bekletilmiş hurmalarımızı ve incirlerimizi doğruyoruz."", ""Çilek, labne ve kuru üzümleri de ekleyip robottan geçiriyoruz."", ""Şekil verip 10-15 dakika buzlukta bekletiyoruz."", ""Son olarak limon sosu için bir yemek kaşığı pudra şekerine bir tatlı kaşığı limon suyu döküp karıştırıp toplarımızın üstüne döküyoruz. Afiyet olsun.""]"
d2782592-2f30-47e9-b56c-d9b9f43ac52c,Pırasalı Pilav,Turkey,"Lezzetli pırasalarla hazırlanan, hafif ve doyurucu bir pilav tarifi",Ye,"[""1 su bardağı pirinç"", ""2 adet pırasa (ayıklanmış, temizlenmiş)"", ""1 adet taze soğan"", ""1 yemek kaşığı zeytinyağı"", ""1 yemek kaşığı tereyağı"", ""1-2 damlalimon suyu"", ""1 adet kesme şeker"", ""1,5 su bardağı sıcak su"", ""1 tatlı kaşığı tuz""]","[""Pırasalı pilav için pirinçleri sıcak suda 30 dakika kadar bekletiyoruz. Bol suda pirinçleri iyice yıkıyoruz. Tencereye yağları ekliyoruz."", ""Tereyağı eriyince doğradığımız pırasa ve taze soğanı ekliyoruz."", ""Yıkadığımız pirinçleri tencereye ekleyip 2-3 dakika kadar kavuruyoruz."", ""Limon suyunu, tuzunu ve şekerini ekleyip karıştırıyoruz. Suyunu ekleyip kısık ateşte pişiriyoruz."", ""Suyunu çektikten sonra ocağın altını kapatıp 15 dakika kadar demlenmesi için bekletiyoruz. Pırasalı pilav hazır. Afiyet olsun.""]"
94417618-46be-4071-8351-e0881ff75937,Vişneli Ev Yapımı Dondurma,Turkey,"Ev yapımı vişneli dondurma tarifi ile ferinlatıcı bir lezzete hazır olun. Basit malzemelerle hazırlanan bu dondurma, hem pratik hem de çok lezzetli",Tatlı,"[""1 çay bardağı yoğunlaştırılmış süt"", ""100 mililitrekrema"", ""2 yemek kaşığı yoğurt"", ""15-20 adet vişne (çekirdekleri çıkartılmış)""]","[""Yoğunlaştırılmış süt için: 1 litre süte 2 bardak şeker ekleyip kısık ateşte yarım litre kalana kadar kaynatıyoruz."", ""Yoğunlaştırılmış süt ve kremamızı blender da önce 2 dakika çırpıyoruz"", ""Daha sonra vişne ve yoğurdu ekleyip tekrar bıztlatıyoruz."", ""Cam kapaklı bir kaseye döküp dolapta 4-5 saat donduruyoruz."", ""Dondurma kaşığı ile servis ediyoruz. Afiyet olsun.""]"
dbfcd9e3-19f8-4d10-8c28-0f62ddb60215,Çikolatalı Yumuşak Kurabiye,Turkey,"İçinden çikolata akan, dışı çıtır içi yumuşak enfes kurabiye tarifi",Ye,"[""125 gram eritilmiş tereyağı"", ""100 gram toz şeker"", ""60 gram esmer şeker"", ""1 adet yumurta"", ""1 paket vanilin"", ""210 gram un"", ""1/2 çay kaşığı karbonat"", ""1/2 çay kaşığı tuz"", ""1 paket çikolata (parçalanmış)""]","[""Şekeri ve eritmiş olduğunuz tereyağını bir kaba alıp el çırpıcısıyla karıştırın."", ""Yumurtanızı ekleyin ve tekrar karıştırın."", ""Şekerli vanilin, un, karbonat ve tuzu ekleyip karıştırın. Dilerseniz spatula ile karıştırabilirsiniz."", ""Çikolata parçalarınızı ekleyip karıştırın ve hamurunuzu 30 dakika buzdolabında bekletin."", ""Hamuru ceviz büyüklüğünde parçalara ayırıp önceden ısıtılmış 175 derece fırında 13 dakika pişirin."", ""Kurabiyeniz çıktığında yumuşak bir kıvamı olacak bu nedenle kurabiyenizin oda ısısına düşmesini bekleyip yiyebilirsiniz. Afiyet olsun.""]"
f09797b1-ee03-4261-80a6-d05c0f1868be,Yumurtasız Kek,Turkey,"Yumurtasız kek, pratik malzemelerle hazırlanan hafif ve lezzetli bir tatlı alternatifidir",Ye,"[""1 su bardağı şeker"", ""1 su bardağı süt"", ""1 çay bardağı sıvı yağ"", ""2 su bardağı un"", ""1 paket kabartma tozu"", ""1 paket vanilya""]","[""Süt ve sıvı yağını, şekerle iyice çırpıyoruz."", ""Un, vanilya, kabartma tozunu eleyerek ilave ediyoruz."", ""Limon kabuğu rendesi de ekleyip iyice karıştırıyoruz."", ""180 derece ısıtılmış fırında 35-40 dakika pişirin. Afiyet olsun.""]"
d3179f70-8d2d-4b97-b185-13f2378459c5,Pastacı Kreması,Turkey,"Pastalar ve tatlılar için mükemmel kıvamda, lezzetli ve kremsi bir pastacı kreması tarifi",Ye,"[""1 litre süt"", ""100 gram tereyağı (veya margarin)"", ""3-4 damlavanilya (1 paket vanilin)"", ""50 gram sıvı krema (1/4 Su Bardağı)"", ""3 adet yumurta"", ""200 gram un (yaklaşık 1.5 su bardağı)"", ""250 gram toz şeker (1+1/4 Su Bardağı)"", ""100 gram krem şanti (arzuya göre eklenebilir)""]","[""Sütün yarısı, sıvı krema ve vanilyayı ocağa alın ve ısıtın."", ""Ayrı bir kapta sütün diğer yarısı, şeker, yumurta ve unu iyice çırpın. (topaklanmaması için unu eleyebilirsiniz.)"", ""Ocakta kaynayan sütten biraz yumurtalı karışıma ekleyip karıştırın."", ""Daha sonra tüm karışımı ocağa alın ve muhallebi kıvamına gelene kadar pişirin."", ""Soğuması için kenara kaldırın. (+4 derece dolapta bekletin)"", ""Tereyağını mikserde kabartın. İçerisine soğuyan kremayı ekleyin ve karıştırın."", ""En son isteğe göre çırpılmış şantiyi de ekleyin ve karıştırın. +4 derece dolapta 30 dakika kremayı dinlendirin. Afiyet olsun.""]"
b2d14526-39ea-4c82-ad3a-045455db836f,Yumurtalı Ot Kavurma,Turkey,"Lezzetli yumurtalı ot kavurma, yeşilliklerin tazeliği ile yumurtanın kremsi dokusunu birleştiren pratik bir kahvaltılık",Ye,"[""2 adet kuru soğan"", ""5 yemek kaşığı zeytinyağı"", ""1 tatlı kaşığı tuz"", ""4 adet yumurta""]","[""Zeytinyağını bir tavaya alın, kuru soğanları yemeklik olarak doğrayın ve ısınmış olan zeytinyağının içene ekleyin."", ""Soğanlar pembeleşene dek kavurun. Ardından ince ince doğranmış pazıları ve ebegümeçlerini ilave edin."", ""Sebzeler sularını salıp, iyice pişene dek kavurun. İnce ince doğradığınız taze soğanları da ekleyin ve kavurmaya devam edin."", ""Tuzunu ilave edip, karıştırın. Sebzeler iyice piştiğinde üstüne yumurtaları kırın ve karıştırın. Yumurtalar pişince altını kapatın, ılıklaşmaya bırakın."", ""Ardından elinizle şekillendirip, servis tabağına alın ve servis edin.""]"
4946faf3-e240-45d1-bde1-fca53f36c8b4,Derin Dondurucuda Barbunya,Turkey,Derin dondurucuda saklamak için pratik barbunya hazırlama tarifi,Ye,"[""500 gram barbunya"", ""Etimek Tatlısı Tarifi"", ""Damla Çikolatalı Kurabiye"", ""Tatlı Tarifleri Spoonful Mozaik Pasta Çikolatalı Sufle İrmik Helvası Fırın Sütlaç Profiterol Revani Magnolia"", ""Kahvaltılık Tarifler Pancake Krep Pişi Kuymak Kaygana Kahvaltılık Sos Menemen Muhlama Yumurtalı Ekmek Omlet"", ""Omlet""]","[""Barbunyaları bir kaseye alın."", ""Barbunyaların kabuklarını ayıklayın."", ""Ayıklanmış barbunyaları yıkayın. Üzerini geçecek kadar bir kase suda 5 dakika bekletin ve suyunu süzün."", ""Çiğ olarak derin dondurucuda saklamak için barbunyaları tek kullanımlık porsiyonlara ayırarak buzdolabı poşetlerine koyun."", ""Poşetin havasını elinizle batırıp alarak ağzını sıkıca bağlayın ve derin dondurucuya koyun. Bu şekilde buzdolabında 4 gün, derin dondurucuda ise 6 ay kadar saklanabilir.""]"
fd30b5d0-3b9b-4aa5-ada0-51645ebe9c04,Kavala Kurabiyesi,Turkey,Fırında kıtır kıtır pişen bademli lezzetli kurabiye tarifi,Ye,"[""250 gram tereyağı"", ""1/2 su bardağı sıvı yağ"", ""1 su bardağı çiğ badem"", ""1 su bardağı un (kavurmak için)"", ""1 su bardağı pudra şekeri"", ""1 paket vanilya"", ""1 paket kabartma tozu"", ""3 su bardağı un"", ""1 adet yumurta"", ""1 çay kaşığı tuz""]","[""İnce kıyılmış badem, iri kıyılmış badem ve un tavada kısık ateşte karıştırılarak unun kokusu çıkana kadar kavurulur. Soğumaya bırakılır."", ""Tereyağı ve pudra şekeri spatula ile karıştırılır."", ""Sıvı yağ, yumurta ve vanilya da konup yine spatula ile karıştırılır."", ""Kavrulmuş un ve badem de eklenip karıştırılır."", ""Un, kabartma tozu ve tuz da konulup yumuşak bir hamur elde edilir. Dolapta 10 dakika bekletilir."", ""Rulo şekli verilip 2 cm kalınlığında bardak ağzı ile yarım ay şeklinde kesilir."", ""Yağlı kağıt serilmiş fırın tepsisine dizilip önceden ısıtılmış 180 derece fırında pişirilir."", ""İlk sıcaklığı çıkınca pudra şekerine bulanıp servise hazırdır. Afiyet olsun.""]"
cf5775d2-2fe9-47a5-8486-8268126ea813,Mantarlı Karamelize Soğanlı Hamburger,Turkey,"Mantarlı karamelize soğanlarla zenginleştirilmiş, ev yapımı lezzetli hamburger köfteleri",Ye,"[""450 gram kıyma (her köfte 150 gram olacak)"", ""1 tatlı kaşığı hardal"", ""1 çay kaşığı tuz"", ""1 çay kaşığı karabiber""]","[""Önce hamburger köftesi için olan malzemeleri karıştıralım. Her bir köfteyi 150 gram olarak ayarlayıp şekil verdikten sonra buzdolabına kaldıralım."", ""Mantarları ince ince doğrayıp az yağda pişirelim ve kenara alalım. Bu sırada köfteleri kızartmaya başlayalım."", ""Isınan tavada az yağda pişirmeye başlarken soğanları jülyen doğrayıp başka tavada kısık ateşte pişirelim. Renkleri hafif değişince şekeri ekleyelim. Karamelize olan soğanları da kenara alalım."", ""Köfteleri pişirmeye devam edelim. Bir tarafı piştikten sonra çevirelim ve pişmeye yakın, önceden pişen kısma cheddar peynirini koyalım. Pişerken üstte kalan chedddar ısı ile eriyecektir."", ""Hamburger ekmeklerine köfteleri, turşuları, mantarları, soğanları ekleyelim. Afiyet olsun.""]"
bb5b145f-c375-4ec0-ba6f-f4632060cd13,Bitter Çikolatalı Sufle,Turkey,"İçi akışkan bitter çikolatalı sufle, çikolata severler için vazgeçilmez bir lezzet",Ye,"[""3 adet küçük boy yumurta"", ""50 gram tereyağı"", ""80 gram bitter çikolata"", ""1/2 su bardağı un"", ""1/2 su bardağı şeker""]","[""Çikolata ve tereyağını benmari usulü eritin."", ""Yumurta ve şekeri bir kabın içerisine alın. Mikser yardımıyla şeker eriyene kadar çırpın."", ""Çırptığınız yumurta ve şeker karışımına azar azar un ilave edin."", ""Erittiğiniz çikolata ve tereyağını yavaş yavaş bu karışıma ilave edin."", ""Kalıplarınızı hafifçe yağlayın ve unlayın. Karışımı içine pay edin."", ""220 derecelik fırında yaklaşık 6 dakika pişirin. Çıkarıp afiyetle tüketin.""]"
fda961dc-3dae-41ce-a269-9649b0946dcc,Muzlu Bebek Bisküvisi,Turkey,Bebekler için sağlıklı ve lezzetli muzlu bisküvi tarifi. Ev yapımı bu bisküviler hem besleyici hem de kolay hazırlanır,Ye,"[""3 çay bardağı tam buğday unu"", ""1 çay bardağı pirinç unu"", ""1 çay bardağı yulaf unu"", ""3 yemek kaşığı tereyağı"", ""1 yemek kaşığı zeytinyağı"", ""1 çay kaşığı karbonat"", ""1 adet yumurta sarısı"", ""1 adet muz""]","[""Muzu rende yardımı ile rendeleyin veya çatal ile ezin."", ""Tereyağı, zeytinyağı, yumurta sarısı, karbonat ve muzu bir kapta biraz yoğurun."", ""Yulaf unu ve pirinç ununu son olarak da yavaş yavaş tam buğday ununu ekleyerek yoğurun. Orta yumuşaklıkta bir hamur elde edin."", ""Ceviz büyüklüğünde koparacağız hamura arzu ettiğiniz şekli vererek fırın tepsinize dizin."", ""Önceden ısıtılmış 175 derecelik fırında hafif kızarana kadar pişirin. Afiyet olsun.""]"
9b0e3118-8daa-437c-a956-74f70d9c7483,Cordon Bleu,Turkey,"İçine peynir ve jambon konulmuş, panlanmış ve kızartılmış lezzetli bir tavuk yemeği",Ana Yemek,"[""5 adet fileto tavuk göğsü"", ""1/2 çay kaşığı tuz"", ""1/2 çay kaşığı taze çekilmiş tane karabiber""]","[""Kemiksiz fileto tavuk göğüslerini temizleyip varsa yağlı kısımlarını alın. Fileto tavuk göğüslerini keskin bir bıçak yardımıyla orta kısımlarından cep açar gibi kesin. Bir et döveceği yardımıyla, stre"", ""İyice incelen ve açılan tavuk göğüslerinin içine dana jambon ve kaşar peyniri dilimleri yerleştirin."", ""Sıkıca sararak tavukları dikkatlice kapatın. Buzdolabında 30 dakika dinlendirin."", ""Yumurtaları geniş bir tabakta bir çatal yardımıyla çırpın. Ayrı ayrı tabaklara un ve galeta ununu alın. Sırasıyla iki taraflı; un, çırpılmış yumurta sarısı ve son olarak galeta ununa bulayın."", ""Kızgın yağda arkalı önlü ters çevirerek kızartın."", ""Kızartma işleminin sıcaklığıyla içlerindeki kaşar peyniri eriyen tavukları, servis tabaklarına alın. Dilimledikten sonra sıcak olarak sevdiklerinizle paylaşın.""]"
f76212ad-a365-43e0-80e8-333c4dd93c18,Yoğurtlu Kuru Patlıcan ve Biber Kavurması,Turkey,"Doğu Anadolu'nun lezzetli ve doyurucu mezesi olan yoğurtlu kuru patlıcan ve biber kavurması, özellikle kış aylarında sofraları şenlendirir",Sebze Yemekleri,"[""3 adet kuru patlıcan"", ""3 adet kurutulmuş biber"", ""2 yemek kaşığı bulgur"", ""1 tatlı kaşığı kuru reyhan"", ""3 yemek kaşığı zeytinyağı"", ""1 çay kaşığı toz biber"", ""1 çay kaşığı karabiber"", ""1 çay kaşığı nane"", ""1 çay kaşığı kimyon"", ""1 çay kaşığı tuz"", ""6 yemek kaşığı yoğurt"", ""1/2 su bardağı su""]","[""Kuru patlıcan ve kuru biberi 15 dakika orta ateşte kaynatın."", ""Kaynayanları ince ince doğrayıp 5 dakika zeytinyağında kavurun."", ""Karışıma 2 yemek kaşığı bulguru koyup üstüne yarım su bardağı su ve baharatları ilave edip altını kısın. Bulgurun suyu çekmesiyle altını kapatın."", ""Sarımsağı yoğurda rendeleyip karıştırın."", ""Yoğurdu servis tabağına yayıp diğer karışımı üstüne dökün. Ek olarak taze soğanı doğrayıp üstüne ekleyin. Afiyet olsun.""]"
47dfa5da-1558-4eef-9bf2-485e2937148f,Fırında Brokoli Graten,Turkey,"Fırında brokoli graten, sebzelerin kremsi sosla harmanlandığı lezzetli ve besleyici bir yemektir",Sebze Yemekleri,"[""500 gram brokoli"", ""2 adet havuç"", ""3 adet patates"", ""3 yemek kaşığı tereyağı"", ""2 yemek kaşığı un"", ""3 su bardağı süt"", ""1 çay kaşığı tuz""]","[""Patates ve havuç dilimlenip, bir tencerede kaynatılır. Suya biraz tuz eklenir. Brokoli de aynı şekilde ayrı olarak kaynatılır."", ""Beşamel sosu için: Bir tencerede tereyağı eritilip un koyulur ve hafif kavrulur. Soğuk süt eklenir ve tel ile iyice karıştırılır. Tuz ve karabiber eklenir."", ""Hazırlanan patates, havuç ve brokoli bir borcama alınır, üzerine beşamel sos dökülür ve kaşar peyniri rendesi serpilir."", ""Önceden ısıtılmış 180 derecelik fırında üzeri kızarana kadar pişirilir. Afiyet olsun.""]"
7a4509d1-3456-4944-bb12-2e96bd1458ee,Füme Etli Cheeseburger,Turkey,"Füme etli cheeseburger, dumanlı lezzeti ve eritilmiş peyniriyle damaklarda unutulmaz bir tat bırakır",Et Yemekleri,"[""1 adet burger ekmeği"", ""1 yemek kaşığı mayonez"", ""1 yemek kaşığı hardal"", ""2 tatlı kaşığı mayonez"", ""1 tatlı kaşığı acı sos"", ""2 tatlı kaşığı ketçap"", ""2 tatlı kaşığı turşu suyu"", ""1 adet ezilmiş sarımsak""]","[""Sos malzemelerini bir kasede karıştırın."", ""Ekmeği ortadan ikiye kesin içine mayonez sürün ve orta sıcaklıktaki tavada kızartıp, kenara alın."", ""Burgeri yapmadan önce kıymayı iki eşit parçaya bölün ve elinizde yuvarlayın."", ""Büyük bir tavayı ısıtın. Önce füme etleri tavada yağsız olarak kızartın, ardından köfteleri tavaya koyun, üstlerine ufak yağlı kağıtlar koyup spatula ve bir ağırlıkla dümdüz olana kadar bastırın."", ""Yaklaşık 30 saniye sonra kağıtları kaldırın. Hafifçe tuz ve karabiber ekleyip köfteleri ters çevirin. Peynir dilimlerini de koyup tavanın altını kısın ve bir kapakla kapatın."", ""Ekmeğin kızarmış yüzlerine sosu sürün, turşuları ekleyin. Pişen köfteleri üst üste koyup ekmeğin arasına koyun ve burgeri tamamlayıp, servis edin. Afiyet olsun.""]"
ec887e2e-f7f5-4245-89ac-8c7c2771b8f8,Lavaştan Pizza,Turkey,Lavaş hamurları üzerine malzemeleri koyarak hazırlanan pratik ve lezzetli pizza tarifi,Ana Yemek,"[""3 adet lavaş"", ""7-8 adet sosis (dilediğiniz kadar)"", ""1 adet orta boy domates"", ""1 silme yemek kaşığı domates salçası"", ""1 çay kaşığı kekik""]","[""Sosu hazırlamak için domatesi rendeliyoruz."", ""Rendelenen domatesin içine sarımsağı da ezip ekliyoruz."", ""Salçayı ve kekiği de ekleyip sosumuzu hazır hale getiriyoruz."", ""1 adet lavaşın üzerine sosumuzu sürüp malzemelerimizi diziyoruz."", ""Bu şekilde 3 kat hazırlıyoruz ve 3. katımıza peynirleri eklemiyoruz."", ""Pişmeye yakın peynirlerimizi ekliyoruz ki peynirler yanmasın."", ""180 derecelik fırında pişiriyoruz. Afiyet olsun.""]"
e96857eb-a7c4-4584-98e9-b2659338d73b,Karabiber Sos,Turkey,"Zengin aromalı karabiber sosu, et ve sebze yemeklerine muhteşem lezzet katar",Sebze Yemekleri,"[""1 tatlı kaşığı tereyağı"", ""1 yemek kaşığı kırmızı soğan"", ""4 yemek kaşığı sherry sirkesi"", ""5 yemek kaşığı krema"", ""3/4 çay bardağı su"", ""2 çay kaşığı tane karabiber"", ""1/2 çay kaşığı tuz""]","[""Ufak bir sos tavasında kısık ateşte tereyağı ve minik küp doğranmış soğanları yumuşayana kadar pişirin."", ""Sirkeyi tavaya ekleyin ve keskin kokusu geçene kadar kaynatın."", ""Krema ve suyu da ekleyip kısık ateşte bir taşım daha kaynatın."", ""Karabiber tanelerini havanda ya da bir tava ile hafifçe ezin ve sosa ekleyip hafif yumuşayana kadar pişirin."", ""Son olarak tuzu ekleyip sıcak olarak etlerinizle birlikte servis edin. Afiyet olsun!""]"
9b860ab2-3739-456e-9ad6-119aea473087,Kıymalı Fırın Makarna,Turkey,"Lezzetli kıymalı fırın makarna, pratik ve doyurucu bir ana yemek seçeneği",Pilav & Makarna,"[""1 paket fırın makarna"", ""2 adet yumurta"", ""100 gram beyaz peynir"", ""100 gram Bergama tulumu""]","[""Kıymalı fırın makarna için ilk olarak kıyma harcında kullanacağınız bütün sebzeleri çok ufak küpler şeklinde kesin."", ""Derin ve kalın tabanlı bir tencerede zeytinyağını ısıtın bütün sebzeleri de tencereye alıp yumuşayana kadar kavurun. Ardından kıymayı da ekleyin ve tencerede hiç su kalmayıp kum gibi kıvam alana kadar"", ""Tencereye kalan tuz, baharatalar, salça ve domates rendesini de ekleyip karıştırın. Ocağın altını kısın ve harç bütünleşene kadar pişirin."", ""Derin bir tencerede su kaynatın ve içine bolca tuz attıktan sonra makarnaları haşlanmaya bırakın."", ""Aynı anda farklı bir tencerede beşamel sos için tereyağı ve unu kavurun. Kavrulan karışıma sütü azar azar ekleyip pürüzsüz olana kadar sürekli karıştırarak pişirin. Koyulaşan sosu ocaktan alıp içine t"", ""Fırını fanlı olarak 200 derecede ısıtmaya başlayın."", ""Haşlanan makarnaları süzün. Sıcakken makarnayı yumurta, beyaz peynir, 5 yemek kaşığı beşamelle karıştırıp büyük bir fırın kabına alın."", ""Kıymalı harca da 3 yemek kaşığı kadar beşamel sos ekleyip karıştırın ve makarnaların üzerine yayıp spatula ile bastırın."", ""Kalan beşamel sosa da Bergama tulum peynirini rendeleyip karıştırın ve son katman olarak tepsiye aktarın."", ""Yemeği sıcak fırında üzeri kızarana kadar yaklaşık 30 dakika pişirin."", ""Fırın makarnayı 10 dakika dinlendirip, dilimledikten sonra servis edin. Afiyet olsun.""]"
cf0173c4-283b-4a16-8098-46a848e881cb,Hafif Kek,Turkey,Pekmez ve cevizin harika uyumuyla hazırlanan hafif ve lezzetli kek tarifi,Tatlı,"[""3 adet yumurta"", ""1 su bardağı ceviz içi (iri çekilmiş)"", ""1 çay bardağı keçi boynuzu pekmezi"", ""2 adet muz"", ""1/2 çay bardağı süt"", ""1 paket kabartma tozu"", ""1 paket vanilya"", ""1 paket kakao""]","[""3 yumurtayı mikser yardımıyla çırptıktan sonra, 1 çay bardağı keçiboynuzu pekmezini ilave edip birlikte karıştırmaya devam edin."", ""Pekmez sayesinde koyu bir renge kavuşan karışıma kabartma tozu, vanilya şekeri ve kakaoyu ilave edin."", ""Toz malzemeleri mikser yardımıyla karışıma dağıttıktan sonra yarım çay bardağı sütümüzü kek harcına ekleyin."", ""Sütün hemen ardından 1 su bardağı çekilmiş ceviz içini ilave edin ve karıştırın. Ceviz içini kek harcını yoğunlaştırdığını göreceksiniz."", ""Son olarak 2 adet muzu, çatal yardımıyla ezerek kek karışımının içerisine ilave ederek pürüzsüz bir harç elde edene kadar çırpın."", ""Yağladığımız ya da pişirme kağıdı kullandığımız kek kalıbımıza kek karışımının tamamını eşit miktarda dökün."", ""Önceden ısıtılmış 170 derecedeki fırında 45 dakika pişirin. Afiyet olsun.""]"
6799c178-8afc-4b00-b6c5-c6b06579ee7a,Kaşarlı Fit Pancake,Turkey,"Lezzetli ve besleyici kaşarlı fit pancake, kahvaltıların vazgeçilmezi olacak",Ana Yemek,"[""110 gram buğday unu (kızıl) (başka unlar da olur)"", ""250 mililitresüt"", ""2 adet yumurta"", ""1 çay kaşığı tuz"", ""1/2 çay kaşığı karbonat (veya kabartma tozu)"", ""100 gram kaşar peyniri (veya eriyen herhangi bir peynir)""]","[""Un, tuz, karbonat, süt ve yumurta bir kaba alınıp güzelce tüm malzemeler birbirine geçene denk karıştırılır."", ""Sonrasında pancakeleri pişireceğiniz tava orta ateşte ısıtılır."", ""Isınan tavaya 1 kaşık pancake harcından eklenir ve hafif göz göz olmaya başlayınca üzerine, ince ince dilimlenen kaşar peynirinden 1 parça koyulur."", ""Onun üzerini kapatacak şekilde pancake harcından biraz daha eklenip ters çevirilir."", ""Ter iki tarafı da eşit pişen pancake servis tabağına alınır."", ""Pancake harcı bitene kadar bu işleme devam edilir."", ""Hazır olan tüm kaşarlı pancakelerinizi dilediğiniz şekilde servis edebilirsiniz. Afiyet olsun!""]"
c101c94b-f764-49fa-a4e3-bc228c8fe39c,Çiğ Köfte,Turkey,"Geleneksel Türk mutfağının lezzetli ve baharatlı mezesi olan çiğ köfte, doyurucu atıştırmalık alternatifidir",Et Yemekleri,"[""2 adet büyük boy soğan"", ""2 adet domates"", ""2 adet sarımsak"", ""1 su bardağı sıvı yağ"", ""1 tatlı kaşığı pul biber"", ""2 yemek kaşığı domates salçası"", ""1 yemek kaşığı biber salçası"", ""1 kilogram esmer bulgur""]","[""İnce bulguru bir tepsiye alın. Üzerine isot, pul biber, tuz ekleyip, domates rendesini de ilave ederek yoğurmaya başlayın."", ""Sonra rendelenmiş sarımsak ve soğanı alın, elinizi arada hafif ıslatarak yoğurmaya devam edin."", ""Ardından salça ilave edin, bulgur iyice yumuşayana kadar su ekleyerek yoğurmaya devam edin."", ""Bulgur yumuşayınca yeşil soğanları da ilave ederek yoğurun. Tüm malzemeler güzelce yoğrulunca şekil verip servis edin. Afiyet olsun!""]"
bd731c2c-2541-454f-9880-ceb057b01b65,Sardalya Buğulama,Turkey,"Lezzetli ve sağlıklı sardalya buğulama, az malzemeyle kolayca hazırlanabilen nefis bir deniz ürünü tarifidir",Ana Yemek,"[""1 kilogram sardalya balığı"", ""1 adet kuru soğan"", ""1 adet domates"", ""1 adet limon"", ""2 tatlı kaşığı tuz"", ""1 tatlı kaşığı karabiber"", ""1 çay bardağı zeytinyağı""]","[""Soğan jülyen doğranır. Maydanozların yaprakları ayrılır. Limonlar da yarım ay şeklinde kesilir. Domates kabuğu soyulduktan sonra yine yarım ay şeklinde doğranır."", ""Bir kapta soğanın üzerine zeytinyağı dökülür ve tuz ile karabiber eklenerek iyice harmanlanır. Sonra tepsiye yerleştirdiğimiz pişirme kağıdı üzerine soğanlar yerleştirilir. Üzerine temizlenmiş ve tuzl"", ""Daha sonra üzerine maydanozlar, domates ve limonlar yerleştirilir ve zeytinyağı gezdirilir. Son olarak 200 derecedeki fırına sürülür 20-30 dakika pişirilir.""]"
d1658460-a005-4b0c-bce7-732f0ad43e41,Çikolata Soslu Saray Muhallebisi,Turkey,"Çikolata sosuyla süslenmiş, puding kıvamında nefis bir Türk tatlısı",Tatlı,"[""1 litre süt"", ""1 su bardağı un"", ""1 su bardağı şeker"", ""100 gram tereyağı"", ""1 yemek kaşığı nişasta"", ""1 paket damla sakızlı vanilin""]","[""Tenceremize yağımızı alıyoruz, yağ erikten sonra üstüne unu ekliyoruz ve rengi dönene kadar kavuruyoruz."", ""Yeterince kavrulan unumuza yavaş yavaş sütü ekliyoruz. Çırpıcı ile pürüzsüz kıvam alana kadar çırpıyoruz."", ""Ardından toz şekeri ekleyip kıvam alana kadar karıştıra karıştıra kaynatıyoruz. Koyulaşan muhallebiye vanilya ekleyip ocaktan alıyoruz. 5 dakika mikserle çırpıyoruz."", ""Hazırladığımız muhallebiyi, ıslatıp fazla suyunu aldığımız borcama döküyoruz. (Islattığımız için servis sırasında yapışmayacak)"", ""Hazır çikolata sosunu poşetteki talimatlara göre hazırlayıp üstüne döküyoruz. Oda sıcaklığına gelen tatlımızı en az 2-3 saat buzdolabında soğutuyoruz ve servis yapıyoruz.""]"
e5dbb6e2-b205-4e8e-bcd5-87892abdc9cc,Fit Pankek Pasta,Turkey,"Sağlıklı ve lezzetli fit pankek pasta, tam buğday unu ve doğal tatlandırıcılarla hazırlanan hafif bir tatlı seçeneği",Tatlı,"[""1 adet yumurta"", ""1 su bardağı tam buğday unu"", ""1/2 çay bardağı pekmez ya da bal"", ""1 çay bardağı süt"", ""1 paket vanilya"", ""1 çay kaşığı kabartma tozu"", ""1 adet limon kabuğu rendesi""]","[""Hamur için tüm malzemeler karıştırılır. Krep hamurundan az koyu hamur elde edilir."", ""Tavada pişirilir. Pankek gibi hamur bitene kadar."", ""Ara katlar için tüm malzemeler karıştırılır."", ""Ara katlara ve en üste paylaştırılır ve en üst kısım süslenir."", ""Hem leziz hem içeriği temiz pastamız hazır. Afiyet olsun.""]"
48ca5a40-2d38-4e4d-9b29-25b4346137ed,Portakal Aromalı Revani,Turkey,"Portakal aromalı, nemli ve lezzetli revani tarifi. Şerbetli tatlı sevenlerin bayılacağı bu pratik tarif, misafirlerinize ikram etmek için ideal",Tatlı,"[""4 adet yumurta"", ""1 çay bardağı şeker"", ""1 su bardağı süt"", ""1 su bardağı sıvı yağ"", ""1,5 su bardağı irmik"", ""1,5 su bardağı un"", ""1 adet portakalın kabuğu (rendelenmiş)"", ""1 paket vanilin"", ""1 paket kabartma tozu"", ""1/2 çay kaşığı karbonat""]","[""Öncelikle şeker ve suyumuzu tenceremize alarak ocağa koyalım, kaynara geçtikten sonra altını hafif kısıp 18 dakika kadar kaynatalım."", ""Yumurta ve şekeri kabımıza alarak çırpalım."", ""Üzerine süt ve sıvı yağ katarak karıştıralım."", ""İrmiği, kabartma tozlarını, vanilyayı ve portakal kabuğunu katıp karıştıralım."", ""Son olarak unumuzu kontrollü bir şekilde ekleyerek akışkan bir kıvam oluşturalım."", ""Yağlamış olduğumuz kare borcama boşaltalım, 180 derecelik fırınımızda kabarıp kızarana kadar pişirelim."", ""Pişen kekimizi 15 dakika soğuttuktan sonra, soğumuş olan şerbetimizi üzerine dökelim."", ""Kare kare kesip şerbetini çekmesini sağlayalım. 3-4 saat sonra süsleyip servis edebilirsiniz. Afiyet olsun.""]"
c907c76d-80b3-4624-934b-e9936f313dcb,Fit Çilekli Galette,Turkey,Badem unu ve taze çileklerle hazırlanan sağlıklı ve lezzetli fit galette tarifi,Et Yemekleri,"[""1/2 su bardağı badem unu"", ""3/4 su bardağı buğday unu"", ""1 yemek kaşığı Hindistan cevizi şekeri"", ""2 yemek kaşığı soğuk tereyağı"", ""3 yemek kaşığı soğuk su""]","[""Mutfak robotuna önce unları ve şekeri atıp bir tur döndürelim. Sonra soğuk tereyağını atalım. 1 dakika kadar robotu çalıştıralım."", ""Sonra soğuk suyu ekleyelim ve 1 dakika daha çalıştıralım. Hamur haline gelen karışım biraz yapışkan olmalı. Elimizle yuvarlayalım ve bir kaba koyup üzerini streç film ile kapatıp buzdolabında 1"", ""Çilekleri kesip, bir kasede üzerine limon suyunu ve şekeri dökelim, suyunu vermesi için bekleyelim."", ""O esnada hamuru yağlı kağıtların arasında incelene kadar açalım. Sonra hamurun ortasına çilekleri ekleyip, önceden 180 derecede ısıtılmış fırında 25-30 dakika pişirelim. Afiyet olsun.""]"
a536e74c-47be-4b27-9777-04eb94b41fa2,Çilekli Kremalı Tart Pasta,Turkey,Taze çilekler ve kremanın mükemmel uyumuyla hazırlanan hafif ve lezzetli bir tatlı,Tatlı,"[""2 adet yumurta"", ""1 çay bardağı şeker"", ""1 çay bardağı süt"", ""1 çay bardağı sıvı yağ"", ""1 su bardağı un"", ""1 paket kabartma tozu"", ""1 paket vanilya""]","[""Keki için derin bir kapta yumurta ve şekeri çarpıyoruz. Daha sonra tüm sıvıları ekleyip tekrar karıştırıyoruz. Son olarak da tüm toz malzemeleri ekleyip karıştırıyoruz."", ""Yağlanmış tart kalıbına döküyoruz ve pişirmek için 180 derece önceden ısıtılmış fırına verip 15 dakika pişiriyoruz."", ""Kreması için derin tencereye vanilya hariç toz ürünleri ekleyip güzelce karıştırıyoruz. Daha sonra soğuk sütü ekleyip çarpıyoruz."", ""Kısık ateşte göz göz olana kadar pişiriyoruz. Pişen kremamıza tereyağı ve vanilya ekleyip güzelce çarpıyoruz."", ""Pişirdiğimiz keki kalıptan çıkarttıktan sonra kekin ilk sıcağı geçince kremamızı döküp güzelce yayıyoruz ve soğumaya bırakıyoruz."", ""Son olarak dilimlediğiniz çilekler ile dilediğiniz gibi süsleyebilirsiniz. Afiyet olsun.""]"
e0a6ae10-89ee-4966-91de-52cee766cba9,Soslu Elmalı Kek,Turkey,"Yoğurt ve sıvı yağ ile hazırlanan yumuşacık soslu elmalı kek, çay saatlerinin vazgeçilmezi",Tatlı,"[""1 su bardağı şeker"", ""1 su bardağı sıvı yağ"", ""1 su bardağı yoğurt"", ""4 adet yumurta"", ""1 paket vanilya"", ""1 paket kabartma tozu"", ""2 su bardağı un""]","[""Üzümleri yarım saat ılık suda bekletip süzün."", ""İlk toz şeker, sıvı yağ ve yoğurt çırpılır. Çırpıldıktan sonra 1 su bardağı bu sostan ayırın. Kalan kısma diğer malzemeler sırayla eklenip kek harcı elde edilir. Margarin ile yağlanmış borcama dökülür"", ""Üzeri için elmalar kabuklarını soymadan yarım ay olarak hafif ince şekilde kesilir, kek hamurunun üzerinde dizilir. Kuş üzümü, ceviz eklenip önceden ısıtılmış 180 derecede pişirilir."", ""Kek piştikten sonra ilk sıcaklığı çıkınca ayrılmış sos üzerine dökülür. Arzuya göre tarçın eklenir. Afiyet olsun.""]"
9e0410e8-52f0-474c-b9d2-9e3c979c7bc5,Fındıklı Mozaik Pasta,Turkey,"Fındıklı mozaik pasta, bitter çikolata ve kremanın mükemmel uyumuyla hazırlanan, pişirmeden kolayca yapılan lezzetli bir tatlıdır",Tatlı,"[""120 gram çiğ fındık"", ""240 gram bitter çikolata (%55 kakao oranı olan)"", ""300 mililitrekrema"", ""1 paket çifte kavrulmuş petibör bisküvi""]","[""İlk olarak tavamızı ısıtıyoruz. Fındıkları yaklaşık 5-6 dakika yüksek ateşte sürekli çevirerek kavuruyoruz."", ""Kavrulan fındıkları bir kabın içine soğumaya alıyoruz. Kavrulurken zaten çoğunun kabuğu kendiliğinden atacak, kalanları da ellerimizle soyup tarif için kullanıma hazır hale getiriyoruz."", ""Kremayı benmari usulü ısıtıyoruz ve çikolatayı içine ekleyerek eritiyoruz."", ""Fındıkların yarısını rondoda toz haline getiriyoruz. Diğer yarısını bıçaktan geçirerek dişe gelecek şekilde fakat ne çok büyük ne çok küçük olacak şekilde parçalara bölüyoruz."", ""Eriyen çikolata ve kremayı ocaktan alıp, spatulayla birbirine yediriyoruz. Ardından ilk önce toz haline gelmiş fındıkları ve parça fındıkları içine katıp, spatulayla karıştırıyoruz."", ""Bisküvileri de elimizle parçalayarak bazen toz, bazen küçük parçalar halinde karışımın içine döküyoruz. Tekrar spatulayla yavaş yavaş karıştırıyoruz."", ""Baton kek kalıbımızın içine dört bir tarafından sarkacak şekilde fırın kağıdımızı yerleştiriyoruz ve harcımızı döküyoruz."", ""Buzdolabında 3-4 saat beklettikten sonra servis edebilirsiniz.""]"
777bf475-9beb-41a1-96bf-232d4a2b0021,Üşengeç Pastası,Turkey,"Pratik ve lezzetli üşengeç pastası, sadece 3 malzemeyle hazırlanan harika bir tatlı",Tatlı,"[""1 adet bisküvi"", ""3 büyük su bardağı süt"", ""1 adet çilekli puding""]","[""Bisküvileri borcama dizelim, sonra pudingimizi tarifine göre ocağa alıp hazırlayalım kabuk tutmaması için karıştıralım."", ""Pudingimiz hazır olduğunda borcama dizdiğimiz bisküvileri üzerine yavaşça dökerek etrafa yayalım."", ""Sonra aynı işlemi yapmaya devam edelim; aynı hizada aynı şekilde devam ederek işlemimizi bitirelim. Buzdolabında soğuttuktan sonra afiyetle yiyelim.""]"
44eb3dcf-ee9e-4a70-8c34-56f533b3eecc,Sucuklu Yumurta Tavası,Turkey,Lezzetli sucukların yumuşak yumurtalarla buluştuğu pratik ve doyurucu bir kahvaltı tarifi,Kahvaltı,"[""4 adet yumurta"", ""2 yemek kaşığı tereyağ"", ""1/4 çay kaşığı tuz"", ""1/2 adet simit"", ""5 adet cherry domates"", ""6 adet siyah zeytin""]","[""Yumurtaları ve tereyağı soğuk tavaya koyun. Orta ateşte sürekli çırparak yumuşak, kremamsı bir doku alana kadar pişirin."", ""Sucukları ayrı bir tavada kızartın. Simidi dilimleyip tost makinasında kızartın."", ""Yumurtaları servis etmeden önce hafif tuzlayıp karıştırın ve servis tavasına alın."", ""Sucukları yumurtanın üzerine yerleştirin. Simit, domates, zeytin ve taze nane yaprakları ile birlikte servis edin. Afiyet olsun!""]"
2cc1e54e-d249-4e0c-99e6-0257db4221f3,Erikli ve Labneli Cheesecake Tart,Turkey,"Taze eriklerin ve kremsi labne peynirinin mükemmel uyumuyla hazırlanan bu cheesecake tart, hem göze hem de damaklara hitap eden lezzetli bir tatlı seçeneği",Ana Yemek,"[""125 gram Sütaş Tereyağı (6 yemek kaşığı)"", ""250 gram un (2 su bardağı + 1 yemek kaşığı)"", ""60 gram pudra şekeri (2 tepeleme yemek kaşığı)"", ""1 adet yumurta"", ""1/2 çay kaşığı tuz""]","[""Tart hamuru için öncesinde Sütaş Tereyağı'nı ufak parçalar halinde 15-20 dakika derin dondurucuda bekletin."", ""Ardından unu, pudra şekerini, donuk tereyağı parçalarını ve tuzu mutfak robotuna koyup durdura durdura çalıştırın ve kırıntı gibi bir kıvam alana kadar bu işleme devam edin."", ""Son olarak yumurtayı çırpın, azar azar hamura ekleyin ve robotta hafifçe toparlanana kadar işleme devam edin."", ""Elinizle sıktığınızda pürüzsüz şekilde toparlanıyorsa hamurunuz olmuş demektir. Hamuru bir streç filme yerleştirin ve etrafını sarıp hafifçe bastırın, buzdolabında 30 dakika dinlendirin."", ""Dinlenen hamuru hafifçe unlayıp merdane ile yarım santimetreden biraz daha ince olacak şekilde açın. Açtığınız hamuru tart kalıbına yerleştirin, kenarlarını, tabanını bir parça hamurla bastırarak yerl"", ""Tart tabanını çatal yardımı ile birçok yerinden delin. Hamuru derin dondurucuya kaldırıp 15 dakika dinlendirin."", ""Fırını 190 derecede alt, üst ve fanlı ayarda ısıtın. Tart tabanını dolaptan çıkarın, içine bir yağlı kağıt ve ağırlık yapması için herhangi bir bakliyatı koyun ve fırınlayın."", ""Tart hamurunu 20 dakika pişirin ve fırından çıkarıp, içindekileri dikkatlice boşaltıp tezgahta 5 dakika dinlendirin. Fırını 175 dereceye indirin."", ""Cheesecake harcı için krema, yumurta, toz şeker, nişasta, limon suyu ve vanilya esansını şeker eriyene kadar çırpın. Harca son olarak Sütaş Labne'yi de ekleyip hiç pürüz kalmayana kadar yavaşça karışt"", ""Harcı tart tabanının üzerine dökün, erikleri ortadan ikiye bölün ve içleri yukarı bakacak şekilde yerleştirin. Tartı fırına yerleştirin ve üzeri sertleşene kadar 25-30 dakika pişirin."", ""Pişen tartı oda sıcaklığında soğuyana kadar 2 saat dinlenmeye bırakın. Sos için erikleri doğrayıp şeker ve limon suyu ile birlikte yumuşayana kadar kısık ateşte, bir sos tenceresinde pişirin."", ""Pişen erikleri son olarak pürüzsüz olana kadar blenderden geçirin ve oda sıcaklığında soğutun. Soğuyan tartınızı dilimleyin, yanına bir kaşık sos ekleyin ve servis edin. Afiyet olsun.""]"
6218d3eb-ca14-433f-8c69-a90c7d56dd9d,Güveçte Ekmek,Turkey,"Geleneksel Türk mutfağının lezzetli ve pratik ekmek tarifi, güveçte mükemmel kıvamda pişer",Börek & Hamur İşi,"[""4 su bardağı un"", ""2 su bardağı su"", ""2 tatlı kaşığı şeker"", ""1 çay kaşığı tuz"", ""2 yemek kaşığı sıvı yağ"", ""1 yemek kaşığı instant maya"", ""1 yemek kaşığı pekmez""]","[""Önce un yoğurma kabına konur."", ""Ortasına su, şeker, tuz, yağ ve maya konup yoğurulur."", ""Hamurun yumuşak kıvamlı olması sağlanmalı."", ""Hamur ılık bir yerde kabarana kadar bekletilir."", ""Yağlanıp unlanan güveç kaplarına 6 eşit parçaya ayrılan hamurlar konarak 10 15 dakika bekletilir."", ""Ortasına bıçakla bir çizik atılır ve üzerine sulandırılmış pekmez sürülüp 200 dereceli fırında 25 dakika pembeleşinceye kadar pişirilir. Afiyet olsun.""]"
7ffea64d-54d3-478f-b700-dc87d834e105,Fincan Tatlısı,Turkey,Fırınlanmış muhallebi tabaklarının üzerine dökülen karamelize şekerle hazırlanan geleneksel Türk tatlısı,Tatlı,"[""1 litre süt"", ""1,5 su bardağı şeker"", ""2 yemek kaşığı nişasta"", ""4 yemek kaşığı un"", ""1 paket vanilya"", ""1 yemek kaşığı tereyağı""]","[""Süt, şeker, nişasta, unu karıştırıp ocağa alalım."", ""Göz göz olana kadar kaynatalım."", ""Vanilya ve tereyağını ekleyip ocağın altını kapatalım."", ""Fincanlarımıza muhallebilerimizi döküp dondurucuda 2 saat donduralım."", ""Tatlımızı fincanlarımızdan çıkaralım."", ""Hindistan cevizine bulayalım."", ""Üzerine şekerleme koyup servis edelim.""]"
b01b295e-c6a6-4cca-ba81-59f730990fe5,Elmalı Tarçınlı Kurabiye,Turkey,Tarçın ve elmanın harika uyumunu bu lezzetli kurabiyelerde deneyin. Çıtır dışı ve yumuşak içiyle mükemmel bir ikram,Tatlı,"[""1 adet yumurta"", ""1 çay bardağı nişasta"", ""1,5 çay bardağı pudra şekeri"", ""3 yemek kaşığı yoğurt"", ""1/2 çay bardağı sıvı yağ"", ""150 gram margarin"", ""3,5 su bardağı un"", ""1 paket kabartma tozu"", ""1 çay kaşığı tarçın""]","[""Öncelikle elmaları soyup rendeleyelim."", ""Şekeri de ilave edip ocakta soteleyelim."", ""İyice yumuşayınca tarçın ve cevizi ilave edip altını kapatalım. Soğumaya alalım."", ""Hamuru için tüm malzemeleri karıştırıp yumuşak ele yapışmayan bir hamur elde edelim."", ""Hamuru 10 dakika dolapta dinlendirelim."", ""Dinlenen hamuru ceviz büyüklüğünde koparıp içine 1 tatlı kaşığı iç malzememizi koyup kapatalım."", ""Ben sebze dilimleyici ile şekil verdim, siz dilediğiniz gibi yapabilirsiniz."", ""Yağlı kağıt serdğgimiz fırın tepsisine alıp önceden ısıtılmış 170 derece fırına atalım."", ""20 dakika yeterli olacaktır. Kontrol edelim, hafif pembeleşince fırından alalım. Afiyet olsun.""]"
c60b0e4c-6dbd-4c9f-a75c-77b5a733a706,Badem Yoğurdu,Turkey,"Ev yapımı badem yoğurdu, sağlıklı ve lezzetli bir alternatif. Çiğ bademlerden hazırlanan bu yoğurt, glutensiz ve besleyici bir atıştırmalık",Ana Yemek,"[""300 gram çiğ badem"", ""4-5 yemek kaşığı glutensiz un"", ""1 adet limonun suyu"", ""1 çay kaşığı tuz"", ""1 çay bardağı su""]","[""Öncelikle bademlerimizi sıcak suya koyuyoruz. Birkaç saat sonra soyuyoruz. Kolayca çıkıyor. Soyduğumuz bademleri 2 bardak sıcak suyla 24 saat bekletelim."", ""Ertesi gün suyuyla birlikte bademleri rondodan çekelim. Bir kenarda glutensiz unumuzu kaba alalım, topaklaşmaması için 1 çay bardağı su ile yavaş yavaş yedirelim. Bebek maması yapar gibi ocakta pişire"", ""Unun kokusunun çıkması için bu işlem önemli. Pişirdiğimiz mama kıvamındaki karışımı blendera alalım, karıştırmaya devam edelim. Bu aşamada tuzu ve limon suyunu ekliyoruz."", ""Ben 1 limon ve 1 çay kaşığı tuz kullandım ama siz belki daha ekşi isterseniz limonu artırabilirsiniz. Şunu unutmayalım yoğurtun katılığı da tadı da herkese göre değişebilir. Daha katı isteyen olursa u"", ""Mutlaka en az 12 saat buzdolabında dinlendirelim. Ne kadar dinlenirse o kadar iyi. Şimdiden deneyenlere afiyet olsun.""]"
bd0c678f-6423-4b8b-add7-53aed83410af,Patates Borani,Turkey,"Patates Borani, haşlanmış patateslerin soğan ve baharatlarla harmanlanıp fırında pişirilmesiyle hazırlanan lezzetli bir Türk mutfağı özelidir",Ana Yemek,"[""2 adet büyük boy patates (haşlanmış)"", ""4 yemek kaşığı sıvı yağ"", ""1 adet soğan (küp doğranmış)"", ""1 çay kaşığı tuz"", ""1 çay kaşığı karabiber"", ""1 çay kaşığı kırmızı toz biber""]","[""Bir sos tenceresine sıvı yağı ekleyin ve ısıtın. Üzerine salçayı ekleyip 30 daniye kadar kavurun."", ""Ardından domates püresi, tuz ve suyu ekleyip bir taşım kaynatın. Domates sosunuz hazır."", ""Haşlanmış patatesleri rendeleyin. Bir tavada sıvı yağını ısıtın. Küp soğanları üzerine ekleyip 3-4 dakika kadar kavurun. Ardından ocağın altını kısıp patatesleri ekleyin ve soğanlarla beraber karıştı"", ""Soğanlı patates karışımını tuz, karabiber ve kırmızı toz biberle tatlandırın. Tavayı ocaktan alıp karışımı oda sıcaklığında soğutun."", ""Karışımdan ceviz büyüklüğünde toplar olacak şekilde parçalar kopartın ve elinizde yuvarlayın. Karışımın elinize yapışmaması için sıvı yağ ile ellerinizi yağlayın."", ""Hazırladığınız topları bir serrvis kasesine koyun."", ""Üzerine sarımsaklı yoğurt ve domates sosunu ekleyip maydanoz serpiştirerek servis edin.""]"
c3dec4e0-b76a-49a2-9bc8-87c934d55b2a,Lime Aromalı Bowl,Turkey,"Taze ve ferahlatıcı lime aromalı bowl, dondurulmuş muz ve süt ile hazırlanan sağlıklı bir lezzet",Ana Yemek,"[""2 adet dondurulmuş muz"", ""1 adet lime kabuğu rendesi"", ""2 yemek kaşığı süt"", ""1 tatlı kaşığı fıstık ezmesi"", ""1 tatlı kaşığı bal""]","[""Bütün malzemeleri rondoya ekleyin ve iki dakika kadar çekin."", ""Servis tabağına alın ve afiyetle tüketin.""]"
37f50e26-7fe5-4096-8cb3-a29ad1f38b0e,Sarımsaklı Hardallı Mayonez,Turkey,"Sarımsak ve hardalın eşsiz lezzetiyle hazırlanan, ev yapımı kremsi mayonez",Ye,"[""150 mililitreayçiçek yağı"", ""25 mililitrezeytinyağı"", ""1 adet yumurta"", ""1 tatlı kaşığı hardal"", ""1 tatlı kaşığı elma sirkesi""]","[""Yumurta, tuz, sarımsak, hardal ve elma sirkesini blender'ın tamamen girebileceği genişlikte derin bir ölçü kabı veya kavonoza koyun."", ""Ayçiçek yağı ve zeytinyağını ekleyip bir dakika bekleyin."", ""Blender'ınızı tabana oturtarak kuvvetli ayarda çalıştırın. Sosu bir kaseye aktarıp servis edin.""]"
60fc965d-656e-455b-a159-45af0dd0e11e,Patatesli Sigara Böreği,Turkey,"Hafif ve lezzetli patatesli sigara böreği, çay saatlerinin vazgeçilmezi",Ye,"[""3 adet yufka"", ""3 adet patates"", ""1 tatlı kaşığı tuz"", ""1 çay kaşığı pul biber"", ""1 çay kaşığı karabiber""]","[""İç harç için patatesleri haşlayın. Yumuşayan patatesleri alın ve suyunu süzün."", ""Geniş bir kaba alın. Üzerine baharat ve tuzu ekleyin. Patates eziciyle ezip püre haline getirin."", ""Yufkaları 8 eşit parçaya bölün."", ""Elde edilen üçgenlerin geniş kısmına iç harçtan koyun. İki yanından kapatarak sıkıca rulo şeklinde sarın."", ""Sardığınız ruloların uç kısmının pişerken açılmaması için küçük bir kaseye koyduğunuz suya batırın."", ""Tüm yufkalar bitene kadar bu şekilde hazırlayın."", ""Yağı kızdırdıktan sonra börekleri çevirerek kızartın."", ""Kızaran börekler havlu kağıt üzerine alın. Afiyet olsun.""]"
8220fece-8e27-4631-8ddf-b3ed66edb0fc,Fırında Biber Dolması,Turkey,"Fırında pişirilen lezzetli biber dolmaları, kıyma ve pirinçle harmanlanmış özel iç harcıyla sofranızda şölen sunar",Sebze Yemekleri,"[""500 gram dolmalık biber"", ""200 gram kıyma"", ""1/2 çay bardağı pirinç"", ""1/2 çay bardağı bulgur"", ""1/2 çay bardağı zeytinyağı"", ""1 adet soğan"", ""1 adet büyük boy rendelenmiş domates"", ""1 çay kaşığı tuz"", ""1 yemek kaşığı domates salçası"", ""1 tatlı kaşığı biber salçası"", ""1 çay kaşığı karabiber""]","[""Öncelikle biberleri yıkayın. Biberleri zedelemeden bıçak yardımı ile saplarını çıkartıp, çekirdeklerini temizleyin."", ""Dolma harcı için; derin bir kapa kıymayı alın üzerine doğranmış soğan, yıkanıp süzülmüş pirinç ve bulgur, ince kıyılmış maydanoz, salça, domates, tuz, baharatlar ve son olarak yarım çay bardağı zeytin"", ""Birazını sosunda kullanmak üzere ayırın. Hazırladığınız dolma iç harcını eliniz ile iyice karıştırın. Daha sonra dolmalık biberlerin iç kısımlarını üzerinde biraz boşluk kalacak şekilde kıymalı harç i"", ""fırın kabı içine dik olarak dizin. Ardından 1 adet domatesi küçük küçük kesip, biber dolmasının üzerine kapatın. Son olarak biber salçasını üzetine kalan zeytinyağını ekleyin üzerine sıcak suyu da koy"", ""Biberlerin üzerini yağlı kağıt ile kapatın. Önceden ısıtılmış 150 derecelik fırında 50 dakika pişirin. Yağlı kağıdı alın ve üzeri kızarması için 5 dakika kadar pişirin."", ""Ardından fırından alıp servis edin. Afiyetler olsun.""]"
ea6cc934-615f-47f5-a194-a3f3f2fc949f,Kadınbudu Köfte,Turkey,"İçine harmanlanmış patates ve baharatlarla lezzetlendirilen, dışı çıtır içi yumuşak özel bir köfte çeşidi",Ye,"[""500 gram orta yağlı kıyma"", ""1 adet yumurta"", ""1 adet kuru soğan"", ""1/2 su bardağı haşlanmış pirinç"", ""1,5 çay kaşığı tuz"", ""1,5 çay kaşığı karabiber"", ""1,5 çay kaşığı kimyon"", ""1/2 su bardağı un""]","[""Kadınbudu köfte için 1/2 su bardağı pirinci tuz ve su ile birlikte hafif yumuşayana kadar kaynatın. Çok yumuşamamasına dikkat edin. Bir tavada zeytinyağı ile soğanları yumuşayana kadar kavurun. Sarım"", ""Kıymanın yarısını soğan ve sarımsakların içerisine alın ve suyunu salıp, çekene kadar kavurun. Pişen kıymaları ocaktan alın ve soğumaya bırakın."", ""Geniş bir kasede çiğ kıyma, un, haşlanmış pirinç, pişip soğuyan soğanlı kıyma harcını, yumurta ve tüm baharatları bir araya getirip yoğurun. Yoğurduktan sonra üzerine streç çekip 20 dakika buzdolabınd"", ""Bekleyen harçtan yumurtadan biraz daha büyük parçalar koparıp yuvarlayarak şekil verin."", ""Şekil verilmiş köfteleri önce un ve galeta unu karışımına, sonra yumurtaya batırın."", ""Ardından kızgın yağda kızartın. Kadınbudu köfte hazır. Servis ederken püre ve sotelenmiş sebzeler ile servis edebilirsiniz. Afiyet olsun!""]"
4ca20b92-f4de-4d44-8b74-21f1bc4dc008,Karnabaharlı Brokoli Salatası,Turkey,"Lezzetli ve sağlıklı karnabaharlı brokoli salatası, sebzelerin tazeliğiyle sofranızı şenlendirecek",Ye,"[""1 adet orta boy brokoli"", ""1 adet küçük boy karnabahar"", ""1 adet havuç""]","[""Karnabaharlı brokoli salatası için havucun kabuğunu soyup halka halka doğruyoruz."", ""Tencereye su koyup kaynayınca ilk olarak havucu ekliyoruz."", ""5 dakika sonra parçalara kestiğimiz karnabahar ve brokoliyi ekliyoruz. Yumuşayınca sebzelerimizi tabağa alıyoruz."", ""Sos malzemelerini bir kaba alıp iyice karıştırıyoruz. Haşlanmış mısırları ekliyoruz."", ""En son olarak sosumuzu sebzelerin üzerine döküp karıştırıyoruz. Karnabaharlı brokoli salatası hazır, afiyet olsun.""]"
a59cbebb-fca4-4bfb-8e0b-f2969eb8ea6a,Kolay İrmik Helvası,Turkey,"Kolay ve hızlı yapılan, lezzetli irmik helvası tarifi",Tatlı,"[""2 su bardağı irmik"", ""1 çay bardağı sıvı yağ (100 mililitre)"", ""100 gram tereyağı (3 yemek kaşığı)"", ""2 su bardağı toz şeker"", ""1,5 su bardağı süt"", ""1 su bardağı su""]","[""İrmiğimize yağlarımızı ilave edip kısık ateşte devamlı karıştırarak güzelce kavuralım."", ""Arzuya göre ceviz, fındık, fıstık ilave edelim veya sade bırakalım."", ""Şekerimizi ilave edip güzelce karıştıralım. Su ve süt karışımımızı ilave edip açık ateşte kıvam alana kadar karıştıralım."", ""Katılaştıkça altını kısalım, tamamen şerbetini çektiğinde on dakika şekerini ve yağını çekmesi için dinlendirelim. Afiyet olsun.""]"
b3ad8004-85c8-4a75-a4f1-02cc82f5b33f,Ayva Tatlısı,Turkey,"Kış aylarının en sevilen lezzetlerinden olan ayva tatlısı, vişne suyuyla harmanlanarak hazırlanan ferahlatıcı bir tatlıdır",Ye,"[""3 adet ayva"", ""9 yemek kaşığı şeker"", ""2 su bardağı vişne suyu"", ""5 adet tane karanfil"", ""1 adet çubuk tarçın"", ""1/2 adet limon""]","[""Uygun bir kabı su ile doldurup yarım limonun suyunu sıkıyoruz. Daha sonra ayvaların kabuklarını soyup boydan ikiye bölüyoruz. Çekirdeklerini kenara ayırıyoruz."", ""Böldüğümüz ayvaları tencereye yerleştiriyoruz ve her yarım dilimin üzerine 1,5 yemek kaşığı şeker koyuyoruz.(Şeker miktarı isteğe göre artabilir)"", ""2 su bardağı vişne suyunu döküp karanfil, tarçın ve ayva çekirdeklerini tencereye ekliyoruz."", ""Orta ateşte kaynamaya başladıktan sonra kısık ateşte pişirmeye devam ediyoruz. Çatalla pişmesini kontrol edin. Afiyet olsun.""]"
d7ef06f0-41ab-4f7f-ae46-086af72cd10a,Sezar Sos,Turkey,"Lezzetli ve kremsi Sezar sosu, salatalarınıza eşsiz bir tat katar",Ye,"[""2 adet yumurta sarısı"", ""300 mililitrezeytinyağı"", ""3 gram karabiber"", ""5 gram sirke"", ""4-5 damlalimon suyu"", ""5 gram tuz"", ""20 gram parmesan""]","[""Yumurtanın sarısını zeytinyağı ile iyice çırparak kıvam verin."", ""Ardından yarım kapak limon suyu ve yarım kapak sirke ile tuzu ekleyin ve çırpma işlemine devam ediniz."", ""Son olarak taze tarhun ve taze kekik ilave ederek baharatlarını atıp karıştırınız. Afiyet olsun.""]"
17088b5e-b16a-4ff6-9c4c-5a5d72429b1e,Portakallı Revani,Turkey,"Portakallı revani, ferahlatıcı portakal aromasıyla nemli ve tatlı bir geleneksel Türk tatlısıdır",Ye,"[""3 adet yumurta"", ""1 adet portakal kabuğu rendesi"", ""1 su bardağı şeker"", ""1 su bardağı yoğurt"", ""1 su bardağı irmik"", ""1 su bardağı un"", ""1 çay bardağı sıvı yağ"", ""1 paket vanilya"", ""1 paket kabartma tozu"", ""3 su bardağı su"", ""25 su bardağı toz şeker"", ""1 adet yarımlimon suyu""]","[""3 yumurta ile şeker iyice çırpılır."", ""Köpük gibi olan yumurta üzerine yoğurt ve sıvı yağ eklenir. Onlarla beraber tekrar çırpılır."", ""Üzerine un, irmik, kabartma tozu ve vanilya eklenerek çırpmaya devam edilir."", ""İçerisine portakal kabuğunun rendesi koyulur isterseniz limon da rendeleyebilirsiniz."", ""Yağladığınız bir kaba dökülür. (Çok kalın olmayacak şekilde dökmeye çalışın.)"", ""170 derecelik fırında yarım saat pişirilir. İçerisine kürdan ile bakabilirsiniz. Olmadıysa hala 3-5 dakika daha bırakabilirsiniz."", ""İlk yapacağımız iş aslında şerbettir. 3 su bardağı suya 2,5 su bardağı şeker dökülür ve kıvam alana kadar karıştırılır. Üzerine yarım limon suyu dökülür, 2 dakika sonra kapanır ve soğutulur."", ""Soğuyan şerbet fırından çıkan tepsi üzerine dökülür. Eğer şerbeti dökmeden kekinizi keserseniz çok daha şerbeti çekecektir."", ""Afiyet bal şeker olsun...""]"
d712ab93-d2f2-4841-8781-b3aae7e331c1,"Alfredo Soslu, Tavuk Etli Pizza",Turkey,Creamy Alfredo chicken pizza with a rich white sauce and perfectly seasoned chicken,Et Yemekleri,"[""100 ml krema"", ""1 çay kaşığı karabiber""]","[""Alfredo Soslu, Tavuk Etli Pizza"", ""Alfredo sos için sos tenceresinde tereyağını eritin. Üzerine rendelenmiş sarımsakları ekleyip hafif soteleyin. Krema ve karabiberi ekleyip karıştırmaya devam edin."", ""1-2 taşım kaynattıktan sonra gravyer peynirini ekleyip karıştırın ve ocaktan alın. Soğumaya bırakın."", ""Ekmek hamurunun üzerine biraz un serperek merdane yardımıyla tepsi büyüklüğüne göre açın. Pizza tepsisini yağlayıp unlayın. Üzerine hamuru yayın."", ""Alfredo sosu üzerine sürün. Kaşar peynirinin yarısını serpin. Tavuk etlerini yerleştirin. Dilimlediğiniz kırmızıbiberi serpin ve önceden ısıtılmış 180 derece fırında 20 dakika pişirin."", ""Fırından almaya yakın ince kıyılmış maydanozu ve fesleğeni de serptikten sonra kalan kaşar peynirini de ilave edip tekrar fırına verin. Kaşar peyniri eriyip kızarınca fırından çıkarın ve sıcak servis yapın.""]"
5af7d75c-3760-4736-afaa-576d4c32904f,Fit Tiramisu Topları,Turkey,Kahve aromalı sağlıklı tatlı krizleri için mükemmel atıştırmalık,Ana Yemek,"[""1 su bardağı yulaf ezmesi (ince öğütülmüş)"", ""2 yemek kaşığı labne"", ""3 yemek kaşığı filtre kahve (demlenmiş) (granül kahve de olur)"", ""2 yemek kaşığı bal""]","[""Yulaf ezmesi, labne, bal ve kahve bir kaba alınıp tüm malzemeler birbirine geçene denk karıştırılır."", ""Elde edilen hamurumuz 10-15 dakika buzdolabında dinlendirilir."", ""Dinlenen hamurdan birer parça kopartılarak şekil verilir."", ""Şekil verdiğimiz topları kakaoya bulayarak kahvelerinizin yanında büyük bir keyifle tüketebilirsiniz. Afiyet olsun!""]"
bf5307a1-2e62-400f-9371-fbfd3b476f53,Kolay Humus,Turkey,"Lezzetli ve kremsi dokusuyla kolay humus tarifi, malzemeleri bir araya getirip püre haline getirerek dakikalar içinde hazırlanabilir",Ana Yemek,"[""200 gram nohut (bir gece önceden ıslatılmış)"", ""4 yemek kaşığı tahin"", ""1 adet limon suyu"", ""1/2 çay bardağı zeytinyağı"", ""1 çay bardağı soğuk su"", ""1 çay kaşığı tuz"", ""1 çay kaşığı kimyon"", ""1 çay kaşığı sumak""]","[""Haşlanmış nohutu, tahini, sarımsağı, zeytin yağını, tuzu ve limon suyunu doğrayıcıdan geçirin."", ""Nohutlar parçalanınca kontrollü bir şekilde kıvamını ayarlamak için su ekleyin. (İstediğiniz yoğunluğa göre artırıp azaltabilirsiniz.)"", ""Doğrayıcıdan püre oluncaya kadar çekin. Ve humusunuz hazır!""]"
c44ee04d-1f19-46b6-bda3-5a12e9e112f7,Çıtır Tavuk Parçaları,Turkey,"Kıyır kıyır tavuk parçaları, dışı çıtır içi yumuşak lezzet!",Tavuk Yemekleri,"[""1 su bardağı un"", ""1/2 su bardağı nişasta"", ""2 su bardağı su"", ""1 tatlı kaşığı kekik"", ""1 tatlı kaşığı tuz"", ""1 tatlı kaşığı karabiber"", ""1 tatlı kaşığı kırmızı biber"", ""3 yemek kaşığı zeytinyağı"", ""250 gram kemiksiz tavuk but""]","[""Süzme yoğurt ve sarımsağı karıştırın ve haşhaşları ilave edin."", ""İyice karışana kadar karıştırın ve sos hazır!"", ""Hardalı çırpma teliyle karıştırın ve karıştırırken zeytinyağını ilave edin."", ""Hardal ve zeytinyağı birbirine karışınca balı ilave edin ve karıştırmaya devam edin. Sosunuz hazır.""]"
04f0545d-0825-467f-a979-99fef529424d,Otlu Kolay Poğaça,Turkey,"Lezzetli ve pratik otlu poğaça tarifi, çay saatlerinin vazgeçilmezi",Börek & Hamur İşi,"[""2 adet yumurta"", ""1 çay bardağı yoğurt"", ""1 su bardağı kaşar"", ""200 gram eritilmiş tereyağı"", ""1 çay bardağı sıvı yağ"", ""1 çay bardağı süt"", ""2 yemek kaşığı şeker"", ""1 tatlı kaşığı tuz"", ""1 adet yarım doğranmış dereotu"", ""1 tatlı kaşığı limon suyu"", ""2 paket kabartma tozu"", ""5 su bardağı un""]","[""Maydonoz ve dere otunu ince ince doğrayın, bütün malzemeleri karıştırıp yumuşak ele yapışmayan bir hamur yoğuralım."", ""Kaşarıda rendeleyip hamura ekleyerek yoğurmaya devam edelim. Ardından hamurdan ceviz büyüklüğünde bezeler alıp yuvarlayarak yağlı kağıt serili fırın tepsisine dizin."", ""180 derecede önceden ısıtılmış fırında 15-20 dakika arası pişirin. Çıkarıp oda sıcaklığında soğuttuktan sonra servis eidn. Afiyetler olsun!""]"
065afa5f-d87f-4d33-ab0d-cbb8d1009772,Şeftalili Ters Yüz Kek,Turkey,"Şeftalilerin tatlılığıyla harmanlanmış, altı üstü ters çevrilmiş nefis bir kek tarifi",Tatlı,"[""2 adet şeftali"", ""3 yemek kaşığı şeker"", ""3 yemek kaşığı su"", ""3 adet yumurta"", ""1 su bardağı şeker"", ""1 su bardağı sıvı yağ"", ""1 su bardağı süt"", ""2 su bardağı un"", ""1 paket kabartma tozu"", ""1 paket vanilya""]","[""Şeftalileri ay şekinde ne kalın ne de ince olacak şekilde doğrayın."", ""Yağlı kağıt serili kek kalıbına dizelim."", ""Kek kalıbı 20 cm olmalıdır."", ""Sos tavasına şeker ve suyu alıp kaşık ile karıştırmadan tavayı hafif oynatarak çok kısa sürede orta ateşte karamel kıvamına gelene kadar pişirelim."", ""Sıcakken hemen şeftalilerin üzerine yayalım."", ""Kek için, yumurta ve şekeri 5 dakika şeker eriyip beyaz köpük kıvamına gelene kadar çırpalım."", ""Sıvı yağ ve sütü ekleyip 1 dakika çırpalım."", ""Un ve kabartma tozu vanilyayı da eleyerek ekleyelim sadece karıştıralım, çok çırpmayalım."", ""Şeftalilerin üzerine karışımı döküp tezgaha birkaç kez vuralım içindeki hava çıksın."", ""Önceden ısıtılmış 170 derecelik fırında yaklaşık 40 dakika kürdan testi yaparak pişirelim."", ""Piştikten 15 dakika sonra ters yüz yapıp yağlı kağıdı dikkatlice çıkaralım.""]"
8b80fb9d-975a-484e-aacc-660a37252646,Glutensiz Hindistan Cevizi Topları,Turkey,"Lezzetli glutensiz Hindistan cevizi topları, sağlıklı atıştırmalık arayanlar için mükemmel bir seçenek",Ana Yemek,"[""3 tatlı kaşığı labne peyniri"", ""2 yemek kaşığı Hindistan cevizi unu (glutensiz)"", ""1 yemek kaşığı glutensiz yulaf ezmesi"", ""1/2 çay bardağı kuru üzüm"", ""3 adet ceviz""]","[""Labne peynirini ekleyelim ve üzerine Hindistan cevizi ununu ilave edip karıştıralım."", ""Ardından kuru üzümü ve cevizi ekleyip karıştırmaya devam edelim."", ""Ben kuru üzümler biraz yumuşasın diye öncesinde üzümleri suda beklettim."", ""Meyve olarak kırmızı meyveler, muz ve daha bir sürü meyve kullanılabilir, ben kuru üzüm kullanmak istedim."", ""Ardından yulaf ezmesini ekleyip karıştıralım. Dağılan bir karışım olduğu için elimizle toparlayıp minik topçuklar yapalım."", ""Yağlı kağıt serili fırın tepsisine diziyoruz. Fırında 5 dakika pişirdikten sonra servis edebilirsiniz. Afiyet olsun.""]"
90e53b62-2746-433b-92f5-55ac2b67f95b,İncir Tatlısı,Turkey,Kuru incirlerin sütle pişirilerek hazırlanan geleneksel ve lezzetli bir tatlı,Tatlı,"[""15 adet kuru incir"", ""1 litre süt"", ""Etimek Tatlısı Tarifi"", ""Damla Çikolatalı Kurabiye"", ""Tatlı Tarifleri Spoonful Mozaik Pasta Çikolatalı Sufle İrmik Helvası Fırın Sütlaç Profiterol Revani Magnolia"", ""Kahvaltılık Tarifler Pancake Krep Pişi Kuymak Kaygana Kahvaltılık Sos Menemen Muhlama Yumurtalı Ekmek Omlet"", ""Omlet""]","[""Kuru incirlerimizi 5 dakika ılık suda bekletip yumuşamasını sağladıktan sonra incirleri küçük küçük doğrayıp rondodan bir tur geçiriyoruz."", ""Sütümüzü de tencerede el yakmayacak şekilde ıstıyoruz."", ""Süt ile inciri birleştiriyoruz ve kaşığın tersi ile iyice ezerek kaselere eşit miktarda koyuyoruz."", ""Kaselerin üzerine tepsi koyup kalın bir bezle örtüyoruz ve oda sıcaklığında 4 saat dinlendiriyoruz."", ""Daha sonrasında 1-2 saat de buzdolabında soğumasını bekleyip afiyetle tüketebilirsiniz.""]"
e6d6456b-bb41-47b7-9531-7af4c4e028f4,Bulgur Pilavı,Turkey,"Lezzetli ve besleyici bulgur pilavı, domates ve biberlerle zenginleştirilmiş geleneksel Türk mutfağının vazgeçilmezleri arasında yer alır",Pilav & Makarna,"[""2 su bardağı bulgur"", ""2 adet domates"", ""2 adet kapya biber"", ""5 adet yeşil biber"", ""1 adet taze soğan"", ""2 yemek kaşığı salça"", ""4 su bardağı sıcak su"", ""1/2 yemek kaşığı tuz"", ""1/2 yemek kaşığı nane"", ""1/2 yemek kaşığı pul biber""]","[""Sıvıyağda soğanlar kavrulur."", ""Kapya biber ve yeşil biber jülyen kesilip 5 dakika pişirilir."", ""Salça ekleyip kokusu çıkana kadar kavrulur."", ""Küp küp kesilen kabuğu soyulan domatesler eklenir."", ""Yıkadığımız bulgurlar tencereye eklenip karıştırılır."", ""İsteğe göre baharatlar eklenir. Ben nane, tuz, pul biber kullandım."", ""Sonra bulgurun suyu dökülür."", ""Bulgur suyunu çekene kadar kısık ateşte pişirilir."", ""Piştikten sonra kağıt havlu serilerek demlenmeye bırakılır. Afiyet olsun.""]"
a2d2e5dc-8137-4efe-88d7-4027954e9542,Suyla Yapılan Pamuk Kek,Turkey,"Nefis ve hafif dokusuyla bu suyla yapılan pamuk kek, pratik malzemeleriyle dikkat çekiyor. Suyun verdiği yumuşaklıkla misafirlerinizin favorisi olacak",Tatlı,"[""3 adet yumurta"", ""1 su bardağı şeker"", ""2 su bardağı su"", ""1/2 su bardağı sıvı yağ"", ""3 su bardağı un"", ""1 paket kabartma tozu"", ""1 paket vanilya"", ""1 yemek kaşığı kakao"", ""1 yemek kaşığı su""]","[""Yumurta ve şekeri kabarana kadar çırpın."", ""İçerisine suyu ve yağı ilave edin, çırpmaya devam edin."", ""Kuru malzemeleri ilave edin, boza kıvamımda bir harç elde edin."", ""Yağlanmış kek kalıbına harcın üçte ikisini aktarın."", ""Kalan harcın içine kakao ve suyu ekleyerek karıştırın. Daha sonra bu kakaolu harcı da diğer harcın üzerine ilave edin. 180 dereceye ayarlı, önceden ısıtılmış fansız fırında 40 dakika pişirin."", ""Çıkarıp oda sıcaklığında soğutun. Ters çevirip servis edin. Afiyet olsun!""]"
8904eaa0-3cf3-42be-b8f6-df0209266ae8,Ev Yapımı Zeytinyağlı Yaprak Sarma,Turkey,"Zeytinyağının eşsiz aromasıyla buluşan, geleneksel lezzetin en özel hali. Salamura yaprakların tazeliğiyle damaklarda unutulmaz bir tat bırakan ev yapımı sarma",Meze,"[""500 gram salamura asma yaprağı"", ""2 su bardağı sıcak su (kontrollü olarak ekleme yapılabilir)"", ""3-4 dilim limon"", ""2 yemek kaşığı zeytinyağı""]","[""Salamura yaprakları tuzu çıkana kadar sıcak suyun içinde bekletin. Yaklaşık 15-20 dakika sonra tuzu gitmiş olacaktır. Suyunu süzüp bol suda yeniden yıkadıktan sonra kenara alın."", ""Bir tencerede zeytinyağı ve soğanları alıp pembeleşene kadar kavurun. Üzerine salçayı ekleyip kavurmaya devam edin. Yıkadığınız pirinçleri de ekleyip baharatlarını da attıktan sonra birkaç dakika kada"", ""Sıcak suyu ilave edip tencerenin kapağını kapatarak, kısık ateşte, pirinçler yumuşayana kadar pişmeye bırakın. Ara ara suyunu kontrol edip suyu azalırsa tencerenin kenarlarından sıcak su ekleyebilirsi"", ""Pirinçler istenilen yumuşaklığa geldiğinde harcı ocaktan alın ve soğuyana kadar bekletin."", ""Yaprakları dilediğiniz kalınlıkta olacak şekilde harç ilave ederek sarın ve varsa toprak güvece veya tencereye dizin."", ""Tencereniz dolup pişmeye hazır olduğunda üzerine sıcak su ekleyip ocağa alın. Bu aşamada dolmaların üzerine zeytinyağı gezdirmeniz pişerken daha lezzetli olmasını ve parlaklık katmasını sağlayacaktır."", ""Son olarak dolmaların üzerine limon dilimleri koyduktan sonra tencerenizin içerisine boyutuna göre seçtiğiniz bir tabağı yerleştirip üzerine kapağı kapatın."", ""Ortalama 20 dakika kısık ateşte pişirdikten sonra kontrol ederek dilediğiniz pişirme kıvamına geldiğinde ocaktan alın ve soğumaya bırakın. Servis ederken limon dilimleri ile sunabilirsiniz. Afiyet ols""]"
dbddbc8d-c671-41d3-8e77-e3de656078aa,Patatesli Pratik Kek,Turkey,"Patatesli Pratik Kek, yumuşak dokulu ve lezzetli bir kek tarifi. Hem pratik hem de doyurucu bir atıştırmalık alternatifidir",Tatlı,"[""3 adet yumurta"", ""1/2 su bardağı krema"", ""1 su bardağı yoğurt"", ""1/2 su bardağı zeytinyağı"", ""3/4 su bardağı süt"", ""1 su bardağı un"", ""1 paket kabartma tozu"", ""1 tatlı kaşığı tuz"", ""1 çay kaşığı karabiber"", ""1 çay kaşığı toz kırmızı biber"", ""2 yemek kaşığı ince kıyılmış dereotu"", ""4 adet patates""]","[""Fırını 180 dereceye ayarlayın."", ""Bir kabın içine yumurta ve kremayı alın. Pürüzsüz bir kıvam oluncaya kadar çırpın."", ""Yoğurt, zeytinyağı ve sütü de ilave ederek çırpmaya devam edin."", ""Unu, kabartma tozunu, tuzu, kırmızı biberi, karabiberi ve dereotunu ekleyip iyice çırpın."", ""Patatesleri yarım ay şeklinde doğrayın. 6 dilim patatesi kekin üzerine koymak için ayırın."", ""Patatesleri harçla birleştirin ve ısıya dayanıklı fırın kabınıza yerleştirin. Ayırdığınız patatesleri kekin üzerine yerleştirin ve 30 dakika pişirin. İşte bu kadar! Afiyetler olsun!""]"
baa731e5-81f1-4696-9ebc-53a2ef1010e5,Kolay Roka Salatası,Turkey,"Taze ve lezzetli roka salatası, kapya biber ve zeytinyağıyla hazırlanan pratik bir tarif",Ye,"[""1/4 adet kapya biber"", ""1/4 çay kaşığı tuz"", ""1 yemek kaşığı zeytinyağı"", ""1/4 adet limon""]","[""Biberleri ufak küpler halinde doğrayın."", ""Rokaları yıkayıp iri parçalar halinde parçalayın."", ""Tüm malzemeleri karıştırarak ya da limonu yanına koyarak servis edebilirsiniz.""]"
5266b180-fca5-407f-9107-c879b90e481f,Mısır Gevrekli Kurabiye,Turkey,Çıtır mısır gevrekleriyle hazırlanan pratik ve lezzetli kurabiye tarifi,Tatlı,"[""2 adet yumurta"", ""6 yemek kaşığı toz şeker"", ""1/2 çay bardağı sıvı yağ"", ""1 paket kabartma tozu"", ""1 paket vanilin"", ""2,5 su bardağı un (hamur kıvamına göre değişkenlik gösterebilir)""]","[""İlk önce yumurta ve şekeri köpürene kadar çırpıyoruz, sonrasında un hariç tüm malzemeleri ekleyip tekrar çırpıyoruz."", ""Hamurumuz kıvam aldığında azar azar unu ekleyip fazla katı olmayan ele yapışmayan bir hamur elde ediyoruz, sonrasında yuvarlayıp tepsiye diziyoruz."", ""Çikolatamıza yağ ekleyip eritiyoruz ve mısır gevreğini elimizle ufalıyoruz. Kurabiyelere sürüp fırına atıyoruz. Afiyet olsun.""]"
db2b2e48-a706-42a8-b249-e989dcbaaef0,Etli Safranlı Pilav,Turkey,"Safranın eşsiz aromasıyla zenginleşmiş, kuşbaşı kuzu etiyle hazırlanan lezzetli ve görkemli bir pilav",Pilav & Makarna,"[""500 gram kuşbaşı kuzu eti"", ""2 su bardağı pirinç"", ""1 adet kuru soğan"", ""2,5 su bardağı sıcak su"", ""1/2 adet havuç"", ""2 yemek kaşığı tereyağı"", ""1/2 çay kaşığı safran (ya da aspir)"", ""5 gram kuş üzümü""]","[""Pirinci tuzlu suda bir saat bekletin."", ""Yarım havucu rendeleyin. Sarımsağı minik parçalara bölün ve tereyağında soteleyin. Etleri ekleyin."", ""Kendi suyunu salıp çekene kadar sotelemeye devam edin. Kuş üzümü ve diğer baharatları ekleyin, üzerini geçecek kadar su ilave edin."", ""Kısık ateşte etler yumuşayıncaya kadar pişirin. Et yağında kalınca 2 bardak su ekleyin."", ""Safranı sıcak suda eritin."", ""Su kaynadığı zaman iyice yıkanmış ve süzülmüş pirinci ve kesme şekeri ekleyin."", ""Tencerenin kapağını kapatıp, 20 dakika kısık ateşte pişirin. Afiyet olsun!""]"
b30e462c-9137-40b0-b06d-581b681031be,Fırında Tarhanalı Sebzeli Tavuk,Turkey,"Sebzelerle zenginleştirilmiş tarhana sosunda fırınlanmış tavuk kalçalar, lezzetli ve doyurucu bir ana yemek",Tavuk Yemekleri,"[""6 adet tavuk kalça"", ""3 adet patates"", ""2 adet havuç"", ""1 adet soğan"", ""1 adet dolmalık sarı biber"", ""1 adet dolmalık yeşil biber""]","[""Büyük bir kapta tarhana, tuz, kimyon, kaynar su ve zeytinyağını karıştırın."", ""Tavuk kalça, patates, havuç, soğan, sarı biber, yeşil biber ve sarımsakları iri küpler halinde doğrayın. Hazırladığınız harcın içine ekleyin ve karıştırın."", ""Yağlı kağıt serilmiş bir fırın tepsisine hazırladığınız karışımı aktarıp üstüne avucunuzla bastırın."", ""Önceden ısıtılmış 200 derece fırında üzeri kızarana kadar yaklaşık 40 dakika pişirin."", ""Yemek sıcakken üstüne ince kıyılmış maydanoz serpip, servis edin. Afiyet olsun.""]"
e11bdd80-ee0f-41b4-8783-869497e20597,Bulgurlu Köz Kapya Biber Çorbası,Turkey,"Közlenmiş kapya biberlerin bulgurla harmanlandığı, doyurucu ve lezzetli bir çorba",Çorba,"[""1 yemek kaşığı tereyağı"", ""1 yemek kaşığı un"", ""1 yemek kaşığı salça"", ""1 adet soğan"", ""1/2 su bardağı bulgur"", ""5 adet kapya biber"", ""4 adet domates"", ""1 su bardağı süt"", ""1 çay kaşığı tuz"", ""1/2 çay kaşığı karabiber"", ""1 çay kaşığı nane""]","[""Öncelikle kapya biberleri ve domatesleri tost makinesinde ya da 200 derece ısınmış fırında 35 dakika közleyelim. (Közmatik kullanabilirsiniz)"", ""Tencereye tereyağı ve unu alıp biraz kavuruyoruz. Soğan, sarımsak, salça ve bulguru da ekleyip hepsini birlikte kavuralım."", ""Közlediğimiz biberleri ve domatesleri ekleyelim. Suyunu ayarlayıp pişmeye bırakalım. Bulgurlar iyice yumuşadığında blender yardımıyla pürüzsüz bir kıvama getirelim."", ""Baharatları ekleyelim. Afiyet olsun. :)""]"
49707f50-f352-44b1-912e-5ea798de3724,Patates Köftesi,Turkey,"Haşlanmış patateslerle hazırlanan, lezzetli ve doyurucu bir köfte tarifi",Et Yemekleri,"[""2 adet orta boy patates (haşlanmış)"", ""1 adet yumurta"", ""1 tatlı kaşığı tuz (azaltıp arttırılabilir)"", ""1 çay kaşığı karabiber"", ""1,5 su bardağı un (veya tam buğday unu)""]","[""Patates köftesi için önce patatesleri tencerede haşlayın. Haşlanmış ve kabukları soyulmuş patateslerinizi bir kaba alın ve güzelce ezin."", ""Üzerine ince kıyılmış maydanoz, yumurta, tuz, karabiber ve unu da azar azar ilave ederek yoğurmaya başlayın."", ""Hafif yumuşak kıvamlı bir hamur elde edin."", ""Ellerinizi ıslatın. Hamurunuzu yuvarlak ve orta kalınlıkta köfteler olacak şekilde şekillendirin. Buzdolabında 15-20 dakika soğumaya bırakın."", ""O sırada bir tavaya zeytinyağınızı ya da sıvı yağı alın. Yağ kızınca köftelerinizi yağa atın ve arkalı önlü kızartın. Tüm köftelere kızartma işlemini uygulayın."", ""Kızardıktan sonra fazla yağını çekmesini için kağıt havlu serili bir tabağa alın."", ""Yağı süzülünce servis tabağına alıp servis edebilirsiniz. Patates köftesi hazır. Afiyetler olsun!""]"
ea07723b-299e-4af6-8b1b-cbb5570e32ba,Ispanaklı Yaş Pasta,Turkey,"Ispanaklı Yaş Pasta, sağlıklı ve lezzetli bir pasta alternatifidir. Ispanakla zenginleştirilmiş bu pasta, hem göze hem de damaklara hitap eder",Tatlı,"[""3 adet yumurta"", ""3/4 su bardağı toz şeker"", ""1/2 su bardağı süt"", ""3/4 su bardağı sıvı yağ"", ""1 su bardağı ıspanak püresi (400 gr ıspanağı blenderdan geçirin)"", ""1 paket kabartma tozu"", ""1 paket vanilin"", ""2,5 su bardağı un""]","[""İlk olarak ıspanakları güzelce yıkayın ve rondoda güzelce püre haline getirin. Daha kolay çekilmesi için içerisine biraz sıvı yağ da ekleyebilirsiniz."", ""Yumurta ve şekeri güzelce çırpın. Sütü ve sıvı yağını da ekleyip çırpmaya devam edin. Ispanak püresini de ekleyip karıştırın."", ""Ayrı bir tarafta unu, vanilyayı, kabartma tozunu eleyin ve karışıma ekleyin. Güzelce karıştırdıktan sonra yağladığınız kare borcama dökün. Önceden ısıtılmış 180 derecelik fırında pişirin."", ""Krem şanti için derin bir kapta kıvam alıncaya kadar süt ve şantiyi çırpın ve buzdolabına kaldırın. Pişen kekinizi fırından çıkartın. Soğumaya bırakın. Soğuyan kek borcamdan kolaylıkla çıkacaktır."", ""Keki bir tabağa koyun ve üzerini bıçak yardımıyla kesip alın. Kestiğiniz parçaları ya rondo da çekin ya da elinizle ufalayın. Kek tababını tekrar borcama koyun. İsterseniz kekinizi biraz sütle ıstalab"", ""Hazırladığınız şantiyi kekin üzerine güzelce yayın. Kek kırıntılarıyla da pastanın üzerini kaplayın."", ""Nar taneleriyle süsleyebilirsiniz."", ""1 saat buzdolabında dinlendirdikten sonra servis yapabilirsiniz. Afiyet olsun.""]"
f2ce282b-3e66-4fe6-8061-457f532727af,Şeftalili Dondurma,Turkey,"Yaz aylarının serinletici lezzeti şeftalili dondurma, sadece 3 malzemeyle hazırlanabilir. Ev yapımı bu dondurma, taze şeftalinin tadıyla damakları şenlendirir",Tatlı,"[""2 adet büyük boy şeftali"", ""1 çay bardağı toz şeker"", ""1 çay bardağı süt""]","[""Şeftalilerin kabuğunu soyup küp küp doğrayın."", ""Bir kapta toz şeker ve sütü blender yardımıyla krema haline getirin."", ""Şeftalileri de ekleyip püre haline getirin."", ""Buzluğa konulabilecek bir kaba alın ve dondurucuya koyun."", ""Donana kadar ara ara dondurucudan çıkarıp karıştırın."", ""En az 1 gece buzlukta bekletip servis yapabilirsiniz. Afiyet olsun!""]"
abd6ce25-82bd-4abb-a8fc-9c3d40a3815d,Çörek Otlu Kurabiye,Turkey,"Çörek otunun eşsiz aromasıyla zenginleştirilmiş, tereyağı ve zeytinyağıyla harmanlanmış çıtır kurabiye tarifi",Tatlı,"[""1 adet yumurta"", ""3 yemek kaşığı tereyağı"", ""1/2 su bardağı sızma zeytinyağı"", ""2 yemek kaşığı sirke"", ""2 yemek kaşığı çörek otu"", ""2 yemek kaşığı susam"", ""1 su bardağı tam buğday unu"", ""1 adet kabartma tozu""]","[""Yumurtanın sarısı hariç tüm malzemeler karıştırılıp güzelce yoğrulur."", ""Yoğrulan hamurdan ceviz büyüklüğünde toplar elde edilir. Yağlı kağıt serili fırın tepsisine dizilir. Üzerine yumurta sarısı sürülür."", ""180-200 derece fırında üzeri kızarana kadar pişirilir. Çıkarılıp soğuduktan sonra servis edilir. Afiyetler olsun!""]"
4df9a88d-b89a-44c3-a363-456d0e9d517c,Bisküvili Kup Muhallebi,Turkey,"Pratik ve lezzetli Bisküvili Kup Muhallebi, ferinlatan tatlı arayanların vazgeçilmezi",Tatlı,"[""1 litre süt"", ""6 yemek kaşığı nişasta"", ""1 çay bardağı toz şeker"", ""1 paket vanilin"", ""35 gram toz krem şanti"", ""50 gram sütlü ya da bitter çikolata"", ""1 paket kakaolu bisküvi""]","[""Süt,şeker ve nişastayı kaynayana kadar pişirin. Vanilyayı ekleyin ve ocaktan alın."", ""İyice çırpın. Karışımı ikiye bölüp yarısına sıcakken, eritilmiş çikolata ekleyin."", ""Diğer sade karışıma da toz krem şantiyi de ekleyip, çırpın. Kakaolu bisküvileri toz haline getirin."", ""Servis edeceğiniz kupların en altına bir kaşık çikolatalı muhallebi, kakaolu bisküvi kırıntısı, bir kaşık sade muhallebi olacak şekilde kat çıkın. Afiyet olsun.""]"
90da03e4-9444-49a5-bc7f-b223802bd2e7,Brüksel Lahanası,Turkey,Zeytinyağında sote edilmiş soğan ve Brüksel lahanasından oluşan lezzetli ve sağlıklı bir yan yemek,Sebze Yemekleri,"[""4 yemek kaşığı zeytinyağı"", ""500 gram Brüksel lahanası"", ""1 adet kuru soğan"", ""1 adet domates"", ""1 adet kırmızı kapya biber"", ""1 adet havuç"", ""3 yemek kaşığı pirinç"", ""1,5 su bardağı sıcak su"", ""1/2 tatlı kaşığı toz şeker"", ""1 çay kaşığı tuz"", ""1 yemek kaşığı taze sıkılmış limon suyu""]","[""Kuru soğanı küçük küpler halinde doğrayın. Sarımsağı ince halkalar halinde dilimleyin. Zeytinyağında yumuşayana kadar kavurun."", ""Küp küp doğranmış havucu ekleyip pişirmeye devam edin."", ""Ortadan ikiye kesip uç kısımlarını temizlediğiniz domatesleri rendenin ince kısmıyla rendeleyin. Ortadan ikiye kesip çekirdeklerini çıkardığınız kırmızı biberleri yarım ay şeklinde doğrayın ve tencere"", ""Bol suda yıkayıp fazla suyunu süzdürdüğünüz Brüksel lahanalarının sert kök kısımlarını temizleyin. Yıkanmış pirinci, tuz ve toz şekeri de ekleyin."", ""Lahanaların üzerine gelecek kadar yaklaşık 1,5 su bardağı sıcak suyu tencereye aktarın. Kısık ateşte lahanalar yumuşayana kadar pişirme işlemini sürdürün. Ocaktan aldıktan sonra limon suyunu ekleyip k"", ""Zeytinyağlı Brüksel lahanasını ılık ya da soğuk olarak servis edin. Afiyet olsun!""]"
e91edf42-284b-4c83-86f7-bdc2b2aae098,Mor Lahanalı Pizza,Turkey,Mor lahananın eşsiz lezzetiyle hazırlanan renkli ve besleyici pizza,Sebze Yemekleri,"[""270 gram un"", ""9 gram yaş maya"", ""8 gram tuz"", ""1-2 yemek kaşığı zeytinyağı"", ""160 ml su""]","[""Malzemeleri karıştırıp pizza hamurunuzu 10 dakika yoğurun."", ""Altını unladığınız derin bir kaba hamuru yerleştirip üzerini örtün."", ""Hacmi iki katına çıkana kadar 1-2 saat mayalanmaya bırakın."", ""Kabaran hamuru un serptiğiniz tezgaha alıp 5 dakika yoğurun. İkiye bölüp top haline getirip üzerlerini örtün. 1 saat daha dinlendirin."", ""Hamurları açın. İki adet 35-40 cmlik pizza elde edeceksiniz.""]"
71a26f2a-5545-4ea9-9520-a436e4a6724d,Sarımsaklı Yumulmalık Ekmek,Turkey,"Sarımsak ve tulum peyniriyle zenginleştirilmiş, nefis yumuşak dokulu ev yapımı ekmek",Börek & Hamur İşi,"[""1 adet büyük boy sarımsak"", ""2 yemek kaşığı zeytinyağı"", ""1/2 su bardağı tulum peyniri (rendelenmiş)"", ""1 su bardağı kaşar peyniri (rendelenmiş)"", ""3 yemek kaşığı tereyağı"", ""1 adet yuvarlak ekmek""]","[""Sarımsakların baş kısımlarını kesin. Yağlı kağıt ve folyo tabakasına yerleştirin, zeytinyağı gezdirin ve tane karabiber öğütüp, üzerine biberiye ekleyip sıkıca sarın."", ""Fırın tepsisine aktarın ve 200 derecede 20 dakika pişirin."", ""Oda ısısında yumuşamış tereyağı, taze kekik, rendelenmiş tulum peyniri ve kaşar peynirini karıştırın."", ""Üzerine fırında pişmiş sarımsakları elinizle sıkarak ekleyin ve karıştırın."", ""Ekmeği çapraz şeklinde dilim dilim kesin, taban kısmını sağlam bırakın."", ""Ekmeğin tüm dilim kısımlarına sosundan sürün. Aralarını rendelenmiş kaşar peyniri ile doldurun."", ""Zeytinyağı ile maydanozla karıştırın ve üzerine fırçayla sürün."", ""190 derecede 30 dakika pişirin. Sıcak sıcak tüketin. Afiyet olsun!""]"
dd5f19ac-0f0c-4aa2-88f3-a7cfb55aaeb0,Paris Usulü Pankek,Turkey,"Fransız usulü hafif ve nefis pankekler, kahvaltıların vazgeçilmezi olacak",Tatlı,"[""1 su bardağı un"", ""1 çay bardağı süt"", ""1 paket kabartma tozu"", ""1 paket vanilya"", ""1 çay kaşığı (tepeleme) tarçın"", ""1 adet yumurta""]","[""Tüm malzemeleri bir kaba ekleyin."", ""Homojen hale gelen, akışkan yapıda bir karışım elde edene kadar çırpın."", ""Yapışmaz tavada pankekleri pişirin."", ""Dilediğiniz gibi servis edebilirsiniz. Afiyet olsun.""]"
cec8aa1f-9cdf-479e-8d3c-2096fc64d002,Neşeli Tabak,Turkey,"Neşeli Tabak, sağlıklı ve renkli atıştırmalık için hızlıca hazırlanan basit bir tarif",Ana Yemek,"[""1 adet tost ekmeği"", ""1 adet elma"", ""1-2 adet salatalık kabuğu"", ""1 yemek kaşığı corn flakes""]","[""Öncelikle kızarmış ekmekten kırmızı başlıklı kızın kafasını yuvarlak bir bardak yardımı ile oluşturuyoruz."", ""Üzerine yine bir parça ekmek koyuyoruz. Başlık için."", ""Sonra elmanın tan tarafından kesip gövdeyi oluşturuyoruz."", ""Çilekle başlığını yapıyoruz. yine elmadan kol ve ayak yapıyoruz."", ""Çilekten çiçek, salatalık kabuğundan dal yapıyoruz. Kividen güneş yapıp, corn flakes ile zemin hazırlıyoruz. Afiyet olsun.""]"
c337bd26-f73b-43d3-979a-16870180efc8,Acılı Ezme Salata,Turkey,"Lezzetli ve baharatlı mezgenin en sevilen versiyonu olan acılı ezme salatası, sofralarınıza ferahlık katacak",Salata,"[""2-3 adet domates"", ""2 adet kapya biber"", ""1 adet yeşil biber"", ""1 adet küçük boy soğan""]","[""Öncelikle sebzeleri ister elde ufak ufak kıyın, isterseniz robotta fazla sulandırmadan çekin. Kıyılmış sebzeleri bir süzgece alın, fazla suyu gitsin."", ""Ayrı bir kapta sos malzemelerini karıştırın."", ""Suyu giden sebzelerle sosu bir kapta buluşturup iyice karıştırın."", ""Servis tabağına alıp üzerine yağ ve nar ekşisi gezdirip tüketin.""]"
e62453eb-88ee-4a6e-985c-6632efe33cbf,Pankekli Çikolatalı Kup,Turkey,"Pankek ve çikolatanın mükemmel uyumuyla hazırlanan, pratik ve lezzetli bir tatlı",Tatlı,"[""1 su bardağı un"", ""1 çay bardağı süt"", ""1 adet yumurta"", ""1 paket kabartma tozu"", ""1 paket vanilya"", ""1 kilogram çilek"", ""6 adet muz""]","[""Un, süt, yumurta, kabartma tozu ve vanilya eklenip çırpılır. Karışım sıkma torbasına alınır."", ""Yumurta fırçası ile tava yağlanır. (Çok yağlı olursa görünüş bozulur.) Sıkma torbasının ucu küçük kesilir."", ""Sıkma torbası yardımıyla küçük küçük pankekler elde edilir. (ne kadar küçük yapılırsa o kadar çok porsiyon çıkar.)"", ""Pankekler bir kaba alınır. Çilekler yıkanır dikey kesilir. Muzlar kesilir. Bir kupun içerisine konur. Üzerine eritilmiş çikolata ilave edilerek servis edilir. Afiyetler olsun!""]"
ceb551da-6a2f-41e6-a236-555dc53b7d9b,Sütlü Revani,Turkey,"Yumuşacık dokusu ve şerbetiyle damaklarda tat bırakan Sütlü Revani, misafirlerinize ikram edebileceğiniz pratik bir tatlı seçeneğidir",Ye,"[""3 adet yumurta"", ""1 paket kabartma tozu"", ""1 paket vanilya"", ""1 su bardağı toz şeker"", ""1.5 su bardağı irmik"", ""1.5 su bardağı un"", ""1 su bardağı sıvı yağ"", ""1 su bardağı şeker"", ""5 su bardağı süt"", ""1 paket krem şanti""]","[""Sütlü revani tatlısının şerbeti için; orta boy bir tencere içine 3 su bardağı süt ve 1 buçuk su bardağı toz şeker ekleyin."", ""Ocak üzerine alın. Şeker eriyene kadar şerbeti ısıtın."", ""Şerbet olduktan sonra ocaktan alın. Oda ısısında soğumaya bırakın."", ""Sütlü revani tatlısının hamuru için; derin bir kaba 3 adet yumurta kırın. Üzerine 1 su bardağı toz şeker ekleyin."", ""Mikser ile köpürene kadar çırpın."", ""Daha sonra 1 su bardağı süt ve 1 su bardağı sıvı yağ koyup, tekrar çırpın."", ""Ardından 1 buçuk su bardağı un, 1 paket kabartma tozu ve 1 paket vanilyayı eleyerek koyun."", ""Son olarak 1 buçuk su bardağı irmik de ekleyin."", ""Mikser ile köpürene kadar çırpın."", ""Daha sonra büyük yuvarlak borcamın içini yağlayın. İrmikli karışımı kalıbın içine dökün."", ""Karışımın kaba yayılmasını sağlayın."", ""Hazırladığınız sütlü revani tatlısını önceden ısıtılmış 170 derece fırına verin. Üzeri kızarana kadar yaklaşık 25-30 dakika pişirin."", ""Sütlü revani tatlısı piştikten sonra fırından çıkartın. 10 dakika kadar ılımaya bırakın."", ""Ardından soğuk şerbeti kepçe ile üzerine azar azar dökün."", ""Şerbeti tamamen çekene kadar bu şekilde bekletin.""]"
fa1a0480-fc99-4faa-9235-eed2551c9444,İstiridye Tatlısı,Turkey,Tereyağının zengin lezzeti ve irmiğin dokusuyla birleşen enfes bir tatlı,Tatlı,"[""250 gram tereyağı (oda sıcaklığında)"", ""2 adet yumurta"", ""1 su bardağı irmik"", ""1/2 su bardağı ceviz içi (kıyılmış)"", ""4 yemek kaşığı tahin"", ""1 paket vanilin"", ""1 paket kabartma tozu"", ""2,5 su bardağı un""]","[""Su ve şekeri bir tencereye alın ve 15 dakika kaynatın. Ardından ocaktan alınca limon suyunu ekleyin. Kenarda soğumaya bırakın."", ""Derin bir kaba tereyağı ile yumurtayı alın ve karıştırın."", ""Ardından irmiği ekleyin ve karıştırın. Kıyılmış cevizi ve tahini de ilave edin. Tekrar karıştırın."", ""Homojen bir kıvam elde ettikten sonra kabartma tozunu ve kontrollü olarak unu ekleyin. Güzelce yoğurun."", ""Hamurdan ceviz büyüklüğünde bezeler koparın ve elinizde yuvarlayın."", ""Hamuru elinizde hafif yassılaştırın. Çay bardağı ile üzerlerine çizikler atın ve bir ucundan elinizle büzerek istiridye şekli verin. 180 dereceye ayarlı fırında, orta rafta, 35 dakika pişirin."", ""Fırından çıktıktan sonra tatlıyı derin bir borcama alın. Tatlının ilk sıcaklığı geçince soğuk şerbetini verin. Şerbetini çekmesi için oda sıcaklığında en az 2 saat bekletin."", ""İstiridye tatlısı hazır. Afiyet olsun!""]"
479a152a-f937-4d7a-aadb-1d8cf44bbd34,Zencefilli Tarçınlı Kurabiye,Turkey,"Zencefil ve tarçının harika uyumuyla hazırlanan, mis gibi kokan çay saatleri için ideal kurabiye",Ye,"[""113 gram oda sıcaklığında tereyağı"", ""75 gram esmer şeker"", ""100 gram pekmez"", ""1 adet orta boy yumurta"", ""315 gram un"", ""4 gram zencefil"", ""3 gram tarçın"", ""2 gram muskat cevizi (isteğe bağlı)"", ""3 gram tuz"", ""6 gram kabartma tozu""]","[""Oda sıcaklığında sıcaklığında olan tereyağını bir kaba alıp esmer şeker ile krema kıvamına gelene kadar çırpın."", ""Daha sonra yumurtayı ekleyerek çırpma işlemine devam edin."", ""Pekmezi ekleyin ardından kuru malzemeleri ekleyip hamur haline getirin."", ""Hamuru streçleyip 15-20 dakika buzdolabında bekletin."", ""Ardından iki dağlı kayıt arasında açalım istediğiniz kalıplarla şekil verin."", ""Yağlı kağıtla serili tepsiye dizin."", ""180 derecede kontrollü olarak 10 dakikayı geçmeyecek şekilde pişirin. Afiyet olsun.""]"
984145b6-1e24-4443-950e-0c3c2d8eb70e,"Karadutlu, Yoğurtlu Buz",Turkey,Taze karadutların yoğurt ve limunla buluştuğu serinletici ve ferahlatıcı bir lezzet,Ana Yemek,"[""250 gram karadut"", ""250 gram yoğurt"", ""1 adet lime kabuğunun rendesi"", ""1 adet lime suyu""]","[""Dutları ve pudra şekerini mutfak robotunun içerisine alın ve püre haline getirin."", ""Yoğurt, bal, lime suyu ve kabuğunu bir kaba alın ve güzelce karıştırın."", ""Derin dondurucuya koyulabilen 6 adet kap hazırlayın."", ""Hazırlanan kapların tabanına birer çorba kaşığı yoğurtlu karışımdan konup derin dondurucuya atın."", ""Derin dondurucuda 15 dakika bekletilen karışımlar çıkartılıp üzerlerine birer çorba kaşığı kara dutlu karışım konur ve tekrar derin dondurucuya atın."", ""Tekrar 15 dakika bekletildikten sonra bir kat daha yoğurtlu karışım ilave edilip, derin dondurucuda 15 dakika daha bekletin. Malzemeler bitene kadar aynı işlem tekrarlanır."", ""Son karışım katı konduktan sonra karışımın içine tahta çubuk batırılıp derin dondurucuda 2 saat daha bekletildikten sonra servis edin. Afiyet olsun.""]"
a146ad0d-2bf2-4e0b-9c4b-9775c279a3a4,Baklava Semifreddo,Turkey,"Geleneksel baklavanın dondurulmuş modern yorumu olan Baklava Semifreddo, çıtır yufka ve fıstıkla hazırlanan ferahlatıcı bir tatlıdır",Ye,"[""5-6 adet baklavalık yufka"", ""60 gram eritilmiş tereyağı"", ""100 gram fıstık içi"", ""35 gram pudra şekeri"", ""30 gram tereyağı""]","[""Baklava yufkalarının her tarafını yağlayıp 2 katta bir şeker serperek pasta kalıbına yerleştirin. 200 derece fırında kızarana kadar pişirin."", ""Şerbet için gerekli malzemeleri ocağa alın koyulaşana kadar pişirin."", ""Taban için diğer malzemeleri bir kasede karıştırıp pişmiş tabana yayın."", ""Sıcak olan şerbeti tabanın kenarları dahil her tarafına gelecek şekilde ıslatın ve kenara alın."", ""Semifreddo için yumurtaları ve şekeri benmaride mikserle çırparak pişirin. Ayrı bir kapta kremayı kabartın."", ""Başka bir kapta ev yapımı kaymağı blenderdan geçirin."", ""Son aşama olarak spatula yardımıyla hepsini söndürmeden birleştirin. Hazır olan harcı tabana yayın ve dondurucuda en az 6-7 saat dinlendirin.""]"
5afd1ebb-d542-43f0-8e9d-eb441af42fb1,Vişneli Çikolatalı Brownie,Turkey,"Vişne ve çikolatanın mükemmel uyumuyla hazırlanan, damaklarda unutulmaz bir tat bırakan brownie tarifi",Ye,"[""3 adet yumurta"", ""1 su bardağı (bir parmak eksik) şeker"", ""1 su bardağı (bir parmak eksik) un"", ""125 gram tereyağı"", ""125 gram bitter çikolata"", ""1 paket vanilya"", ""1 avuçdamla çikolata""]","[""Yumurta ve şekeri beyazlaşıncaya kadar çırpalım."", ""Ayrı bir tavada tereyağını eritip içerisine bitter çikolatayı katalım ve eriyip soğumasını sağlayalım. Çikolatanın soğuması gerekiyor."", ""Yumurtanın içerisine sıcak sıcak eklersek pişer. Soğuduktan sonra yumurtanın içerisine koyalım ve mikser kullanmadan el çırpıcısı ile çırpalım."", ""Un ve vanilya karışımını azar azar dökelim ve yeniden karıştıralım. İçerisine ceviz veya fındık koyalım."", ""Pişirme kalıbına kek karışımını ekleyelim ve üzerine vişne parçalarını koyalım."", ""Damla çikolatalardan da serpiştirip önceden ısıtılmış 170 derecelik fırında pişirelim. Afiyet olsun.""]"
f25a3157-d768-4969-85ad-5c38d45a8ed2,Hazır Yufkadan Baklava,Turkey,"Pratik ve lezzetli hazır yufkadan baklava tarifi, ceviz içi ve tereyağıyla harmanlanmış nefis bir tatlı",Tatlı,"[""1 paket baklavalık yufka"", ""250 gram ceviz içi"", ""225 gram eritilmiş tereyağı"", ""1/2 çay bardağı sıvı yağ"", ""5 su bardağı su"", ""5 su bardağı şeker"", ""1/3 adet limon"", ""100 gram Antep fıstığı""]","[""Yufkalarımızı masanın üstüne serelim ve kırılmaması için üzerine nemli bir bez örtelim."", ""Yufkalarımız dinlenirken önce şerbetimizi yapmaya başlayalım. Tencereye 5 su bardağı şekeri ve 5 su bardağı suyu ekleyelim."", ""Ocağımızın altını açalım ve kaynayana kadar karıştıralım."", ""Kaynayan şerbetimizin kristalleşmemesi için çeyrek limonu sıkalım ve karıştırmaya devam edelim."", ""Yaklaşık 10 dakika daha kaynayan şerbetimiz istediğimiz kıvama geldi."", ""Ocaktan alarak soğumaya bırakalım. Yufkalarımızın ölçüsünü tepsimize göre kesmemiz gerekiyor."", ""Ben fırın tepsisi kullanacağım için kenarlarından yaklaşık 1 parmak keserek tepsime göre ayarlıyorum. Siz de kullanacağınız tepsiye göre ölçülendirebilirsiniz."", ""Yufkalarımızı dizmeye başlıyoruz. Öncelikle tepsimizin dibini güzelce yağlamamız gerekiyor."", ""Yağladıktan sonra yufka sıralamasını ekranda gördüğünüz gibi yapabilirsiniz. En alta 5 yufka koyduktan sonra diğer katlara 3’er yufka koyuyoruz."", ""Kat aralarını güzelce yağlamaya özen gösterin. 20 kat olana kadar bu işlemi yapmaya devam ediyoruz."", ""20 kat olduktan sonra kıyılmış cevizlerimizi bolca koyuyoruz. Cevizleri yufkanın her tarafına eşit miktarda dökmeye özen gösterelim."", ""Baklavamızın ikinci aşamasındaki yufka sıralamasını yine ekranda gördüğünüz sıralamaya göre yapabilirsiniz."", ""İkinci aşamanın ilk 4 sırasına 3 kat yufka, son 4 sırasına 2 kat yufka koyuyoruz. Aralarını güzelce yağladığımız baklavamız bu sıralama ile çıtır çıtır olacaktır."", ""40 kat yufka sıralama işlemimiz bittikten sonra kesme işlemine başlıyoruz. Ben kare kare kesmeyi tercih ettim. Siz dilediğiniz gibi farklı şekillerde de kesebilirsiniz."", ""Kesme işlemimiz bittikten sonra, tereyağı ve sıvı yağ karışımı ile tepsinin her tarafını güzelce yağlıyoruz.""]"
6601db20-0a35-4097-a088-118ae10ad4b7,Bulgurlu Tavuk,Turkey,"Lezzetli bulgurlu tavuk, pratik ve doyurucu bir ana yemek",Ye,"[""150 gram tavuk göğsü"", ""1 yemek kaşığı yoğurt"", ""2 yemek kaşığı zeytinyağı"", ""1 çay kaşığı toz kırmızı biber"", ""1 çay kaşığı tuz"", ""1 çay kaşığı karabiber""]","[""Tavukları küp küp doğrayın. Bir kabın içerisine alın. Üzerine baharatları, yağ ve yoğurdu ilave ederek güzelce karıştırın."", ""Tavukların üzerini streç filmle örtün ve buzdolabında 15-20 dakika kadar marine edin. Vaktiniz yoksa bu işlemi yapmadan pişirme aşamasına geçebilirsiniz, vaktiniz varsa marinasyon süresini uzatabilirs"", ""Tavuklar marine olurken bulguru hazırlayın. Bir küçük tencereye yağ ve ince ince doğranmış soğanları alın. Soğanlar hafif yumuşayana kadar pişirin."", ""Ardından salça ve bulguru ilave ederek kavurma işlemine devam edin. 2-3 dakika daha bu şekilde kavurduktan sonra üzerine 2 çay bardağı su ilave ederek kapağını kapatın ve pişmeye bırakın."", ""Bulgurlar suyunu tamamen çekince ocağın altını kapatın ve demlenmeye bırakın."", ""O sırada tavukları da pişirin. Bir tavaya sıvı yağ ya da 1 yemek kaşığı tereyağı alın. Yağ hafif kızdıktan sonra tavuklarınızı atarak soteleyin. Ardından ocaktan alın."", ""Bulgur demlendiğinde bir tabağa alın. Üzerine tavukları da ilave ederek servis edin. Afiyetler olsun!""]"
c311e6d2-2318-445d-bfc9-1c0637cb0cde,Pancarlı Patates Çanakları,Turkey,"Pancarlı Patates Çanakları, fırınlanmış patateslerin içine harmanlanmış pancarlarla hazırlanan renkli ve lezzetli bir atıştırmalıktır",Ana Yemek,"[""4 adet patates"", ""3 yemek kaşığı tereyağ"", ""2 adet pancar"", ""150 gram lor peyniri"", ""1 çay kaşığı tuz"", ""3 yemek kaşığı zeytinyağı""]","[""Patatesler haşlanır ve ezilir."", ""İçine tereyağı, tuz, arzuya göre karabiber eklenir ve iyice karıştırılır."", ""Patates püresinden toplar yapılarak çanak şekli verilir."", ""Pancarlar rendelenir ve lor peyniri, zeytinyağı, tuz eklenir."", ""İyice karıştırılır ve patates çanakları içine konur."", ""Arzuya göre içine nane, dereotu veya maydanoz gibi yeşillikler de kullanabilirsiniz. Afiyetler olsun!""]"
eb34f776-2a4f-489e-8518-07725c033b7f,Fırında Çıtır Kabak,Turkey,"Fırında çıtır kabak, kaşar peyniri ve galeta unuyla hazırlanan pratik ve lezzetli bir atıştırmalıktır",Sebze Yemekleri,"[""1 büyük su bardağı kabak"", ""1/2 su bardağı rendelenmiş kaşar peyniri"", ""2 yemek kaşığı galeta unu"", ""1 tatlı kaşığı toz kırmızı biber"", ""1 çay kaşığı tuz"", ""1 çay kaşığı karabiber"", ""1/2 çay bardağı süt"", ""3 yemek kaşığı zeytinyağı""]","[""Süt ve yağı bir kapta karıştırın."", ""Kaşar, galeta unu, baharatları ayrı bir kapta karıştırın."", ""Halka halka doğradığınız kabakları önce sütlü karışıma sonra diğer karışıma bulayın yağlı kağıt serili fırın tepsisine dizin."", ""Önceden ısıtılmış 200 derece fırında 20 dakika pişirin. Afiyet olsun.""]"
578d23de-1030-41ad-b1a9-3b25ec84918e,Dereotlu Poğaça,Turkey,"Mis kokulu dereotuyla harmanlanmış, yumuşacık ve lezzetli poğaça tarifi",Ana Yemek,"[""2 adet yumurta (birinin sarısı üzerine)"", ""2 yemek kaşığı tereyağı"", ""3/4 su bardağı sıvı yağ"", ""1 paket yoğurt"", ""1 yemek kaşığı kabartma tozu"", ""1 yemek kaşığı sirke"", ""3,5-4 su bardağı un (kontrollü ekleyin)"", ""1 tatlı kaşığı tuz"", ""1 adet yumurta sarısı (üzeri için)""]","[""Peynir hariç diğer malzemeler karıştırılıp yumuşak bir hamur elde edilir (unu yavaş ekleyip kıvamına göre arttırıp azaltabilirsiniz)."", ""İstenilen büyüklükte parçalar kopartılıp önce yuvarlak yapılır."", ""Ardından elle bastırılıp arasına peynir koyulur."", ""Uçları birleştirilip tekrar yuvarlanır yağlı kağıt serili tepsiye dizilir."", ""Üzerlerine yumurta sarısı sürülüp çörek otu serpilir. 180 derecede kızarana kadar pişirilir. Afiyet olsun.""]"
de95a14f-2a90-4c85-a660-d9af8c4bafdb,Ponpon Lokmalar,Turkey,"Yumuşacık ponpon lokmalar, süt ve unun mükemmel uyumuyla hazırlanan geleneksel bir lezzet",Ana Yemek,"[""1 litre süt"", ""2 çay bardağı un"", ""2 çay bardağı toz şeker"", ""1 paket vanilin"", ""1 yemek kaşığı tereyağı"", ""1 su bardağı Hindistan cevizi"", ""1/2 su bardağı Antep fıstığı (süslemek için)""]","[""Süt, un ve şekeri derince bir tencere içerisinde koyulaşıncaya kadar pişirin."", ""Ocaktan aldıktan sonra içerisine vanilya ve tereyağ ilave edip, sürekli karıştırarak ılımasını sağlayın."", ""Elinizi yakmayacak dereceye geldiği zaman, ceviz büyüklüğünde toplar yapın."", ""Daha sonra orta kısımlarına bastırıp, her yerini hindistan cevizine bulayın."", ""Servis tabağına alıp, çukur kısımlarını fıstık kırıntıları ile doldurun."", ""Buzdolabında soğuttuktan sonra sevdiklerinize ikram edin. Afiyetler olsun.""]"
510ff432-25c6-4a9e-9d7f-6f7fd0da8722,Ağızda Dağılan Un Kurabiyesi,Turkey,Ağızda dağılan kıvamı ve lezzetiyle un kurabiyesi tarifi. Kolay hazırlanışı ve muhteşem tadıyla favori kurabiyeniz olacak,Tatlı,"[""1 paket oda sıcaklığında margarin"", ""1 çay bardağı sıvı yağ"", ""1 su bardağı pudra şekeri"", ""1 su bardağı nişasta"", ""1 paket vanilya"", ""3,5 - 4 su bardağı un""]","[""İlk olarak yoğurma kabına margarini ve puda şekerini alıp yoğuralım. Nişasta ve sıvı yağı ilave edip yoğurmaya devam edelim."", ""Ardından vanilyayı ve unu azar azar ekleyerek yoğurmaya devam edelim.(Unu kontrollü ekleyelim, hamurumuz çok sert olmasın. Ele yapışmayan bir kıvamda olması yeterli.)"", ""Son olarak hamurdan fındık büyüklüğünde küçük parçalar koparalım ve aralıklı bir şekilde fırın tepsisine dizelim.(Kopardığınız parçalar büyük olmasın çünkü fırında pişerken kabarıcaklar.)"", ""170 derece fırında 25 dakika kadar kontrollü pişirelim.(Renginin dönmesini beklemeyin, beyaz kalıcaklar.) Biraz soğuduktan sonra servis edelim. Afiyetler olsun!""]"
4997a46f-fe08-4695-824c-b4d116f70a00,Rafine Şekersiz Kakaolu Pasta,Turkey,"Sağlıklı ve lezzetli rafine şekersiz kakaolu pasta, hurmaların doğal tatlılığıyla tatlandırılmış harika bir alternatif",Tatlı,"[""13 adet hurma"", ""3 yemek kaşığı kakao"", ""1.5 su bardağı süt (arzuya göre laktozsuz)"", ""1 su bardağı tam buğday unu"", ""1 adet avokado"", ""1 paket kabartma tozu"", ""200 gram labne"", ""2 yemek kaşığı bal"", ""2 yemek kaşığı tahin"", ""1 paket bitter çikolata (yüzde 80 kakao içeren)""]","[""Hurmaları sıcak suda bir süre bekletin.. Avokado, kakao ve süt rondoda çekin. Rondonuz yoksa çatalla ezebilirsiniz."", ""Bitter çikolatanızın yarım paketini küçük küçük doğrayın, harcınızın içine atın."", ""Yumuşayan hurmalarınızı rondoya alın ve onları da çekin. Un ve kabartma tozunu da ekleyin."", ""Kek hamurunuzu orta boy bir kalıba serin ve 180 derecede 35 dakikada pişirin."", ""Üst dolgu için: 200 gram labne, 2 yemek kaşığı bal, 3 parça eriteceğiniz bitter çikolatayı karıştırın, çırpın."", ""30 dakika buzdolabında bekletin, kıvam alsın. Bu sırada keki çıkartın ve soğumasını bekleyin."", ""Pişen kekiniz üzerine bu dolguyu sürün."", ""En üste de kalan çikolatanızı benmari usulü eritip gezdirin. Çikolata donmadan tahininizi de gezdirin. Afiyet olsun.""]"
d0178ff7-b2b7-4311-9cf4-d485b85be713,4 Kişilik İrmik Helvası,Turkey,"Tereyağında kızartılmış irmiğin şerbetle buluştuğu, hafif ve lezzetli bir tatlı",Tatlı,"[""2 su bardağı irmik"", ""100 gram tereyağı (7 yemek kaşığı)"", ""1 su bardağı süt"", ""1 su bardağı su"", ""1,5 su bardağı toz şeker""]","[""Süt, su ve şekeri küçük tencereye alın, şeker eriyene kadar ısıtın. Hazırladığınız şerbeti ocaktan alın ve soğumaya bırakın."", ""Tavaya tereyağını alın ve eritin. Üzerine irmik ilave edip orta ateşte kavurun."", ""İrmiğin rengi dönene kadar ara vermeden kavurmaya devam edin."", ""Ocağın altını kısın. Şerbeti dikkatli bir şekilde ekleyin."", ""Şerbeti çekip kıvam aldıktan sonra ocaktan alın."", ""Üzerine havlu kağıt örtüp yaklaşık 10 dakika demlenmeye bırakın.Demlendikten sonra servis edin. Afiyetler olsun.""]"
410a78f7-059f-46ee-95e7-831136f57cc5,Bodrum Köfte,Turkey,"Bodrum'un ferhat lezzetiyle harmanlanmış, özel baharatlarla hazırlanan nefis köfte tarifi",Et Yemekleri,"[""500 gram kıyma"", ""1 adet soğan"", ""1 adet yumurta"", ""3-4 yemek kaşığı galeta unu"", ""1 tatlı kaşığı tuz"", ""1 çay kaşığı karabiber"", ""1 çay kaşığı nane"", ""1 çay kaşığı kimyon"", ""1 çay kaşığı pul biber (arzuya göre)"", ""4 adet patates"", ""1 adet domates"", ""2 yemek kaşığı domates salçası""]","[""Köfte için tüm malzemeleri derin bir kap içerisinde güzelce yoğurun."", ""Elinizle şekilde verin ve buzdolabında dinlendirin."", ""Patatesleri kibrit çöpü şeklinde doğrayın. Kızgın yağda kızartın. Köfteleri de yağda kızartın."", ""Sos için salçayı kavurup domates rendesini ekleyin kıvam alınca ocağın altını kapatın."", ""Servis tabağına patatesleri alın. Üzerine yoğurdu gezdirin. Köfteleri de üzerine dizin ve sostan döküp servis edin. Afiyet olsun.""]"
8d6bcfb3-5148-4ef0-a050-e5d246fb9588,Çilekli Mozaik Pasta,Turkey,"Pratik ve lezzetli çilekli mozaik pasta, çikolata ve kremanın mükemmel uyumuyla damaklarda tat bırakıyor",Tatlı,"[""3 paket petibör bisküvi"", ""1 paket çiğ krema"", ""160 gram çikolata (bitter ve sütlü)"", ""1 yemek kaşığı tereyağı"", ""1/2 çay bardağı süt""]","[""Petibör bisküvileri ister elimizde ister robattan geçirerek ufalayalım. 1 paket kremayı ocakta kaynatmadan ısıtalım ve içerisine tereyağı, 160 gram bitter ve sütlü çikolatayı eriyene kadar karıştıral"", ""Çikolatamız ve tereyağı eridikten sonra yarım çay bardağı sütümüzü de ekleyerek ufalanmış bisküvilerin üzerine dökelim."", ""Kelepçeli kalıba büsküvi karışımımızı dökelim. 1 gece buzdolabında bekletelim. Üzerini dilediğiniz gibi süsleyip servis yapabilirsiniz.""]"
2f50a7db-f8d1-4f2a-b122-792096c4309d,Shortbread,Turkey,"İskoçya'ya özgü, tereyağlı ve kırılgan dokulu bir bisküvi olan shortbread, az malzemeyle kolayca hazırlanabilen klasik bir tatlıdır",Ana Yemek,"[""150 gram un"", ""50 gram şeker"", ""100 gram tereyağı""]","[""Tereyağı ve şekeri elinizle karıştırın."", ""Unu ekleyip ufalayarak dökülen bir hamur elde edin."", ""Hamuru yavaşça yedirip birbirini tutan bir kıvam elde etmesini sağlayın."", ""Hamurun hepsini açıp ya yuvarlak ya da bir cm kalınlığında, iki cm uzunluğunda dikdörtgen şekilde kesin. Çatalla delikler de yapabilirsiniz kurabiye yüzeyine."", ""170 derece fırında üzerine şeker serpip pişirin.""]"
e63eb470-2a92-4509-9450-11e386217f86,Yoğurtlu Ananas,Turkey,Taze ananasın ferahlatıcı lezzetini yoğurt ve chia tohumuyla birleştiren sağlıklı ve pratik bir tatlı,Ana Yemek,"[""4 yemek kaşığı yoğurt"", ""1 yemek kaşığı chia tohumu"", ""Etimek Tatlısı Tarifi"", ""Damla Çikolatalı Kurabiye"", ""Tatlı Tarifleri Spoonful Mozaik Pasta Çikolatalı Sufle İrmik Helvası Fırın Sütlaç Profiterol Revani Magnolia"", ""Kahvaltılık Tarifler Pancake Krep Pişi Kuymak Kaygana Kahvaltılık Sos Menemen Muhlama Yumurtalı Ekmek Omlet"", ""Omlet""]","[""Tabağın tabanına 4 yemek kaşığı yoğurdu yayıyoruz."", ""Üzerine 1 tekerlek ananası dilimleyip koyuyoruz."", ""İsteğe göre Omega-3 ve posa kaynağı 1 yemek kaşığı chia tohumu ile süslüyoruz. Afiyet olsun.""]"
8ec75625-534a-43b7-bef3-dbb80ddbfc5c,Bol Peynirli Soslu Tost,Turkey,"Lezzetli peynirli soslu tost, pratik ve doyurucu bir atıştırmalık",Ana Yemek,"[""1 tatlı kaşığı tereyağı"", ""1 yemek kaşığı biber salçası"", ""2 adet rendelenmiş domates"", ""3/4 su bardağı su"", ""1 çay kaşığı tuz"", ""1 çay kaşığı kekik""]","[""Minik bir sos tenceresinde tereyağını eritin."", ""Eriyen tereyağına rendelenmiş domates ve biber salçasını ilave edin ve kavurun."", ""Kekik ve tuzu ilave ederek lezzetlendirin ve sosu ocaktan alın.""]"
fbb5984e-2e87-4f1e-a607-a8015661d152,Fit Puding,Turkey,"Sağlıklı ve besleyici fit puding, sadece 3 malzeme ile hazırlanan pratik bir tatlı alternatifidir",Ana Yemek,"[""1 adet olgun muz"", ""1 adet cennet hurması"", ""2 yemek kaşığı süt"", ""1 tatlı kaşığı kakao"", ""1 çay kaşığı Hindistan cevizi (üzerine)"", ""1 çay kaşığı kakao parça ları (üzerine)""]","[""Muz, cennet hurması, süt ve kakaoyu bir karıştırma kabına alın."", ""Blender veya robotta güzelce karıştırın."", ""Hazırlanan karışımı tabağa alın. Süsleyip servis edin. Afiyet olsun.""]"
cb34a27a-de2b-4f3c-9d8f-abede21983c2,Enginar Kalbi Salatası,Turkey,"Enginar kalpleri, kurutulmuş domates ve biber dolgulu zeytinlerle hazırlanan ferahlatıcı ve lezzetli Akdeniz tarzı salata",Salata,"[""5 adet salamura enginar kalbi"", ""6 adet kurutulmuş domates"", ""5 adet biber dolgulu yeşil zeytin"", ""2 çay bardağı haşlanmış buğday (dilerseniz karabuğday da kullanabilrisiniz)"", ""2 yemek kaşığı taze keçi peyniri""]","[""Kuru domatesleri çok ufaltmadan gelişi güzel doğrayın."", ""Enginar kalplerini ve zeytinleri ortadan ikiye bölün."", ""Nar ekşisi ve nar sirkesini bir kaseye koyup iyice karıştırın sonra diğer sos malzemelerini de ekleyin."", ""Peynir dışındaki bütün salata malzemelerini bir kasede birleştirip, sosu da üzerine dökün. Sos salatanın her yerine geçinceye dek karıştırın"", ""En son taze keçi peynirini de ellerinizle ufalayarak salataya ekleyin.""]"
6a04c2d7-e9e1-48bb-a830-2c0b146ffc8f,Aşure,Turkey,"Geleneksel Türk tatlısı Aşure, buğday, baklagiller ve kuruyemişlerle hazırlanan besleyici bir lezzet şöleni",Ana Yemek,"[""2 su bardağı buğday"", ""1 su bardağı kuru fasulye"", ""1 su bardağı nohut"", ""3 adet karanfil"", ""1 su bardağı süt""]","[""Buğday, fasulye ve nohut ayrı ayrı haşlanır."", ""Haşlanan buğday, nohut ve fasulye birleştirilip üzerini geçecek kadar sıcak su eklenerek karıştırılır, pişirmeye devam edilir."", ""Kıvam aldıktan sonra süt ve nişasta karıştırılarak içine dökülür."", ""Fındık içi, üzüm, karanfil ve kayısı eklenerek karıştırılır."", ""2-3 dakika kaynadıktan sonra kaselere eşit miktarda paylaştırılır. Meyveler ve kuru yemişlerle süslemesi yapılır. Afiyet olsun.""]"
b487cc72-c0f9-4dcf-ae21-8e64c9d42d81,Yalancı Tavuk Göğsü,Turkey,"Margarin, süt ve un ile hazırlanan pratik ve lezzetli yalancı tavuk göğsü tarifi",Tavuk Yemekleri,"[""125 gram margarin"", ""1 litre süt"", ""1 su bardağı un"", ""1,5 su bardağı şeker"", ""1 paket vanilin""]","[""Margarin eritilir ve un ile hafif kokusu çıkana kadar karıştırılır. Süt ve şeker ilave edilip tekrar koyulaşana kadar pişirilir."", ""Ocaktan alınca vanilya eklenir ve karıştırılır. Kup veya tatlı kasesinde servis için dipleri hafif ıslatılır."", ""Tavuk göğsü kaplara boşaltılır. Dolaba kaldırılır. Soğuduktan sonra servis tabağına ters çevrilir ve çıkarılır. Tarçın, fındık ve Hindistan cevizi ile süslenir.""]"
b211c4d2-1c74-4830-8520-193d9af8a6ea,Ev Yapımı Baget Ekmek,Turkey,Fransız usulü ev yapımı baget ekmek tarifi. Kıtır kabuğu ve yumuşacık içi ile misafirlerinizi şaşırtacak,Börek & Hamur İşi,"[""400 gram ekmeklik un"", ""1,5 paket kuru maya"", ""1 tatlı kaşığı deniz tuzu"", ""300 ml oda sıcaklığında su""]","[""100 gr un ve yarım paket mayanın üzerine 300 ml oda sıcaklığındaki suyu koyun. Karıştırın. Sulu bir karışım olacaktır."", ""Bu karşımın üzerini kapatın ve bir saat bekletin."", ""Bir saatin sonunda iyice köpüren hamura kalan unu , tuzu ve bir paket mayayı ekleyin. Eğer gerekirse biraz daha su ekleyebilirsiniz."", ""Karıştırın ve unladığınız bir yuzeye alıp hamurunuzu 10 dakika yoğurun."", ""Hamur yüzeye yapışmamaya başladığında kenara alın üzerini nemli bir bezle örtün ve en az 1 saat daha dinlendirin."", ""Dinlenen hamurunuzu ikiye bölün. Fırın tepsinizin genişliğinde rulo haline getirin. Bagetimizin uzunluğu malesef fırın ölçümüzle sınırlı. Rulonuzu önünüze yatay olarak koyun."", ""Parmaklarınızla bastırarak açın ve katlayın. Bu işlemi hamurun havasını almak için yapıyoruz."", ""İki parçayı da katladıktan sonra kalın bir bezin arasına katlama çizgisi üste gelecek şekilde yerleştirin. 5-10 dakika bekletin."", ""Hamura parmağınızı bastırdığınızda tekrar geri geliyorsa hamur fırına girmeye hazırdır."", ""Bu arada fırınımızda bir taş kullanıyorsak işimiz epey kolay olacaktır. Fırın taşınız yoksa fırın tepsisini tersinden fırına yerleştirin ve 225 dereceye ayarladığınız fırınınızda fırınla beraber iyice"", ""Fırınınızın alt kısmına sonradan kaynar su ekleyeceğiniz bir kabı,tercihen metal yada dökme demir bir tavayı yerleştirin."", ""10 dakika sonunda ekmeklerinizi fırına süreceğiniz yüzeye katlı kısımları alta gelecek şekilde ters çevirerek aktarın."", ""Ekmeğin tepsiye yada taşa kolay kayması için unladığınız yüzeye biraz irmik serpebilirsiniz. Üzerlerini keskin bir bıçak yada jilet yardımıyla dik bir açıyla kesin."", ""Sıcak fırın tepsinize (veya taşınıın üzerine) ekmeklerinizi bir tahta kürek yada spatula yardımıyla kaydırın ve önceden hazırladığınız kaynar suyu ısınmış olan kaba boşaltıp fırın kapağınızı hemen kap"", ""Yaklaşık 20-25 dakika sonra ekmeğiniz nar gibi kızardığında fırından çıkartın ve soğumaya bırakın.""]"
5e2a3e20-f217-406a-b87d-c0e6aaea0638,Tavuk Suyuna Tarhana Çorbası,Turkey,Lezzetli ve besleyici tavuk suyuyla hazırlanan geleneksel tarhana çorbası,Çorba,"[""1/2 litre tavuk suyu"", ""1 su bardağı su"", ""4 yemek kaşığı tarhana""]","[""Soğuk suda tarhanayı inceltin."", ""Tavuk suyunu ve tarhanalı karışımı tencereye alın."", ""Orta ateşte koyulaşana kadar pişirin."", ""Servis esnasında tabaklara didiklenmiş tavuk ve buğday ekleyip, çorbayı taneli hale de getirebilirsiniz. Afiyet olsun.""]"
1d1b63c4-d0c5-4e35-835a-b5f73e30ad28,Tarçınlı Cevizli Çikolatalı Kurabiye,Turkey,"Tarçın, ceviz ve çikolatanın mükemmel uyumunu bir araya getiren bu kurabiyeler, çay saatlerinin vazgeçilmezi olacak",Tatlı,"[""150 gram tereyağı"", ""100 mililitrepudra şekeri"", ""2 adet yumurta sarısı"", ""2 yemek kaşığı su"", ""1 paket vanilya"", ""1/2 tatlı kaşığı kabartma tozu"", ""1,5 tatlı kaşığı tarçın"", ""300 mililitreun"", ""50 gram damla çikolata"", ""100 gram ceviz""]","[""Karıştırma kabımıza şeker ve yumurtayı alıp bir çırpıcı yardımıyla çırpalım."", ""Tereyağını, vanilyayı ve suyu ekleyip tekrar çırpalım."", ""Son olarak kabartma tozu ve tarçını alıp tekrar çırpalım."", ""Unu yavaş yavaş ekleyerek yoğurmaya başlayalım. Ele yapışmayan bir hamur elde edene kadar yoğurmaya devam edelim."", ""Hamurumuz hazır olunca içine ceviz ve çikolatayı ekleyip spatula yardımıyla karıştıralım. (Elimizle yoğurmayalım, çikolatanın erimesine sebep oluruz.)"", ""Hamuru ikiye bölelim. Streç yardımıyla 5-6 cm çaplı rulo yapıp buzdolabına dinlenmeye gönderelim."", ""Eğer vaktiniz azsa 20 dakika kadar dondurucuya koyun. Vaktiniz varsa buzdolabında iki saat beklesin."", ""En güzeli geceden hazırlayıp koymak. Maksat hamurun donması keserken rahat ve güzel kesebilmek."", ""Hamuru dolaptan çıkarıp 1-1.5 cm'lik dilimler kesip, yağlı kağıt serdiğimiz fırın tepsisine dizelim."", ""Tepsiyi, önceden ısıttığımız 160 derecelik fırında 12 dakika pişirmeye gönderelim."", ""12 dakika sonra tepsiyi fırından çıkarıp, kurabiyeleri soğumaya bırakalım. Kurabiyeler soğuduysa servise hazırlar, afiyet olsun.""]"
2d8632f2-3135-474a-9c02-ccf31b74d5ba,Kabak Oturtma,Turkey,İçine lezzetli kıymalı harç doldurulmuş fırınlanmış kabak dilimleri. Hem pratik hem de doyurucu bir ana yemek tarifi,Sebze Yemekleri,"[""2-3 adet kabak"", ""1 adet büyük boy kuru soğan"", ""150 gram kıyma"", ""1 adet domates"", ""1 yemek kaşığı domates salçası"", ""1/2 çay bardağı sıvı yağ"", ""1 çay kaşığı tuz"", ""1 çay kaşığı karabiber""]","[""Bir tavada soğanı kavurun."", ""Kıymayı ekleyip kavurmaya devam edin."", ""Salçayı ve küp küp doğradığınız domatesi ekleyin. Karabiber ve tuzunu ekledikten sonra domatesler yumuşayıncaya kadar pişirin. Kıymalı harcı bir tabağa alın."", ""Kabakların bir çatal yardımıyla üzerini çizin ve halka halka doğrayın."", ""Kızgın yağda çok rengi değişmeyecek şekilde kızartın. Havlu kağıt üzerine alın."", ""Tencereye kabakların bir kısmını dizin. Üzerine kıymalı harcı yayın."", ""Üzerine tekrar kabakları dizin."", ""Üzerini geçecek kadar sıcak su koyun."", ""Kısık ateşte 20 dakika pişirin."", ""Kabak oturtma tarifiniz hazır. Afiyet olsun.""]"
e35297af-5365-4e6d-ad59-3fa996222613,Şam Böreği,Turkey,"Lezzetli ve pratik Şam Böreği, çay saatlerinin vazgeçilmezi olacak",Börek & Hamur İşi,"[""4 su bardağı un"", ""1 yemek kaşığı yoğurt"", ""1 adet yumurta"", ""1 su bardağı ılık su"", ""1 yemek kaşığı zeytinyağı"", ""1,5 tatlı kaşığı tuz""]","[""Hamur için tüm malzemeleri yoğurma kabınıza alın ve suyu yavaş yavaş ekleyerek ele yapışmayan yumuşak bir hamur yoğurun."", ""Kıvamına göre su ya da un eklemesi yapabilirsiniz."", ""İç harcı için bir tavaya zeytinyağı ekleyin ve yemeklik doğranmış soğanları ilave edin. Soğanlar renk değiştirince kıymayı ekleyin. Tuz ve karabiberi de ilave edin. Kıymalar ve soğanlar tamamen kavrul"", ""Dinlenen hamuru 12 adet bezeye ayırın ve kahvaltı tabağı büyüklüğünde açtığınız bezelerin yarısına harçtan koyarak yarım ay şeklinde kapatın."", ""Kızdırdığınız sıvı yağın içinde arkalı önlü altın rengi olana dek pişirin.""]"
3e47ba39-6976-4cbc-bdf7-228afd5841d2,Çilekli Haşhaşlı İrmik Tatlısı,Turkey,"Çileklerin ferahlatıcı lezzeti ile haşhaşın benzersiz aromasını birleştiren, irmik tatlısının enfes bir versiyonu",Tatlı,"[""3 adet yumurta"", ""1 su bardağı mavi haşhaş tohumu"", ""1 su bardağı (bir parmak eksik) zeytinyağı"", ""5 adet hurma püresi (veya püre haline gelmiş incir)"", ""3 yemek kaşığı tam buğday unu"", ""1 su bardağı irmik (organik)"", ""1/2 su bardağı süt (organik)"", ""1 paket kabartma tozu""]","[""Önce sosuyla başlamak istiyorum. Çilekleri sirkeli suda bir güzel yıkıyoruz ve ince halkalar şeklinde doğruyoruz."", ""Daha sonra ocağa alıyoruz ve kısık ateşte suyunu salmasını bekliyoruz. Suyunun çok az uçtuğunda chia tohumlarınızı ekleyebilirsiniz."", ""Karıştırıyoruz ve 1-2 damla limon damlatıyoruz. Reçel olarak kullanacaktım fakat tatlıma enfes bir tat verdi."", ""Reçel olarak kullanmak isterseniz sıcakken kavanoza koyup ağzını kapatmanızı öneririm. 1 hafta içerisinde tüketebilirsiniz."", ""Çilek sosumuzun soğumasını beklerken kekimizi yapalım. Önce 3 adet yumurtamızı çırpalım."", ""Sonrasında süt ve yağımızı ekleyip tekrar çırpalım. Kalan tüm malzemeleri ilave edelim ve homojen bir şekilde karıştığından emin olduktan sonra yağladığımız kalıbımıza kek harcımızı döküyoruz."", ""Önceden ısıtılmış fırında 15-20 dakika pişirelim. Fırından fırına değişiklik gösterebilir. Kontrol altında tutalım."", ""Kekimiz pişerken 2 adet muzumuzu dilimleyelim. 1 dilim süzme peynir ve 2 yemek kaşığı balı ilave edip blender da karıştıralım. Ve buzdolabın da kekimiz soğuyana kadar dinlendirelim."", ""Fırından çıkardığımız kekimiz soğuduktan sonra, üzerine muhallebimizi dökelim."", ""Biraz bekledikten sonra çilek sosumuzu döküp dolaba kaldıralım. 1 gün beklemesi iyi olur. Ben sabırsız olduğum için kalıptan çıkardığımda sosum yayıldı. Siz sabırlı olun. Afiyet olsun.""]"
fbf768aa-8ee8-41cc-9a32-288073783ada,Salça Topları,Turkey,"Cevizli salça topları, zeytinyağıyla harmanlanmış biber salçasının ceviz içiyle buluştuğu pratik ve lezzetli bir meze",Ana Yemek,"[""1 su bardağı biber salçası"", ""2 yemek kaşığı zeytinyağı"", ""1 su bardağı ceviz içi (iri çekilmiş)"", ""1 çay kaşığı kekik"", ""1 çay kaşığı susam"", ""1/2 çay kaşığı kimyon"", ""1/2 çay kaşığı çörek otu"", ""1 yemek kaşığı galeta unu""]","[""Galeta unu hariç diğer malzemeleri bir kapta karıştırın."", ""Baharatları zevkinize göre ilave edin."", ""Galeta ununu kontrollü ekleyerek hamur kıvamına getirin."", ""Elinizle yuvarlayarak şekil verin."", ""Yanında beyaz peynirle servis edebilirsiniz. Afiyet olsun.""]"
4867d884-0fae-4f8e-84db-c665f2cf42fa,Yaban Mersinli Muffin,Turkey,"Yaban mersinli muffin, çay saatlerinin vazgeçilmez lezzetlerinden biridir",Ana Yemek,"[""1+3/4 su bardağı un"", ""3/4 su bardağı şeker"", ""1 adet yumurta (çırpılmış)"", ""1/2 su bardağı süt"", ""1 tatlı kaşığı limon suyu (veya sirke)"", ""6 yemek kaşığı sıvı yağ"", ""1 paket vanilin"", ""1 paket kabartma tozu"", ""1 su bardağı yaban mersini""]","[""Süt ile limonu karıştırıp bir kenara koyalım."", ""Un, seker, kabartma tozu ve vanilyayı bir kapta karıştıralım, içine meyveleri ekleyelim."", ""Süt, yağ ve yumurtayı da ekleyerek spatula ile karıştıralım."", ""9 adet cupcake kağıdını kalıplara yerleştirip karışımı bölüştürelim."", ""Önceden ısıtılmış 225 derece fırında 10 dakika sonra ısıyı 175'e düşürüp 10-12 dakika daha pişirelim. Afiyet olsun.""]"
897057ad-6446-4ffc-bcdc-396ac1855c6e,Pratik Fincan Tatlısı,Turkey,"Pratik ve lezzetli fincan tatlısı, misafirlerinize sürpriz yapmak için ideal bir tarif",Tatlı,"[""1 litre süt"", ""1 paket vanilin"", ""1 yemek kaşığı margarin"", ""1 su bardağı Hindistan cevizi (kaplamak için)""]","[""Bir tencereye sütü, unu ve şekeri koyalım. Kısık ateşte koyulaşana kadar pişirelim."", ""Muhallebimiz hazır olunca ateşten alalım, vanilya ile yağı ekleyip son defa daha karıştıralım."", ""Kullanacağımız kahve fincanlarının içini, muhallebinin yapışıp kalmaması için ıslatalım."", ""Muhallebiyi fincanlara doldurup soğumaya bırakalım. Soğuyan muhallebileri bardaktan çıkarıp bir borcama dizelim."", ""Tabağa boşalttığımız Hindistan cevizine bulayıp tekrar borcama dizelim. Tatlımız hazır, afiyet olsun.""]"
648c5133-2cf6-4431-915f-f4b6c54c446e,Çıtır Profiterol Topları,Turkey,"Tereyağı, şeker ve fıstık ezmesiyle hazırlanan çıtır profiterol topları, pratik ve lezzetli bir tatlı seçeneği sunuyor",Ana Yemek,"[""1,5 yemek kaşığı tereyağı (oda sıcaklığında)(40 gram)"", ""1 tepeleme yemek kaşığı toz şeker (20 gram)"", ""1 tepeleme yemek kaşığı fıstık ezmesi (60 gram)"", ""2 tepeleme yemek kaşığı un (60 gram)""]","[""Önce çıtır hamuru hazırlayalım. Büyük boy bir kaseye soğuk tereyağını, şeker, unu spatula ile ezelim. İsteğe göre fıstık ezmesini ekleyerek elinizle hamur haline getirin."", ""Fırın kağıdını 2 sayfa şeklinde arasına koyarak merdane ile açalım ve kağıt üzerinden 3 cm bir kalıp ile yuvarlakları oluşturup kağıdı dikkatli bir şekilde dondurucuya atalım. 1 saat kadar."", ""Pastacı kreması için: tencereye sütü alalım. Biraz ısınmaya bırakalım. Ayrı bir kapa 2 yumurta sarısını karıştıralım. Üzerine şekeri ekleyelim karıştıralım."", ""Unu ekleyelim. Nişastayı ekleyelim karıştıralım. Ilıttığımız sütü temperleme şeklinde kepçe ile yavaş yavaş yumurtalı karışıma ekleyelim."", ""karışımı tencereye alalım orta ateşte karıştırarak kıvam almasını bekleyelim."", ""Karışıma sıcak iken vanilya, tereyağını ve pul beyaz çikolatadan ekleyelim. Üzerine streç yapıştıralım üzeri kaymak tutmasın. Buz dolabında bekletelim."", ""Profiterol hamuru için; bir tencereye tereyağı suyu ve sütü alalım taşım kaynatalım. Üzerine unu ve bir tutam tuzu ekleyip kıvam aldığında yapışmayan bir kıvam olduğunda yağ kusmamasını isteriz."", ""Miksere alalım. Ayrı bir kapta yumurtaları çırpalım ve mikser ile tüm hamur karışımını yapışık bir kıvam aldığında işlemi bitirelim."", ""Sıkma torbasına koyalım. Fırın kağıdına hamurlarımızı aralıklı bir şekilde sıkalım."", ""Dolapta dondurduğumuz kurabiye çıtırlarını sıktığımız hamur üzerine yerleştirelim. Şapka görevi gibi düşünebiliriz."", ""Fırını önceden ısıtılmış 190 derece 15 dakika kapağı açalım ve bir 170 derece 15 dakika daha pişirelim."", ""Pişen çıtır profiterol toplarına pastacı kremasını dilediğiniz servis şeklinde ikram edebilirsiniz. Üstünden bir parça keserek yada içlerini tamamen doldurarak."", ""Üzeri için çikolata sosu 250 ml süt ve 3 paket bitter çikolata tencerede ısıtalım ve sosa biraz tereyağı ekleyelim sosumuz daha parlak ve kıvamlı olacaktır. Afiyet olsun.""]"
bfcb3656-37d5-455b-9d77-25a24ff17775,Ev Yapımı Profiterol,Turkey,"Ev yapımı profiterol, çıtır hamurun krema ve çikolata sosuyla buluştuğu lezzetli bir tatlıdır",Ana Yemek,"[""1 su bardağı su"", ""1 su bardağı un"", ""100 gram tereyağı (2 yemek kaşığı kadar)"", ""3 adet yumurta""]","[""Hamurunu hazırlamak için tencereye 1 su bardağı suyu ve tereyağını koyup kaynamaya bırakın."", ""İçine unu ekleyip yumuşak bir hamur haline gelince hemen altını kapatın (yaklaşık unu ilave edince 3 dakikada oluyor)."", ""Biraz soğuyunca yumurtaları tek tek ilave ederek hamura yedirin. Yani bir yumurtayı kırıp iyice yedin sonra ikinciyi, sonra üçüncüyü yedirin."", ""Hepsi bitince bir tatlı kaşığı yardım ile top top yağlı pişirme kağıdı yerleştirin."", ""Tepsiye yaklaşık 25 tane çıkacak şekilde yerleştirip önceden ısıtılmış fırında 40 dakika pişirin."", ""Kreması için olan malzemelerin vanilya hariç hepsini karıştırın. İndirdikten sonra vanilyalı ekleyip soğumaya bırakın."", ""Pişen profiterol hamurlarının için ister keserek kaşık ile; isterseniz de krema poşeti ile doldurun."", ""Çikolata sosunu küçük bir sos tenceresinin içinde hazırlayın. Profiterollere dökerek soğuk bir şekilde servis edebilirsiniz. Afiyet olsun.""]"
1178422d-727d-4c25-b957-4d45cf361818,Pratik Airfryer Yemek Tarifleri,Turkey,Hava fırınında hazırlanan pratik ve lezzetli tariflerle soğuk çayınızı mükemmel bir şekilde tamamlayın,Ana Yemek,"[""Soğuk Çay""]","[""Pofuduk hamuru, üzerine dökülen türlü soslar ve taptaze meyveler ile nefis bir kahvaltılık tarifi olan pancake'i bu sefer airfryer'da yapalım hadi. En pratik hali burada: Airfryer'da Dev Pancake Tarifi"", ""Bol çikolatalı orijinal sufle tarifini airfryer ile pişirmek için mutfaktayız. Sadece 5 malzeme ile 10 dakikada hazır olan bu tatlıyı yapmak için geç kalmayın. Tüm detaylarıyla: Airfryer'da Sufle"", ""Fırın sütlacı airfryer'da hazırlaması o kadar pratik ki! Sütlaçları 200 derece 10 dakika pişiriyorsunuz ve şahane kıvamda sütlaçlarınız hazır. Püf noktaları için: Airfryer'da Fırın Sütlaç Tarifi"", ""Çay saatlerinde ya da ikramlık hazırlayabilceğiniz keki airfryer'da kısa sürede pişirebiliyoruz. En pratik ve farklı kek tarifiyle tanışmaya hazır olun: Airfryer'da Kek Tarifi"", ""Çok yağ kullanmadan, kalorisini düşünme derdi de olmadan çıtır çıtır sigara börekleri yapıyoruz. Airfryer'da pişen börekler bu şekilde çok hafif oluyor. Hemen denemek için: Airfryer'da Sigara Böreği Tarifi""]"
495b7b28-b0bb-4d43-9d8f-d315cdf60d2b,Pastane Usulü Profiterol,Turkey,"Hafif ve çıtır hamurun içi krema ile dolu, üzerine çikolata sosu dökülmüş klasik bir pastane lezzeti",Tatlı,"[""100 gram tereyağı"", ""1 su bardağı su"", ""1 su bardağı un"", ""1 tatlı kaşığı şeker"", ""3 adet büyük boy yumurta""]","[""Hamuru için suyu, tereyağını, bir çimdik tuzu, şekeri tencereye koyup kaynayana kadar bekleyin. Kaynayınca unu ekleyip sürekli spatula ile 2 dakika kadar pişirmeniz yeterli."", ""Ocaktan alıp ılıyınca yumurtaları teker teker kırıp mikserde iyice çırpın. Sıkma torbasına alıp istediğiniz büyüklükte yağlı kağıt serili tepsiye sıkın. Parmağınızı suya batırıp düzeltin."", ""Önceden ısıtılmış 150° alt üst fanlı fırında 50- 60 dakika pişirin. Her fırın farklı pişirebilir, kontrollü pişirin. Fırını açarsanız sönme olabilir, ilk 45 dakika fırını hiç açmayın. Buna dikkat eder"", ""Kreması için; krem şanti hariç tüm malzemeler tencereye alıp pişirin. Krem şantiyi ekleyip pürüzsüz olana kadar mikserde çırpın."", ""Oda ısısında biraz bekletip sürekli kabuk tutmaması için karıştırın. Üzerine buzdolabı poşeti koyup dolaba kaldırıp iyice soğutun."", ""Çikolata sosu için; süt, şeker, nişasta, kakaoyu tencereye alıp pişirin. Piştikten sonra tereyağı, çikolata, vanilini ekleyip blenderdan geçirin."", ""Soğuyana kadar dolapta bekletin. Ben bir gece önceden yapıp bekletiyorum. Eğer kıvamı soğuduktan sonra yoğun ise süt ile kıvamı açabilirsiniz; dikkatli olun cıvık yapmayın."", ""Profiterol soğuyunca bıçakla kesip içini krema ile doldurun. Çikolata sosunu döküp servis edin. Afiyetle...""]"
d2baaf2e-3ea5-41e7-9bf7-a632be78cc4b,Fit Manolya,Turkey,"Sağlıklı ve lezzetli bir kahvaltı seçeneği olan Fit Manolya, pratik yapımıyla enerji dolu bir başlangıç sunar",Ana Yemek,"[""3 su bardağı süt"", ""1 su bardağı yulaf unu"", ""1 adet yumurta sarısı"", ""1 tatlı kaşığı bal"", ""1 çay kaşığı tarçın""]","[""Tarifimize muhallebiyi yaparak başlıyoruz. Bir tencereye süt, yulaf unu, yumurta sarısı, bal ve tarçını ekliyoruz."", ""Kısık ateşte karıştırarak kıvam alana kadar pişiriyoruz, piştikten sonra soğumaya bırakıyoruz."", ""Sıra geldi bisküvilere! Bir kaseye çıtır ekmeklerimizi ufalamadan küçük küçük kırıyoruz, bal ve Hindistan cevizi yağını da ekleyip harmanlıyoruz."", ""Son adım! Bardaklarımıza ilk hazırladığımız bisküvi harcını ardından muhallebimizi üzerine dilimlediğimiz muzları da ekleyip kat kat çıkıyoruz. Afiyet olsun.""]"
b2d5283d-c32b-4cc8-bdf2-6eda0fc3955c,Amerikan Kurabiyesi,Turkey,Lezzetli ve pratik Amerikan kurabiyesi tarifi,Tatlı,"[""2 adet yumurta"", ""1 büyük su bardağı yulaf kepeği"", ""1 adet vanilin"", ""1 adet kabartma tozu ya da karbonat"", ""4 tepeleme yemek kaşığı ince çekilmiş fındık"", ""4 tepeleme yemek kaşığı tereyağı (eritilmiş)"", ""4 tepeleme yemek kaşığı damla çikolata"", ""1 su bardağı şeker"", ""2 su bardağı un""]","[""Tereyağını eritip üzerine un hariç diğer malzemeleri ekleyin."", ""Unu azar azar ekleyerek elimize yapışan hafif akışkan kıvamda olacak hamur elde edin. Dondurma kaşığıyla yağlı kağıt serili tepsiye dizin."", ""Önceden ısıtılmış 170 derecelik fırında hafif rengi dönene kadar yaklaşık 12 dakika pişirin. Afiyet olsun.""]"
644d7e02-01aa-411c-ab78-3efb1a77c901,Kakaolu Trüf,Turkey,"Kakaolu trüf, sadece üç malzemeyle hazırlanan pratik ve lezzetli bir tatlıdır",Ana Yemek,"[""100 gram labne peyniri"", ""Etimek Tatlısı Tarifi"", ""Damla Çikolatalı Kurabiye"", ""Tatlı Tarifleri Spoonful Mozaik Pasta Çikolatalı Sufle İrmik Helvası Fırın Sütlaç Profiterol Revani Magnolia"", ""Kahvaltılık Tarifler Pancake Krep Pişi Kuymak Kaygana Kahvaltılık Sos Menemen Muhlama Yumurtalı Ekmek Omlet"", ""Omlet""]","[""İlk olarak 2 yemek kaşığı suda kahvenin çözünmesini bekliyoruz."", ""Kakao dışında tüm malzemeleri karıştırıp biraz dolapta bekletiyoruz karışımı."", ""15 dakika beklettikten sonra yuvarlayıp şekil veriyor kakao tozuna buluyoruz. Afiyet olsun.""]"
d8735306-594d-42e6-bbce-7a825f4d525c,Kremalı Pancar Çorbası,Turkey,"Kremalı Pancar Çorbası, lezzetli ve besleyici bir başlangıç için mükemmel bir seçim",Ye,"[""3 adet orta boy pancar"", ""2 adet orta boy kuru soğan"", ""1 paket krema"", ""3 yemek kaşığı zeytinyağı"", ""1 litre su"", ""1 çay kaşığı tuz"", ""1 çay kaşığı karabiber""]","[""Püf noktasında belirttiğimiz biçimde haşladığınız pancarların kabuklarını soyun ve dilediğiniz büyüklükte doğrayın."", ""Soğanların kabuklarını soyun ve ince ince doğrayın."", ""Sarımsağında kabuklarını soyun ve doğrayın."", ""Bir tencerenin içerisine zeytinyağını, soğan ve sarımsağı alın, sotelemeye başlayın."", ""Sarımsak ve soğan hafifçe renk değiştirip kavrulduktan sonra üzerine doğranmış pancarları ilave edin."", ""Pişen sebzelere tuz, karabiber ilave edip iyice karıştırın ve suyu ekleyin. Pişmeye bırakın."", ""İyice piştiğinden emin olduğunuzda ocaktan alın ve el mikseri yardımıyla iyice ezin."", ""Çorbayı tekrar ocağın üzerine alın ve kremayı ilave edin. Kıvam aldığında ocaktan alın ve afiyetle tüketin.""]"
4be1264e-9f9a-4e79-adf8-e363a098d325,Soğanlı Menemen,Turkey,Yumurtalı ve soğanlı lezzetli bir klasik menemen tarifi,Ye,"[""4 yemek kaşığı zeytinyağı"", ""1/2 adet soğan"", ""4 adet sivri biber"", ""1 adet kapya biber"", ""4 adet domates"", ""4 adet yumurta"", ""1 çay kaşığı tuz"", ""1 çay kaşığı karabiber""]","[""Zeytinyağını yapışmaz tabanl bir tavaya alın ve ince ince doğradığınız kuru soğanı pembeleşene dek kavurun."", ""Ardından sivri biberleri ve kapya biberleri ekleyin ve kavurmaya devam edin."", ""Biberler solmaya başlayınca küp küp doğradığınız domatesleri de ekleyin."", ""Kapağını kapatıp, domatesler iyice yumuşayana dek pişirin."", ""Yaklaşık 10 dakika yeterli olacaktır."", ""Son olarak incecik doğradığınız taze soğanı da ekleyin."", ""Soğanların rengi solunca yumurtaları kırın ve baharatları ekleyip karıştırın."", ""Yumurtalar pişene kadar karıştırın ve ardından ocağın altını kapatıp, soğanlı menemeni sıcak sıcak servis edin.""]"
fdca1273-70d0-406e-9223-730f80c04f1e,Damla Sakızlı Tavuk Göğsü,Turkey,"Damla sakızının eşsiz aromasıyla zenginleştirilmiş, lezzetli ve pratik bir tavuk göğsü tarifi",Tavuk Yemekleri,"[""125 gram tereyağı"", ""1 su bardağı un"", ""1 su bardağı toz şeker"", ""1 litre süt"", ""1 adet damla sakızı (ezilmiş)""]","[""Tereyağını tencereye alıp eritin."", ""Eriyen tereyağının üzerine unu ekleyip rengi hafif koyulaşıp, kokusu çıkana kadar karıştırarak kavurun."", ""Üzerine sütü ekleyerek çırpıcı ile karıştırmaya devam edin. Tortu kalmaması için sürekli karıştırmanız önemli."", ""Süt hafif kaynayınca damla sakızını da ekleyip karıştırmaya devam edin."", ""Son olarak da şekeri ekleyin ve kaynayıp iyice koyulaşana kadar pişirin."", ""Koyulaşan tatlıyı blender yada süzgeçten geçirin ve ıslattığınız borcama dökün. Buzdolabında en az 2 saat dinlendirin."", ""Tarçın, badem yada fındık ilavesiyle servis edebilirsiniz. Afiyet olsun!""]"
e0b58b61-124d-476a-9d36-314a347af9c8,Kolay Elmalı Profiterol,Turkey,Elmalı ve tarçınlı lezzetli pratik bir tatlı,Ana Yemek,"[""2 adet kırmızı elma"", ""1 paket petibör bisküvi"", ""1 çay kaşığı tarçın"", ""1/2 su bardağı ceviz""]","[""Elmalar kabukları soyulup rendelenir."", ""Bisküviler ve ceviz rondodan geçilerek un haline getirilir."", ""Elma, bisküvi, tarçın ve ceviz birlikte karıştırma kabına alınarak yoğurulur. Kıvamı sıvı gelirse, biraz daha bisküvi ilave edilebilir."", ""Hazırlanan harçtan ceviz büyüklüğünde parçalar koparılarak servis tabağına alınır."", ""Üzerine çikolata sosu ve ceviz eklenip afiyetle yenir. Afiyet olsun!""]"
cc9e4de4-ca52-4e5a-838b-41a081a93793,Tahinli Pekmezli Raw Cookie,Turkey,"Sağlıklı ve pratik bir atıştırmalık olan tahinli pekmezli raw cookie, pişirmeden hazırlanır",Ye,"[""4 yemek kaşığı yulaf"", ""1 yemek kaşığı tahin pekmez"", ""1/2 su bardağı ceviz içi"", ""1/2 su bardağı kuru üzüm"", ""20 gram bitter çikolata"", ""1 adet kivi""]","[""Çikolata ve kivi hariç bütün malzemeleri karıştırın."", ""Ardından şekil verin ve buzdolabında soğuması için 15 dakika bekletin."", ""Erittiğiniz çikolatayı üstlerine paylaştırın. Kiviyi dilimleyip yerleştirin. Afiyet olsun.""]"
38a47a44-2184-4cfe-b2ab-27bbbc672720,Mayalı Poğaça,Turkey,Yumuşacık ve lezzetli mayalı poğaça tarifi,Ye,"[""3 su bardağı ılık süt"", ""1 su bardağı sıvı yağ"", ""6 yemek kaşığı şeker"", ""2 tatlı kaşığı tuz"", ""1 adet yaş maya"", ""5-6 su bardağı un (aldığı kadar)"", ""1 adet yumurta sarısı""]","[""Önce maya ılık süt ve şekeri iyice karıştırın."", ""Sonra yağ ile unu karıştırın."", ""30 dakika mayalanmasını bekleyin. Hamurdan parçalar kopartın. Yuvarlayın."", ""İstediğiniz gibi şekil verebilirsiniz ve içini istediğiniz malzemeler ile doldurabilirsiniz."", ""Önceden ısıtılmış 175 derecelik fırında 30 dakika kadar pişirin. Afiyet olsun.""]"
87a41292-ecd9-4d15-b8fb-06ed28805f68,Portakal Soslu Kek,Turkey,"Portakal sosuyla harmanlanmış, pratik ve lezzetli bir kek tarifi",Ye,"[""4 adet yumurta"", ""1 su bardağı şeker"", ""1 su bardağı sıvı yağ"", ""1 su bardağı süt"", ""3 su bardağı un"", ""1 paket kabartma tozu"", ""1 paket vanilin"", ""1 tatlı kaşığı portakal kabuğu rendesi""]","[""Portakal soslu kek için yumurta ve şekeri çırpın."", ""Sıvıları ilave edin. Ardından diğer malzemeleri ilave ederek karıştırın."", ""Yağlanmış kek kalıbına harcı aktarın."", ""180 derecede 40 dakika pişirin. Sos malzemelerini bir araya getirip karıştırarak pişirin."", ""Kekin üzerine gezdirerek servis edin. Portakal soslu kek hazır. Afiyet olsun.""]"
431617ce-812e-49ca-b0b8-ca39fdfb7840,Muffin Kek,Turkey,Lezzetli ve pratik muffin kek tarifimizle çay saatlerinizi renklendirin,Ye,"[""2 adet yumurta"", ""1 çay bardağı toz şeker"", ""1 çay bardağı süt"", ""1 çay bardağı sıvı yağ"", ""1 adet limon kabuğu rendesi"", ""1 paket kabartma tozu"", ""2 çay bardağı un""]","[""Yumurta ve şekeri güzelce çırpalım sonra."", ""Daha sonra süt, yağ ve limon kabuğu rendesini ekleyip karıştıralım."", ""Un ve kabartma tozunu eleyerek ekleyip karıştıralım."", ""Kıvamlı bir hamur olması lazım ki üzerine koyduğumuz malzeme dibe çökmesin."", ""Üzerine çikolata eklemecekseniz şekeri 2 yemek kaşığı fazla ekleyelim."", ""Muffin kağıtlarına paylaştırın. Dilerseniz frambuaz da koyabilirsiniz."", ""20 dakikadan sonra kontrol edelim. Fırından fırına pişirme süresi değişkenlik gösterir. Afiyet olsun.""]"
f15f6ce8-ea7b-4559-9b74-7f55548b793d,Meyve Salatası,Turkey,Taze ve lezzetli meyvelerle hazırlanan ferahlatıcı bir atıştırmalık,Salata,"[""1 adet muz"", ""2 adet ananas (1 dilim)"", ""10- 15 adet üzüm"", ""1 adet portakal"", ""5 - 6 adet çilek""]","[""Üzümleri sapından ayıklayıp bir kaba aktarın."", ""Portakalın kabuğunu soyup küp küp doğrayın."", ""Muzu da halka halka dilimleyip kaseye aktarın."", ""Çilek ve ananası da doğrayın."", ""Karıştırma kabına ekleyip karıştırın."", ""Meyve salatası tarifiniz hazır. Afiyet olsun!""]"
688bbad6-7eb1-4bb0-b385-5c60260bb6da,Etsiz Çiğ Köfte,Turkey,"Geleneksel lezzetlerin modern dokunuşla buluştuğu, sağlıklı ve pratik atıştırmalık",Vegetarian,"[""3 su bardağı esmer bulgur"", ""1 su bardağı domates rendesi"", ""3 yemek kaşığı isot"", ""1 adet küçük boy soğan (rendelenmiş)"", ""1,5 yemek kaşığı biber salçası"", ""1 yemek kaşığı domates salçası"", ""1/2 su bardağı zeytinyağı""]","[""Bulgur, domates rendesi ve oda ısısındaki suyla ıslatılır. Yumuşayıncaya kadar (yaklaşık 1 saat) bekletilir."", ""Bulgur dişe gelmeyecek şekilde yumuşayınca yoğurma işlemine başlanır. Soğan, sarımsak, yağ ve salçalar eklenip iyice yoğrulur."", ""İsot, nar ekşisi ve 2-3 yemek kaşığı su bir kapta karıştırılır."", ""Bulgura bu karışım da eklenir, yoğurmaya devam edilir. Kıvamı tutana kadar iyice yoğurulur ve ardından servis edilir. Afiyet olsun.""]"
c793a643-0a10-42c3-ac8f-d95c19da12f4,Kaymaklı Ayva Tatlısı,Turkey,"Şerbeti içinde yumuşayan ayvalar, kaymak ve tarçın ile harika bir kış tatlısı",Tatlı,"[""3 adet orta boy ayva"", ""2 adet çubuk tarçın"", ""5 adet karanfil"", ""1,5 su bardağı su"", ""2 tatlı kaşığı vişne reçeli"", ""1 çimdikgıda boyası"", ""1 çay kaşığı toz Antep fıstığı""]","[""Ayvaları güzelce yıkayın. İkiye bölün ve kabuklarını soyun ve içini temizleyin. Ayvanın hiçbir şeyini atmayın."", ""Kabuklarını tencerenin altına koyun üzerine ayvaları ekleyin. Üzerine her birine 1'er fincan toz şeker ekleyin. Tarçını ve karanfili de ekleyin."", ""1 su bardağının içine 2 tatlı kaşığı vişne reçelini ve bir çimdik gıda boyası tozunu ekleyip karıştırın ve suyu tencereye ekleyin."", ""30-35 dakika yumuşaklığını kontrol ederek pişirin. Soğuduktan sonra kaymak ve toz Antep fıstığı ile servis edin. Afiyet olsun.""]"
5285c6e3-d3d7-42cc-aa32-847e24643b0c,Ketojenik Kurabiye,Turkey,Lezzetli ve şeker içermeyen ketojenik kurabiye tarifi,Keto,"[""6 yemek kaşığı badem unu"", ""2 yemek kaşığı Hindistan cevizi unu"", ""3 yemek kaşığı stevia"", ""1 çay kaşığı kabartma tozu"", ""60 gram bitter çikolata"", ""2 adet yumurta"", ""50 gram eritilmiş tereyağı""]","[""Yumurta ve tereyağı haricindeki malzemeleri karıştırın."", ""Sonra yumurta ve tereyağını ekleyin ve bir kaşık yardımıyla iyice karıştırın."", ""Fırın tepsisine pişirme kağıdı koyup, aralık bırakarak bir kaşıkla kurabiye hamurunu koyun."", ""180 derece fırında 10-15 dakika pişirin. Afiyet olsun.""]"
d8b2c181-c78e-44b1-9deb-d17e7fdad89f,Kek Tarifleri,Turkey,Lezzetli ve pratik kek tarifleriyle tatlı krizlerinizi anında çözün,Tatlı,"[""Etimek Tatlısı Tarifi"", ""Damla Çikolatalı Kurabiye"", ""Tatlı Tarifleri Spoonful Mozaik Pasta Çikolatalı Sufle İrmik Helvası Fırın Sütlaç Profiterol Revani Magnolia"", ""Kahvaltılık Tarifler Pancake Krep Pişi Kuymak Kaygana Kahvaltılık Sos Menemen Muhlama Yumurtalı Ekmek Omlet"", ""Omlet""]","[""Üzümlü, portakallı, cevizli, tarçınlı, havuçlu ve kakaolu gibi onlarca çeşidi bulunan kekler iştah kabartan kokularıyla bütün evi etkisi altına alacak. İster sade, ister mozaik, ister kakaolu tüm bu k"", ""Mutfakta çareler tükenmez. Bayat ekmekler de değerlendirilir, artan yemekler de. Bu kez de sırada bayatlayan, kalan kekler var! Bu bayat kek değerlendirme yöntemleriyle keklerinizi bambaşka tatlılara,"", ""Islak kek yaptığınızda kek sosunu tam çekmiyor ya da kıvamı istediğiniz gibi olmuyorsa nefis sos önerilerimiz var, toplanın! Kıvamı mükemmel, ıslaklığı tam istediğiniz gibi olacak ıslak kekler yapmak"", ""İçerisinde az un olması sebebiyle kıvamı bildiğimiz keklerden çok daha farklı olan, çikolata tadının buram buram hissedildiği, hafif nemli kıvamıyla öne çıkan brownie'yi evde tam kıvamında yapmak bizi""]"
554c53d8-b1a4-43f0-ae5a-0b62c4480a78,Tavuk Soteli Patates,Turkey,"Zeytinyağında sotelenmiş tavuk göğsü ile pişirilen, doyurucu ve lezzetli bir patates yemeği",Tavuk Yemekleri,"[""1/4 çay bardağı zeytinyağı"", ""600 gram tavuk göğsü"", ""1 adet soğan"", ""1 adet kırmızı kapya biber"", ""2 adet yeşil biber"", ""1 tatlı kaşığı salça"", ""1 çay kaşığı karabiber"", ""1 çay kaşığı kırmızı toz biber"", ""1 tatlı kaşığı pul biber"", ""1 tatlı kaşığı tuz""]","[""Öncelikle patatesleri bir tencereye alarak haşlayalım. Tavuk sotemiz için bir tavaya zeytinyağını koyup küçük küp küp doğradığımız tavukları alalım."", ""Tavuklarımız biraz piştikten sonra minik olarak doğradığımız soğan, kırmızı biber, yeşil biberi ekleyip karıştıralım."", ""Pişmesine yakın salça, baharatları ve tuzu ekleyelim bir 10 dakika kadar daha piştikten sonra ocağımızın altını kapatalım."", ""Haşlanan patateslerimizi çatal yardımıyla ezip karabiber ve tuzunu ekleyip karıştıralım. Yağladığımız borcama önce patatesimizi koyarak düzeltelim, daha sonra tavuk soteyi koyup her tarafına yayalım."", ""Son olarak rendelediğimiz kaşar peyniri üstüne yayıp önceden ısıttığımız 150 derece fırında kaşarlarımız eriyip üzeri kızarana kadar pişirelim.""]"
c967d571-170f-49a3-84e3-c9d542b8859b,Klasik Kabak Mücver,Turkey,"Lezzetli ve pratik kabak mücver, sofralarınızın vazgeçilmezi olacak",Sebze Yemekleri,"[""2 adet yumurta"", ""3 adet kabak"", ""2 yemek kaşığı un"", ""5-6 adet yeşil soğan"", ""1 çay kaşığı tuz"", ""1 çay kaşığı karabiber"", ""2 yemek kaşığı sıvı yağ""]","[""İlk olarak mücver malzemelerini hazırlayalım. Kabakları soyarak rendenin iri kısmında rendeleyelim. Yeşil soğan, dereotunu minik minik doğrayın."", ""Bir kabın içerisine un ve yumurtayı pürüzsüz bir hale gelene kadar çırpın."", ""Daha sonra doğradığımız yeşil soğan, dereotu ve baharatları harmanlayıp üzerine kabakları ilave edin ve iyice yoğurun."", ""Tavada yağı ısıtın, ısınmış yağa birer kaşık harcımızdan koyarak alt üst şekilde kızartın.""]"
44833e0f-91f3-4f19-bf88-63bd0d31cb5d,Çilekli Fit Marmelat,Turkey,Şeker eklenmeden hazırlanan sağlıklı ve lezzetli çilekli marmelat,Ana Yemek,"[""20 adet çilek"", ""1 tatlı kaşığı pekmez"", ""3 yemek kaşığı limon suyu"", ""2 silme tatlı kaşığı nişasta"", ""4 tatlı kaşığı su""]","[""20 adet orta boy çileğimizi dörde bölerek ufak parçalar elde ediyoruz."", ""Doğradığımız çilekleri derin bir tencereye alıp yüksek ateşte sürekli karıştırarak suyunu salmalarını bekliyoruz."", ""Suyunu salan ve kaynamaya başlayan çileklere sırasıyla, 3 yemek kaşığı limon suyu, 1 tatlı kaşığı pekmez ve 4 tatlı kaşığı su ile ayrı bir kapta açtığımız 2 tatlı kaşığı nişastayı ekliyoruz."", ""Eklenen malzemelerle birlikte mutlu sona yaklaştığımız çilekli marmelat için karışımın altını kısıp bir 5 dakika daha kaynatıyoruz. Sürekli karıştırmayı unutmuyoruz."", ""Kaynatma işlemini tamamladıktan sonra çileklerimizi kenara alıp soğumaya bırakıyoruz."", ""Soğuyan çilekleri blender yardımıyla çekip marmelatımızı elde diyoruz. Afiyet olsun.""]"
d90a98fd-3c01-4f79-b79c-92853b6dd49d,Ganaj,Turkey,Etimek tatlısı için pratik ve lezzetli ganaj sosu,Ana Yemek,"[""200 gram krema (1 paket)"", ""180 gram çikolata"", ""Etimek Tatlısı Tarifi"", ""Damla Çikolatalı Kurabiye"", ""Tatlı Tarifleri Spoonful Mozaik Pasta Çikolatalı Sufle İrmik Helvası Fırın Sütlaç Profiterol Revani Magnolia"", ""Kahvaltılık Tarifler Pancake Krep Pişi Kuymak Kaygana Kahvaltılık Sos Menemen Muhlama Yumurtalı Ekmek Omlet"", ""Omlet""]","[""Kremayı sos tenceresine alın. Ocağın altını yakın. Kısık ateşte kremayı sadece ısıtın, kaynatmayın"", ""sınan kremanın içerisine çikolatayı ekleyin."", ""Eriyinceye kadar karıştırın."", ""Çikolata tamamen eriyip homojen bir karışım elde ettikten sonra ganajı bir kaseye alıp üzerini streçleyin."", ""Buzdolabında bir süre dinlendirin. Dilediğiniz tatlı yapımında kullanabilirsiniz. Afiyetler olsun!""]"
ca553589-efb4-41ea-9896-681486684246,Vejetaryen Karnabahar Pizza,Turkey,"Karnabahar tabanlı, lezzetli ve sağlıklı bir pizza alternatifi",Vegetarian,"[""1 adet orta boy karnabahar"", ""2 adet yumurta"", ""1 su bardağı kaşar peyniri (yağsız)"", ""1 yemek kaşığı pizza sosu""]","[""Karnabaharı sapları olmadan çiçeklere ayırıyoruz ve rondodan geçiriyoruz. Bir tülbent yardımı ile iyice suyunu sıkıyoruz."", ""Daha sonra fırın tepsisine alıyoruz, 180 derecelik fırında 10 dakika kadar pişiriyoruz."", ""Fırından çıkan karnabaharımızı derin bir kaba alıyoruz. Üzerine 2 yumurtayı, kaşar peynirimizin yarısını, baharatları atıp iyice yoğuruyoruz."", ""Daha sonra yağlı kağıt serdiğimiz fırın tepsimize kalp şekli vererek 180 derecede 10 dakika kadar pişiriyoruz."", ""Fırından çıkan pizza tabanımızın üzerine biraz pizza sosu gezdirip kalan kaşar peynirleri ilave ettikten sonra domatesleri de yuvarlakça kesip diziyoruz."", ""180 derecede 15 dakika daha pişirip afiyetle yiyoruz :)""]"
58384b09-ccad-4afe-a584-a65167ad3071,Tam Buğdaylı Simit,Turkey,Tam buğday unuyla hazırlanan sağlıklı ve lezzetli ev simidi tarifi,Börek & Hamur İşi,"[""1 çay bardağı ılık süt"", ""1 çay bardağı ılık su"", ""1 çay kaşığı (silme) tuz"", ""2 adet küp şeker"", ""1 adet yumurta"", ""3 su bardağı tam buğday unu"", ""1 çay bardağı su"", ""2 çay kaşığı susam"", ""2 çay kaşığı ayçekirdeği içi""]","[""Kuru maya, ılık su, süt ve şekeri karıştırıp 5 dakika kadar aktive olmasını bekliyoruz."", ""Ardından yumurta ve tuzu da ekleyip çırpıyor, unu yavaşça ekliyoruz. Unu da ekleyip karıştırdıktan sonra, 45 dakika kadar mayalanması için bırakıyoruz."", ""O esnada pekmez ve 1 çay bardağı suyu karıştırıyoruz. Susam ve ay çekirdeğini de başka bir kaba döküyoruz."", ""Mayalanan hamurdan ikişer parça koparıp rulo şekli veriyoruz. İki tanesini birleştirip örgü şekli verip birleştiriyoruz."", ""Önce pekmezli suya, ardından susam ve ay çekirdeğine bulayıp tepsiye diziyoruz. 15 dakika da bekletiyoruz."", ""Önceden ısıtılmış 180 derecelik fırında pişiriyoruz. Afiyet olsun.""]"
a74c7bfb-8c64-446f-b0cc-42f27e2739f7,Kremalı Brokoli Çorbası,Turkey,"Kremalı ve lezzetli brokoli çorbası, sağlıklı ve doyurucu bir başlangıç",Çorba,"[""500 gram brokoli"", ""2 adet havuç"", ""1 adet soğan"", ""1 çay bardağı sıvı krema"", ""2-3 su bardağı sıcak su"", ""2 yemek kaşığı tereyağı"", ""1 yemek kaşığı un"", ""2 su bardağı süt"", ""1 çay kaşığı karabiber"", ""2 çay kaşığı tuz""]","[""Yıkayıp doğradığımız havucu, brokoliyi ve soğanı tencereye alıyoruz. 2-3 su bardağı (üzerini geçecek kadar) sıcak suyumuzu ekledikten sonra yumuşayana kadar haşlanmaya bırakıyoruz."", ""Sebzelerimiz haşlandıktan sonra başka bir tencerede tereyağını eritip unu ekleyerek kokusu çıkana kadar kavuruyoruz."", ""Kavrulan unun üstüne 2 su bardağı sütümüzü de yavaş yavaş ekleyerek beşamel sosumuzu karıştırıp kaynatıyoruz."", ""Sütlü karışımın üzerine sebzelerimizi ekliyoruz. Haşladığımız sebzelerin suyunun yarısını da ilave ediyoruz. (Ben kıvamı koyu olunca biraz fazla ekledim, siz de çorbanıza göre ayarlayabilirsiniz)"", ""Blender ile iyice eziyoruz. Üzerine kremayı, tuzu ve karabiberi de ekleyerek 5 dakika daha kaynatıp altını kapatıyoruz. Afiyet olsun.""]"
e061f8a7-b808-461b-bdad-fb9eef111234,Erikli Muffin,Turkey,"Taze eriklerle hazırlanan, pratik ve lezzetli bir muffin tarifi",Ana Yemek,"[""50 gram un (1/4 su bardağı)"", ""50 gram şeker (1/3 su bardağı)"", ""40 gram soğuk tereyağı (1 dolu yemek kaşığı)"", ""1 çay kaşığı tarçın"", ""1/2 çay kaşığı tuz"", ""1 çay kaşığı kabartma tozu""]","[""Streusel için, tüm malzemeleri bir kapta birleştirip elinizle toz haline getirin."", ""40 dakika kadar buzlukta bekletin."", ""Muffin için tüm malzemeler oda sıcaklığında olmalı."", ""Yumuşak tereyağını şeker ve vanilin ile çırpın. Yumurtaları ilave edin. Süt ilave edin."", ""Un ve kabartma tozunu da ilave edip kıvamlı bir hamur elde edin."", ""Erikleri küp küp doğrayıp hamura ilave edin."", ""Muffin kalıplarını tam dolmayacak şekilde kaşık ile doldurun."", ""Üzerine streusel serpip 180 derece sıcak fırında 30-35 dakika pişirin. Afiyet olsun.""]"
a5cc8a97-1e19-4435-bfd3-8cdaaa005f5e,Pratik Mercimek Çorbası,Turkey,"Lezzetli ve doyurucu pratik mercimek çorbası, sofralarınızın vazgeçilmezi olacak",Çorba,"[""1,5 su bardağı mercimek"", ""1 adet orta boy soğan"", ""3 yemek kaşığı zeytinyağı"", ""1 yemek kaşığı tereyağı"", ""2 yemek kaşığı un"", ""1 tatlı kaşığı tuz"", ""1 çay kaşığı karabiber"", ""1,5 litre su""]","[""Tencereye önce yağı, ardından soğanları ekleyin. Kavurmaya başlayın."", ""Mercimekleri de ekleyin ve kavurmaya devam edin."", ""Unu da ekleyin ve kavurmaya devam edin."", ""Suyu da ekleyin ve kaynayana kadar pişirin."", ""Blender ile çektikten sonra baharatları ekleyin ve bir taşım kaynatın.""]"
7c591647-5d61-4909-b231-47f1a25e55c1,Kırmızı Pancar Salatası,Turkey,"Lezzetli ve renkli kırmızı pancar salatası, ferahlatıcı turşu ve tatlı mısırla harmanlanmış sağlıklı bir seçenek",Salata,"[""2 adet kırmızı pancar"", ""10-15 adet kornişon turşu"", ""1 su bardağı süt mısır"", ""1/2 su bardağı nar"", ""1 adet havuç"", ""1 adet soğan"", ""1 adet limon"", ""1 tatlı kaşığı tuz""]","[""Pancarın kabuklarını soyup küp küp doğrayıp yumuşayacak ama diri kalacak şekilde haşlayalım."", ""Havuçların da kabuklarını soyup küp küp doğrayıp ayrı tencerede haşlayalım."", ""Yeşillikleri, turşu ve soğanı da doğrayalım. Haşlanan sebzeleri süzüp tabağa alalım."", ""Bütün doğranmış malzemeleri bir kapta birleştirip limon, tuz ve yağını ekleyip karıştırıp servis tabağına alalım.""]"
c5e16c48-b228-4736-980f-967d4c859fa1,Patatesli Antrikot,Turkey,Lezzetli antrikot ve yumuşak patatesle hazırlanan doyurucu bir ana yemek,Ana Yemek,"[""2 adet soğan"", ""3 adet patates"", ""2 adet domates"", ""3 adet antrikot"", ""2 tatlı kaşığı tuz"", ""1 çay kaşığı karabiber"", ""6 yemek kaşığı zeytinyağı"", ""1 adet küp şeker"", ""1 çay kaşığı kekik""]","[""Antrikotlar 3'e bölüp, yağsız tavada arkalı önlü mühürleyin. Tuz ve karabiber serpin ve bir kaba alın."", ""Patatesleri ve soğanları halka halka kesin. Domatesleri ve sarımsakları küp küp doğrayın."", ""Tencereye zeytinyağı ekleyin. Önce soğanları koyun daha sonra patateslerin yarısı koyun. Üzerine etleri koyup daha sonra tekrar patatesleri koyun. Üzerine tuz ve karabiber serpin."", ""Son olarak domatesleri ve sarımsakları koyun ve şeker ekleyin."", ""Tencerenin altı kısık bir şekilde 1 saat pişirin. Piştikten sonra üzerine kekik serpin.""]"
6d294f7a-d0fb-4c1a-80f5-9f32298cd296,Yeşil Kabaklı Kek,Turkey,"Yeşil kabaklı kek, pratik ve lezzetli bir atıştırmalık alternatifidir",Tatlı,"[""2 adet yumurta"", ""1 su bardağı şeker"", ""1 su bardağı sıvı yağ"", ""2 adet kabak"", ""1/2 su bardağı ceviz içi (iri çekilmiş)"", ""1 paket kabartma tozu"", ""1 paket vanilya"", ""1 paket kakao (25 gram)"", ""5 yemek kaşığı un""]","[""Yumurta ve şekeri çırpıyoruz."", ""Sıvı yağ ve kakaoyu koyup karıştırıyoruz."", ""Rendeleyip suyunu sıktığımız kabakları ve iri dövülmüş cevizleri ilave ediyoruz."", ""Kabartma tozunu, vanilyasını ve ununu katıp karıştırıyoruz."", ""Yağladığımız kek kalıbına döküyoruz."", ""180 derecede 45 dakika kontrollü bir şekilde pişiriyoruz.""]"
826d2f79-9cd4-4d2a-9ec4-1fbc65a1b423,Sosisli Milföy Böreği,Turkey,"Pratik ve lezzetli atıştırmalık, sosisli milföy böreği",Börek & Hamur İşi,"[""1 paket milföy hamuru"", ""1 adet yumurta"", ""Etimek Tatlısı Tarifi"", ""Damla Çikolatalı Kurabiye"", ""Tatlı Tarifleri Spoonful Mozaik Pasta Çikolatalı Sufle İrmik Helvası Fırın Sütlaç Profiterol Revani Magnolia"", ""Kahvaltılık Tarifler Pancake Krep Pişi Kuymak Kaygana Kahvaltılık Sos Menemen Muhlama Yumurtalı Ekmek Omlet"", ""Omlet""]","[""Sosisleri ilk önce boyuna ikiye bölün sonra enine ikiye kesiyoruz."", ""Milföy hamurlarını ikiye kesiyoruz."", ""Milföy hamurunun üstüne kestiğimiz 2 adet sosisi koyuyoruz."", ""Kare olan milföy hamurunu çapraz 2 köşeden birleştirip pişirirken açılmaması için kenarlarını çatalla sabitliyoruz. Milföyün üzerine yumurta sarısı sürün."", ""180 derece fırında 25 dakika pişiriyoruz. Afiyet olsun.""]"
649ceddc-4d86-4608-8d6f-9dd337374ded,Porsiyonluk Sebzeli Tavuk,Turkey,Sebzelerin lezzetiyle buluşan pratik ve doyurucu bir tarif,Tavuk Yemekleri,"[""300 gram tavuk bonfile"", ""2 adet patlıcan"", ""1 adet kapya biber"", ""1 adet yeşil biber"", ""2 yemek kaşığı zeytinyağı""]","[""Tavuğu küp küp doğrayalım. Kısık ateşte suyunu bırakıp tekrar çekene kadar pişirelim."", ""2 yemek kaşığı zeytinyağı ile kavuralım. Bu aşamada damak tadına göre tuz atılabilir."", ""Patlıcanları küpler halinde doğrayarak hafif kızartalım."", ""Tek kişilik fırın kaplarına alt tabana tavukları üzerine patlıcanları yerleştirelim."", ""Sos için tüm malzemeleri karıştıralım. Sosu üzerilerine dökelim."", ""Önceden ısıtılmış 200 derece fırında yaklaşık 40 dakika pişirelim. 40 dakika dan sonra kağıtları alıp 5 dakika kızartalım. Afiyet olsun.""]"
7de7c0a7-b0be-4271-bf2c-ee175b73448d,Banana Bread Muffin,Turkey,"Lezzetli ve pratik banana bread muffin tarifimiz, kahvaltı veya atıştırmalık için mükemmel bir seçenek",Ana Yemek,"[""2 adet olgun muz"", ""2 adet yumurta"", ""2 yemek kaşığı pekmez"", ""1 tatlı kaşığı tarçın"", ""1 yemek kaşığı chia tohumu"", ""1/2 çay kaşığı kabartma tozu"", ""1/2 çay kaşığı karbonat"", ""1/2 su bardağı tam buğday unu""]","[""Muzlar püre haline getirilir."", ""Püre haline getirilmiş muzlara yumurta, pekmez ve tarçın eklenerek karıştırılır."", ""Kalan kuru malzemeler eklenir ve hamur homojen kıvama gelene kadar karıştırılır."", ""Muffin kalıplarına dökülür ve önceden ısıtılmış 170 derecelik fanlı fırında 15 dakika pişirilir ve hazır! Afiyet olsun!""]"
701427e7-c2f9-4b7e-88e6-3313c3b10ec5,Haşlama İçli Köfte,Turkey,"Bulgurun lezzetli dünyasıyla tanışın, pratik ve doyurucu haşlama içli köfte tarifimiz",Et Yemekleri,"[""2 su bardağı bulgur"", ""1 adet yumurta"", ""1 su bardağı un"", ""1 çay kaşığı tuz""]","[""Bulguru bir kaba alıp tuz ekleyin ve sıcak su ile ıslatın. 15 dakika sonra unu ekleyip ellerinizle iyice harmanlayın yumurtayı da kırdıktan sonra iyice kıvam alana kadar yavaş yavaş su ekleyerek yoğur"", ""Tavaya tereyağı ya da sıvı yağını alıp kıyma ardından soğanı kavurun. Salça ve baharatları ekledikten sonra altını kapatıp ceviz ve maydanozu ekleyin."", ""Yuvarlak şekil verip inceltin içini doldurun. Kaynar suda haşlayın."", ""Sos için tavaya tereyağı, salça ve suyu ekleyip karıştırarak özdeşleşmesini sağlayın. Tamamen homojen bir hal alınca altını kapatın ve haşlanmış köftelere gezdirip afiyetle yiyin.""]"
ac70ec2e-2df2-44db-b581-cf9d071175e1,Tatlı Nohut,Turkey,"Fıstık ezmesi ve bal ile tatlandırılmış, pratik ve sağlıklı bir atıştırmalık lezzeti",Tatlı,"[""1,5 su bardağı haşlanmış nohut"", ""1 yemek kaşığı fıstık ezmesi"", ""1 yemek kaşığı bal"", ""1 yemek kaşığı kakao""]","[""Mutfak robotuna tüm malzemeler koyulur ve homojen bir hal alana kadar çekilir."", ""Buzdolabında 30 dakika dinlendirilir."", ""Buzdolabından çıkarılıp şekil verilerek istenen malzemeye bulanır ve hazır. Afiyet olsun!""]"
91cfaa5f-a563-4449-a71d-3fc443ed3b0f,Kırmızı Pancar Köftesi,Turkey,"Sağlıklı ve lezzetli bir alternatif olan kırmızı pancar köftesi, hem göz dolduran rengi hem de doyurucu tadıyla sofralarınızı şenlendirir",Et Yemekleri,"[""4 adet büyük boy pancar"", ""1 büyük su bardağı haşlanmış nohut"", ""1 adet soğan""]","[""Öncelikle küp küp kestiğiniz soğanları yapışmaz bir tavada kavurunuz."", ""Pancarları soyup rendeleyiniz ve tavaya ekleyiniz."", ""Büyük bir kaba haşlanmış nohutları alıp eziniz. Pancarları da bu kaba aktarınız."", ""Üzerine elma sirkesini, tam buğday ununu, dereotunu ve tuzunu ekleyiniz."", ""Yapışmaz tavaya zeytinyağı gezdirdikten sonra ısıtınız. Karışıma köfte şekli vererek tavada önlü arkalı pişiriniz. Afiyet olsun.""]"
c85ef5a3-0ec0-4fc0-ab07-dbb9ba2038c5,Kremalı Brokoli Çorbası,Turkey,"Sağlıklı ve doyurucu, tek kapta hazırlanan kremalı brokoli çorbası",Çorba,"[""1 adet brokoli (orta boy)"", ""1 adet havuç"", ""1 adet soğan"", ""1,5 yemek kaşığı un"", ""2 yemek kaşığı tereyağı"", ""2 yemek kaşığı zeytinyağı"", ""5 yemek kaşığı krema""]","[""Brokolileri güzelce yıkadıktan sonra üzerine gelecek kadar su ekleyip haşlayın. İyice yumuşayana kadar haşladığınız brokolileri bir ezecek ya da blender ile iyice ezin ve bu karışım bir kenarda hazır"", ""Başka bir tencereye çok ince doğradığınız soğanı ve rendelediğiniz havucu ekleyerek zeytinyağında güzelce kavurun."", ""Renkleri değişince unu ve tereyağını ilave edip unun kokusu çıkana kadar kavurun. Un kavrulunca blenderdan geçirdiğiniz brokolileri ekleyin."", ""Kaynama noktasına gelince kremasını ve tuzunu ekleyip bir iki dakika daha kaynatarak servis edin. Afiyet olsun.""]"
31c3cca9-af30-4df0-a83c-4c139db9f020,Hamburger Tarifleri,Turkey,"Soğuk çay, yaz aylarında ferahlatmak için ideal, hızlı ve pratik bir içecek tarifi",Ana Yemek,"[""Soğuk Çay""]","[""Her gün yemek yapıyor olmanın belki de en zor noktası hangi yemeği yapacağını uzun uzun düşünmek, evdeki malzemelere de uygun olarak \""Bugün ne pişirsem?\"" derdine çare aramaktır. Akşama ne pişirsem derdini ortadan kaldıracak, her bütçeye uygun yemek tariflerimiz karşınızda: Bugün Ne Pişirsem?""]"
d94a55e4-cf71-4fac-9ca8-c36f29db14f5,Katmer Poğaça,Turkey,"Lezzetli katmer poğaça, çay saatlerinin vazgeçilmezi olacak. İçerdiği malzemelerle kolayca hazırlayabileceğiniz bu poğaçalar hem pratik hem de çok lezzetli",Börek & Hamur İşi,"[""1 su bardağı ılık süt"", ""2 yemek kaşığı toz şeker"", ""1 yemek kaşığı kuru maya"", ""2 yemek kaşığı yoğurt"", ""2 adet yumurta"", ""250 gram tereyağı (oda sıcaklığında bekletilmiş)"", ""7,5 su bardağı un""]","[""Derin bir karıştırma kasesinde ılık süt, toz şeker ve kuru mayayı karıştırın. 2-3 dakika kadar mayanın aktif hale gelmesini bekleyin."", ""Üzerine yoğurt, yumurta ve oda ısısında bekletilmiş tereyağını da ekleyin."", ""Son olarak unu da ilave edip kulak memesi kıvamında bir hamur elde edene dek yoğurun."", ""Hamuru oda sıcaklığında yaklaşık 1 saat mayalandırın."", ""Hamurdan 10 adet beze oluşturun."", ""Her bir bezeyi unlu tezgahta tatlı tabağı büyüklüğünde açın ve son kat hariç her birinin üzerine tereyağı sürün."", ""10 katı da üst üste koyup ardından hamuru büyük bir yuvarlak olacak şekilde açın."", ""Bir kalıp yardımıyla hamurdan yuvarlak şekiller çıkarın."", ""Peynirli iç harcı yuvarlak hamurların orta kısmına ekleyip yarım ay şeklinde kapatın."", ""Fırın tepsisine aralıklarla dizdiğiniz poğaçaların üzerine yumurta sarısı ve çörekotu serpiştirin ve önceden ısıtılmış 180 derece fırında 25 dakika pişirin."", ""İlk sıcaklığı geçtikten sonra sevdiklerinizle birlikte afiyetle tüketin.""]"
3f99a88c-8e07-44d1-8b73-2f3ea4f3cf0c,3 Dakikada Hazır Peynirli Poğaça,Turkey,Pratik ve hızlı hazırlanan peynirli poğaça tarifi,Börek & Hamur İşi,"[""1 çay bardağı yoğurt"", ""1 çay bardağı sıvı yağ"", ""2 su bardağı un"", ""1 paket kabartma tozu"", ""1 adet yumurta"", ""1 çay kaşığı (silme) tuz""]","[""1 çay bardağı yoğurdu karıştırma kabımıza alıyoruz, ardından 1 çay bardağı sıvı yağ, 1 yumurtanın beyazı (sarısı dışına sürülecek), 1 kabartma tozu, 1 kase beyaz peynir, 2 bardak un ve tuz hepsini yoğ"", ""Yoğurduktan sonra tepsimize yağlı kağıdı seriyoruz, ceviz büyüklüğünde parçalar alıp yuvarlıyoruz ve tepsiye sırayla diziyoruz. Üzerlerine yumurta sarısı sürelim susam ve haşhaşta ekleyebilirsiniz."", ""Fırına verin, fırının performansına göre kontrollü olarak 10-15 dakika pişirin. Ardından çayın yanında sıcak sıcak servis edin.""]"
21b7812b-0664-4e83-b636-dec8275270a4,Ramazan Tarifleri,Turkey,Ramazan ayı için özel olarak seçilmiş lezzetli tatlı tarifleri koleksiyonu,Ana Yemek,"[""Etimek Tatlısı Tarifi"", ""Damla Çikolatalı Kurabiye"", ""Tatlı Tarifleri Spoonful Mozaik Pasta Çikolatalı Sufle İrmik Helvası Fırın Sütlaç Profiterol Revani Magnolia"", ""Kahvaltılık Tarifler Pancake Krep Pişi Kuymak Kaygana Kahvaltılık Sos Menemen Muhlama Yumurtalı Ekmek Omlet"", ""Omlet""]","[""Her gün yemek yapıyor olmanın belki de en zor noktası hangi yemeği yapacağını uzun uzun düşünmek, evdeki malzemelere de uygun olarak \""Bugün ne pişirsem?\"" derdine çare aramaktır. Akşama ne pişirsem der"", ""Ramazan tariflerinin en sevilenlerinden, hem iftar yemeklerinin hem sahur tariflerinin aranan ismi ramazan pidesini bu kez dışarıdan almıyor, evde, taş fırından çıkmış gibi lezzetli bir şekilde hazırl"", ""Ramazan ayında iftar yemeklerine kayıtsız kalamayıp bolca yiyenler, ramazan sonu çok kilo aldığını fark edenler buraya! Ramazanda oruç tutarken de sağlıklı yemek tariflerinden şaşmamak için hafif yeme"", ""Ramazan tariflerinin olmazsa olmazı ramazan pidesini taptaze yemekle yetinmiyor, artan ramazan pideleriyle yapabileceğiniz pratik yemek tarifleriyle de sizi tanıştırmak istiyoruz. İftar menüleri de sa""]"
674d1de1-b83d-4aad-8086-1a9b61011b15,Cevizli Tatlı,Turkey,"Şerbeti kıtır cevizlerle buluşan bu geleneksel tatlı, damaklarda unutulmaz bir lezzet bırakıyor",Tatlı,"[""2 su bardağı toz şeker"", ""2,5 su bardağı su"", ""1 dilim limon""]","[""Suyu ve şekeri tencereye koyup ocağın altını açıyoruz, karıştırarak şekeri eritiyoruz."", ""Kaynamaya başladıktan sonra ocağın altını kısıp 1 silip limon ekliyoruz ve 15 dakika kısık ateşte pişiriyoruz."", ""Tüm malzemeleri sırası ile karıştırıyoruz. Unu kontrollü bir şekilde dökün çünkü tamamen toparlamaya uğraşmayın. Elinizle bir parça alıp tatlı modelini verin."", ""Eğer tutuyorsa kıvamı olmuştur. Tatlıları tepsiye diziyoruz, 200 derecede önceden ısıtılmış fırında alt üst güzelce kızarana kadar pişiriyoruz."", ""Tatlımızı fırından çıkarıp 3-4 dakika bekletiyoruz ve ılık şerbeti döküyoruz. Ben 1 dakika sonra tatlıları bir kere ters çevirip tekrar düz çeviriyorum. Afiyet olsun.""]"
9b8f562f-4bbf-44db-9f72-df34c30c30a9,Kedidilli Tiramisu Pasta,Turkey,İtalyan klasiği tiramisunun kedidilli bisküvilerle yapılan pratik ve lezzetli versiyonu,Tatlı,"[""2 paket kedidili bisküvi"", ""1 su bardağı süt (ıslatmak için)"", ""1 yemek kaşığı gr anül kahve""]","[""Kreması için süt, nişasta, un, şeker ve yumurta sarısı tencerenin içine koyulup karıştıra karıştıra pişirilir."", ""Kıvamı muhallebi gibi olunca vanilyası eklenip altı kapatılır. Ilıyınca labne peyniri eklenip mikserle iyice çırpılır."", ""Islatmak için süt ve granül kahve karıştırılır."", ""Kelepçeli kalıbın alt tabanı çıkartılır. Kelepçe kısmı sunumluğun üzerine koyulur. (Ben kalp şeklinde kelepçeli kalıp kullandım. Sizler istediğiniz gibi kullanabilirsiniz.)"", ""Kedidili bisküvilerinin kenarları kelepçeli kalıp boyutunda kesilir. Kahveli süte şekersiz kısımları batırılır. Düz kenarları altta, şekerli kısımları dışa gelecek şekilde kelepçeli kalıba dizilir."", ""Çerçeve yapıldıktan sonra tabanı için kedi dillerinin iki tarafı da ıslatılıp tabana dizilir. Yarısı üzerine dökülüp düzeltilir. Aynı şekilde bir kat daha ıslatılan kedi dilleri dizilip geri kalan kr"", ""Son olarak kakao elenerek pastamızın üzerini kapatacak şekilde gezdirilir."", ""Geceden sabaha buzdolabında bekletilen pasta kelepçeli kalıptan dikkatlice çıkartılarak servis edilir.""]"
5ddeb6eb-269e-4f4f-a3d3-ebaf75fefd78,Taze Soğanlı Ciğer Tava,Turkey,Taze soğan ve baharatlarla harmanlanmış dana ciğerinin tereyağında kızartılmasıyla hazırlanan lezzetli ve pratik bir ana yemek,Ye,"[""500 gram dana ciğeri"", ""4 yemek kaşığı tereyağı"", ""4 yemek kaşığı zeytinyağı"", ""1 çay kaşığı kırmızı toz biber""]","[""Taze soğanlı ciğer tava için geniş bir tavada, orta ateşte tereyağı ve zeytinyağını ısıtın. Tavaya ciğerleri aktarın ve ateşin altını en yüksek konuma getirin."", ""2-3 dakika içinde ciğerler renk alınca baharatları da ekleyip karıştırın."", ""Son olarak iri parçalar halinde taze soğanları ve tuzu da ekleyip 1 dakika kadar pişirin."", ""Pişen taze soğanlı ciğeri hemen sıcak olarak pilav üzerinde servis edin. Afiyet olsun.""]"
25a5164a-7b68-4fcd-ae0e-3e653fbc35bf,Tavuk Çökertme,Turkey,"Kızarmış tavuk ve patatesin muhteşem uyumu, çökertme sosuyla buluşuyor",Ye,"[""2 su bardağı sıvı yağ"", ""400 gram tavuk göğsü"", ""2 adet yeşil biber"", ""2 adet rendelenmiş domates"", ""2 adet patates (kibrit doğranmış)""]","[""Yayvan bir tavaya 1/2 su bardağı sıvı yağı döküp ısınması bekleyin ve ardından dilimlediğiniz tavuk göğsünü kızartmaya başlayın."", ""Tavuklar altın sarısı rengini aldığında sarımsak ve biberleri ekleyip karıştırın."", ""Rendelenmiş domatesleri de ekleyin ve yoğunlaşana dek tavada malzemelerle birlikte pişirin."", ""Tencereye kızartmak için 1,5 su bardağı sıvı yağı dökün ve ısınmasını bekleyin."", ""Kibrit doğradığınız veya rendelediğiniz patatesleri çıtır çıtır olana dek kızartın."", ""Servis tabağına aldığınız patateslerin üzerine çırpılmış sarımsaklı yoğurdu dökün ve üzerine pişirdiğiniz tavuklu harcı ekleyin. Tavuk çökertme afiyetle yenmeye hazır!""]"
96e8d7d3-36b8-43d2-9711-6722d4ab00ec,Kabak Karnıyarık,Turkey,"İçi harlı kıyma ve salça ile doldurulmuş, fırında pişirilmiş lezzetli kabak yemeği",Sebze Yemekleri,"[""2 adet kabak"", ""2 yemek kaşığı salça"", ""200 gram kıyma"", ""1 adet domates"", ""1 adet çarliston biber"", ""1 adet soğan"", ""1 çay kaşığı tuz"", ""1 çay kaşığı karabiber"", ""1 çay kaşığı reyhan"", ""2 yemek kaşığı sıvı yağ""]","[""Öncelikle kabakları uzunlamasına ikiye bölün."", ""Tatlı kaşığı ile kabakların ortasını oyup çıkarın."", ""Ocağın üzerine tencerenize alıp içerisini su koyuyoruz kaynamaya başladığında ortasına oyduğunuz kabakları içine atıp 15 dakika haşlayın."", ""Diğer yanda iç harcınızı hazırlayın 1 adet soğanı küp küp doğrayıp, 2 yemek kaşığı yağda soteleyin."", ""Sotelenen soğanın içine 200 gram kıymayı ilave edip sotelemeye devam edin."", ""1 adet domates 1 adet biber adet sarımsağı ince ince doğrayın."", ""Doğradığınız malzemelerinizi sotelenen kıymaya ekleyin."", ""Üzerine 1 çay kaşığı tuz, 1 çay kaşığı karabiber, 1 çay kaşığı kekik ve 1 çay kaşığı reyhan ekleyip ve domatesler suyunu salıp çekene kadar kavurun."", ""Haşladığınız kabakları borcama alın."", ""Hazırladığınız harcı tatlı kaşığı yardımıyla kabaklarınızın ortasına yerleştirin."", ""Ayrı bir yerde 1 yemek kaşığı salçayı 2 çay bardağı su ile yoğurun."", ""Hazırladığınız sosu borcama ilave edin."", ""Borcamın üzerini folyo ile kapatıp 15 dakika 200 derece fırında pişirin."", ""Daha sonra folyoyu alarak 20 dakika 200 derecede üzeri açık kızarana dek pişirin. Sıcak servis edebilirsiniz. Afiyet olsun.""]"
6a039cab-fb9e-41f0-9ebc-3603ebfb539c,Pilav Tarifleri,Turkey,Soğuk çay ile hazırlanan eşsiz lezzetli pilav tarifimiz,Ana Yemek,"[""Soğuk Çay""]","[""Tavuklu pilav tek başına bir ana yemek olabileceği gibi diğer yemeklerin yanına da pek yakışır. Lezzeti ve doyuruculuğuyla bugünün menüsünde hazırlarından güzel olan tavuklu pilav var! Tarifine buyurmaz mısınız: Tavuklu Pilav"", ""Anadolu yemeklerinin vazgeçilmez öğelerinden bulgur pilavı bu kez farklı bir lezzet olarak sofralarımıza konuk oluyor. Hem daha doyurucu hem daha lezzetli haliyle! Tam kıvamında, ölçüsü tam tutan bir pilav tarifi karşınızda: Mercimekli Bulgur Pilavı"", ""Türk mutfak tarihinin en büyük sorularından bir tanesi: \""İyi bir pilav nasıl yapılır?\"" Tane tane dökülen, bembeyaz pirinç pilavlarının sırlarını tek tek öğrenmeye davetlisiniz. Pirinç seçiminden doğru ölçüsünü bilmeye bilmeniz gerekenler burada: İyi Pilav Yapmanın Püf Noktaları"", ""Türlü türlü yemek tariflerini tamamlayan, kuru fasulyenin kadim dostu, neredeyse tüm ana yemeklerin yanına yakışan, et yemekleriyle ayrı, tavuk yemekleriyle ayrı, sebze yemekleriyle ayrı güzel olan bir pilav tarifi var karşınızda: Pirinç Pilavı"", ""Bulgur pilavı, pilav tarifleri arasında en çok sevilenlerden biri. Şöyle tane tane döküleni de pek makbul. Bu domatesli bulgur pilavı tarifi çok klasik bir tarif olsa da bir de bizim tarifimizle deneyin deriz. Lezzetine inanamayacaksınız: Bulgur Pilavı"", ""Ana yemeklerin vazgeçilmezi pirinç pilavı beklesin, bugün menüde arpa şehriye pilavı var. Tek başına bir ana yemek niteliğinde olan bu pilav tarifi diğer tüm pilav tariflerini sizi unutturmaya kararlı. Tüm püf noktalarıyla karşınızda: Arpa Şehriye Pilavı"", ""Sulu yemeklerin tamamlayıcısı, türlü türlü çeşidi olan pilavı bu sefer sadece tavuk suyu ve tereyağıyla hazırlıyoruz. Kokusu tüm eve yayılıyor, her yemeğin yanına çok yakışıp afiyetle yeniyor. En güzel pilav tarifini arayanlara duyurulur: Tereyağlı Pilav""]"
981a39da-450f-43d2-95f1-8e7d106b4c4f,Bal Kabaklı Cheesecake,Turkey,"Lezzetli bal kabağı ve krema peyniri kombinasyonuyla hazırlanan bu cheesecake, sonbaharın en sevilen tatlılarından biri",Ye,"[""2 paket tam buğdaylı bisküvi"", ""100 gram tereyağı"", ""1 çay kaşığı tarçın"", ""1 çay kaşığı toz zencefil""]","[""Bisküvileri kırıp rondadan geçirip un ufak edin. Tarçın, zencefil ve erimiş tereyağını ekleyin. Tekrar rondodan geçirin."", ""Kullanacağınız kalıbın tabanına bu karışımı bastırarak yayın."", ""Yumurta ve şekeri köpük köpük olup şeker eriyinceye kadar çırpın."", ""Sonra labne ve yoğurdu ekleyip çırpın. Sonra da güzelim kabak püresini, tarçın, zencefil ve unu ekleyip karıştırın."", ""Bisküvi tabanının üzerine peynir harcını paylaştırın ve 170 derecede pişirin.benim fırında 30 dakikada pişirdim."", ""Köşeye gelenlerin üzeri kızarınca 20.dakikadan sonra yön değiştirdim. Afiyet olsun.""]"
f9be86a6-f63b-4265-a269-d5dcca299e80,Peynirli Marina Soslu Makarna,Turkey,"Zengin peynirli marinara soslu kalem makarna, İtalyan mutfağının en sevilen lezzetlerinden biri",Pilav & Makarna,"[""1 paket kalem makarna"", ""1 yemek kaşığı zeytinyağı"", ""1 adet orta boy soğan"", ""500 mililitre rendelenmiş domates"", ""500 gram kaşar peyniri""]","[""Büyük bir tencerede kaynayan tuzlu suda, makarnayı paketteki talimatlara göre pişirin."", ""Orta ateşte büyük bir tavada, zeytinyağını ısıtın. Soğanı ekleyin ve yumuşayana kadar yaklaşık 5 dakika pişirin."", ""Sarımsakları ilave edip tuz, karabiber ve köri ile tatlandırın. Yaklaşık 1 dakika pişirin."", ""Rendelenmiş domatesleri ekleyip, karışımı kaynatın ve 10 dakika daha pişirin."", ""Kaşar peynirini ekleyin. Peynir eriyene ve sos krema kıvamına gelene kadar pişirin."", ""Makarnayı ekleyin ve penne tamamen sosla kaplanana kadar karıştırın. Ateşten alın. Afiyet olsun.""]"
9a2c55e1-edda-4044-a2ec-83a6b2ad877e,Ay Çekirdekli Tuzlu Kurabiye,Turkey,"Tuzlu ay çekirdekleriyle harmanlanmış, çıtır dokulu ve lezzetli kurabiye tarifi",Ye,"[""150 gram yumuşak tereyağı"", ""1/2 çay bardağı sıvı yağ"", ""1/2 çay bardağı ılık su"", ""1 adet yumurta sarısı (akı üzerine)"", ""1 yemek kaşığı sirke"", ""1 çay kaşığı sirke"", ""1 çay kaşığı kabartma tozu"", ""2 tatlı kaşığı şeker"", ""1 tatlı kaşığı (silme) tuz"", ""1/2 tatlı kaşığı mahlep"", ""3,5-4 su bardağı un (tam 4 su bardağı un kullanmadım)"", ""1 yemek kaşığı mavi haşhaş tohumu"", ""1 paket ay çekirdeği içi"", ""1 tatlı kaşığı susam ve çörek otu karışımı""]","[""Malzemeler sırayla bir kabın içine katılıp yoğrulur. Yoğurduktan sonra hamuru ' ye bölüp yarısına mavi haşhaş katılır. (İster hepsine katılır veya hiç katılmaz.)"", ""Kurabiye kalıplarıyla şekillendirip yumurta akına batırıp üzerine ay çekirdeği, susam ve çörek otu koyulur."", ""Önceden ısıtılmış fırında 180 derecede alt üst ayarda pişirilir.""]"
47be8aa7-f6e0-4e66-ae2b-9e2d837197f5,Yaz İçeceği,Turkey,"Yaz aylarının serinletici lezzeti, bu özel içecek ile ferahlamanın keyfini çıkarın",Ye,"[""Etimek Tatlısı Tarifi"", ""Damla Çikolatalı Kurabiye"", ""Tatlı Tarifleri Spoonful Mozaik Pasta Çikolatalı Sufle İrmik Helvası Fırın Sütlaç Profiterol Revani Magnolia"", ""Kahvaltılık Tarifler Pancake Krep Pişi Kuymak Kaygana Kahvaltılık Sos Menemen Muhlama Yumurtalı Ekmek Omlet"", ""Omlet""]","[""Meyveleri minik minik doğruyoruz ve buz kalıbına diziyoruz.Ardından üzerine 1 şişe maden suyunu eşit döküyoruz ve buzlukta donduruyoruz."", ""Bir bardak içerisine 2-3 parça donmuş meyveli maden suyu ekliyoruz."", ""Ardından üzerine 1 şişe maden suyu ekliyoruz ve afiyetle içiyoruz.""]"
c08b08c4-494d-45a5-a4d8-cf9596df3b2c,Şiş Kebap,Turkey,"Dana ve kuzu kıymadan yapılan, lezzetli baharatlarla harmanlanmış şiş kebap tarifi. Mangal veya fırında pişirilebilir",Ana Yemek,"[""500 gram dana kıyma"", ""100 gram kuzu kıyma"", ""1 adet rendelenmiş soğan"", ""1 adet yumurta"", ""1 çay kaşığı tuz"", ""1 çay kaşığı karabiber"", ""1 çay kaşığı kimyon""]","[""Bütün malzemeleri bir araya getirip yoğurun."", ""Güzelce yoğurmaya özen gösterin. Tüm malzemeler iç içe iyice geçmeli."", ""Ellerinizi ıslatarak harctan bir miktar alın ve şişe yerleştirin. Avcunuzu sıka sıka şekil verin."", ""Döküm tavanızı en yüksek ısıda ısıtın. İyice ısınınca şişleri üzerine yerleştirin."", ""Arkalı önlü pişirin. Yanlarında biber, soğan, domates de pişirebilirsiniz."", ""Ardından servis edin. Afiyetler olsun.""]"
d07ed4f6-79fa-475d-9d96-3d952a6010e2,Şekersiz Brownie,Turkey,"Şekersiz ve glutensiz bu sağlıklı brownie tarifi, badem unu ve Hindistan cevizi unuyla lezzetli bir alternatif sunuyor",Ye,"[""1 su bardağı badem unu"", ""1 yemek kaşığı Hindistan cevizi unu"", ""3 adet yumurta"", ""12 adet hurma (suda bekletilmiş)"", ""1 su bardağı süt"", ""2 yemek kaşığı kakao"", ""1 yemek kaşığı bitter çikolata (parçalanmış)"", ""2 yemek kaşığı dövülmüş ceviz"", ""2 yemek kaşığı Hindistan cevizi yağı"", ""1 çay kaşığı kabartma tozu""]","[""Bir kapta yumurta ve Hindistan cevizi yağını köpürene kadar çırpıyoruz. Daha sonra hurma, süt ve kakaoyu robotta pürüzsüz bir kıvam alana kadar geçiriyoruz."", ""Daha sonra tüm malzemeleri birleştirip önceden ısıtılmış fırında, 180 derecede 20-25 dakika pişiriyoruz."", ""Soğuduktan sonra sos malzemelerini karıştırıp üzerine döküyoruz ve servis eriyoruz. Afiyet olsun.""]"
f3171399-9a8b-4939-aeef-8e0d54d8aef9,Tavuklu Hünkar Beğendi,Turkey,"Osmanlı mutfağından lezzetli bir yemek olan Tavuklu Hünkar Beğendi, yumuşacık tavuk parçaları ve patates püresinin mükemmel uyumuyla damaklarda unutulmaz bir tat bırakır",Ye,"[""400 gram tavuk göğsü"", ""1 adet orta boy soğan"", ""2 adet sivri biber"", ""1 adet büyük boy domates"", ""2 yemek kaşığı sıvı yağ"", ""1 çay kaşığı tuz"", ""1 çay kaşığı karabiber"", ""1 çay kaşığı pul biber"", ""2 adet közlenmiş patlıcan"", ""1 yemek kaşığı tereyağı"", ""1 yemek kaşığı un"", ""1/2 su bardağı süt"", ""3 yemek kaşığı rendelenmiş kaşar peyniri""]","[""Tavuk göğsünü kuşbaşı şeklinde doğrayın. Soğanı ve biberi incecik doğrayın. Domatesleri de yemeklik doğrayın."", ""Bir tencereyi ısıtın ve içerisine sıvı yağ, tavuk ile soğanları ekleyin, kapağını kapatın ve orta dereceli ateşte tavuklar suyunu çekip salana kadar yaklaşık 15 dakika pişirin."", ""Daha sonra etlerin üzerine biberleri ve domatesleri ekleyip, kısık ateşte 5 dakika daha pişirin."", ""Son olarak dilediğiniz baharatları dilediğiniz kadar ekleyip, karıştırın, 3-4 dakika da bu şekilde piştikten sonra ocağın altını kapatın ve dinlenmeye alın."", ""Beğendi kısmı için; bir tencerede tereyağını eritin, bu aşama da çok kısık ateş kullanın biraz geç eriyebilir ama yanmaması gerek, ardından unu ekleyin ve bir çırpma teli ile hızlıca karıştırarak kavu"", ""Un kokusu gidip, yerine nişasta kokusu gelince yani yaklaşık 1-2 dakika sonra içerisine soğuk sütü ekleyin ve çırpmaya devam edin. Bu aşama da topaklanma olmaması için hızlı çırpmanız önemli."", ""Yoğun bir kıvam aldıktan sonra içerisine patlıcanları ve kaşar peynirini ekleyin. Biraz karıştırıp, karabiber tuz ilave edin."", ""Bir servis tabağına beğendiyi alın üzerine ise tavuklar koyun ve servis edin. Afiyet olsun.""]"
df32c262-ca4b-425d-b350-9b34299697e5,Bal Kabağı Püresi,Turkey,"Lezzetli ve besleyici bal kabağı püresi, damla çikolatalı kurabiye ile harika bir uyum sunuyor",Ana Yemek,"[""3/4 su bardağı içme suyu"", ""Etimek Tatlısı Tarifi"", ""Damla Çikolatalı Kurabiye"", ""Tatlı Tarifleri Spoonful Mozaik Pasta Çikolatalı Sufle İrmik Helvası Fırın Sütlaç Profiterol Revani Magnolia"", ""Kahvaltılık Tarifler Pancake Krep Pişi Kuymak Kaygana Kahvaltılık Sos Menemen Muhlama Yumurtalı Ekmek Omlet"", ""Omlet""]","[""Bir tencereye içme suyu doldurun, üstüne temiz bir rende ya da buharda pişirme aparatı koyun ve kaynamaya bırakın."", ""Bal kabaklarının kabuklarını soyun ve ince ince dilimledikten sonra tencerenin üstüne koyduğunuz rendenin ya da buharda pişirme aparatının üstüne yerleştirin."", ""Tencerenin kapağını kapatın ve yaklaşık 15 dakika, kabaklar iyice yumuşayana dek buharda pişirin."", ""Buharda pişmiş olan balkabaklarını bir kaseye alın ve bir çatal yardımıyla ezerek püre haline getirin."", ""Bal kabağı püresi ılıklaştıktan sonra servis edin.""]"
ca89cf01-9ae6-420b-b060-e3e0ee4aba3e,Airfryer'da Mini Donut,Turkey,Airfryer'da hazırlanan pratik mini donut tarifi. Çıtır dışı ve yumuşak içiyle mükemmel atıştırmalık,Ana Yemek,"[""1,5 su bardağı un"", ""3 yemek kaşığı pudra şekeri"", ""1/2 paket kabartma tozu"", ""4 yemek kaşığı yoğurt"", ""1 çay bardağı tereyağı (erimiş)""]","[""Hamur için un, pudra şekeri, kabartma tozunu karıştırın ve yoğurdu azar azar ekleyip yoğurun."", ""Avcunuzu erimiş tereyağı ile yağlayın ve hamurdan ufak parçalar koparıp yuvarlayın. Yuvarladığınız parçaları kurumaması için erimiş tereyağında bekletin."", ""Hava fritözünü 180 derecede ısıtın, ısınan hazneye aralarında boşluk kalacak şekilde hamurları yerleştirin."", ""Hamurları üstleri ve altları kızarana kadar yaklaşık 15 dakika pişirin."", ""Geniş bir kasede toz şeker ve tarçını karıştırın, pişen donatları sıcakken bu karışıma bulayın."", ""Servis etmeden önce dilerseniz donatlarınızın üzerine erimiş çikolata gezdirebilirsiniz. Afiyet olsun!""]"
6289322a-e45a-4366-a6f4-f5c429d8d5f5,Fırın Makarna,Turkey,Lezzetli ve pratik fırın makarna tarifi. Üzeri çıtır çıtır kaşar peyniri ile harika bir akşam yemeği,Pilav & Makarna,"[""1 paket fırın makarna"", ""1,5 su bardağı rendelenmiş kaşar peyniri"", ""1 adet yumurta"", ""2 yemek kaşığı yoğurt""]","[""Geniş ve derin bir tencerede su kaynatın, bolca tuz ekleyin ve makarnaları 10-11 dakika hafif diri kalacak şekilde haşlayın."", ""Ayrı bir tencerede beşamel sos için tereyağı ve unu kokusu çıkana kadar orta ateşte kavurun. Kavrulan karışıma, sütü azar azar ve sürekli çırparak ekleyin. Sos pürüzsüz ve koyu akışkan bir hal alana k"", ""Haşlanan makarnaları süzün ve hala nemliyken beşamel sosun 3/4 ü ile karıştırın. Kalan beşamel sosa yumurta ve yoğurt ekleyip karıştırın."", ""Soslu makarnaları fırın tepsisine aktarın; üzerine yoğurtlu, yumurtalı sosu gezdirin. Son olarak kaşar peynirlerini serpin."", ""Makarnayı 200 dereceye ayarlı, sıcak fanlı fırında üzeri kızarana kadar yaklaşık 25 dakika pişirin."", ""Fırın makarnayı oda sıcaklığında 5 dakika dinlendirin ve dilimleyip sıcak olarak servis edin. Afiyet olsun.""]"
c1780c43-d1c8-4ce6-8347-93344ef36399,Çikolatalı Petibör Pastası,Turkey,"Lezzetli çikolatalı petibör pastası, pratik malzemelerle hazırlanan ferahlatıcı bir tatlıdır",Tatlı,"[""5 su bardağı süt"", ""1 su bardağı toz şeker"", ""2 yemek kaşığı (tepeleme) un"", ""3 yemek kaşığı nişasta"", ""1 adet portakal kabuğu rendesi"", ""1 paket petibör bisküvi"", ""1 paket kakaolu petibör bisküvi"", ""1 paket çikolata sos""]","[""Süt, toz şeker, un, nişasta, portakal kabuğunu tencereye alın ve kaynayıp göz göz oluncaya kadar pişirin."", ""Sade petibörleri süte bandırıp, dikdörtgen bir borcamın tabanını kaplayacak şekilde dizin."", ""Petibör katmanının üzerine hazırladığınız muhallebiden dökün ve ince bir katman olacak şekilde, eşit olarak yayın."", ""Muhallebi katmanının üzerine kakaolu petibörleri dizin. Malzemelerin bitinceye dek katmanları bu şekilde dizmeye devam edin. En üstte muhallebi katmanı olacak şekilde tekrar edin."", ""Çikolatalı sosu, paketteki talimatlarına göre hazırlayın ve borcamın en üstündeki muhallebi katmanına dökün ve düzgünce yayın. Gerekirse spatula yardımıyla düzeltin."", ""Pastayı, servis yapmadan önce buzdolabında 4 saat bekletin. Ardından dilimleyerek servis edin.""]"
3601c016-0dce-4d92-8521-cff0e0467b09,Haşhaş Ezmeli Kraker,Turkey,"Haşhaş ezmesinin zengin lezzetiyle hazırlanan çıtır krakerler, çay saatlerinin vazgeçilmezi",Ana Yemek,"[""1 su bardağı ılık su"", ""1 su bardağı ılık süt"", ""1 paket toz maya"", ""1 su bardağı sıvı yağ"", ""1 yemek kaşığı toz şeker"", ""1 yemek kaşığı tuz"", ""6,5 su bardağı un""]","[""Hamur için süt, su ve mayayı karıştırıp 10 dakika bekleyelim. Kalan malzemeleri de ekleyip yoğuralım. 1 saat mayalanmaya bırakalım."", ""İçi için bütün malzemeleri karıştıralım. Mayalanan hamuru 4 parçaya bölelim ve beze yapalım. Bezelerin ortasına 1 yemek kaşığı haşhaş ezmesi koyalım ve kapatalım."", ""Elimizle bezeyi açalım. Üzerinede haşhaş ezmesi sürelim ve şerit şerit keselim. Şeritleri uzatalım ve ikiye katlayıp yuvarlayalım."", ""Üzerlerine süt sürelim. 180 derecede üzerleri kızarana kadar pişirelim. Afiyet olsun.""]"
7cfa2b58-1da6-467c-aaed-f2620871e806,Fırında Pancar Cipsi,Turkey,"Fırında hazırlanan sağlıklı ve lezzetli pancar cipsleri, çıtır bir atıştırmalık alternatifi",Ana Yemek,"[""3 adet pancar"", ""5 yemek kaşığı zeytinyağı"", ""1 tatlı kaşığı deniz tuzu"", ""1 çay kaşığı beyaz biber""]","[""Fırını önceden 200 derecede ısıtın."", ""Pancarların kabuğunu incecik soyun ve mandolin ile mümkün olduğunca ince dilimler kesin."", ""Dilimlenmiş pancarları bir kaseye alıp, sarımsak, zeytinyağı ve beyaz biberle hazırlayacağınız sos ile iyice harmanlayın ve 10 dakika kadar bekletin."", ""Fırın tepsisine yağlı kağıt serin ve pancar dilimlerini üst üste gelmeyecek şekilde kağıdın üzerine yayın."", ""15-20 dakika kadar pişirin, 5 dakika da fırının kapağı açık pişirin."", ""Fırından çıkan cipsleri deniz tuzuyla harmanlayıp servis edebilirsiniz.""]"
378ed3ad-a920-49b7-bd2e-5757b5c240f9,Portakallı Anne Kurabiyesi,Turkey,"Portakallı Anne Kurabiyesi, yoğurt ve sıvı yağ ile hazırlanan yumuşacık, portakal aromalı lezzetli bir kurabiye tarifi",Tatlı,"[""1,5 su bardağı şeker"", ""1 su bardağı sıvı yağ"", ""1 su bardağı yoğurt"", ""3 adet yumurta"", ""1 adet portakalın kabuğu"", ""1 paket kabartma tozu"", ""2 tatlı kaşığı karbonat"", ""1/2 adet limonun suyu"", ""8 su bardağı un (aldığı kadar)""]","[""Öncelikle karbonat ile limon suyunu büyükçe bir bardak da karıştırıp kenara alıyoruz."", ""Büyük karıştırma kabında 3 yumurta ve şekeri karıştırıyoruz. Yoğurt ve sıvı yağı ilave ediyoruz. İyice karıştırdıktan sonra kabartma tozu ve en başta limon suyuyla karıştırıp kenara aldığımız karbonat"", ""Ardından portakal kabuğu rendesini de karışıma ekleyip, unumuzu yavaş yavaş ilave ediyoruz."", ""Hamurumuzu 10-15 dakika kadar dinlendiriyoruz. Çok küçük olmayan parçalar halinde yuvarlayıp şekere banıyoruz. Üzerine bıçak ile şekil verip 180 derece fırında yaklaşık 20-25 dakika pişiriyoruz."", ""Bu şekilde büyük parçalar ile toplam 25 adet kurabiye çıktı. Daha küçük yapılırsa 35 adet kadar kurabiye çıkabilir.""]"
dc025387-4013-4b92-b162-01d4c74066a8,Yulaf Lapası,Turkey,"Sağlıklı ve doyurucu bir kahvaltı seçeneği olan yulaf lapası, kuru incirlerle tatlandırılarak hazırlanır",Ana Yemek,"[""1 su bardağı süt"", ""1 çay bardağı su"", ""3 adet kuru incir"", ""5 adet kabuksuz çiğ badem"", ""1 çay kaşığı tarçın""]","[""Öncelikle kuru incirleri küçük parçalar halinde doğrayın. Bademleri de ince ince kesin."", ""Yulaf ezmesini derin ama küçük bir tencereye alın. Üzerine süt ve suyu ekleyin. Ardından diğer tüm malzemeleri ekleyin."", ""Orta ateşte pişirmeye başlayın. Devamlı karıştırın, dibi tutmasın."", ""İyice ısınıp kaynamaya başlayınca ocağı kısıp 1-2 dakika daha karıştırarak pişirin. Yoğun bir kıvam almış olacak."", ""En sevdiğiniz kasenize yulaf lapanızı boşaltın ve yemeye hazırsınız. Afiyet olsun.""]"
aeef88a6-36dd-4fee-8b56-ec1a3be3fba9,Soslu Tavuk,Turkey,"Lezzetli acı sosla harmanlanmış tavuk göğsü, pratik ve doyurucu bir ana yemek",Tavuk Yemekleri,"[""400 gram tavuk göğsü"", ""4 yemek kaşığı zeytinyağı"", ""2 yemek kaşığı acı sos"", ""1 tatlı kaşığı domates salçası"", ""1 tatlı kaşığı kekik"", ""1/4 çay kaşığı kimyon"", ""1 çay kaşığı tuz"", ""1/2 çay kaşığı karabiber""]","[""Bir kaseye zeytinyağını, acı sosu ve salçayı ekleyin."", ""Geriye kalan sos malzemelerini de üzerine ilave edin. Güzelce karıştırın."", ""İnce ince kestiğiniz tavuk göğüslerini bu karışımla kaplayın ve buzdolabında yarım saat kadar dinlendirin. Vaktiniz varsa 2 saat idealdir."", ""Sosta bekleyen tavukları ince şişlere geçirin."", ""Izgara tavada arkalı önlü tavukları pişirin."", ""Közlenmiş sebzeler ve turşu ile servis edebilirsiniz. Soslu tavuk hazır. Afiyet olsun!""]"
d1f7891d-9ba1-4df4-a43c-f7901fa651cb,Doğal Mor Pizza,Turkey,"Doğal malzemelerle hazırlanan, görsel olarak etkileyici mor renkli lezzetli pizza",Ana Yemek,"[""3,5 su bardağı un"", ""1 paket instant maya"", ""1 tatlı kaşığı tuz"", ""2 yemek kaşığı zeytinyağı"", ""1,5 su bardağı ılık su"", ""1 tatlı kaşığı fonksiyonel gıda""]","[""Öncelikle sos için tüm malzemeleri bir kapta karıştırıp bekletiyoruz."", ""Hamur için su, şeker ve mayamızı karıştırıp 5 dakika beklettikten sonra diğer malzemeleri de ekleyip ele yapışmayan bir hamur elde edene kadar yoğuruyoruz. Gerekirse un takviyesi yapabilirsiniz."", ""Ardından hamuru ikiye bölüyoruz. Hamurlardan ilkine 1 tatlı kaşığı mor karışım fonksiyonel gıdayı ekleyip yedirene kadar yoğuruyoruz. İyice homojenize olduktan (hamur mor rengi aldıktan) sonra mayalan"", ""Kullanacağınız hamuru un yardımıyla tepsinize göre açıp üzerine çatalla delikler oluşturuyoruz. Ardından sos ve biraz kaşar ekleyip, önceden ısıtılan 200 derece fırında 6 dakika pişirip çıkardıktan so""]"
a1fc6103-0068-4650-952f-13a33cc1ad76,Glutensiz Zerdeçallı Poğaça,Turkey,"Lezzetli glutensiz zerdeçallı poğaça, sağlıklı atıştırmalık arayanlar için mükemmel bir seçenek",Börek & Hamur İşi,"[""1 adet yumurta"", ""1/4 su bardağı zeytinyağı"", ""1/2 su bardağı süzme yoğurt (+1 yemek kaşığı)"", ""2 su bardağı karabuğday unu (+2 yemek kaşığı)"", ""1 paket kabartma tozu"", ""2 yemek kaşığı kinoa"", ""1 yemek kaşığı chia tohumu"", ""2 yemek kaşığı ay çekirdeği içi"", ""2 çay kaşığı tuz"", ""2 yemek kaşığı zerdeçal"", ""2-3 yemek kaşığı siyah zeytin ezmesi""]","[""Yumurta, zeytinyağı ve yoğurdu el mikseri ile homojen olana kadar çırpın."", ""Geri kalan tüm malzemeleri ekleyip yoğurmaya devam edin."", ""Üzerini örtüp 10 dk dinlenmeye bırakın. Elinizle ceviz büyüklüğünde parçalar koparıp düzleştirin."", ""Bir kısmını peynirli bir kısmını zeytin ezmesiyle dolgu yapıp kapatın. Üzerlerini yumurta sarısı sürüp susam serpiştirin."", ""180 derecede 18 dakika pişirin. Fırından çıkınca soğumaya bırakın. Afiyet olsun.""]"
92c53157-650a-4065-88fd-6e2020ddd6b4,Kremalı Ispanak Çorbası,Turkey,"Kremalı ve besleyici ıspanak çorbası, soğuk kış günlerinde içinizi ısıtacak lezzetli bir başlangıç",Çorba,"[""250 gram ıspanak"", ""2-3 yemek kaşığı zeytinyağı"", ""1 adet soğan"", ""1 yemek kaşığı un"", ""3-4 su bardağı su"", ""1/2 paket krema"", ""1 çay kaşığı karabiber"", ""1 çay kaşığı tuz""]","[""Soğanları orta büyüklükte kıyın, yağ eklediğiniz tencerede soğanları ve sarımsakları soteleyin."", ""Üzerine ince kıyılmış ıspanakları ekleyin."", ""Kavrulan ıspanaklara unu ekleyip kokusu çıkana kadar kavurmaya devam edin."", ""Ardından suyunu ekleyin orta ateşte pişmeye bırakın."", ""Sevdiğiniz kıvama göre suyunu ayarlayın. Kıvam almaya başlayınca kremayı ekleyin. 3-4 dakika daha pişirin. Tuzunu karabiberini ekleyin."", ""Ocaktan alın ve blenderdan geçirin. Çekilen çorbayı 5 dakika daha kaynatın. Sıcak servis edin."", ""Kremalı ıspanak çorbası tarifiniz hazır. Afiyet olsun!""]"
f95aa65c-8815-4ffb-bb35-029eaf84d38c,Tartolet,Turkey,"Tartolet, çıtır hamurun içinde lezzetli dolguyla servis edilen küçük ve şık bir tatlıdır",Et Yemekleri,"[""50 gram tereyağı (yumuşak olmasın)"", ""3 yemek kaşığı pudra şekeri"", ""2 adet yumurta sarısı"", ""2 yemek kaşığı soğuk su"", ""1 paket vanilya"", ""1,5 su bardağı un""]","[""Krema için tereyağı ve krem şanti hariç tüm malzemeleri tencereye alıp karıştıralım. Orta ateşte ocağa alalım ve pişirelim."", ""Göz göz olunca altını kapatıp tereyağını ekleyelim. En son krem şantisini ekleyip güzelce çırpıp soğumaya bırakalım."", ""Hamuru için un hariç tüm malzemeleri bir kaba alıp karıştıralım. Yavaş yavaş unu ekleyip güzel bir hamur elde edelim."", ""Hamurumuzu 24 eşit parçaya bölüp tartolet kalıbımıza koyalım. Elimizle şekil vererek hamurumuzu yayalım. Alt üst fansız fırında 180 derece 15 dakika pişirelim."", ""Soğumuş olan tartletlerin kenarlarını eritilmiş çikolataya batıralım. Daha sonra kremamızı eşit şekilde yerleştirelim. Ben 12 tanesini kremanın yarısına eritilmiş çikolata koyarak çikolatalı krema yap"", ""3-4 saat buzdolabında dinlendirdikten sonra servis edelim. Afiyet olsun.""]"
95b872ac-c9da-441b-8591-718f7869a9d8,Tavada Antrikot ve Ispanaklı Patates Püresi,Turkey,Mükemmel pişmiş antrikot ve kremsi ıspanaklı patates püresi ile hazırlanan şık ve lezzetli bir ana yemek,Sebze Yemekleri,"[""2 adet antrikot (250'şer gram lık)"", ""3 adet defne yaprağı"", ""4 yemek kaşığı tereyağı"", ""1/2 çay kaşığı iri çekilmiş tuz"", ""1/2 çay kaşığı taze çekilmiş tane karabiber""]","[""Öncelikle ıspanaklı patates püresini hazırlayalım. Kabuğunu soyduğunuz patatesleri, büyük parçalar halinde doğrayın. Kaynayan bol tuzlu suda patatesleri haşlayın."", ""Haşlanan patatesleri bir kevgir yardımıyla kenara alın ve kaynar suya ıspanakları atın. 30 saniye kadar haşladıktan sonra buzlu ya da çok soğuk su içine ıspanakları alın."", ""Mutfak robotunuz varsa bu noktadan sonra işiniz kolaylaşacak. Haşlanmış sıcak patatesleri ve iyice suyu sıkılmış ıspanakları, sıcak süt ve tereyağı ekleyip düşük devirde bir kaç tur püre oluncaya kada"", ""Hazır durumda olan püreyi tadın ve tuz ile karabiber ekleyin. Sıkma torbasına aldığınız ıspanaklı püreyi bir kenarda bekletin."", ""Kalın tabanlı tavanızın dumanlar çıkartacak kadar ısındığından emin olun. Antrikot dilimlerinin her iki tarafını da iri çekilmiş tuz ve çekilmiş tane karabiber ile lezzetlendirin."", ""İyice kızan tavada her iki tarafını da yakmadan kahverengi amber rengini koruyacak şekilde mühürleyin."", ""Etler mühürlendikten sonra tavaya ortadan ikiye kesilmiş bir baş sarımsak, kekik ve defne yapraklarını atın. Bu aşamada ekleyeceğiniz tereyağı, yüksek ısıyla otların bir anda yanmasını engelleyecektir"", ""Etinizi istediğiniz derecede piştikten sonra dinlenmeye alın. Servisinde kullanacağınız yufkayı, bu esnada önceden ısıtılmış 180 derece fırında 10 dakika ısıtın."", ""Dilimlediğiniz meyveleri, eti pişirdiğiniz aromalı sıcak tereyağında 30 saniye kadar alt üst edin. An itibariyle etiniz ve garnitürler servise hazır."", ""Servis tabağını düzenlerken doğaçlama davranabilirsiniz. Unutmamanız gereken tek şey; etin ön planda olduğu bir tabak hazırlamanız gerektiği. Şimdiden elinize sağlık.""]"
af467dfa-e0d0-4a97-86d8-b4f48973d212,Karamelli Kek,Turkey,"Tatlı krizlerinizi çözecek, karamelize şekerin zengin lezzetiyle harmanlanmış yumuşacık bir kek tarifi",Tatlı,"[""5 adet yumurta"", ""1 paket kabartma tozu"", ""1 paket vanilin""]","[""Fırını 165 dereceye ayarlayın."", ""Yumurta ve şekeri yaklaşık 5 dakika kadar çırpın."", ""Unu, vanilini ve kabartma tozunu ayrı bir kaba eleyerek alın."", ""Çırparak kabarttığınız yumurtalı karışıma kuru karışımı 4-5 seferde ekleyin."", ""18 cm'lik kek kalıbızı yağlayın ve unlayın."", ""Spatula ile iyice karıştırdığınız karışımı kek kalıbınıza dökün."", ""Fırının kapağını hiç açmadan 30-35 dakika pişirin. Kekin pişip pişmediğini kürdan yardımıyla kontrol ederek fırından alın."", ""Pişen kekinizi soğuması için yaklaşık 1 saat oda sıcaklığında dinlendirin ve soğumadan kalıptan çıkarmayın.""]"
f09d93a3-63cf-46d7-a00a-8525da8a5692,Pişmeyen Şipşak Muzlu Toplar,Turkey,"Pişmeyen pratik tatlı tarifi, kakaolu bisküvi, muz ve fındık ezmesi ile hazırlanan lezzetli toplar",Ana Yemek,"[""1 paket kakaolu bisküvi"", ""1 adet muz"", ""3 tatlı kaşığı fındık ezmesi"", ""160 gram çikolata (sütlü ve bitter karışık)""]","[""Öncelikle çikolatayı benmari usulü eritelim."", ""Bir paket bisküviyi rondoda un haline getirelim."", ""Karıştırma kabına aldıktan sonra üzerine fındık ezmesini ve muzu ekleyerek güzelce yoğuralım."", ""Harcımızdan ceviz büyüklüğünde parçalar koparalım."", ""Erittiğimiz çikolataya batırıp yağlı kağıt serdiğimiz tepsinin üzerine dizelim."", ""Buzdolabında yarım saat katılaşmasını bekledikten sonra istediğiniz şekilde servis edebilirsiniz.""]"
c5151aac-b1c0-4b52-9849-4a7a71eed2bd,Kızarmış Dondurma,Turkey,"Dondurmanın sıcak ve soğuk lezzetini bir araya getiren şaşırtıcı bir tatlı. Dışarı çıtır Hindistan cevizi, içi buz gibi dondurma ile harika bir deneyim sunar",Tatlı,"[""800 gram sütlü, kesme dondurma"", ""2 adet yumurta akı"", ""1 su bardağı rendelenmiş Hindistan cevizi"", ""3/4 su bardağı iri çekilmiş fındık içi"", ""3/4 su bardağı mısır gevreği (corn flakes)"", ""1 yemek kaşığı galeta unu"", ""1 yemek kaşığı esmer şeker"", ""1/2 çay kaşığı tarçın""]","[""Derin dondurucudan çıkartıp kısa bir süre oda ısısında beklettiğiniz kesme dondurmayı on eşit parçaya kesin."", ""Her bir dondurma parçasını avuç içinizde yuvarlayın. Düz bir tabağa aldığınız rendelenmiş Hindistan cevizine buladığınız dondurma toplarını çukur bir tabağa alın. Üzerini streç filmle kapladıktan sonr"", ""İri çekilmiş fındık içi, mısır gevreği, galeta unu, esmer şeker ve toz tarçını bir blenderde karıştırıp küçük parçalar haline getirin."", ""Yumurta aklarını derin bir kapta bir çatal yardımıyla çırpın. Derin dondurucudan çıkardığınız dondurma toplarını, öncelikle yumurta akına sonrasında kaplama harcına bulayın."", ""Aynı işlemi bir kez daha tekrarladıktan sonra yeniden derin dondurucuya kaldırıp uzun bir süre bekletin."", ""Servisi öncesinde ayçiçek yağını derin bir tavada kızdırın. Kızgın yağa atıp aralarda sallayarak 10-20 saniye gibi kısa bir süre kızarttığınız dondurmaları bekletmeden servis edin.""]"
cd79aaba-0494-4f3e-829a-017a50bdf71e,Ekmek Üstü Atıştırmalık,Turkey,Baget ekmeği üzerine cherry domatesler ve balzamik sirke ile hazırlanan pratik ve lezzetli atıştırmalık,Börek & Hamur İşi,"[""1/2 adet baget ekmeği"", ""18 adet cherry domates"", ""3 yemek kaşığı balzamik sirke"", ""5-6 adet fesleğen yaprağı""]","[""Çeri domatesleri 10 dakika kadar fırınlıyoruz."", ""Daha sonra baget ekmeğini 1-2 cm kalınlığında kesiyoruz, üzerine kestiğimiz mozzarella peynirlerimizi birer dilim olarak ekleyip fırına yolluyoruz."", ""Peynirler eriyince fırından çıkarıyoruz, domatesleri ilave edip fesleğen ve balzamik sirke ekliyoruz. Afiyet olsun.""]"
eb147804-da7e-4ea8-8d93-ba5d651757ea,Brokoli,Turkey,"Lezzetli ve sağlıklı brokoli yemeği, tereyağıyla harmanlanmış mükemmel bir yan lezzet",Sebze Yemekleri,"[""400 gram brokoli (çiçeklerine ayrılmış)"", ""5 su bardağı sıcak su"", ""2 yemek kaşığı tereyağı"", ""3 yemek kaşığı un"", ""4 su bardağı süt"", ""1 çay kaşığı karabiber"", ""1 çay kaşığı tuz"", ""1/4 çay kaşığı rendelenmiş muskat cevizi""]","[""Bir tencereye tereyağını ekleyin. Eriyince üzerine unu ilave edin ve biraz esmerleşip kokusu çıkana kadar kavurun."", ""Üzerine sütü ekleyin ve sürekli karıştırarak pişirin. Tuzu, karabiberi, muskat cevizi rendesini ekleyin."", ""Brokolileri haşlayın."", ""Haşlanan brokolileri buzlu suya alın ve 2 dakika bekletin."", ""Fırın tepsisine brokolileri ekleyin."", ""Üzerine beşamel sosu ekleyin ve güzelce karıştırıp yayın."", ""Kaşar peyniri rendesini ekleyin."", ""Önceden ısıtılmış 200 derece fırının ızgara ayarında kaşar peyniri eriyip, üzeri kızarana kadar yaklaşık 15 dakika pişirin."", ""Kışın vitamin ve mineral deposu brokoli, artık daha lezzetli. Fırından aldığınız brokoliyi sıcak olarak bekletmeden servis edin. Sevdiklerinizle paylaşın.""]"
90e20c77-091e-4b2e-958c-8d49545ee8ba,Ev Yapımı Granola Bar,Turkey,Sağlıklı ve doyurucu ev yapımı granola bar tarifi. Kolayca hazırlayıp yanınızda taşıyabilirsiniz,Ana Yemek,"[""1 su bardağı yulaf"", ""1 çay bardağı kuru meyve karışımı (kuru üzüm, kayısı, hurma vs)"", ""1 yemek kaşığı Hindistan cevizi yağı""]","[""İlk önce yulafı çok un haline getirmeden robotta çekiyoruz."", ""Daha sonra diğer tüm malzemelerimizi yine robotta çekip yulafımızla birlikte karıştırıyoruz."", ""Fırın kağıdı serilmiş tepsiye karışımımızı döküp ince bir şekilde tepsiye yayıyoruz."", ""170 derece fırında üzeri kızarana kadar granola barımızı pişiriyoruz. Afiyet olsun.""]"
eab9e953-dde6-4cc7-9b70-7bf1b21d6afe,Kolay Soğuk Kahve,Turkey,"Pratik ve ferahlatan kolay soğuk kahve tarifi, sıcak yaz günlerinde içinizi serinletecek",İçecek,"[""2 su bardağı süt"", ""1 paket gr anül kahve"", ""2 tatlı kaşığı toz şeker""]","[""Mutfak robotuna tüm malzemeleri koyarak güzelce karıştırın."", ""Bu kadar basit. Herkese afiyet olsun.""]"
96448e9d-a349-464c-a6b9-73bf612d25f1,Trompet Mantarı Pate,Turkey,"Zengin ve lezzetli trompet mantarı patesi, kuru üzümün tatlılığıyla mükemmel bir uyum sunuyor",Et Yemekleri,"[""400 gram borazan (trompet mantarı)"", ""1-2 adet soğan"", ""1 yemek kaşığı kuru üzüm"", ""2 yemek kaşığı tereyağı"", ""1 tatlı kaşığı garam masala"", ""1 tatlı kaşığı karadut pekmezi"", ""40 gram ceviz içi"", ""2 yemek kaşığı balsamik sirke"", ""50 gram klarifiye tereyağı"", ""50 ml reisling (yada misket şarabı)"", ""20 ml brendi"", ""1 çay kaşığı tuz"", ""1 çay kaşığı karabiber""]","[""Kırmızı soğanları küp şeklinde doğrayın. Genişçe bir tavaya tereyağ ekleyin, köpürmeye başladığında soğanları ve tuzu ekleyin. Kısık ateşte transparan oluncaya kadar soteleyin."", ""Önce üzümleri sonra da mantarları ilave ederek 4-5 dakika daha pişirin."", ""Beyaz şarabı ekleyin."", ""Kekik , garam masala, tuz-karabiber ve pekmezi ekleyip kısık ateşte pişirin."", ""Mantarlar yumuşayınca ve suyunu çekince karışımı ateşten alın."", ""Soğuduğunda ceviz ve balsamik sirkeyi ekleyerek blenderdan geçirin. Klarifiye tereyağını, arnavut biberini ve brendi'yi ekleyin, çeşnisini ayarlayın ve bir kere daha çevirin."", ""Servis edeceğiniz kaselere alıp, üzerlerini düzleştirin. Taze otlarle süsleyip klarifiye tereyağı ile kaplayın. Kızarmış ekmeklerle birlikte servis edin.""]"
b9c8949d-1135-4c77-b362-b31ca20e8d53,Kakaolu Kurabiye,Turkey,Lezzetli ve çikolatalı kakaolu kurabiye tarifi. Kolay hazırlanışı ve çıtır dokusuyla herkesin favorisi olacak,Ye,"[""250 gram margarin (Oda sıcaklığında)"", ""2 adet yumurta"", ""5 yemek kaşığı kakao"", ""1 paket vanilya"", ""1 paket kabartma tozu"", ""3,5-4 su bardağı un (Kontrollü)""]","[""Bütün malzemeleri derin bir yoğurma kabına alalım."", ""Yumuşak bir hamur elde edene kadar yoğuralım."", ""Çatal veya bıçak ile şeklini verip yağlı kağıt serilmiş tepsiye dizelim."", ""Önceden ısıtılmış 170 derecelik fırında pişirin. Tamamen soğuduktan sonra eritilmiş çikolatayı üzerine dökelim."", ""Fıstık serpip servis edelim. Afiyet olsun.""]"
4f145a1c-b02f-4cbd-8476-7053dccedd08,Fındıklı Muhallebi,Turkey,"Fındıklı muhallebi, kremsi dokusu ve zengin fındık aromasıyla damaklarda unutulmaz bir tat bırakan klasik bir Türk tatlısıdır",Ye,"[""2 litre süt"", ""250 gram krema"", ""200 gram tereyağı"", ""4 yemek kaşığı nişasta (mısır veya buğday nişastası)"", ""2 adet vanilya"", ""200 gram fındık ezmesi"", ""3 su bardağı toz şeker""]","[""Tereyağını tencereye alın. Eriyip fokurdayınca unu ekleyip kavurun."", ""Kavrulan una, süt ekleyip karıştırın."", ""Şekeri de ekleyin ve karıştırmaya devam edin."", ""Nişastayı su ile açıp sütün içine ekleyin iyice kıvam alana kadar çırpmaya devam edin."", ""Fındık özü bulamazsanız ev yapımı orijinal fındık ezmesi de ekleyebilirsiniz."", ""Pişen muhallebiye vanilya ekleyip 2 dakika daha pişirin."", ""Ocaktan aldıktan sonra 5 dakika kadar bekleyin, ardından kremayı ekleyerek güzelce karıştırın."", ""Pişen muhallebiyi 2 ye ayırın bir kısmı sade bir kısmına da fındık özü ekleyin."", ""Önce sade olan muhallebiyi kasenin yarısına kadar dökünüz."", ""Soğuyan fındık özlü muhallebiyi de sadenin üzerine ekleyiniz."", ""Dolapta iyice soğuduktan sonra servise hazır. Afiyet olsun.""]"
4470179d-fac2-4f7b-a97d-a3b73dbeed2e,Hindistan Cevizli Pamuk Kek,Turkey,"Hindistan ceviziyle zenginleştirilmiş, yumuşacık dokulu ve nefis lezzette bir kek tarifi",Ye,"[""3 adet yumurta"", ""1 su bardağı toz şeker"", ""1 su bardağı sıvı yağ"", ""1,5 çay bardağı Hindistan cevizi"", ""3/4 su bardağı süt"", ""1 su bardağı nişasta (mısır veya buğday nişastası)"", ""2,5 su bardağı un"", ""2 paket vanilya"", ""1 paket kabartma tozu""]","[""Yumurtaları bir kabın içerisine kırın ve üzerine toz şeker ilave ederek güzelce çırpın."", ""Çırpılan malzemelerin üzerine süt, sıvı yağ, hindistan cevizi ve vanilyayı da ilave edin."", ""Un, nişasta ve kabartma tozunu da eleyerek karışıma ilave edin ve spatula yardımıyla tüm malzemeleri birbirine güzelce yedirin."", ""Yağlanmış orta boy bir kek kalıbının içerisine kek harcınızı aktarın. 180 derecede önceden ısıtılmış fırında 30-40 dakika arası pişirin. Pişme süresi fırınınızın performansına göre farklılık gösterebi"", ""Çıkarıp oda sıcaklığında soğuttuktan sonra dilimleyerek servis edin. Afiyetler olsun.""]"
6e1c7d60-ba7b-49a0-ad72-d9891570d060,Kakaolu Mozaik Pasta,Turkey,"Pratik ve lezzetli kakaolu mozaik pasta, hiç pişirmeden hazırlanan ferahlatıcı bir tatlı",Tatlı,"[""2 paket pötibör bisküvi"", ""1 su bardağı süt (kıvama göre az daha eklenebilir)"", ""5 yemek kaşığı toz şeker"", ""3 yemek kaşığı kakao"", ""1 su bardağı ceviz"", ""2 yemek kaşığı eritilmiş margarin""]","[""Bir karıştırma kabında bisküvi hariç diğer malzemeleri koyup karıştıralım."", ""Üzerine küçük küçük kırdığımız bisküvileri ekleyip iyice karıştıralım."", ""Streç filme kaşık ile tüm karışımı koyalım kenarlarından tutup kapatalım, elimizle şekil üçgen şeklini verelim."", ""Tekrar streç filme sararsanız daha iyi olacaktır ve sonra buz dolabına koyup 1 saat kadar dinlendirin. Üzerini dilediğiniz gibi süsleyin ve afiyet olsun.""]"
4ae2603b-1b42-496f-996e-702f4059dcc6,Yaz Keki,Turkey,"Yaz aylarının ferahlatan lezzeti, bu pratik ve hafif kek ile sofralarınızda şölen yaşatın",Ye,"[""4 adet yumurta"", ""1,5 su bardağı toz şeker"", ""1 su bardağı süt"", ""1 su bardağı sıvı yağ"", ""3 su bardağı un"", ""1 paket kabartma tozu"", ""1 paket vanilin"", ""5 adet kayısı"", ""15 adet kiraz (çekirdekleri ayıklanmış)"", ""1 tatlı kaşığı margarin""]","[""Yumurta, şeker ve şekerli vanilini çırpın."", ""Karışıma süt ve sıvı yağı ekleyip çırpın."", ""Un ve kabartma tozunu karışıma ekleyip karıştırın."", ""Kirazları ve kayısıları doğrayın, bir yemek kaşığı unla karıştırın."", ""Kek kalıbına margarin sürün ve un serpin."", ""Kek karışımını kek kalıbına dökün."", ""Kirazları ve kayısıları dizin."", ""180 derecede fırına atın içi pişince çıkarın."", ""İsterseniz üstüne pudra şekeri dökün.""]"
9b94d3eb-ec8d-4ff4-be3e-69177b02e2a5,Fit Hindistan Cevizi Topları,Turkey,"Sağlıklı ve lezzetli Hindistan cevizi topları, sadece üç malzemeyle hazırlanan pratik bir atıştırmalık",Ye,"[""1 yemek kaşığı labne"", ""1 su bardağı Hindistan cevizi"", ""1 yemek kaşığı bal""]","[""Labneyi, hindistan cevizini ve balı bir kapta iyice karıştırıyoruz."", ""Karışımdan küçük parçalar alıp düzleştiriyoruz. İçine fındık veya badem koyup yuvarlıyoruz."", ""Hindistan cevizine bulayıp servis tabağımız alıyoruz. (İçine bir şey koymayacak arkadaşlar bu aşamada aldıkları küçük parçayı yuvarlayıp Hindistan cevizine bulayabilirler.)"", ""Yukarıdaki işlemi karışımımız bitene kadar tekrar ediyoruz. Afiyet olsun.""]"
913af759-8bdc-4276-95c1-ea469f23c6bd,Yulaf Lapası,Turkey,"Sağlıklı ve doyurucu bir kahvaltı seçeneği olan yulaf lapası, kolay hazırlanışı ve besleyici özelliğiyle güne harika bir başlangıç yapmanızı sağlar",Ye,"[""4 yemek kaşığı yulaf ezmesi"", ""1 su bardağı süt"", ""1 çay bardağı su"", ""5 adet çiğ badem"", ""1 çay kaşığı tarçın""]","[""Yulaf ezmesini derin ama küçük bir tencereye alın. Üzerine süt ve suyu ekleyin. Ardından diğer tüm malzemeleri ekleyin."", ""Orta ateşte pişirmeye başlayın. Devamlı karıştırın, dibi tutmasın."", ""İyice ısınıp kaynamaya başlayınca ocağı kısıp 1-2 dakika daha karıştırarak pişirin. Yoğun bir kıvam almış olacak."", ""Derin bir kaseye yulaf çapasını alıp üzerine istediğiniz meyveleri ekleyebilirsiniz. Afiyet olsun.""]"
681c7da0-7df1-41e6-96ef-016927d072f9,Kuru Patlıcanlı Fatteh,Turkey,"Kuru patlıcan, tandır ekmeği ve haşlanmış nohutun harmanlandığı geleneksel ve doyurucu bir lezzet",Ye,"[""2 su bardağı İncir Kuşu Kuru Patlıcan"", ""2 adet tandır ekmeği"", ""1 su bardağı nohut (haşlanmış)""]","[""Patlıcanları kaynar suda 15-20 dakika bekletin, süzün ve kurulayın. Tandır ekmeklerini patlıcanlar aynı boyutta doğrayın."", ""Geniş bir tavaya sıvı yağı koyun ve orta ateşte ısıtın. Sıcak yağda önce ekmekleri, ardından nohutları ve son olarak patlıcanları kızartıp kenara alın."", ""Domates sos için ufak bir sos tavasında küp doğranmış soğan ve sarımsakları kavurun. Yumuşadıktan sonra kalan tüm mlazemeyi de ekleyip karıştırın, koyulaşana kadar kısık ateşte pişirin."", ""Yoğurt sos için, süzme yoğurt, sarımsak ve tahini karıştırın. Kıvamını da sıcak su ekleyerek ayarlayın."", ""Servis tabağının tabanına kızarmış ekmeklerden biraz koyun, ardından kat kat olacak şekilde kızarmış patlıcanları, domates sosu, nohutları, biraz daha ekmek, kıyılmış maydanoz ve zeytinyağı ekleyip se""]"
da756000-059e-4a69-9355-547d7e83ee87,Kremalı Bal Kabağı Çorbası,Turkey,"Kremalı ve lezzetli bal kabağı çorbası, balsamik sirke ile zenginleştirilmiş özel bir tat sunar",Ye,"[""500 gram bal kabağı"", ""2-3 tatlı kaşığı balsamik sirke"", ""1 adet soğan"", ""200 ml krema"", ""50 ml beyaz şarap"", ""2-3 adet kurutulmuş chili biberi"", ""1 çay kaşığı muskat cevizi rendesi"", ""2-3 yemek kaşığı zeytinyağı"", ""200 gram borazan (trompet mantarı)"", ""1 çay kaşığı karaman kimyonu"", ""1-2 yemek kaşığı tereyağı"", ""1 çay kaşığı tuz"", ""1 çay kaşığı karabiber""]","[""Bal kabağını dilimleyin ve yağlı kağıt serdiğiniz tepsiye dizin.Üzerine zeytinyağı ve balsamik sirke karışımını dökün."", ""Tuz serpip 190 derecelik fırında pişirin. Bal kabakları yumuşayınca fırından çıkarın."", ""Soğanı küp şeklinde kesin ve az yağda renk vermeden terletin. Rende sarımsağı ekleyin."", ""Tuz, chili biberi, karabiber, rende muskat, önceden hafif kavurduğunuz Karaman kimyonunu ve beyaz şarabı ekleyip 5 dakika suyunu çekene kadar pişirin."", ""Yarım bardak ılık su ekleyip düşük ısıda 10-15 dakika pişirin. Karışımı blenderdan geçirip tekrar tencerenize alın. Kıvamlı ise biraz daha su ekleyebilirsiniz."", ""En son kremayı ekleyin. Çeşnisini ve kıvamını kontrol edin. Düşük ısıda 5 dakika daha kaynatmadan pişirin."", ""Piştikten sonra ocaktan alın ve servis edin.""]"
b8c2c339-2063-48cb-9de4-29217af1efc4,Ispanaklı Makarna,Turkey,"Lezzetli ıspanaklı makarna tarifi, pratik ve doyurucu bir öğün için ideal",Ye,"[""4 çay bardağı makarna"", ""8 çay bardağı su"", ""1 paket bulyon"", ""3 yemek kaşığı sıvı yağ"", ""1 çay kaşığı tuz"", ""200 gram ıspanak"", ""2 yemek kaşığı mayonez"", ""1,5 su bardağı süt""]","[""Su, bulyon, 3 yemek kaşığı sıvıyağ ve 1 çay kaşığı tuzu tencereye alıp kaynatın."", ""Kaynayınca makarnayı ekleyip kısık ateşte pişmeye bırakın."", ""5 dakika sonra ağzını kapatın."", ""Ispanakları yıkayıp yeşil yapraklarını ve sütü uygun bir kapta çırpın."", ""Tavaya biraz sıvıyağ koyup ısıtın ve çektiğiniz ıspanağı içine koyun."", ""10 dakika kadar karıştırarak pişirin."", ""Suyunu çeken makarnayı ve mayonezi ekleyerek 5 dakika kadar karıştırarak pişirmeye devam edin."", ""Altını kapatmadan önce kaşarı ekleyip erimesini sağlayın. Afiyet olsun.""]"
6515c62c-aa8e-4b60-8aab-2f30f1fb3470,Bal Kabaklı ve Muzlu Tost,Turkey,"Tatlı ve doyurucu bir lezzet şöleni olan bal kabaklı ve muzlu tost, kahvaltı veya ara öğün için mükemmel bir seçenektir",Ye,"[""2 adet tost ekmeği"", ""1 adet muz"", ""1 tatlı kaşığı tereyağı"", ""1/2 çay kaşığı tarçın"", ""1 yemek kaşığı böğürtlen reçeli""]","[""1 adet tost ekmeğinin yüzeyini kaplayacak kadar bal kabağını dilimleyip, yıkıyoruz ve buharda haşlıyoruz."", ""Yaklaşık 10 dakika da haşlanan kabaklarımızı ve yine tost ekmeğinin yüzeyini kaplayacak şekilde dilimlediğimiz muzları daha önceden ayrı bir kapda karıştırdığımız 1 çorba kaşığı şeker ve çok az tarçın"", ""Bal kabağı ve muzları karamelize ederken bir taraftan tost ekmeklerimizi tost makinesine koyuyoruz ve bir miktar çıtırlaşan ekmeklerimizin üstüne az miktarda tereyağı sürüyoruz."", ""Bal kabağını ekmeğimizin üstüne yerleştirdikten sonra incecik kestiğimiz kaşar peyniri koyuyoruz ve üstüne muzları koyuyoruz."", ""Diğer tost ekmeğiyle üstünü kapatalım ve 4-5 dakika daha tost makinesinde tostumuzu kızartıyoruz."", ""Tost makinesinden aldığımız tostumuzu servis edeceğimiz tabağa koyduktan sonra sunumumuzu yapıyoruz. Afiyet olsun.""]"
8389bce7-adf2-49e7-8a86-54ce9ce5e5b6,Kuru Domatesli Zeytin Salatası,Turkey,Zeytinyağı ve cevizin zengin lezzetiyle kurutulmuş domateslerin harmanlandığı ferahlatıcı ve pratik bir salata,Salata,"[""1 çay bardağı kurutulmuş domates"", ""3 yemek kaşığı ceviz"", ""3 yemek kaşığı zeytinyağı (sos için)"", ""1/2 adet limonun suyu"", ""1 yemek kaşığı nar ekşisi"", ""1/2 çay kaşığı tuz"", ""1/2 çay kaşığı kekik""]","[""Zeytinler ikiye bölünür ve geniş bir kaseye alınır. İsterseniz dilimli de kullanabilirsiniz."", ""Domatesler 10 dakika sıcak suda bekletilir, kurulanır ve doğranır. Kaseye ilave edilir. Eğer nemli bir yapıda ise suda bekletmeye gerek yok. İri kıyılmış nane ve ceviz de eklenir."", ""Sosu için malzemeler karıştırılır ve salataya gezdirilir. Ekşi seviyorsanız limon suyunu arttırın. Bütün malzemeler karıştırılıp servis yapılır.""]"
6ce403e0-9c23-48d3-9fa5-6e9ddb7738e0,Kurutulmuş Domates Çorbası,Turkey,"Güneşten kurutulmuş domateslerin yoğun lezzetiyle hazırlanan bu çorba, soğuk günlerde içinizi ısıtacak enfes bir başlangıç",Çorba,"[""1 yemek kaşığı tereyağı"", ""5 adet orta boy domates"", ""4 adet kurutulmuş domates"", ""1 yemek kaşığı domates salçası"", ""2 su bardağı su"", ""3 su bardağı tavuk suyu"", ""1 adet defne yaprağı"", ""1 tatlı kaşığı tuz"", ""1 çay kaşığı karabiber""]","[""Kurutulmuş domatesi bir kasenin içine alıp üzerine kaynar su döküyoruz ve yumuşayana kadar bekliyoruz."", ""Domatesleri soyup küp küp doğruyoruz, sarımsağı soyup eziyoruz."", ""Tereyağını bir tencerede eritip unu katıyoruz ve kokusu çıkana kadar kavuruyoruz."", ""Tencereye salçayı da ekleyip yaklaşık 2-3 dk daha kavurup doğradığımız domatesi, yumuşayıp ufalttığımız kuru domatesi ve ezdiğimiz sarımsağı ekleyip yaklaşık 5 dk pişiriyoruz."", ""Tencereye suyu, tavuk suyunu, defne yaprağını, tuzu ve karabiberi ekleyip kısık ateşte kaynayana kadar pişiriyoruz."", ""Kaynadıktan sonra defne yaprağını çıkartıp blenderden geçiriyoruz ve 10 dk daha kısık ateşte pişirip afiyetle tüketiyoruz.""]"
d70a2be1-ad81-4de8-a1e2-ca27c0f7a8b9,Hindistan Cevizi Şekerli Banana Bread,Turkey,"Hindistan cevizi şekeriyle tatlandırılmış, nemli ve lezzetli banana bread tarifi",Ana Yemek,"[""2 adet yumurta"", ""4 yemek kaşığı Hindistan cevizi şekeri"", ""1/2 çay bardağı zeytinyağı"", ""1 çay bardağı süt"", ""3 adet olgun muz (içine 1 yemek kaşığı Hindistan cevizi şekeri eklenip ezilecek)"", ""1 paket kabartma tozu"", ""1 çay kaşığı vanilya"", ""2,5 su bardağı tam buğday unu"", ""100 gram şekersiz bitter çikolata""]","[""Yumurta ve şekeri ekleyip krema kıvamını alana dek çırpıyoruz. Zeytinyağı ve sütü ekleyip çırpmaya devam ediyoruz."", ""İçine Hindistan cevizi şekeri eklediğimiz muzları ezip harcın içine karıştırıyoruz. Vanilya ve kabartma tozunu, unu ekleyip spatula ile karıştırmaya başlıyoruz."", ""Son olarak doğranmış çikolataları ekleyip harca son halini veriyoruz. Yağlı kağıt serilmiş baton kek kalıbına harcı döküp 180 derecelik önceden ısıtılmış fırında 35-40 dakika pişiriyoruz.""]"
f9d93c30-e3fa-4828-b40d-1f52f4ee68ca,Otlu Börek,Turkey,"Fırında pişirilen, içine ot ve peynir konulan lezzetli bir hamur işi",Börek & Hamur İşi,"[""6 su bardağı un"", ""1 yemek kaşığı sirke"", ""3,5 çay bardağı su"", ""1 çay bardağı süt"", ""1 çay kaşığı şeker"", ""1 silme yemek kaşığı tuz"", ""1 paket instant maya"", ""1/2 çay bardağı ayçiçek yağı""]","[""Hamuru için hamur malzemeleri karıştırılıp yoğurulur, 15 dakika bekletilir. İçi doğranıp hazırlanır."", ""Hamur kabardıktan sonra beze haline getirilir, açılır iç malzemesi konur dilediğiniz şekli verebilirsiniz."", ""Tepsi yağlanır üzerine börekler konur."", ""Aralarına yağ sürülür üstüne yoğurt dilerseniz çörek otu da serpebilirsiniz."", ""200 derece de 30 dakika pişirilir, afiyet olsun.""]"
b90bf902-1099-4534-a9bf-58e5d39fb04c,Pizza Tadında Fit Kraker,Turkey,"Lezzetli ve sağlıklı pizza krakerleri, yulaf unu ile hazırlanan pratik bir atıştırmalık",Ana Yemek,"[""1,5 su bardağı yulaf unu"", ""1/2 çay bardağı su"", ""1/2 çay bardağı zeytinyağı"", ""1 çay kaşığı tuz"", ""1 çay kaşığı sarımsak"", ""1 çay kaşığı soğan tozu"", ""1 tatlı kaşığı pul biber"", ""1 tatlı kaşığı kekik"", ""1 tatlı kaşığı karabiber"", ""1 tatlı kaşığı domates salçası"", ""1 tatlı kaşığı yoğurt""]","[""Tüm malzemeleri karıştırıp bir hamur elde ediyoruz."", ""Daha sonra 2 adet yağlı kağıdın arasında açıyoruz."", ""Dilimledikten sonra 160 derece fırında 15-20 dakika kadar kontrollü bir şekilde pişiriyoruz."", ""Fırını kapattıktan sonra fırın soğuyana kadar krakerleri çıkarmayın ki kıtır bir hal alsın. Afiyet olsun.""]"
1e054389-1b3b-4bd7-80a0-4b02d0d394e6,Kiremitte Kaşarlı Tavuk,Turkey,"Fırında pişen kaşarlı tavuk, patates ve domates sosuyla harmanlanmış lezzetli bir ana yemek",Tavuk Yemekleri,"[""4 adet patates"", ""1 adet tavuk göğsü"", ""500 mililitredomates konservesi"", ""1 çay kaşığı kekik"", ""1 çay kaşığı pul biber"", ""1 çay kaşığı toz biber"", ""1 çay kaşığı karabiber"", ""1 çay kaşığı tuz"", ""100 gram kaşar peyniri""]","[""Tavukları ve patatesleri küp küp doğrayın."", ""Tavukları kızgın tavaya alıp üzerine bir kahve fincanı kadar sıvı yağ ekleyip soteleyin."", ""Üzerine baharatları ve domates konservesini ekleyip 10 dakika daha pişirin."", ""Küp kesilmiş patatesleri kızgın yağda kızartıp güvece alın ve tuzlayın."", ""Pişen tavuğu patateslerin üzerine paylaştırın."", ""Rendelenmiş kaşar peynirini üzerine serpip en üste tatlı bir renk versin diye toz biber serpin."", ""180 derece fansız fırında kaşarlar eriyinceye kadar tutup fırından alın.""]"
134f36a2-63da-4f29-aac3-4827d0a975a1,Bal Kabaklı Muhallebili Tatlı,Turkey,"Bal kabağının doğal tatlılığı ile muhallebinin yumuşacık dokusunun buluştuğu, geleneksel lezzet",Tatlı,"[""500 gram bal kabağı"", ""1 su bardağı toz şeker"", ""1 su bardağı su""]","[""Bal kabağını küp küp doğrayıp tencereye alın. Üzerine şeker ile suyu ekleyip yumuşayıncaya kadar pişirin."", ""Pişen bal kabağını blenderdan geçirip püre kıvamına getirin."", ""Ayrı bir tencereye muhallebi için vanilya ve tereyağı hariç tüm malzemeleri aktarın. Sürekli karıştırıp pişirin."", ""Kıvam alan muhallebi göz göz olmaya başlayınca altını kapatın. Vanilya ve tereyağı da ekleyip karıştırın. Kuplara önce bal kabağı püresinden koyun. Üzerine muhallebi ve tekrar bal kabağı püresi olacak"", ""Bal kabaklı muhallebili tarifiniz hazır. Afiyet olsun!""]"
d5cb788c-036b-49e5-bd78-2e51fffa3dc4,Fırında Karnıyarık,Turkey,"Fırında harika bir lezzet olan karnıyarık, iç harcıyla birlikte doyurucu ve lezzetli bir ana yemek",Ana Yemek,"[""5 adet patlıcan"", ""1 adet soğan"", ""250 gram kıyma"", ""2 adet domates"", ""2 adet biber"", ""1 yemek kaşığı pirinç (basmati kullandım)"", ""1/2 çay bardağı sıvı yağ""]","[""Patlıcanları yıkayıp kuruladıktan sonra alacalı bir şekilde soyalım."", ""Tepsiyi ve patlıcanları hafif yağlayıp 200 derecede 20 dakika kadar patlıcanları pişirelim."", ""İç harcı için tavaya önce soğanı koyup soteleyin sonra kıymayı ekleyip kavurun."", ""Pirinci, domatesi, biberi,tuzunu ve baharatları ekleyip pişirin ve bekletin."", ""Patlıcanlar çıktığında ortadan kesip içini çatalla yayıp düzleştirerek hazırladığınız iç harcından eşit şekilde paylaştırın."", ""En üstlerine birer biber koyup domates suyu dökün tekrar fırına verip 200 derecede 30 dakika kadar pişirin. Afiyet olsun.""]"
fc8b6744-90af-46f2-b733-0bb838b0a974,Damat Pastası,Turkey,"Lezzetli ve hafif dokusuyla Damat Pastası, misafirlerinize sunabileceğiniz özel bir tatlı seçeneğidir",Tatlı,"[""4 adet yumurta"", ""1 su bardağı (bir parmak eksik) şeker"", ""1 su bardağı un"", ""1 paket vanilya"", ""1 paket kabartma tozu"", ""1 yemek kaşığı kakao""]","[""İlk olarak kremayı hazırlıyoruz. Süt, şeker, un, nişasta, kakao ve yumurta sarısını bir tencereye alalım. Kaynayana kadar sürekli karıştırarak pişirelim."", ""Ocaktan alıp tereyağı, vanilya ve çikolatayı ekleyip arada karıştırarak soğumaya bırakalım. Üzerine değecek şekilde streç ile kapatırsanız kabuk tutmayacaktır."", ""Krema soğuyunca toz şanti ve 1 paket kremanın yarısını ekleyip çırpalım. Bu arada keki yapalım; yumurta ve şekeri iyice köpürene kadar çırpalım."", ""Un, vanilya, kabartma tozu ve kakao ekleyip tekrar çırpalım ve yağlanmış büyük kare borcama dökelim. 170 derece fırında 20-25 dakika pişirelim."", ""Keki ıslatmak için soğuk süt içine bir kaşık şeker ekleyip karıştırarak eritelim ve fırından çıkan sıcak kekin üzerine gezdirelim. Soğuyan kremayı da kekin üzerine boşaltıp güzelce yayalım. Buzdolabın"", ""Ganaj için kremayı ocakta ısıtalım. Kaynamaya başlar başlamaz hemen ocaktan alıp çikolata ekleyelim. Karıştırarak erimesini sağlayalım."", ""Dolapta dinlenmiş olan pastamızın üzerine yayalım. 1 gece yada en az 4-5 saat dolapta dinlendirip istediğimiz şekilde süsleyelim ve servis yapalım. Afiyet olsun.""]"
f62f082b-3c21-492c-bc99-e4e87ac88e22,Pazı Çöreği,Turkey,"Pazı ve taze soğanların lezzetli buluşumuyla hazırlanan, yumuşak dokulu ve besleyici bir çörek tarifi",Ana Yemek,"[""500 gram pazı"", ""3 adet yumurta"", ""3 adet taze soğan"", ""1 adet kapya biber"", ""1 adet küçük boy havuç"", ""4 yemek kaşığı zeytinyağı"", ""1/2 su bardağı yulaf unu"", ""1/2 çay kaşığı tuz"", ""1 tatlı kaşığı nane"", ""1 tatlı kaşığı kekik"", ""1/2 çay kaşığı karabiber"", ""3 yemek kaşığı tulum peyniri""]","[""Pazıyı saplarından ayırıyoruz ve ince ince doğruyoruz."", ""Taze soğanı, biberi ve maydanozu çok ince doğrayıp karıştırıyoruz. İçerisine havuç rendeleyip kalan tüm malzemeleri karıştırıyoruz."", ""Homojen bir karışım elde edip, muffin kaplarına alıp arzuya göre çörek otu ve susamla süslüyoruz."", ""120 derece fırında 50 dakika pişiriyoruz. Afiyet olsun.""]"
a22b711b-eb2b-454a-af73-c0061fc92f96,Pizza Poğaça,Turkey,"Lezzetli pizza poğaçası, pratik malzemelerle hazırlanan harika bir atıştırmalık",Börek & Hamur İşi,"[""5-6 su bardağı un"", ""1 yemek kaşığı şeker"", ""1 paket kuru maya"", ""2 su bardağı ılık süt"", ""1 tatlı kaşığı tuz"", ""1 adet yumurta akı""]","[""Hamuru için un hariç tüm malzemeleri karıştırın."", ""Karışıma azar azar unu ekleyip karıştırmaya devam edin."", ""Hamur karışımını 40 dakika dinlenmeye bırakın."", ""Hamurdan elinizle küçük parçalar koparıp yuvarlayın."", ""Bardağın tersiyle üstlerine bastırarak bezeleri yassılaştırıp kaşar peynirini ekleyin."", ""Ardından diğer malzemeleri üzerine koyun. Kenarlarına yumurta sarısı sürerek fırına verin. 180 derecede 30 dakika kadar pişirin."", ""Pizza poğaça tarifiniz hazır. Afiyet olsun!""]"
3106439f-4e0c-4337-9956-a877df695fce,Fıstıklı Mozaik Pasta,Turkey,"Pratik ve lezzetli fıstıklı mozaik pasta, hiç pişirmeden hazırlanan ferahlatıcı bir tatlıdır",Tatlı,"[""1,5 paket petibör bisküvi"", ""1 su bardağı soğuk süt"", ""3 yemek kaşığı margarin"", ""4 yemek kaşığı kakao"", ""5 yemek kaşığı şeker""]","[""Bisküvileri bir kaba elimizle ufalıyoruz."", ""Sütü, şekeri, kakaoyu ve fıstığı ekliyoruz."", ""Margarini eriyene kadar ocakta karıştırıyoruz."", ""Eriyen margarini karışıma ekliyoruz. Karışım homojen olana kadar yoğuruyoruz."", ""İstediğimiz şekli verdikten sonra streçe sarıp buzdolabına koyuyoruz."", ""3-4 saat veya 1 gece beklettikten sonra dilediğiniz gibi süsleyerek tüketebilirsiniz. Afiyet olsun.""]"
47b8895f-0b8e-4919-ad19-a7e08b9d9bf6,Kakaolu Çikolatalı Supangle,Turkey,"Kakaolu ve çikolatalı lezzetin mükemmel uyumu, bu supangle tatlısı hem yapımı kolay hem de damaklarda unutulmaz bir tat bırakıyor",Ye,"[""3 su bardağı süt"", ""1 paket sıvı krema"", ""1/2 su bardağı nişasta (mısır veya buğday nişastası)"", ""1/2 su bardağı toz şeker"", ""2 yemek kaşığı dark kakao"", ""1 tatlı kaşığı gr anül kahve""]","[""İlk olarak kısmında yazan tüm malzemeleri bir tencereye alıyoruz ve kaynayıp kıvam alana kadar çırpıcı yardımı ile çırpıyoruz."", ""Kaynayan muhallebiyi ocaktan alıp sıcağıyla kalan malzemeleri de ekledikten sonra çırpıcı ile karıştırıp iki üç saniyelik bir mikserle çırpıp, hemen kapatıyoruz."", ""Beş altı dakika çırpıcı ile karıştırıp ilk sıcağının gitmesini sağlıyoruz."", ""Kaselere servis edip servis ediyoruz. Afiyet olsun.""]"
9b9e4952-f9ab-4137-be33-b3801bc4f021,Çıtır Tavuk Göğsü,Turkey,"Lezzetli baharatlarla harmanlanmış çıtır tavuk göğsü, dışı çıtır içi yumuşak dokusuyla damaklarda unutulmaz bir tat bırakıyor",Tavuk Yemekleri,"[""2 adet tavuk göğsü (inceltilmiş dört parça)"", ""1 tatlı kaşığı tuz"", ""1 çay kaşığı karabiber"", ""2 su bardağı ekmek kırıntısı"", ""2 adet yumurta"", ""1 çay kaşığı kırmızı toz biber"", ""4 su bardağı kızartma yağı""]","[""İnceltilimiş tavukları buzdolabı poşetine koyun ve bahartaları da poşetin içine koyun."", ""Poşetin ağzını kapatıp çalkalayın ve iyice karıştırın."", ""Kurutulmuş ekmek kırıntılarını bir kaseye koyun."", ""Yumurtaları hafif çırpın."", ""Tavukları önce yumurtaya daha sonra ekmek kırıntılarına bulayın."", ""Kızgın yağda iki tarafını da iyice kızartın. İşte bu kadar, afiyet olsun!""]"
7afc7860-2124-4c4a-a06f-0ec2776cb6f1,Peynirli Kabak Rulo,Turkey,"Cheese-filled zucchini rolls made with white cheese and fresh zucchini, baked to golden perfection",Sebze Yemekleri,"[""200 gram beyaz peynir"", ""4 adet orta boy kabak"", ""1/2 çay kaşığı tuz"", ""1/2 çay kaşığı karabiber (taze çekilmiş)"", ""1 çay kaşığı hardal""]","[""Kabakları bol su ile yıkadıktan sonra kabuklarını soymadan uzunlamasına kesin. Ruloların ince olmasına özen gösterin."", ""Kabakları kenara alın ve ızgarayı ısıtın. Izgara yoksa, yapışmaz tava da kullanabilirsiniz."", ""Küçük bir kasede sirke, hardal, karabiber, tuz ve zeytinyağını karıştırın."", ""Izgaraya kabak dilimlerini yerleştirin. Bir fırça yardımıyla hazırladığınız marine sosunu kabakların üzerine sürün."", ""2-3 dakika sonra kabakların diğer tarafını çevirin ve aynı işlemi bu tarafına da uygulayın."", ""Izgarada pişirdiğiniz kabakları bir kenara alın. Beyaz peyniri, dikdörtgen şeklinde dilimlere ayırın."", ""Kabakların içine dilimlediğiniz peyniri koyun ve rulo şeklinde sarın."", ""Sardığınız kabakları, servis tabağına diklemesine koyun."", ""Zeytinyağını tavada kızdırın ve içine çam fıstıklarını ekleyin. Fıstıklar renk değiştirene kadar kavurun."", ""Servis tabağındaki kabak ruloların üzerinde bu sosu gezdirin."", ""Fesleğeni küçük küçük doğrayın ve kabakların üzerine yerleştirin. Afiyet olsun."", ""Kabakları dilimledikten sonra tuzlu suda bekleterek kararmalarını önleyebilirsiniz."", ""Tarifte beyaz peynir yerine labne de kullanabilirsiniz."", ""1 adet kabaktan ortalama 4-5 dilim elde edilmektedir."", ""Servis için kabakları yan yatırıp üzerine kürdan batırabilirsiniz.""]"
f386a950-08d6-4a83-87ca-00fdccb3797f,Sandviç Tarifleri,Turkey,Lezzetli ve pratik sandviç tarifleri ile hızlıca harika atıştırmalıklar hazırlayın,Ana Yemek,"[""Etimek Tatlısı Tarifi"", ""Damla Çikolatalı Kurabiye"", ""Tatlı Tarifleri Spoonful Mozaik Pasta Çikolatalı Sufle İrmik Helvası Fırın Sütlaç Profiterol Revani Magnolia"", ""Kahvaltılık Tarifler Pancake Krep Pişi Kuymak Kaygana Kahvaltılık Sos Menemen Muhlama Yumurtalı Ekmek Omlet"", ""Omlet""]","[""Yorucu bir günün ardından eve geldiğinizde ya da ders çalışırken açlığınızı bastırmak istediğinizde, birbirinden kolay sandviç tarifleri arasından seçim yapabilirsiniz. Birkaç dakikada hazırlayabilece"", ""Bir tost düşünün, ekmekle değil, patatesle hazırlanıyor, toplam 4 malzeme kullanılarak şipşak hazırlanıyor. Daha önce denediğiniz tüm tost tariflerini unutturacak bu pratik ve farklı tost tarifini bir""]"
b58a1c68-50b6-4414-91e6-c799cabb8390,Kolay Kısır,Turkey,"Pratik ve lezzetli kolay kısır tarifi, az malzemeyle hızlıca hazırlanır",Ye,"[""6 çay bardağı ince bulgur"", ""1 adet orta boy kuru soğan"", ""2 yemek kaşığı biber salçası"", ""1 yemek kaşığı domates salçası"", ""1/2 çay bardağı nar ekşisi"", ""2 çay bardağı zeytinyağı"", ""1 tatlı kaşığı köfte baharı"", ""1 tatlı kaşığı kırmızı biber"", ""1 tatlı kaşığı tuz"", ""1 çay kaşığı karabiber"", ""1 yemek kaşığı reyhan"", ""1 yemek kaşığı ekşi külü""]","[""Islatılmış bulguru, doğranmış kuru soğanı, salçayı ve baharatları bir tepsiye alın. Ara ara su katarak yumuşayıncaya kadar 20 dakika yoğurun."", ""Daha sonra nar ekşisi ve zeytinyağı katarak karıştırın. Küçük doğranmış yeşil soğanı ekleyin. Fazla ezmeden eşit şekilde karıştırın. Marul eşliğinde servis edin. Afiyet olsun.""]"
91b09f95-7af7-4b66-b3c9-1f593b469d97,Acı Soslu Sebze Şenliği,Turkey,A vibrant vegetable medley with a spicy red pepper sauce that brings Turkish flavors to your table,Sebze Yemekleri,"[""1 çay kaşığı kırmızı toz biber""]","[""Acı Soslu Sebze Şenliği"", ""Sos için tüm malzemeleri mikserde iyice karıştırın."", ""Mantarları temizleyip nemli bir bezle silin. Sarımsakları soyun. Biberleri temizleyip enine ikiye kesin."", ""Patlıcanı soyup dilimleyin ve kararmaması için limonlu suda beklettikten sonra iyice kurulayın. Kabağı alacalı soyup dilimleyin."", ""Sebzelerin her iki tarafına fırça yardımı ile zeytinyağını sürün ve bir kaba alıp bir tutam tuz serpiştirin."", ""Sebzeleri mangalda pişirin. Servis tabağının en altına acı sosu yayın."", ""Üzerine mevsim sebzelerini özenle dizin. Taze biberiye ile süsleyip ılık servis yapın. Afiyet olsun."", ""Mantarların kararmaması için, bir fırça yardımıyla limon sürün."", ""Patlıcanları limonlu suda 15 dakika bekleyin."", ""Acı sosu hazırlarken domates salçasına ek olarak biber salçası da kullanabilirsiniz."", ""Sosun tüm malzemelerini ekledikten sonra krema kıvamına gelinceye kadar karıştırın."", ""Acı soslu sebzelerin bir porsiyonu, yaklaşık 75 kaloridir. Zengin besin değerleriyle sunulan bu tarifi, diyet ve vejetaryen menülerine ekleyebilirsiniz.""]"
5f5a838b-05bb-438c-9f6f-4e55431f83f8,Ispanaklı Makarna,Turkey,"Ispanaklı makarna, hem pratik hem de besleyici bir lezzettir",Pilav & Makarna,"[""1/2 paket yüksük makarna"", ""2 litre su (kaynamış)"", ""1 tatlı kaşığı tuz""]","[""Makarnayı haşlamak için suyumuzu kayanatalım. Kaynayan suyun içine istediğimiz miktar da tuzu atıp makarnaları ilave edelim."", ""Makarna pişirme süresini kendi damak tadımıza göre ayarlayalım."", ""Kapya biberlerimizi ve yeşil biberlerimizi zeytin yağında biraz soteleyelim. Sertliği gidip kızarmaya başlayan biberlerin üzerine havucu ekleyelim."", ""Havuçlarımızı 1-2 dakika soteleyip üzerine doğramış olduğumuz domatesleri ekleyelim."", ""Dometeslerle pişmesi için sos tenceremizin 2-3 dakika kapağını kapatalım."", ""Yıkayıp hazırlamış olduğumuz ıspanakları sosumuzun içine bırakalım ."", ""Tuz karabiber ve pul biber atıp pişen sosumuza tereyağını ekleyelim ve eritip ocaktan alalım."", ""Haşlanan makarnalarımızı sos ile birleştirelim ve bekletmeden servis edelim."", ""Yoğurt ile yemeniz tavsiyemdir güzel bi uyum yakalıyorsunuz. Afiyet olsun.""]"
63374483-2a72-4e07-a328-c01e113f1379,Sebzeli Sucuklu Omlet,Turkey,"Sebzeli sucuklu omlet, doyurucu ve lezzetli bir kahvaltı seçeneği. Sucuğun baharatlı tadı, taze sebzelerle birleşerek harika bir lezzet oluşturur",Et Yemekleri,"[""4 adet büyük boy yumurta"", ""1 adet orta boy çarliston biber"", ""1 adet küçük boy domates"", ""1 çay kaşığı (silme) tuz-karabiber"", ""1 çay kaşığı (silme) kırmızı biber"", ""2 tatlı kaşığı tereyağı""]","[""İlk olarak doğranmış olan sucukları tereyağında soteliyoruz."", ""Daha sonra ince ince doğradığımız biber ve domatesi ekliyoruz ve soteliyoruz."", ""Baharatları ekleyip karıştırıyoruz."", ""Yumurtayı bir kasede çırpıyoruz."", ""Üzerine döküyoruz. 3-4 dakika pişirip, ters çeviriyor ve diğer tarafını da pişiriyoruz."", ""Maydanoz ile servis edebilirsiniz. Afiyet olsun.""]"
fc2be8f1-dfb1-4553-93f1-0f534a4f4fb9,İkili Parti Sandviçi,Turkey,Sebzelerle hazırlanan lezzetli ve doyurucu parti sandviçi tarifi,Ye,"[""2 adet kabak"", ""2 adet soğan"", ""2 adet kırmızı biber"", ""2 adet dolmalık biber"", ""1 paket krem peynir"", ""1 çay kaşığı tuz"", ""1 yemek kaşığı tereyağı"", ""1 çay kaşığı karabiber""]","[""Tereyağını eritin. Bütün sebzeleri aynı boy doğrayın ve tavada hepsi iyice yumuşayıncaya kadar pişirin."", ""Bahartlar ile aromalandırın ve krem peynirle karıştırın."", ""Tavuk göğüslerini haşlayın. Haşlarken tuz ilave edebilirsiniz."", ""Soğuyan tavuk göğüslerini didikleyin."", ""Zeytinyağını tavada ısıtın, tavukları ilave edin."", ""Susam, diğer baharatlar ve soya sosunu da ilave edin. Tavuklu kısım da hazır.""]"
8919b6bf-2316-4fdf-8225-31df56e2280c,Kalem Börek,Turkey,"Fırınlanmış yufkaların arasında özel harçla hazırlanan, çıtır çıtır lezzetli bir börek tarifi",Börek & Hamur İşi,"[""2 adet yufka"", ""1,5 çay bardağı sıvı yağ"", ""Etimek Tatlısı Tarifi"", ""Damla Çikolatalı Kurabiye"", ""Tatlı Tarifleri Spoonful Mozaik Pasta Çikolatalı Sufle İrmik Helvası Fırın Sütlaç Profiterol Revani Magnolia"", ""Kahvaltılık Tarifler Pancake Krep Pişi Kuymak Kaygana Kahvaltılık Sos Menemen Muhlama Yumurtalı Ekmek Omlet"", ""Omlet""]","[""Kalem börek için Yufkayı 12 parçaya bölün."", ""Geniş kısma peynir yerleştirin."", ""Kenarları içe döndürüp sıkıca rulo yapın.Uç kısımların açılmaması için su sürün."", ""Kızgın yağda önlü arkalı kızarttın."", ""Pişince yağdan çıkarın. Kalem börek hazır. Sıcak sıcak servis edin. Afiyetler olsun.""]"
a3bedfe1-021a-4002-8f0a-59179bbf0fdc,Limonlu Zencefilli Kurabiye,Turkey,"Taze limon ve zencefilin ferahlatıcı lezzetiyle birleşen bu kurabiyeler, çay saatlerinin vazgeçilmezi olacak",Ye,"[""175 gram tereyağı (oda sıcaklığında)"", ""2 su bardağı un"", ""3/4 su bardağı toz şeker"", ""3 yemek kaşığı pekmez"", ""2 adet yumurta"", ""1 tatlı kaşığı limon kabuğu rendesi"", ""1 paket vanilya"", ""1 çay kaşığı zencefil"", ""1/2 çay kaşığı tarçın"", ""1 paket kabartma tozu""]","[""Derin bir kabın içerisine tereyağını alın ve kremamsı bir kıvam alana kadar mikser yardımıyla çırpın."", ""Ardından içine toz şeker ilave edip şeker eriyene kadar çırpmaya devam edin."", ""Ardından yumurtaları içine tek tek kırarak ilave edin ve her yumurtadan sonra çırpma işlemine devam edin."", ""Son olarak pekmezi de eklereyerek bir kez daha çırpın."", ""Kabartma tozu, limon kabuğu, zencefil, tarçın ve vanilyayı harca ilave edin. Spatula yardımıyla karıştırın."", ""Unu eleyerek azar azar harca ekleyin. Bir yandandan da spatula ile tüm unu karıştırarak yedirin. Bu aşamada kontrollü davranın böylelikle unun fazla ya da az gelmesini engellemiş olursunuz, gereken mü"", ""Yumuşak bir kurabiye hamuru kıvamına gelene kadar elinizle yoğurun."", ""Ardından iki eşit parçaya bölün ve kalın, orta boylarda rulolar elde edin."", ""Elde ettiğiniz rulolaları streç filme sarın ve buzlukta 1 saat kadar dinlendirin."", ""Çıkarıp oda sıcaklığında birkaç dakika beklettikten sonra keskin, düz bir bıçak yardımıyla orta kalınlıkta yuvarlaklar elde edin."", ""Pişirme kağıdı serili fırın tepsisinin üzerine hazırladığınız kurabiyeleri tek tek dizin."", ""180 derecede önceden ısıtılmış fırında yaklaşık 10 - 12 dakika kadar üstleri hafif kızarana kadar pişirin. Çıkarıp oda sıcaklığında dinlendirdikten sonra afiyetle tüketin.""]"
c1c1d376-006b-4255-a719-dcb83c3379d9,Pratik Pizza,Turkey,Evde kolayca hazırlayabileceğiniz lezzetli ve pratik pizza tarifi,Ye,"[""5 su bardağı un"", ""2 su bardağı ılık su"", ""1 tatlı kaşığı toz şeker"", ""1 tatlı kaşığı tuz"", ""4 yemek kaşığı zeytinyağı"", ""10 gram instant maya"", ""2 adet orta boy domates rendesi"", ""1 yemek kaşığı ketçap"", ""1 tatlı kaşığı salça"", ""1 adet orta boy rendelenmiş kaşar peyniri"", ""10 adet mantar"", ""1 adet küçük boy sucuk"", ""1 adet kırmızı biber"", ""1 adet yeşil biber""]","[""Hamur için, bütün malzemeleri birleştir ve kapta yoğurun. 30 dakika bekletin."", ""Ardından unlanmış tezgahta merdane ile açın. Yağlı kağıt serilmiş tepsiye yerleştirin. Kenarlarından kıvırın. 20 dakika daha bekletin."", ""Daha sonra hamuru çatalla ufak delikler açın. Salçalı sosu yayın. Kaşarı da ilave edin."", ""Önceden ısıtılmış fırında pişirin. Afiyet olsun.""]"
4287d0eb-8e92-4c29-9c48-9e39cea0cb7e,Tam Buğday Ekmeği,Turkey,Sağlıklı ve doyurucu tam buğday ekmeği tarifimizle evde lezzetli ekmekler yapın,Ye,"[""1 su bardağı ılık süt"", ""1/2 su bardağı ılık su"", ""1/2 su bardağı zeytinyağı"", ""1 tatlı kaşığı şeker"", ""1 tatlı kaşığı tuz"", ""1 paket instant maya"", ""4 su bardağı tam buğday unu""]","[""Su ve süt ılıştırılır. Maya eklenip eritilir."", ""Kaba un ve diğer malzemeler koyulup yoğurulur. 1 saat mayalandırılır."", ""Şekil verilip 1 saat tepsi mayası için dinlendirilir."", ""200 derece fırında 40 dakika pişirilir. Afiyet olsun.""]"
f306f5ef-a67b-4945-9927-8ed39c8a22ee,Caprese Salatası,Turkey,"Taze domates, mozzarella ve zeytinyağıyla hazırlanan klasik İtalyan başlangıcı",Ye,"[""1 adet pembe domates"", ""1 adet büyük boy mozzarella peyniri"", ""1 yemek kaşığı zeytinyağı"", ""1 tatlı kaşığı pesto sos""]","[""Domates ve mozarellayı halka doğrayın."", ""Bir domates bir mozarella şeklinde diziniz."", ""Üzerine pesto sos ile zeytinyağını ekleyiniz. Afiyet olsun.""]"
ef9b7dad-ec33-4597-a749-bb17c0bb5e6d,Şeftalili Smoothie,Turkey,"Taze şeftalilerin ferahlatıcı lezzetiyle hazırlanan bu smoothie, yoğurt ve laktozsuz süt ile birleşerek hem doyurucu hem de sağlıklı bir içecek alternatifi sunuyor",Ye,"[""3 adet büyük boy şeftali"", ""2 yemek kaşığı yoğurt"", ""1/2 çay bardağı laktozsuz süt""]","[""Şeftalilerin kabuklarını soyup, ortadan ikiye bölün. Çekirdek kısmını çıkarıp minik küpler halinde doğrayın. Buzdolabı poşetine aktarın."", ""Şeftalilerinizi 1 saat kadar derin dondurucuda dondurun. Ardından çıkarıp blenderın içerisine aktarın."", ""Üzerine süt ve yoğurt ilave ederek blenderdan geçirin. Pürüzsüz kıvamlı olmasını sağlayın. Yoğunluğuna bağlı olarak süt ya da yoğurt ilavesinde de bulunabilirsiniz."", ""Karışımı bardaklara boşaltıp servis edebilirsiniz. Smoothie'leriniz hazır! Afiyetler olsun.""]"
df647c92-923f-472e-952b-aa7d96c1766f,Böğürtlenli Galette,Turkey,"Taze böğürtlenlerle hazırlanan, rustik ve lezzetli tam buğday galette",Ye,"[""1,5 su bardağı tam buğday unu"", ""2,5 yemek kaşığı bal"", ""2 yemek kaşığı tereyağı"", ""6 yemek kaşığı soğuk su""]","[""Bir karıştırma kabına un ve balı alıp karıştırıyoruz. Tereyağ ekleyip elimizle iyice birbirine karıştırıyoruz."", ""Soğuk suyu ekleyip çok yoğurmadan hamur kıvamına getiriyoruz."", ""Streç filme sarıp 35 dakika buzdolabında dinlendiriyoruz. 35 dakika geçince, 2 tane yağlı kağıdın arasına koyup merdane ile yuvarlak şekilde açıyoruz."", ""Böğürtlenleri ikiye bölüp orta kısmına diziyoruz."", ""Hamurun kenarlarını üstüne doğru katlayıp, 180 derece fırında üstü kızarana kadar pişiriyoruz. Afiyet olsun.""]"
b0f00882-b055-4753-882f-5e41af2e23b1,Kayseri Mantısı,Turkey,"Kayseri'nin meşhur lezzeti mantı, ince hamurun içine konulan kıyma ve yoğurt sosla servis edilir",Ye,"[""2 su bardağı su"", ""3 adet yumurta"", ""4 silme tatlı kaşığı tuz"", ""1 kilogram un"", ""750 gram kıyma"", ""2 adet orta boy soğan"", ""1 tepeleme tatlı kaşığı kırmızı toz biber"", ""1 silme tatlı kaşığı karabiber ve pulbiber""]","[""Mantı hamurumuz için, 1 kilo unu bir kaseye alalım. Yumurtalarımızı ve tuzumuzu ekleyip, yavaş yavaş suyunu ekleyerek yoğuralım."", ""Hamurumuzu iyice yoğurduktan sonra, hamurdan dört tane beze yapalım ve orta incelikte merdane ile yuvarlak olacak şekilde açalım."", ""Hamurumuzu istediğimiz büyüklükte, dörtgen olacak şekilde keselim."", ""Kestiğimiz dörtgenlerin ortasına denk gelecek şekilde kıymamızı ekleyip, bohça şeklinde kapatalım."", ""Pişirmek için tenceremize tuzlu su koyalım ve kaynatalım. Mantılarımızı ekleyelim ve 10-15 dakika arası pişirelim."", ""Sarımsaklı yoğurt ve salça ile servis edelim. Afiyet olsun.""]"
2af193bd-d8b0-4b54-860e-b949752c011a,Çıtır Bamyalı Yufka Dilimi,Turkey,Pastırmalı bamyanın çıtır yufka içinde harmanlandığı lezzetli atıştırmalık,Ye,"[""200 gram donuk bamya"", ""50 gram pastırma"", ""2 yemek kaşığı domates tapenade""]","[""Bamyaları donukken ufak parçalar halinde kesin, pastırmaları da minik küpler halinde doğrayın, domates tapanede ile birlikte harmanlayıp yağlı kağıt serilmiş tepsiye dizin."", ""Tepsiyi önceden ısıtılmış 180 derecelik fanlı fırına yerleştirin ve her 10 dakikada bir karıştırarak pişirme işlemine devam edin."", ""Taban için, yufkaları ince şeritler halinde doğrayıp tuz ve yağ ile harmanlayın. Orta boy yuvarlak bir tepsinin tabanına yağlı kağıt yerleştirip yufkaları üstüne alın hafifçe bastırıp kızarana kadar f"", ""Hem bamyalar hem de yufkalar kızardıktan sonra fırından çıkartın."", ""Servis etmeden önce yoğurdu biraz tuzla çırpın."", ""Yufka tabanını servis tabağına yerleştirin,kenarlara yoğurttan bir kaç kaşık ekleyip ortasına da bamyaları yerleştirin. Yemeğinizi sıcak ya da ılık olarak servis edebilirsiniz. Afiyet olsun.""]"
a836304e-6f5d-4636-aad6-3a9fa8a1b52d,Beyaz Çikolatalı Hindistan Cevizli Kurabiye,Turkey,"Tereyağı ve beyaz çikolatanın mükemmel uyumuyla hazırlanan, hindistan ceviziyle zenginleştirilmiş kıtır kurabiyeler",Tatlı,"[""125 gram tereyağı (oda sıcaklığında)"", ""1/2 çay bardağı sıvı yağ"", ""1/2 su bardağı pudra şekeri"", ""2 tepeleme yemek kaşığı nişasta"", ""1 paket vanilya"", ""1/2 su bardağı Hindistan cevizi"", ""1,5-2 su bardağı un (kontrollü ekleyin)""]","[""Oda sıcaklığındaki yağları bir kaba alın ve karıştırın."", ""Şekeri, nişastayı, vanilyayı ve unu ekleyip güzelce yoğurun."", ""Cevizden biraz ufak parçalar alıp yuvarlayın."", ""Önceden ısıtılmış 170 derecedeki fırında 15-20 dakika pişirin. Pişme süresi fırına göre değişebilir."", ""Üzeri için beyaz çikolatayı benmari şeklinde eritin ve kurabiyeleri önce çikolataya sonra Hindistan cevizine bandırarak servis edin. Afiyet olsun!""]"
f86b55d1-1562-4ed5-88b4-08fb8ed49f19,Patates Haşlama,Turkey,Lezzetli ve pratik patates haşlama tarifi. Zeytinyağıyla zenginleştirilmiş yumuşak patatesler,Ana Yemek,"[""2 adet patates"", ""5 su bardağı su (üzerini geçecek kadar)"", ""4 yemek kaşığı zeytinyağı"", ""1 çay kaşığı tuz"", ""1/2 çay kaşığı karabiber""]","[""Öncelikle patatesleri güzelce yıkayın ve tencereye aktarın. Üzerini geçecek kadar su ekleyip yaklaşık 25 dakika orta ateşte pişirin. Haşlanma derecesini test etmek için bir bıçakla kesin, rahatça giri"", ""Kabuklarını soyup dilim dilim kesin."", ""Sosu için kıyılmış dereotu, tuz, karabiber ve zeytinyağını bir kaba alıp karıştırın."", ""Sosu dilimlenmiş patateslerin üzerine ekleyip güzelce karıştırın."", ""Servis tabağına alın, afiyet olsun!""]"
2c6f2eea-0348-427c-8705-e4e85f939cb4,Yelpaze Kabak Kızartması,Turkey,Hem şık sunumuyla hem de lezzetiyle damakları şenlendiren yelpaze şeklinde kabak kızartması tarifi,Sebze Yemekleri,"[""2-3 adet orta boy kabak"", ""2 adet yumurta"", ""4 yemek kaşığı galeta unu"", ""3 yemek kaşığı mısır unu"", ""1 çay kaşığı tuz""]","[""Kabakların baş kısımlarını kesmeden sadece uç kısımlarını kesin. Daha sonra her bir kabağı uzunlamasına ortadan ikiye bölün."", ""İkiye kestiğiniz kabakların her birini, yine baş kısımlarına dokunmadan, uzunlamasına şeritler halinde kesin."", ""Kabağınızın büyüklüğüne göre 4-5 şerit kesmeniz yeterli olacaktır. Ardından şeritler halinde kestiğiniz kabağı bir de yatay olarak kesip, ince şeritler elde edin."", ""Diğer tarafta yelpaze kabakları panelemek için öncelikle 2 adet yumurtayı yayvan bir tabak içine kırın."", ""Üzerine 1 çay kaşığı kadar tuz ekleyip, iyice çırpın. Daha sonra ayrı bir yayvan tabak içine 4 yemek kaşığı galeta unu, 3 yemek kaşığı mısır unu ve 1 tutam tuz koyup, güzelce karıştırın."", ""Hazırladığınız yelpaze kabakları öncelikle arkalı önlü çırptığınız yumurtaya bulayın."", ""Ardından da arkalı önlü mısır ununa bulayın. Daha sonra yelpaze kabakları kızgın yağ içine koyun. Arkalı önlü güzelce kızarana kadar pişirin."", ""Ardından yoğurt sosu hazırlayın. Çıtır çıtır kızarmış kabakları servis tabağına alın. Üzerine gezdirerek servis edin. Afiyetler olsun.""]"
58c9eb56-9a49-40e5-b7d6-824ff5c61e28,Cool Lime,Turkey,"Ferahlatıcı ve serinletici bir içecek olan Cool Lime, yaz aylarının vazgeçilmezi",Ana Yemek,"[""2 adet lime"", ""1 adet limon"", ""2 yemek kaşığı şeker"", ""4 su bardağı su""]","[""Malzemeleri hazırlayın. Şekerimizi ve nane yapraklarını kabın içerisine alıyoruz."", ""Şekerimizi ve nane yapraklarını kabın içerisine alıyoruz. Naneleri elimizle ovalayarak, güzelce karıştırarak eritiyoruz. Kabuğunu soyduğumuz limonları da içerisine sıkıyoruz ve iyice karıştırıyoruz."", ""Kabuğunu soyduğumuz limonları da içerisine sıkıyoruz ve iyice karıştırıyoruz. Son olarak suyu ilace ediyoruz."", ""Suyunu süzgeç yardımıyla ayırıyoruz ve küçülttüğümüz buzlarımızı bardağa alıyoruz.""]"
fe920b59-7793-4208-ad56-4fd6c4594eaf,Balık Tarifleri,Turkey,Lezzetli balık tarifleri koleksiyonumuzla denizlerin tazesini sofranıza taşıyın. Pratik ve lezzetli balık yemekleri için en iyi seçenekler burada,Balık & Deniz Ürünleri,"[""Etimek Tatlısı Tarifi"", ""Damla Çikolatalı Kurabiye"", ""Tatlı Tarifleri Spoonful Mozaik Pasta Çikolatalı Sufle İrmik Helvası Fırın Sütlaç Profiterol Revani Magnolia"", ""Kahvaltılık Tarifler Pancake Krep Pişi Kuymak Kaygana Kahvaltılık Sos Menemen Muhlama Yumurtalı Ekmek Omlet"", ""Omlet""]","[""Balık ile ilgili farklı lezzetler arayanlar, birbirinden pratik balık tarifleri ile sofralarına ayrı bir tat katabilir. Hamsi kuşu, palamut tava, fırında somon ve daha yüzlerce çeşit nefis ve kolay ta"", ""Balıkların en lezzetlilerinden olan somon, en çok fırına yakışıyor. Lezzeti doyumsuz, pratik bu tarif, kısa zamanda kahramanı olabileceğiniz en iyi balık tarifleri arasında yer alıyor. Yanında patates"", ""Izgarası yapılan, tavada da kızartılan çipurayı bu kez fırında pişiriyoruz. Hem suyunu kaybetmiyor hem de çok lezzetli oluyor. Fırında çipura tarifiyle nefis bir balık sofrası kuracak, yanına bir sala"", ""Deniz ürünlerinin belki de en lezzetlisi olan karides, sebzeler ile sotelendikten güvece giriyor ve fırında mis gibi pişiyor. Kaşar peyniri ve tereyağı da işin içine girince ortaya nefis bir yemek tar"", ""Fırında uskumru tarifi öylesine güzel ve sağlıklı bir balık seçeneği. Sosunda taze sıkılmış limon suyuyla birlikte portakal suyu bulunuyor. Bol yeşillikli bir salata eşliğinde doyasıya yeniyor, tadına"", ""Balığı seçmekle, pişirmekle kalmıyor mesele. Nefis bir balık sofrası kurmak için enfes eşlikçilere de yer vermeli. Balığın yanına ne gider diye sorular varsa aklınızda ya da mezesiz balık sofrası olma"", ""Evde balık pişirmenin zorlukları yok değil. Pişirmeye başlar başlamaz tüm evi saran kokusu mesela... Vakti gelen, tezgahlarda en çok gördüğümüz, tadını en çok sevdiğimiz balıkları alıyor, onları misle"", ""Her balığı zamanında yemeyi seviyor, onları en lezzetli zamanlarda bol bol tüketmekle yetinmeyip bir de en lezzetli halleriyle saklamak istiyorsanız buyurun böyle. Canınız her çektiğinde en sağlıklı ş""]"
bb206e3c-54c2-48b1-a16e-5c557ab4fb2e,Sebzeli Tarhana Çorbası,Turkey,"Sebzeli tarhana çorbası, geleneksel lezzetiyle kış aylarının en sevilen çorbalarından biridir",Çorba,"[""4-6 yemek kaşığı tarhana"", ""1 adet kuru soğan"", ""1 adet patates"", ""1 adet havuç"", ""1 adet kapya biber"", ""1 adet çarliston biber"", ""1 adet domates"", ""1 tatlı kaşığı toz kırmızı biber"", ""4 yemek kaşığı zeytinyağı"", ""4 su bardağı su"", ""1 çay kaşığı tuz""]","[""Bir kasede tarhanayı bir çay bardağı su ile ıslatıp karıştırın ve beklemeye alın."", ""Soğan ve biberleri minik minik doğayın. Patates, domates ve havucu küçük küpler şeklinde doğrayın. Yağı kızdırın ve üzerine soğan, biber, havuç ve patatesleri ekleyip kavurun."", ""Sebzeler yumuşayınca üzerine doğradığınız domatesi ekleyin ve riyene kadar kavurmaya devam edin."", ""Üzerine suyu ve tarhanayı ekleyip karıştırın."", ""Toz biberi de ekleyin ve çorba kıvamını bulana kadar karıştırarak pişirin. Çok koyu kıvamlı olursa üzerine sıcak su ekleyebilirsiniz. Son olarak tuzunun ekleyip karıştırın ve çorbanız servise hazır! A""]"
f7e188e4-0a96-4415-a307-0dfd0df46770,Delikli Pişi,Turkey,"Hafif ve çıtır bir atıştırmalık olan delikli pişi, çay saatlerinin vazgeçilmezi",Ana Yemek,"[""1 adet yumurta"", ""1 çay bardağı süt"", ""1/2 çay bardağı su"", ""1 paket kuru maya"", ""1 tatlı kaşığı şeker"", ""1 tatlı kaşığı tuz"", ""3 su bardağı un""]","[""Derin bir kapta bütün malzemeleri yoğurun."", ""15 dakika dinlendirin, merdane yardımıyla açın. Bardakla şekil verin."", ""Ortalarını küçük bir kapakla delerek kızgın yağda kızartın. Afiyet olsun.""]"
c88d241c-0ef2-430d-b339-71b354260510,Airfryer'da Patates Kızartması,Turkey,"Airfryer'da hazırlanan çıtır patates kızartması, az yağ ile lezzetli bir atıştırmalık",Ana Yemek,"[""2 adet orta boy patates (kabukları soyulmuş, uzun ve 6-8 mm kalınlığında kesilmiş)"", ""4 yemek kaşığı ayçiçek yağı"", ""1/2 çay kaşığı tuz""]","[""Soyup doğradığınız patatesleri derin bir kasede soğuk suyun içerisinde 30 dakika bekletin. Ardından süzün ve havlu peçeteyle kurulayın."", ""Airfryer’ı patates kızartması modunda çalıştırın ve 5 dakika ısıtın."", ""Patatesleri sıvı yağla harmanlayıp, sıcak hazneye yerleştirin ve kapağı kapatın."", ""İlk 5 dakikanın ardından ara ara hazneyi çekip patatesleri sallayın."", ""Patateslerin dışı çıtırlaşıp altın sarısı renk alana kadar pişirin."", ""Patatesler sıcakken üstlerine tuz serpin ve dilediğiniz soslarla servis edin.""]"
a0543d3e-0fe1-43e5-84d5-cc936823b98c,Portakallı Parfe,Turkey,"Taze portakal aromalı, kremsi dokulu ve ferahlatıcı bir tatlı. Bisküvi tabanıyla sunulan bu parfe, yaz aylarının vazgeçilmezi olacak",Ana Yemek,"[""400 mililitrekrema"", ""5 yemek kaşığı pudra şekeri"", ""1 paket petibör bisküvi"", ""1/2 su bardağı damla çikolata"", ""2 adet portakal kabuğu (ince ince dilim lenmiş)"", ""3 su bardağı su"", ""1 yemek kaşığı toz şeker""]","[""Portakalları bir soyacak yardımıyla soyun."", ""Portakalları çok ince dilimler halinde doğrayın."", ""Bir tencereye toz şeker ve suyu koyun, 5 dakika kaynatın. Kaynayan suyun içine portakal dilimlerini atın ve 15 dakika yumuşamasını ve acılığının gitmesini sağlayın. Suyunu süzün ve portakal kabukların"", ""Derin bir karıştırma kabına pudra şekeri ve soğuk kremayı ekleyip çırpın."", ""Koyu ve köpüksü kıvama geldiğinde hazır olacak."", ""Derin bir kasede petibör bisküvileri elinizle ufak parçalar haline getirin. Çırpılmış krema karışımına kırılmış petibör bisküvileri ekleyin ve güzelce karıştırın."", ""Ardından damla çikolata, portakal dilimleri ve file Antep fıstığını koyun. Spatula yardımıyla karıştırın."", ""Baton bir kek kalıbının içini streçle kaplayın ve karışımı ekleyin."", ""Üzerini tekrar streçleyin ve buzdolabının buzluk kısmında en az 4 saat dinlendirin."", ""Parfeniz donduktan sonra, servis etmeden önce üzerini portakal dilimleriyle süsleyin ve sevdiklerinizle afiyetle tüketin.""]"
86a3d033-01a0-41fb-9ddb-7010aeca0985,Tam Kıvamında Sütlaç,Turkey,Fırında pişirilen tam kıvamında sütlaç tarifi. Üzeri karamelize ve içi pürüzsüz lezzet,Tatlı,"[""1 litre süt"", ""1 çay bardağı pirinç"", ""2 yemek kaşığı nişasta (1 su bardağı su ile açın)"", ""1,5 su bardağı şeker""]","[""Pirinçleri üzerine çıkıcak kadar suda kaynatın. Daha sonra sütü ilave edin, pirinçler yumuşayana kadar kaynatmaya devam edin."", ""Daha sonra nişastayı ekleyip durmadan karıştırın. İyice kaynadıktan sonra şekeri ekleyip biraz karıştırıp kapatın."", ""Kaplara alın ve ilk sıcaklığı geçmeden dolaba kaldırmayın. Afiyet olsun.""]"
f8f1a806-bd5b-496c-bddf-55bde2a81cb6,Kremalı Pilav,Turkey,"Kremalı ve yumurtalı harika bir lezzet olan kremalı pilav, özel günleriniz için mükemmel bir seçim",Pilav & Makarna,"[""1 su bardağı baldo pirinç"", ""1 su bardağı krema"", ""2 adet yumurta"", ""1 çay bardağı süt"", ""4 adet taze soğan"", ""1 su bardağı haşlanmış mısır"", ""100 gram rendelenmiş kaşar peyniri""]","[""Pirinçleri soğuk suda yıkadıktan sonra süzün ve kaynar, tuzlu suda yumuşayana kadar yaklaşık 20 dakika haşlayın."", ""Pirinçler haşlanırken derin bir kasede krema, yumurta, süt, tuz, karabiber ve muskatı karıştırın. Taze soğanları ince halkalar halinde kesin."", ""Haşlanan pirinçleri süzün, kremalı karışımın olduğu kaseye aktarın, taze soğan ve mısırları da ekleyip spatula ile karıştırın."", ""Karışımı orta boy bir tepsiye alın, spatula ile üstünü düzleyip rendelenmiş kaşar serpin."", ""Yemeği önceden ısıtılmış 180 derecelik fırında, peynir eriyip renk alana kadar yaklaşık 20 dakika pişirin."", ""Kremalı pilavınızı sıcak olarak servis edin. Servis ederken sarımsaklı acı sos da ilave edebilirsiniz. Afiyet olsun.""]"
8504e16e-0983-4ef4-af7b-c1c19adda5ab,Ev Yapımı Fettucini Alfredo,Turkey,"İtalyan mutfağının klasik lezzeti olan kremsi fettucini alfredo, ev yapımı makarna ile hazırlanıyor",Et Yemekleri,"[""200 gram un"", ""2 adet yumurta"", ""10 gram tuz""]","[""Un, yumurta, tuz ve suyu karıştırarak makarna hamurunu yapıyoruz."", ""Hamurumuzu dolapta 30 dakika kadar dinlenmeye bırakıyoruz."", ""Dinlenmiş hamuru makina yardımıyla orta kalınlığa kadar açıyoruz ve şerit şeklinde kesiyoruz."", ""Ayrı bir sos tenceresinde kremayı ve tereyağını yavaşça karıştırarak birleştiriyoruz."", ""Sos katılaşmaya başladığında ocaktan çekiyoruz ve kaynayan suya fettucinilerimizi bırakıyoruz."", ""Bıraktıktan 3 dakika sonra suyunu süzüp hazırlamış olduğumuz sosun içine aktarıyoruz."", ""Son olarak tabağa alıp taze baharatları üzerine serpiyoruz.""]"
b6cb1f12-6e09-4078-9dd4-79dae256e331,Klasik Mozaik Pasta,Turkey,"Pratik ve lezzetli klasik mozaik pasta, çay saatlerinin vazgeçilmezi",Tatlı,"[""1 paket pötibör bisküvi"", ""1 su bardağı süt"", ""3 yemek kaşığı toz şeker"", ""4 yemek kaşığı kakao"", ""3 yemek kaşığı tereyağı""]","[""Bisküvileri kabaca parçalayalım (çok küçük olmasın ama)."", ""Süt, kakao, şeker ve eritilirmiş tereyağını bir arada karıştıralım."", ""Bisküvilerin üzerine dökelim."", ""Bir buzdolabı poşetinin içine harcı alıp güzelce şekil verelim."", ""Buzlukta dinlendirdikten sonra dilimleyerek servis edebilirsiniz. Afiyet olsun.""]"
cdcf77a8-ae7d-4f31-b782-14fdccd1cafb,Chai Tea Latte,Turkey,"Geleneksel baharatlarla harmanlanmış sıcak ve aromatik bir içecek. Chai Tea Latte, siyah çayın süt ve baharatlarla buluştuğu lezzetli bir içim keyfi sunar",Ana Yemek,"[""2 su bardağı süt"", ""1 su bardağı kaynar su"", ""2 yemek kaşığı iri yaprak lı siyah çay"", ""1 adet kakule"", ""2 adet karanfil"", ""1 adet yıldız anason"", ""1/2 çay kaşığı toz tarçın"", ""1 çay kaşığı toz zencefil"", ""1/4 çay kaşığı karabiber""]","[""Chai Tea Latte için çay süzgecinde çayınızı kaynar suyla 2-3 dakika kadar demleyin."", ""Demlenen çayı bir sütlüğe süzün. Sütü ekleyip kaynamaya bırakın. Ardından baharatları ekleyip kaynamakta olan süte ekleyin ve 2-3 dakika daha kaynatın."", ""Sütü bir süzgeç yardımıyla süzün."", ""Üzerine toz tarçın serpip servis edin. Chai Tea Latte hazır. Afiyet olsun.""]"
67a96a4f-cef6-4d60-9784-37cf021dc421,Kapya Biberli Kahvaltılık Yumurta,Turkey,Kapya biberlerin tatlılığıyla harmanlanmış lezzetli ve pratik bir kahvaltılık yumurta tarifi,Sebze Yemekleri,"[""3 adet kapya biber"", ""1 adet soğan"", ""1 çay kaşığı tuz"", ""100 gram rendelenmiş kaşar peyniri"", ""3 adet yumurta"", ""1 tatlı kaşığı tereyağı""]","[""Soğanı dilediğiniz büyüklükte doğrayın. Yağı eklediğiniz tavaya alın ve kavurmaya başlayın. Kapya biberi jülyen doğrayın."", ""Tavaya ekleyin ve kavurmaya devam edin. Yumurtaya tuz ekleyin ve güzelce çırpın."", ""Pişen kapya biber ve soğanların üzerine yumurtayı dökün ve kısık ateşte pişirin. Yumurtanın pişmesine yakın üzerine kaşar peynirlerini ekleyin ve 30 saniye kadar eridiğini görünceye kadar kapağını kap"", ""Harika kapya biberli kahvaltılık yumurtanız hazır. Afiyet olsun!""]"
fc414bd0-3832-41de-b427-b3f1ad85bf2f,Ev Yapımı Kurabiye,Turkey,"Ev yapımı lezzetli kurabiye tarifi, pratik malzemelerle hazırlanabilir",Tatlı,"[""1 paket margarin"", ""1 çay bardağı sıvı yağ"", ""1 su bardağı nişasta (mısır veya buğday nişastası)"", ""1 paket vanilya"", ""1 paket kabartma tozu"", ""1 su bardağı pudra şekeri"", ""3 su bardağı un (Alabildiği kadar)""]","[""Margarin ile sıvı yağı yoğurma kabında iyice karıştıralım."", ""Ardından pudra şekeri ile bir tur yoğurup nişasta, vanilya ve kabartma tozunu ekleyelim. Unu da ekleyip ele yapışmayacak kıvamda bir hamur hazırlayalım."", ""Yağlı kağıdımızı tepsimize serip, hamurları yuvarlayıp hafif yayvan yuvarlaklar elde edelim. Birbirlerine çok uzak kalmayacak şekilde tepsiye yerleştirelim."", ""Isındıkça yayılıp kare şeklini alacaklar yada siz istediğiniz şekli verin."", ""Üzerine çakıl taşlarımızı yada istediğiniz başka bir şekerlemeyi (badem şekeri, krokan vb) hafif bastırarak yerleştirin."", ""170-180 derecede 20-25 dakika pişirin. Afiyet olsun.""]"
47bc2569-5d5c-4b41-878e-566683fd68f0,Yoğurt Tatlısı,Turkey,"Pratik ve lezzetli yoğurt tatlısı, az malzemeyle hazırlanan hafif bir tatlı seçeneği",Tatlı,"[""4 adet yumurta"", ""1/2 su bardağı sıvı yağ"", ""1 su bardağı yoğurt"", ""1/2 su bardağı şeker"", ""1,5 su bardağı irmik"", ""1 su bardağı un"", ""1 paket kabartma tozu"", ""1 tatlı kaşığı tereyağı""]","[""Şerbet için şeker ve suyu beş dakika kaynatıp içine limon suyu ekliyoruz, on dakika daha kaynatıyoruz. Ocaktan alınca vanilin ekleyip soğumaya bırakıyoruz."", ""Yumurta ve şekeri iyice çırpıp sıvı yağ ve yoğurdu ekliyoruz. Bu şekilde 10 dakika çırpıyoruz. İrmik, un ve kabartma tozu ilave edip karıştırıyoruz."", ""Fırın kabına tereyağı sürüyoruz ve karışımı içine döküyoruz."", ""170 dereceye önceden ısıtılmış fırında, üzeri iyice kızarana kadar pişiriyoruz. İlk sıcağı çıkınca dilimleyerek soğuk şerbeti üzerine döküyoruz. Afiyet olsun.""]"
59d9bae7-de7b-4186-8a01-b720711fdd27,Muzlu Kek (Banana Bread),Turkey,"Olgun muzlarla hazırlanan, yumuşacık ve lezzetli kek tarifi. Pratik ve hızlı yapımıyla kahve saatlerinin vazgeçilmezi",Tatlı,"[""3 adet yumurta"", ""1/2 su bardağı toz şeker"", ""1/2 su bardağı sıvı yağ"", ""3 adet muz (ezilmiş)"", ""1 paket vanilin"", ""1 paket kabartma tozu"", ""1 tatlı kaşığı tarçın"", ""2 su bardağı un""]","[""Muzlu kek için yumurtaları karıştırma kabına alın. Toz şekerle birlikte krema halini alana kadar çırpın."", ""Kuru malzemeleri, sıvı yağ ve ezilmiş muzu ekleyip karıştırın."", ""Cevizi de ekleyin ve karıştırın."", ""Yağlanmış baton kalıba harcı aktarın. 180 derecede 45 dakika pişirin."", ""Muzlu kek hazır. Afiyet olsun.""]"
4419b097-6ff1-4154-abb4-26da346bb51f,Sosisli Milföy Böreği,Turkey,Pratik ve lezzetli atıştırmalık. Milföy hamurlarının içinde sosislerle hazırlanan harika bir tarif,Ye,"[""3 adet milföy hamuru"", ""6 adet parmak sosis"", ""1 adet yumurt sarısı (üzeri için)""]","[""Milföy hamurlarımızı uzunlamasına ortadan ikiye kesiyoruz."", ""Her bir sosisi ince ince üçer parça olmak üzere kesiyoruz."", ""Kestiğimiz sosisleri milföy hamurumuzun üst kısmına yerleştiriyoruz ve kıvırıyoruz."", ""Hazırladığımız milföyleri silikon kalıba yerleştiriyoruz."", ""Milföylerimize yumurta sarısını sürüyoruz. 180 derecelik fırında 35 dakika pişiriyoruz. Piştikten sonra servise hazır hale getirebilirsiniz. Afiyet olsun...""]"
6d213247-a89d-444c-a3ba-7d409180e37d,Çikolatalı Supangle,Turkey,Lezzetli ve kremsi dokusuyla herkesin favorisi olacak çikolatalı supangle tarifi,Tatlı,"[""750 gram süt"", ""100 gram toz şeker"", ""30 gram nişasta"", ""15 gram kakao"", ""6 gram tereyağı"", ""45 gram pralin"", ""1 yemek kaşığı çikolata (rendelenmiş)"", ""1 yemek kaşığı Hindistan cevizi rendesi""]","[""Tüm malzemeleri kısık ateşte karıştırarak kaynatın."", ""Kaynayan karışımı kaselere alıp soğumaya bırakın."", ""Hindistan cevizi ve çikolatayla süsleyerek servis edin. Afiyet olsun.""]"
b6b7bfbe-bb8f-4b41-9783-02f448ef1069,Soka,Turkey,"Geleneksel bir yöntemle hazırlanan soka, soka biberlerinin keçi sütü ve beyaz peynirle harmanlanmasıyla elde edilen lezzetli bir mezdir",Ana Yemek,"[""2 kilogram soka biberi"", ""3 litre keçi sütü"", ""1 kilogram kırıklı sert beyaz peynir"", ""1/2 litre süt kaymağı"", ""1 tatlı kaşığı tuz""]","[""Biberlerinizin sap kısmından tohum yatağını alacak şekilde kapak gibi açın. Tohumları uzaklaştırın. İçerisindeki odacıkları ayıran kısımları bir bıçakla hafif düzleştirin."", ""Bol suda yıkayıp fazla suyunu süzdürün. Özellikle içinin iyice kuru olduğuna kanaat getirdikten sonra iç duvarlarına yarım çay kaşığı nispetinde tuz sepeleyin."", ""Biberlerinizin iç duvarlarını tuzladıktan sonra üzerini temiz bir bezle örtün. En az 3-4 saat biberlerinizi tuzla yumuşatıp sokaya hazır hale gelmesi için bekletin."", ""Tuz yumuşayan biberlerin iç kısmında bir parça birikmesine sebep olabilir. Bu suyu boşaltıp biberleri hazır hale getirin."", ""Sütünüzü litre başına 1 yemek kaşığı nispetinde tuz ile kaynatın. Kullanacağınız peynir tuzluysa bu oranı biraz düşürebilirsiniz. Ardından yoğurt mayalama sıcaklığından bir tık daha ılık olacak şekild"", ""Süt mayalama sıcaklığına gelirken; bir karıştırma kabına peynirinizi alıp iyice kırıklayın. Kaymağı ekleyip malzemeyi harmanlayın."", ""Bu malzemeyi ne çok sıkı ne çok gevşek olacak şekilde biberlerinizin içerisine doldurun. Biberleri kuru ve temiz kavanozlara çok sıkışık olmayacak şekilde yerleştirin. Artan kaymaklı peynir parçaların"", ""Mayalanma sıcaklığına gelen sütü kavanozların boğum kısmına değin ilave edin. Kapakları sıkıca kapatıp taşma yapma ihtimaline karşı bir tepsiye dizin."", ""Etrafını yoğurt mayalar gibi birkaç kat örtü ile sarıp sarmalayın. Sıcak havalarda bir gün yetebiliyor. Daha serin sonbahar günlerinde bir yarım gün daha uzatarak mayalanmayı tamamlayın."", ""Kavanozlarınızı açarak kontrol edin. Sütünüz parça parça kesmiklenerek mayalanacaktır. Tadı buruk, alışıldığın dışında gelebilir. Bu biberin etkisiyle arzu ettiğimiz lezzettir. Mayalanma gerçekleştiys"", ""20-25 gün olgunlaşması için yeterli olacaktır. Bu sürenin sonunda sokanızı afiyetle yiyebilirsiniz.""]"
f2ea1555-806c-40a0-860e-1a19523f8e39,Nişastasız Fırın Sütlaç,Turkey,"Nişastasız fırın sütlaç, pirinç ve sütün mükemmel uyumuyla hazırlanan geleneksel lezzet",Ye,"[""1 litre süt"", ""1 su bardağı pirinç"", ""1 su bardağı şeker""]","[""Bir bardak yıkamış olduğumuz pirince dört buçuk bardak su ekleyerek pirinçleri iyice yumuşayana kadar pişiriyoruz."", ""Suyunu iyice çeken pirinçlerden bir bardak ayrı yere ayırıyoruz ve blenderle iyice çekiyoruz."", ""1 bardaktan biraz fazla şeker (damak tadınıza göre ayarlama yapabilirsiniz) 1 litre süt blenderle çektiğimiz muhallebi kıvamındaki pirinçleri ekliyoruz."", ""Biraz kaynadıktan sonra altını kapatıyoruz. Güveçlere alıp içi su dolu tepsiyle birlikte fırına veriyoruz. 200 derece üzeri kızarınca fırından alın ve dinlendirip servis edin. Afiyetler olsun!""]"
20483812-5fa3-401a-94df-9017705c3990,Yer Fıstıklı Karamelli Çikolata Topu,Turkey,"Muz, yer fıstığı ve karamel lezzetini birleştiren pratik ve lezzetli tatlı topu",Ye,"[""1 adet muz (çok olgun olmasın)"", ""1,5 çay bardağı yer fıstığı"", ""1/2 çay kaşığı tuz"", ""3 adet büyük boy hurma (yumuşak)"", ""2 yemek kaşığı kaynar su"", ""1,5 çay bardağı sütlü çikolata""]","[""Hurmaları kaynar suda 5 dakika beklettikten sonra çekirdeklerini çıkartarak rondoda sıcak su ile çekin, bir kaseye alın. (Bu bizim hurmadan karamelimiz)"", ""Yer fıstıklarını da bir tutam tuz ile rondodan macun kıvamı alana kadar, ara sıra kaşıkla karıştırarak çekin."", ""Muzları halka halka dilimleyerek yağlı kağıt serili tepsiye dizin. Bir yandan çikolatanızı da benmari usulü eritin."", ""Muzların üzerine bir kaşık hurma ezmesi, onun üzerine de yer fıstığı ezmesi sürdükten sonra, çatal yardımı ile, erittiğiniz çikolataya batırın."", ""Fazlasını sıyırarak tepsiye dizin, üzerlerini de iri çekilmiş yerfıstığı ile süsleyin ve bir süre donması için buzdolabında dinlendirin. Afiyet olsun.""]"
83f646a7-d40e-4997-87ef-a1dce5d153fd,Kaşarlı Humus,Turkey,"Kremamsı dokulu ve lezzetli kaşarlı humus, nohut ve tahinin mükemmel uyumuyla hazırlanır",Ana Yemek,"[""2,5 su bardağı nohut (yarı haşlanmış)"", ""2 yemek kaşığı tahin"", ""1 adet limon suyu"", ""3 yemek kaşığı zeytinyağı"", ""1 çay kaşığı tuz"", ""1 çay kaşığı kimyon"", ""1 çay bardağı sıcak su""]","[""Vestel Ziyafet Pişirici Blender'ın içerisine nohut ve tahini ekleyin."", ""Üzerine limon suyu, zeytinyağı, tuz, kimyon ve sıcak suyu ekleyin."", ""Yaklaşık 25 dakika pişirmeye bırakın."", ""Piştikten sonra blender'dan geçirin ve fırına girebilen bir servis tabağına alın."", ""Humusun üzerine rendelenmiş kaşar peyniri ekleyin."", ""185 derecede üzeri kızarana kadar fırınlayın."", ""Servis etmeden önce üzerine kırmızı toz biberle birlikte kızdırılmış tereyağı gezdirip servis edin. Afiyet olsun!""]"
ec142949-e8bf-48c8-a201-c7a8db5144f8,Çikolatalı Trüf,Turkey,"Sağlıklı ve lezzetli çikolatalı trüf tarifi, kuru meyvelerle hazırlanmış doğal tatlı alternatifi",Ye,"[""5 adet günkurusu kayısı"", ""5 adet hurma"", ""2 adet kuru incir"", ""70 gram çikolata""]","[""Fındıkları rondodan geçirin."", ""Fındıkların üzerine kuru meyveleri ekleyin (kuru meyvelerin çeşidini dilediğiniz gibi seçebilirsiniz) ve karışımı yeniden rondodan geçirin."", ""Rondodaki karışıma avuçlarınızla yuvarlak şekiller verin."", ""Bir kapta benmari usulü bir paket sütlü veya bitter çikolatayı eritin."", ""Hazırladığınız fındıklı kuru meyveli topları eriyen çikolataya batırın."", ""Dinlendirdikten sonra servis edebilirsiniz. Afiyet olsun.""]"
79203bbb-29ca-4d5d-8a4a-dfc6f86a1a2c,Çiçek Kurabiye,Turkey,"Görünümüyle olduğu gibi lezzetiyle de büyüleyen çiçek şeklindeki kurabiyeler, çay saatlerinin vazgeçilmezi",Ye,"[""1 paket margarin"", ""1 çay bardağı sıvı yağ"", ""2 çay kaşığı kabartma tozu"", ""1 adet vanilya""]","[""Sıvı yağ, margarin, kabartma tozu, vanilyayı güzelce karıştırın."", ""Kulak memesi kıvamına gelecek şekilde azar azar un ekleyin."", ""Hamurun 1/4'ünü ayırıp kakao ekleyip tekrar yoğurun."", ""Minik minik bezeler yapıp çiçek şekli verin."", ""15 - 20 dakika 180 derecede kontrollü pişirin."", ""Çıkarıp soğuttuktan sonra afiyetle tüketebilirsiniz.""]"
fbcff15b-7f70-43ee-bfc7-73197d9daa68,Pesto Sos,Turkey,"Taze basil, parmesan ve çam fıstığından oluşan lezzetli İtalyan sosu",Ana Yemek,"[""75-80 gram parmesan peyniri"", ""50 gram çam fıstığı"", ""1 çay bardağı zeytinyağı""]","[""Yıkanmış, yaprakları ayrılmış 1 demet fesleğeni ve zeytinyağını püre kıvamına gelene kadar mutfak robotundan geçirdim."", ""Fıstıkları ve sarımsağı da ekleyerek tekrar robottan geçirdim."", ""Son olarak, peyniri de ekledikten sonra birkaç saniye daha robotta çektirdim. Temiz bir kavanoza aktarıp üzerine zeytinyağı döktüm. Afiyet olsun.""]"
74e4a913-e162-4a4f-b683-0b1b0a44644a,Kaşarlı Simit Tava,Turkey,"Lezzetli kaşarlı simit tava tarifi, pratik ve doyurucu bir atıştırmalık",Börek & Hamur İşi,"[""1 adet simit"", ""Etimek Tatlısı Tarifi"", ""Damla Çikolatalı Kurabiye"", ""Tatlı Tarifleri Spoonful Mozaik Pasta Çikolatalı Sufle İrmik Helvası Fırın Sütlaç Profiterol Revani Magnolia"", ""Kahvaltılık Tarifler Pancake Krep Pişi Kuymak Kaygana Kahvaltılık Sos Menemen Muhlama Yumurtalı Ekmek Omlet"", ""Omlet""]","[""Tarif çok kolay… Simitleri 4-5 parçaya kesin. (Başlarda daha küçük, lokmalık kesiyordum ama biraz daha uğraştırıyor. Daha büyük parçalar olunca daha pratik oluyor.)"", ""Alt ve üst kısmı birbirinden ayrılmayacak şekilde bir iç tarafından kesip içini açın ve ince dilimlenmiş kaşarları yerleştirin."", ""Yapışmaz bir tavaya dizin ve kaşarların kolay erimesi için kapağı kapalı bir şekilde kısık ateşte ısıtın. Çok uzun süre ısıtmaya gelmiyor, susamlar çabuk yanmaya meyilli aman dikkat."", ""Alt taraf biraz kızarınca diğer taraflarını da çevirip kapağı kapalı olarak biraz daha ısıtın. Sıcak sıcak servis edin. Afiyet olsun…""]"
ff081592-3aa6-4d44-b7da-dced14552a60,Kurabiye Kızartması,Turkey,"Pratik ve lezzetli kurabiye kızartması tarifi, az malzemeyle hızlıca hazırlanır",Ye,"[""1 çay bardağı süt"", ""1 çay bardağı sıvı yağ"", ""1 çay bardağı şeker"", ""1 adet yumurta"", ""1/2 çay kaşığı tuz"", ""1 paket vanilya"", ""1/2 paket kabartma tozu"", ""1,5 su bardağı un (kontrollü ekleyin)"", ""1 su bardağı pudra şekeri (bulamak için)""]","[""Kabartma tozu ve un hariç tüm malzemeleri karıştırıyoruz. Daha sonra un ve kabartma tozunu ekleyip yoğuruyoruz."", ""Minik minik istediğimiz şekilleri verip kızgın yağda kızartıyoruz. Ilıdığı zaman pudra şekerine buluyoruz. Afiyet olsun.""]"
e74fd1e1-e36a-476f-8863-0666f51c1870,Paprika Sos,Turkey,"Lezzetli ve renkli biberlerden hazırlanan bu sos, yemeklerinize zengin tat katar",Ana Yemek,"[""10 adet kırmızı biber"", ""4 adet kapya biber"", ""2 adet sarı biber"", ""1 tatlı kaşığı tuz"", ""1 tatlı kaşığı iri çekilmiş karabiber"", ""2 yemek kaşığı zeytinyağı"", ""1 yemek kaşığı biber salçası""]","[""Biberleri yıkayın ve çekirdekli kısmı çıkartın."", ""Temizlenen biberleri küp küp hepsi aynı boyda olacak şekilde doğrayın."", ""Zeytinyağını ısıtın ve kısık ateşte biberleri soteleyin."", ""Sotelenen biberlere tuz ve karabiber ilave edin."", ""İyice kavurmaya devam edin. Biber salçasını da ilave edin ve el blenderı yardımıyla püre kıvamıne getirin."", ""Kavanoza koyun ve 15-20 dakika ağzı açık bekletin."", ""Kavanozun kapağını kapatın ve ters çevirerek 1 gün bekleyin."", ""Dilediğiniz zaman kapağını açın ve afiyetle tüketin. İşte bu kadar!""]"
5ff1c6dc-a585-4308-89f2-9acf75a6c868,Dereotlu Karnıyarık Poğaça,Turkey,"Dereotun taze aromasıyla zenginleşmiş, yumuşacık karnıyarık poğaça tarifi",Börek & Hamur İşi,"[""150 gram tereyağı veya margarin"", ""2 adet yumurta"", ""1 yemek kaşığı sirke"", ""3 yemek kaşığı yoğurt"", ""1/2 çay bardağı sıvı yağ"", ""2 paket kabartma tozu"", ""4 su bardağı un"", ""1 tatlı kaşığı tuz""]","[""Tereyağı, sıvı yağı, yoğurt, yumurtanın birisinin sarısı üzerine ayrılarak yumurtada ilave edilip iyice karıştırılır."", ""Sirke ve un ilave edilir. Dereotu da katıldıktan sonra ele yapışmayan yumuşak bir poğaça hamuru hazırlanır. Üzeri kapatılıp yarım saat dinlendirilir."", ""Avuç içinde açılarak içine peynir konduktan sonra kapatılıp kapanan kısım alta gelecek şekilde fırın tepsisine yerleştirilir."", ""Üzerine yumurta sarısı sürüldükten sonra bir bıçak ucuyla orta kısmına çizik atılır."", ""Üzerine susam serpilerek 180 derecelik fırında kızarana kadar pişirilir. Afiyet olsun.""]"
f0f5b25b-37d9-47d7-a0d8-b73086adafdb,Çikolatalı Ekmek,Turkey,"Lezzetli çikolatalı ekmek tarifi, kahvaltılarınızı ve ikramlarınızı süsleyecek",Ye,"[""3,5 su bardağı un"", ""2 yemek kaşığı esmer şeker"", ""10 gram instant maya"", ""1/2 su bardağı ılık su"", ""150 mililitreılık süt"", ""200 gram bitter çikolata (rendelenmiş)""]","[""Geniş bir kaba unu koyup, ortasını havuz gibi açın."", ""Şeker, tuz ve mayayı un koyduğunuz kabın orta kısmına ekleyin ve süt ve suyu azar azar ekleyerek yoğurmaya başlayın."", ""Hamur çok fazla yapışmayan bir kıvama geldikten sonra üzerini nemli bir bezle kapatın ve 45 dakika mayalandırın."", ""Hamuru açacağınız tezgahı unlayın."", ""Mayalanan hamuru tezgaha alın ve merdane yardımıyla büyük ve çok ince olmayacak şekilde dikdörtgen şeklinde açın."", ""Rendelenmiş çikolatayı hamurun her yerine eşit olacak şekilde serpiştirin."", ""Hamuru rulo şeklinde katlayın ve 3 parmak kalınlığında bıçak yardımıyla kesin."", ""Ruloları yağlanmış kek kalıbına yerleştirin."", ""Hamuru 30 dakika kadar kalıbın içerisinde bekletin."", ""Önceden ısıtılmış 180 derece fırında 35 dakika pişirin."", ""Fırından çıktıktan 20 dakika sonra üzerine pudra şekeri serperek tüketebilirsiniz.""]"
2e558b78-7197-4094-ba50-60477ad87318,Çin Mantısı (Dumpling),Turkey,Evde kolayca yapabileceğiniz lezzetli ve sağlıklı Çin mantısı tarifi,Börek & Hamur İşi,"[""2,5 su bardağı tam buğday unu"", ""1 su bardağı su"", ""1 çay kaşığı tuz""]","[""Hamur malzemelerini bir kaseye alıp sert bir mantı hamuru yoğurunuz."", ""İçi için tüm malzemeyi incecik kıyıp sosları ve baharatları ekleyerek karıştırınız."", ""Hamuru çay bardağı boyutunda açıp iç malzemeyi ekleyip katlar birbiri üzerine gelecek şekilde kapatınız."", ""Buharda pişirmek için aparatınız yok ise kaynayan su tenceresinin üzerine süzgeç koyup mantıları diziniz."", ""Üzerine kapak kapatarak yaklaşık 20 dakika pişiriniz.""]"
c0e4ef8f-9bd0-4f45-b832-856f2e73f213,Kolay Çikolatalı Kek,Turkey,"Kolay ve hızlı çikolatalı kek tarifi, sadece üç adımda harika bir tatlı!",Tatlı,"[""50 gram bitter çikolata"", ""40 gram tereyağı (2 yemek kaşığı)"", ""60 gram yumurta (1 büyük boy)"", ""50 gram şeker (3 yemek kaşığı)"", ""80 gram yoğurt (2.5 yemek kaşığı)"", ""80 gram kek unu (4 yemek kaşığı)"", ""15 gram badem unu (1 yemek kaşığı)"", ""3 gram kabartma tozu (1.5 çay kaşığı)"", ""1 tatlı kaşığı file badem (üzeri için)""]","[""Çikolata ve tereyağını sıcak su dolu bir kap üzerinde erimeye bırakın. Sıcak suyun, çikolata kabının tabanına değmesine izin vermeyin. Sadece su buharıyla erimesini sağlayın."", ""Yumurta ve şekeri, şeker iyice eriyene kadar çırpın. Üzerine erimiş tereyağı ve çikolata karışımını dökün. İyice karıştırın. Karışıma yoğurt ekleyin ve çırpmaya devam edin. Kek unu, badem unu ve kabar"", ""15 cm'lik kalıbınızı yağlayın. Kek harcınızı kalıba dökün ve üzerine file badem ekleyin. Önceden ısıtılmış 170 derece sıcaklıktaki fırında 50 dakika pişirin. Kürdan testi ile kontrol edebilirsiniz. Af""]"
e7c58e12-f9b2-4943-b037-fea9db6072fc,Nevzine Tatlısı,Turkey,"Nevzine Tatlısı, hafif ve lezzetli bir Türk tatlısıdır. Kolay hazırlanışı ve muhteşem tadıyla sofralarınızın vazgeçilmezi olacak",Tatlı,"[""125 gram margarin"", ""1 çay bardağı sıvı yağ"", ""1 çay bardağı süt"", ""1 çay bardağı tahin"", ""2 yemek kaşığı sirke"", ""1 paket kabartma tozu"", ""4 su bardağı un"", ""1 su bardağı ceviz içi (iri parça lanmış)""]","[""Şerbet için tencereye su ve şekeri koyun. Şeker eriyene kadar karıştırın. Ardından kaynadıktan sonra limon suyu koyun ve 15 dakika daha kaynatın. Ocağın altını kapatın, pekmez koyup karıştırın ve soğu"", ""Hamuru için margarin, sıvı yağ, süt, tahin ve sirkeyi bir kaba koyup karıştırın. Un ve kabartma tozu ekleyip hamur kıvamına gelene kadar karıştırın."", ""Son olarak hamura dövülmüş ceviz ekleyip tekrar yoğurun."", ""Büyük bir borcama hamuru eşit şekilde yayıp çatal yardımıyla çizikler atın. 180 derece fırında 30 dakika pişirin."", ""Piştikten sonra dilimleyip soğuk şerbeti dökün. Şerbeti çektikten sonra ceviz ve toz fıstıkla süsleyip servis edebilirsiniz.""]"
c212a204-4efd-4eb3-95d5-4c329bd50324,Kremalı Mantar Çorbası,Turkey,"Lezzetli ve doyurucu kremalı mantar çorbası, soğuk günlerin vazgeçilmezi",Çorba,"[""400 gram mantar"", ""2 yemek kaşığı un"", ""3 yemek kaşığı sıvı yağ"", ""1 paket krema"", ""4 su bardağı ılık su"", ""2 çay kaşığı tuz"", ""1 çay kaşığı karabiber""]","[""Mantarlarımızın sap kısımlarını çıkararak güzelce yıkadıktan sonra istediğiniz boyutta kesiyoruz."", ""Daha sonra tenceremize yağımızı alıp mantarlarımızın ekleyerek suyunu çekene kadar pişiriyoruz. Ardından unu ekleyip karıştırıyoruz."", ""Daha sonra kremayı koyup suyunu da ekleyip kaynayana kadar orta ateşte karıştırıyoruz."", ""Kaynadıktan sonra altı kısık 10 dakika daha kaynatıp ocaktan almadan baharatlarımızı da ekleyerek biraz daha kaynattıktan sonra limon ile birlikte servis edebilirsiniz, afiyet olsun.""]"
8e918416-65a9-48ca-9c03-9a82ca4f861f,Avokado Çanağında Köfte,Turkey,"Avokado çanağında sunulan lezzetli köfte, sağlıklı ve doyurucu bir ana yemek alternatifidir",Ana Yemek,"[""1 adet yumurta"", ""1 adet soğan"", ""600 gram kıyma"", ""3 yemek kaşığı galeta unu"", ""1 çay kaşığı tuz"", ""1 çay kaşığı kimyon"", ""1 yemek kaşığı pekmez"", ""1/2 çay kaşığı karbonat"", ""1 tatlı kaşığı salça"", ""1 çay kaşığı karabiber""]","[""Yumurta, sarımsak, maydanoz ve birkaç parçaya bölünmüş soğanı rondodan geçirip diğer malzemelerle birlikte yoğuruyoruz. Streçle üzerini kapayıp harcımızı 1 saat dinlenmeye bırakıyoruz."", ""Harcımızdan parçalar kopararak çok kalın olmayacak şekilde köfte şekli veriyoruz. Biraz yağda 4 dakika bir yüzü, 4 dakika diğer yüzü olmak üzere pişiriyoruz."", ""Sos için avokadonun içini kaşık yardımıyla yırtmadan çıkarıyoruz. Bir kapta yoğurt, ceviz ve sarımsakla birleştiriyoruz. Afiyet olsun.""]"
7e00eec2-65db-4bf5-a3f5-5e1404139e08,Rafine Şekersiz Çikolatalı Kek,Turkey,"Rafine şekersiz, hurmalı ve bitter çikolatalı sağlıklı bir kek tarifi",Tatlı,"[""2 adet yumurta"", ""10-12 adet hurma"", ""100 gram şekersiz bitter çikolata"", ""100 mililitresüt"", ""40 gram tam buğday unu"", ""1 çay kaşığı kabartma tozu"", ""1 tatlı kaşığı vanilya özütü (ya da 1 paket şekerli vanilin)""]","[""Hurmaları sıcak suda bekletip kabuğunu soyun ve çekirdeğini çıkarın."", ""Çikolatayı benmari usulü eritin."", ""Yumurtaların sarısını ve beyazını ayırın."", ""Yumurta beyazlarını bir tutam tuz yardımıyla köpük haline gelene kadar çırpın."", ""Başka bir kapta hurmaları biraz çırpın ardından yumurta sarılarını da ekleyip 2 dakika boyunca çırpmaya devam edin."", ""Sütü, çikolatayı, unu, kabartma tozunu ve vanilyayı da ekleyip karıştırın."", ""Yumurta beyazlarının yarısını spatula yardımıyla karışıma yedirin."", ""Kalan yarısını da ilave edin ve söndürmemeye dikkat ederek spatulayla karıştırın."", ""18cm lik kek kalıbına dökün."", ""Önceden ısıttığınız 170 derece fırında 25-30 dakika pişirin. Afiyet olsun.""]"
fd66d8f9-6d4a-4f1f-a99c-eaa632441ebc,Şeftalili Fit Galette,Turkey,Şeftalinin tatlılığı ile çavdar ununun sağlıklı dokusunu birleştiren pratik ve lezzetli bir galette tarifi,Et Yemekleri,"[""1 su bardağı çavdar unu (ya da tam buğday)"", ""2 yemek kaşığı irmik"", ""1 yemek kaşığı soğuk tereyağı"", ""1 yemek kaşığı bal"", ""6 yemek kaşığı su""]","[""Hamur malzemelerini mutfak robotuna alıp 2-3 dakika kadar karıştırın, kum gibi bir hamur olacaktır."", ""Hamuru elinizle hafifçe toparlayın bir streç filme sarın ve buz dolabında 45 dakika ya da buzlukta 15 dakika dinlendirin."", ""Şeftalileri ince ince doğrayın. Bal, nişasta ve limonu ekleyip karıştırın ve biraz bekletin."", ""Dinlenen iki yağlı kağıt arasında incecik açın."", ""Şeftali dilimlerini dizerken kenarlarında 2-3 parmak boşluk kalmasına özen gösterin."", ""Şeftalileri güzelde dizdikten sonra kenardaki hamuru üzerine katlayın."", ""Önceden ısıtılmış 180 derece fırında yaklaşık 30-35 dakika hafif kızarana kadar pişirin."", ""Çıktıktan sonra iri doğradığınız fındığı üzerine serpin. Afiyet olsun.""]"
4be62438-43d3-49ba-ada2-f5c4e5b20f36,Zencefilli Kurabiye,Turkey,"Lezzetli ve aromatik zencefilli kurabiye tarifi, çay saatlerinin vazgeçilmezi",Tatlı,"[""125 gram tereyağı (oda sıcaklığında bekletilmiş)"", ""3 su bardağı un (gerekirse +1/2 su bardağı un)"", ""1 su bardağı esmer şeker (arzuya göre toz şeker)"", ""1/4 su bardağı üzüm pekmezi"", ""1 adet yumurta"", ""1 adet yumurta akı"", ""1/2 çay kaşığı tuz"", ""120 mililitreçiçek yağı"", ""1 paket kabartma tozu""]","[""İlk olarak sulu malzemeleri, ardındanda kuru malzemeleri bir araya getirin ve karıştırın."", ""Unu karışıma ilave ederken azar azar ilave edin."", ""Hamurun kıvamı yumuşak olmalı ama ele de yapışmamalı. Zencefil miktarını tepeleme çorba kaşığından biraz az koyunuz."", ""İstediğiniz şekil verilen kurabiyeler 180 derecede 13 dakika pişirilir ve kurumaması için hemen fırından çıkarılır. Afiyet olsun.""]"
7531df8a-5ad8-4241-85e4-4daeaea1a75f,Yumurtalı Pideli Tost,Turkey,"Ramazan pidesinin yumuşak dokusuyla hazırlanan lezzetli yumurtalı tost, kahvaltıların vazgeçilmezi",Börek & Hamur İşi,"[""1/4 adet ramazan pidesi"", ""2 adet yumurta"", ""1/2 çay bardağı süt"", ""1 yemek kaşığı mozarella peyniri (rendelenmiş)"", ""1 adet köy biberi"", ""1 çay kaşığı kuru kekik""]","[""Pidenin ortasından yarın. Çırpılmış sütlü yumurtanın içerisine batırın."", ""İçine peynirleri, hindi fümeyi, köy biberi, domatesi ve kekiği ilave edip pişirme kağıdı arasında tost makinesinde yüksek devirde pişirin.""]"
4b0ef103-0e9a-479e-b84c-d0104fede4a0,New York Cookie,Turkey,"New York'un meşhur büyük ve çikolatalı kurabiyesi, dışı çıtır içi yumuşak dokusuyla damakları çınlatır",Ana Yemek,"[""200 gram tereyağı"", ""1/2 su bardağı esmer şeker"", ""1/2 su bardağı beyaz şeker"", ""320 gram sütlü çikolatave bitter çikolata karışık (kıyılmış)"", ""3,5 su bardağı un"", ""2 adet yumurta"", ""1 paket kabartma tozu"", ""1 çay kaşığı tarçın""]","[""Soğuk tereyağı ince ince dilimleyip şekerlerle güzelce çırpın."", ""Sonra çikolataları ve unu ekleyip elinizle homojen yapmaya çalışın ama pek olmuyor, bu aşamada endişelenmeyin."", ""Yumurtaları ve diğer malzemeleri ekleyip yoğurmaya devam edin. Bu sefer kıvamı oluyor. :)"", ""18-20 adet cookie olacak şekilde hamuru bölüp yuvarlayın."", ""1 saat buzlukta bekletip önceden ısıtılmış 190 derece fırında 14-15 dakika pişirin. Afiyet olsun.""]"
acff9004-116e-4572-806d-7927b315b5f7,Cheddar Çubukları,Turkey,Çıtır mısır cipsleri ve bol cheddar peyniriyle hazırlanan lezzetli atıştırmalık,Ana Yemek,"[""1 paket mısır cipsi (herhangi bir cips)"", ""200 gram cheddar peyniri"", ""1 su bardağı un"", ""3 adet yumurta"", ""5 su bardağı kızartma yağı""]","[""Cipsi mutfak robotunda çekin."", ""Bir kaseye un, başka bir kaseye yumurtaları ve diğer kaseye de cipsini koyun."", ""Yumurtaları çırpın. Cheddar peynirlerini uzun şeritler şeklinde kesin."", ""Cheddar dilimlerini önce un sonra yumurta ve en son mısır cipsine bulayın."", ""Hazırlanan cheddar çubuklarını buzdolabında 1 saat dondurun."", ""Kızartma yağını ocağa alın."", ""İyice kızan yağın içinde hızlıca peynir çubuklarını kızartın. İşte bu kadar, afiyet olsun!""]"
a015684c-7b40-4c3b-baef-2751d7fb8a23,Esnaf Usulü Mercimek Çorbası,Turkey,"Geleneksel lezzetle hazırlanan, doyurucu ve lezzetli esnaf usulü mercimek çorbası",Çorba,"[""1 su bardağı mercimek"", ""6 su bardağı sıcak su"", ""1 adet soğan"", ""2 tatlı kaşığı un"", ""1 çay kaşığı zerdeçal"", ""1 çay kaşığı tuz"", ""1 çay kaşığı pul biber"", ""3-4 yemek kaşığı sıvı yağ""]","[""Tencereye yağımızı koyduktan sonra dört parça şeklinde böldüğümüz soğan ve sarımsakları kavuralım. Üzerine un ilave edip kokusu çıkana kadar kavurmaya devam edelim."", ""Ardından mercimeklerimizi ekleyelim ve ardından suyu ilave edelim."", ""Kaynayıp mercimekler pişince tuz, pul biber ve zerdeçalı ekleyip ocaktan indirelim."", ""Blenderdan geçirilen çorbayı tekrar bir taşım kaynatıp üzerine kıtır ekmekle afiyetle servis edebilirsiniz .""]"
abdcdfe5-7c8b-4322-b9dc-f8e2fffe7c10,Yufkadan Patatesli Börek,Turkey,"Fırında çıtır çıtır patatesli börek, hem pratik hem de lezzetli bir atıştırmalık",Börek & Hamur İşi,"[""3 adet yufka"", ""2 adet soğan"", ""2 adet patates"", ""1 tatlı kaşığı tuz"", ""1 çay kaşığı karabiber"", ""1 çay kaşığı pul biber"", ""1/2 çay bardağı sıvı yağ""]","[""Patatesleri haşlayıp eziyoruz. Ama öyle püre gibi olmasın. Birkaç bölün, kavururken de ezilecek."", ""Soğanları çok küçük doğruyoruz. Sıvı yağda kavurup, haşlanan patatesi ekliyoruz."", ""Patatesleri soğan ile birlikte kavurup tuzunu, karabiberini, pul biberini, maydanoz (isteğe bağlı) ilave edip, altını kapatıyoruz. Biraz soğursa daha iyi olur."", ""Yufkaların arasına sürmek için bir kase yoğurda, bir yumurta sarısı, bir çay bardağı sıvı yağ karıştırıp çırpıyoruz. Bir yufkayı ortadan kesiyoruz."", ""Üzerine yoğurtlu karışımdan çok ince yer yer sürüp, uzun kenara içten bir sıra doldurmadan gezdirip iki yanını içe doğru katlıyoruz."", ""Rulo yapıp, tepsiye de dolayarak bitiriyoruz. Üzerine kalan sosu sürüp 180 derece fırında kızarana kadar pişiriyoruz.. Afiyet olsun.""]"
955d00b0-689c-4529-98d7-eaf1042a81e2,Çikolata Dilimleri,Turkey,"Lezzetli çikolatalı tatlı, pratik ve kolay hazırlanır",Tatlı,"[""1 litre süt"", ""1 çay bardağı nişasta"", ""1 çay bardağı kakao"", ""2 çay bardağı toz şeker"", ""200 gram bitter çikolata"", ""1 yemek kaşığı tereyağı""]","[""Tencerenin içerisine süt, nişasta, kakao ve toz şekeri ilave edip, iyice karıştırın. Daha sonra ocağa alıp, kaynayana kadar pişirin."", ""Koyulaşınca içine 200 gr bitter çikolata ve 1 yemek kaşığı tereyağını ekleyip, ocaktan alın. Hızlıca karıştırın."", ""Harç, oda sıcaklığına gelince baton kalıbın tabanını hafif ıslatıp, içine dökün. Afiyet olsun.""]"
c97b2232-32f9-46d2-aeae-d5fb2510bf43,Mercimek Pate,Turkey,Zeytinyağıyla zenginleştirilmiş kırmızı mercimeklerden hazırlanan sağlıklı ve lezzetli bir pate,Sebze Yemekleri,"[""1 su bardağı kırmızı mercimek"", ""2 su bardağı su (mercimeği haşlamak için)"", ""1/2 çay bardağı zeytinyağı"", ""1 adet orta boy kuru soğan"", ""1 çay kaşığı ucukarabiber"", ""1 çay kaşığı ucukimyon""]","[""1 su bardağı kırmızı mercimek, 2 su bardağı su, az tuz ekleyerek, suyunu çekene kadar güzelce pişiriyoruz."", ""Biz bu arada yarım çay bardağı kadar zeytinyağında; yemeklik doğranmış 1 orta boy kuru soğan ve 2 diş sarımsağı güzelce kavuruyoruz."", ""Kavrulan soğan sarımsağın altını kapadığımızda;çeyrek demet doğranmış maydanoz, birkaç dal doğramış nane, dereotu, az karabiber, azıcık da kimyon ekliyoruz. (Kuru nane de kullanabilirsiniz.)"", ""2 dilim ekmek içini güzelce ufalıyoruz."", ""Soğanlı harcımız, haşlanmış mercimek ve ekmek içlerini güzelce karıştırıyoruz."", ""Tadına bakıp bu aşamada biraz limon ekleyebilirsiniz, ben seviyorum. Afiyet olsun.""]"
babefbc8-c9ba-4495-b4db-84ad4cc1206a,Peynirli Girit Ezme,Turkey,"Girit'in lezzetli mezelerinden peynirli ezme, Antep fıstığıyla zenginleştirilmiş harika bir başlangıç",Ana Yemek,"[""100 gram ezine peyniri"", ""1 çay bardağı lor peyniri"", ""2 yemek kaşığı toz Antep fıstığı"", ""3 yemek kaşığı zeytinyağı"", ""2 yemek kaşığı galeta unu""]","[""Ezine peyniri çatal yardımıyla ezin."", ""Ezdiğiniz peynirin üzerine tüm malzemeleri ekleyip karıştırın. Homojen olana kadar karıştırın."", ""Peynirli girit ezme tarifiniz hazır, afiyet olsun!""]"
e2bb155b-e807-48a2-8417-89100b1fe909,El Açması Börek,Turkey,"Geleneksel Türk mutfağının lezzetli el açması böreği, çıtır dışı ve yumuşak içiyle sofralarınızı şenlendirecek",Börek & Hamur İşi,"[""1 su bardağı süt"", ""1 su bardağı su"", ""1/2 su bardağı sıvı yağ"", ""2 yemek kaşığı yoğurt"", ""2 tatlı kaşığı tuz"", ""1 yemek kaşığı kuru maya"", ""5,5-6 su bardağı un""]","[""Bütün malzemeleri karıştırıp yumuşak kıvamlı bir hamur yoğurup mayalanmasını beklemeden bezelere ayıralım."", ""Bezeleri on dakika dinlendirip ince bir şekilde açalım."", ""İç harcımızı yarısına kadar dökelim ve saralım."", ""Ters yöne kıvıralım ve tepsiye dizelim."", ""2 yumurta sarısına 2 yemek kaşığı sıvı yağı ekleyip üzerine sürelim."", ""180 derecede kızarana kadar pişirelim. Deneyecek olanlara afiyet olsun.""]"
51247cfb-c508-442d-896a-1ae3b9be8bd9,Bisküvili Truff,Turkey,"Kakaolu bisküviler ve kremsi labne ile hazırlanan, sütlü çikolata ile kaplanmış pratik ve lezzetli bir tatlı",Ana Yemek,"[""12 adet kakaolu bisküvi"", ""2 tepeleme yemek kaşığı labne (80 gram)"", ""100 gram sütlü çikolata"", ""50 gram beyaz çikolata""]","[""Bisküvileri rondodan kum gibi olana kadar geçirin. İçerisine labneyi ekleyip karıştırın."", ""Yuvarlak şekiller verip 20-25 dakika buzdolabında dinlendirin."", ""Sütlü çikolatayı benmari usulü eritin dinlenen truffleri çikolataya bulayın. Yağlı kağıdın üzerine yerleştirin."", ""Beyaz çikolatayı da benmari usulü eritip ister sıkma torbasıyla isterseniz bir kaşık yardımıyla üzerine şekiller verin."", ""30 dakika buzdolabında beklettikten sonra servis edebilirsiniz. Afiyet olsun.""]"
fea4515a-e364-45b7-86e1-703a389e2b3d,Sağlıklı Cips,Turkey,"Fırında hazırlanan pratik ve lezzetli lavaş cipsi, sağlıklı atıştırmalık alternatifi",Ana Yemek,"[""2 adet lavaş"", ""2 yemek kaşığı zeytinyağı"", ""1 çay kaşığı kekik"", ""1 çay kaşığı pul biber"", ""1 adet küçük boy soğan"", ""1 adet domates"", ""1 dilim limon suyu"", ""1 çay kaşığı tuz"", ""1 adet yeşil biber"", ""1 adet avokado"", ""1 adet küçük boy kırmızı soğan""]","[""Lavaşları üçgen şeklinde kesin."", ""Kaseye zeytinyağı, kekik, pul biberi ekleyip karıştırın."", ""Fırça yardımıyla lavaşlara sürün. Fırın tepsisine lavaşları sıralayın. 15 dakika 200 derecede pişirin."", ""Sos için avokadoyu püre yapın. Soğan, domates ve maydanoz küçük küçük doğrayın. Avokadoya karıştırın. En son tuz, limon suyunu ekleyin."", ""Fırından cipslerinizi alın ve sosa banarak tüketin. Afiyet olsun.""]"
5178fc81-b13b-41e1-8262-9ddd0bc4dafb,Tavada Nar Ekşili Biber Mezesi,Turkey,"Nar ekşisi ile tatlandırılmış, tavada harmanlanmış biberlerin ferahlatıcı lezzeti. Hem pratik hem de göz alıcı bir meze",Sebze Yemekleri,"[""4 adet kapya biber"", ""2 adet yeşil biber"", ""4 yemek kaşığı zeytinyağı""]","[""Biberleri orta kalınlıkta olacak şekilde uzun uzun doğrayın. Tavaya zeytinyağını alın. Biberleri ilave ederek 2-3 dk. Kavurun."", ""Kapağı kapatarak kısık ateşte ara sıra karıştırarak biberler yumuşayana kadar pişirin. Biberleri uygun bir kaba alın."", ""Ayrı bir kasede sos için tüm malzemeleri karıştırın. Biberelere ilave edin."", ""Maydanoz ve dereotunu ince ince doğrayıp biberlere ekleyin ve karıştırın."", ""Servis tabağına alın. Afiyet olsun.""]"
e4789a12-bb91-491a-816e-9636cea2d402,Revani,Turkey,Nefis bir revani tarifi. Şerbetli ve yumuşacık dokusuyla damakları çiğnemeyen bir tatlı,Tatlı,"[""2 adet yumurta"", ""1 su bardağı şeker"", ""1 su bardağı yoğurt"", ""1 çay bardağı sıvı yağ"", ""1,5 su bardağı irmik"", ""2 su bardağı un"", ""1 paket kabartma tozu"", ""1 paket vanilya""]","[""Önce şerbetimizi hazırlıyoruz.Şeker ve suyu tencerede iyice kaynatıyoruz."", ""Yarım limon suyunu da ekleyip 2-3 dakika daha kaynatıp altını kapatıyoruz."", ""Kek için,yumurta ve şekeri iyice çırpıyoruz. Sırasıyla sıvı yağ, irmik, yoğurt ekleyip çırpıyoruz."", ""Son olarak un, kabartma tozu ve vanilin eklenip iyice çırpılır."", ""Yağlanan fırın kabına kek hamuru dökülüp, 180 derece fırında 30 dakika pişirilir."", ""Kekin sıcaklığı biraz çıktıktan sonra dilimleyip şerbetimizi döküyoruz."", ""Üzerine Hindistan cevizi ve Şam fıstığı ile süslüyoruz. (İstediğiniz gibi süsleyebilirsiniz.) Afiyet olsun.""]"
58fb1dd1-429d-4da1-94ce-800d707e3d9e,Yağ Çekmeyen Pişi,Turkey,"Maden suyu sayesinde yağ çekmeyen, hafif ve çıtır pişi tarifi",Ana Yemek,"[""1,5 su bardağı ılık su"", ""1/2 su bardağı maden suyu"", ""1 yemek kaşığı toz şeker"", ""1/2 paket yaş maya (ya da 1 paket kuru maya)"", ""5 su bardağı un (aldığı kadar)"", ""1 tatlı kaşığı tuz""]","[""Ilık su içerisinde maden suyu, 1 yemek kaşığı toz şeker ve 1/2 paket yaş mayayı çözdürün."", ""Karıştırdıktan sonra 10 dakika kadar dinlenmeye bırakın."", ""Dinlenen karışıma 3 su bardağı un ve tuzu harmanlayarak ekleyin ve karıştırmaya devam edin."", ""Kalan unu da azar azar ilave ederek bir yandan da yoğurmaya başlayın."", ""Hamuru 5-10 dakika kadar yoğurun."", ""Hamurun üzerini örtüp oda ısısında bir saat kadar mayalayın."", ""Mayalanan hamuru tezgaha alın ve merdane yardımıyla açın."", ""Bir su bardağı ile hamura şekil verin ve tezgahta 15 dakika mayalandırın."", ""Geniş ve derin bir tavada sıvı yağı kızdırın. Pişileri yavaş yavaş yağa atarak arkalı önlü kızartın. Pişenleri fazla yağını bırakması için bir iki dakika havlu peçete üzerinde dinlendirin. Afiyet olsu""]"
32490309-b44c-4369-8bf3-2c2101efc02a,Çıtır Waffle,Turkey,"Lezzetli ve çıtır waffle tarifimiz, kahvaltılarınızı renklendirecek. Pratik hazırlığı ile misafirlerinize de ikram edebilirsiniz",Ana Yemek,"[""2 adet yumurta"", ""2 su bardağı süt"", ""4 yemek kaşığı şeker"", ""3 su bardağı un"", ""1 paket vanilya"", ""1 tatlı kaşığı kabartma tozu"", ""3 yemek kaşığı sıvı yağ""]","[""Yumurta, vanilya ve şekeri güzelce çırpın, sıvı yağ ve sütü ekleyin biraz daha çırpın, elenmiş unu, kabartma tozunu ekleyip çırpmaya devam edin. Hafif koyu bir kek harcı elde edin çok koyu olmasın."", ""Waffle makinenizi iyice ısıtıp margarinle yağlayın. Bir kepçe karışımdan dökün, kızardığında servis tabağına alın."", ""Üzerine arzuya göre sürülebilir çikolata sürün, meyvelerle süsleyin. Damla çikolata, fındık, ceviz ekleyebilirsiniz ."", ""Tablet çikolataları benmari usulü eritip waffle'ın üzerine gezdirin. Hazır soslar lezzet vermiyor, eritilmiş çikolata tercih edebilirsiniz. Bu tariften 7 adet waffle çıktı.""]"
defba41c-779f-43fd-8a7f-2e4d8b1cad71,Ev Yapımı Hamburger,Turkey,"Lezzetli ev yapımı hamburgerler, baharatlı kıyma ile hazırlanır",Ana Yemek,"[""500 gram orta yağlı kıyma"", ""1 çay kaşığı kimyon"", ""1 çay kaşığı karabiber"", ""1 çay kaşığı kajun baharatı (isteğe bağlı)"", ""1,5 çay kaşığı tuz"", ""3 yemek kaşığı galeta unu (ya da ekmek kurusu)"", ""1 adet yumurta"", ""1 paket kabartma tozu""]","[""Karıştırma kabına un hariç bütün malzemeleri ekleyelim. Azar azar unu ekleyerek ele yapışan yumuşak bir hamur elde edelim."", ""Üzerini örterek 1 saat mayalanması için bekletelim. Mayalanan hamurun havasını aldırıp mandalina büyüklüğünde bezelere ayıralım ve üzerini örtüp 1 saat tepsi mayası için bekleyelim. 6-8 adet ekmek çık"", ""Köftesi için bütün malzemeleri karıştırma kabına alıp güzelce yoğuralım ve büyük bir kavanoz kapağı içime sera streç serip köftelere şekil verelim ve buzdolabında 1-2 saat dinlenmeye alalım."", ""Ekmeğimiz pişince köfteyi pişirmeye başlayalım ve sırayla malzemeleri ekmeğin arasına koyalım ve hamburgerimiz hazır. Afiyet olsun.""]"
fc96715d-6d5e-4833-a786-91bdf0ce3f32,Köfte Kaplı Patlıcan,Turkey,"Kıyma ve galeta unuyla hazırlanan köftelerin, kızartılmış patlıcanlarla harmanlandığı lezzetli bir ana yemek",Et Yemekleri,"[""400 gram kıyma"", ""6 adet patlıcan"", ""3-4 yemek kaşığı galeta unu (arzuya göre bayat ekmek içi)"", ""1 adet soğan"", ""1 çay kaşığı tuz"", ""1 çay kaşığı karabiber"", ""1 adet domates"", ""4 adet biber""]","[""Bir kapta köfte harcını hazırlayın. Soğanı rendeleyin, dilediğiniz baharatlar ve kıyma ile yoğurun."", ""Patlıcanları közleyin ve kabuklarını soyun."", ""Küçük portakal büyüklüğünde köfte parçalarını iki streç film arasında açarak inceltin."", ""Ortasına patlıcanları yerleştirin. Domates ve biber parçaları ekleyin. 200 derecede ısıtılmış fırında kızarana kadar pişirin."", ""Pişerken köfteler çatlamasın diye çok iyi yoğurmalısınız. Fırına koymadan önce fırça ile üzerilerine zeytinyağ sürün. Afiyet olsun.""]"
ca87445f-aeb8-4798-8f36-626997edd657,Zeytinyağlı Brüksel Lahanası,Turkey,"Zeytinyağlı Brüksel lahanası, sağlıklı ve lezzetli bir zeytinyağlı sebze yemeği",Sebze Yemekleri,"[""250 gram Brüksel lahanası"", ""1 adet orta boy havuç"", ""1 adet orta boy soğan"", ""1 tepeleme yemek kaşığı pirinç"", ""1 su bardağı sıcak su"", ""1 çay kaşığı tuz""]","[""Soğanları yemeklik doğruyoruz, sarımsakları ince ince dilimliyoruz. Zeytinyağında renk değiştirene kadar soteliyoruz."", ""Ardından küp küp doğradığımız havuçları ekleyip 1-2 dakika soteliyoruz. Daha sonra ortadan ikiye ayırdığımız brüksel lahanalarını ekleyip, bir iki döndürüyoruz. Suyunu ilave ederek pişmeye bırakıyoru"", ""Suyunu çekip pişince dinlendirip servis ediyoruz. Afiyetler olsun.""]"
f36ac14f-4b3b-4085-8b84-50110bf15fb0,Mısır Püresi,Turkey,"Kremalı ve lezzetli mısır püresi, patates ve tereyağıyla hazırlanan harika bir yan lezzet",Ana Yemek,"[""1 adet büyük boy patates (haşlanmış)"", ""1 yemek kaşığı tereyağı"", ""1/2 su bardağı krema"", ""2 çay kaşığı tuz"", ""200 gram konserve mısır (kaynar suda beklemiş)""]","[""Bir kasede haşlanmış patates, tereyağı, krema, tuz ve kaynar suda beklemiş mısırı birleştirin."", ""Bu karışımı ezme aparatıyla patates ve mısır birbirine geçene kadar ezin. Dilerseniz blenderdan da geçirebilirsiniz."", ""Hazırladığınız püreyi servis tabağına alın ve kıyılmış frenk soğanı serpiştirip servis edin. Afiyet olsun!""]"
81bf2267-2ca6-44de-a242-7ad98467da9f,Köfteli Orman Kebabı,Turkey,"Kıyma ve bulgurdan hazırlanan köftelerin, sebzelerle birlikte fırında pişirilmesiyle yapılan lezzetli bir yemek",Et Yemekleri,"[""500 gram orta yağlı dana kıyma"", ""3 yemek kaşığı ince bulgur"", ""1 adet yumurta"", ""1 adet rendelenmiş soğan"", ""1 tatlı kaşığı tuz"", ""1 çay kaşığı karabiber""]","[""Köfteler için kıyma, yumurta ve bulguru derin bir kaseye koyun."", ""Soğan ve baharatları da ekleyin ve yoğurun."", ""Harçtan ufak parçalar kopartarak yuvarlak formda ufak köfteler yapın."", ""Ocakta zeytinyağıyla soğanı kavurun."", ""Üzerine havuç ve patatesi ekleyip kavurmaya devam edin."", ""Baharatları, salçayı ve bezelyeyi koyun ve kavurun."", ""Hazırladığınız köfteleri ve suyu tencereye ekleyin ve 10 dakika pişirin."", ""Orman kebabını bir borcama alın ve Vestel Ankastre Fırın'da 190 derecede 20 dakika pişirin."", ""Pişen orman kebabını sıcak sıcak servis edin. Afiyet olsun!""]"
28f1e76f-ce93-4b64-a508-8b9297c3c667,İncirli Fit Kek,Turkey,"Sağlıklı ve lezzetli incirli fit kek, keçiboynuzu pekmeziyle tatlandırılmış hafif bir tatlı seçeneği",Ye,"[""2 adet yumurta"", ""2 yemek kaşığı kakao"", ""1 tatlı kaşığı keçiboynuzu pekmezi"", ""2 adet incir""]","[""Yumurtaları köpürene kadar çırpıyoruz."", ""Daha sonra malzemeleri ekleyip 1 adet inciri ezip içine ilave edip tekrar çırpıyoruz."", ""Kekin üzerini süslemek için ise bir inciri dilimleyip üzerilerine ekliyoruz."", ""Kekimizi 180 derecelik fırında 20 dakika pişiriyoruz. Afiyet olsun.""]"
d8d2ce7f-02e6-410d-a665-486e16c12c72,Fırında Donut,Turkey,"Daha az yağlı alternatif arayanlar için mükemmel, fırında pişen lezzetli donut tarifi",Ana Yemek,"[""1 adet yumurta"", ""1 tatlı kaşığı tarçın"", ""1/4 su bardağı süt"", ""1/4 su bardağı yoğurt"", ""2 yemek kaşığı tereyağı (eritilmiş)"", ""1 tatlı kaşığı vanilya özütü (veya toz vanilya)"", ""1 tatlı kaşığı kabartma tozu"", ""1/4 tatlı kaşığı karbonat"", ""1,5 su bardağı un"", ""1/3 su bardağı pudra şekeri""]","[""Sıvı malzemeleri kendi içinde karıştırıyoruz. Sıvı malzemelere, un hariç kuru malzemeleri de ekleyip karıştırıyoruz."", ""Unu da ekleyip hamuru yoğuruyoruz. Yumuşak bir hamur elde ediyoruz. Hamurdan, cevizden biraz daha büyük parçalar koparıp yuvarlıyoruz."", ""Yuvarladığımız hamurların ortasını delip donut şekli elde ediyoruz. Donutları pudra şekeri ve tarçın karışımına bulayıp fırın tepsisine diziyoruz."", ""180 derecede ısınmış fırında 10 dakika pişiriyoruz. Afiyet olsun.""]"
7af4292f-721c-4d67-ba9a-4234a4e1823a,Kremalı Mantar Çorba,Turkey,"Zengin krema ve taze mantarların mükemmel uyumuyla hazırlanan bu lezzetli çorba, soğuk günlerde içinizi ısıtacak",Çorba,"[""600 gram kültür mantarı"", ""200 mililitrekrema"", ""3 yemek kaşığı un"", ""1 litre su"", ""2 adet küçük boy soğan"", ""1,5 yemek kaşığı tereyağı"", ""4 yemek kaşığı sıvı yağ"", ""1 çay kaşığı tuz-karabiber""]","[""Tereyağını ve sıvı yağı ocakta eritin. Üzerine küçük küpler halinde doğradığınız soğanları ekleyip kavurun."", ""Saplarını ayıklayıp ince ince/küpler halinde doğradığınız mantarları soğanların üzerine ekleyin. Mantarlar suyunu salıp çekmeye başlayınca unu ekleyip un kokusu gidene kadar 1-2 dakika kavurun."", ""Su ve kremayı ekleyin. Sürekli karıştırın ve 1 taşım kaynatın. Kaynayınca altını kısın ve 10 dakika kısık ateşte pişirmeye devam edin."", ""Tuz ve karabiber ekleyin. İnce ince doğradığınız maydanoz ve/veya dereotu ile servis edin. Afiyet olsun.""]"
7f0d1fe4-72e3-4f06-ae0d-165f65499c3f,Soğan Çorbası,Turkey,Zeytinyağı ve zencefilin harmanlandığı lezzetli soğan çorbası,Ye,"[""4 yemek kaşığı zeytinyağı"", ""1 tatlı kaşığı zencefil"", ""10 adet kuru soğan"", ""1 çay kaşığı tuz"", ""1 çay kaşığı zerdeçal"", ""2 adet defne yaprağı"", ""1 çay kaşığı karabiber"", ""1 litre su""]","[""Sarımsak ve zencefil rendelerini, zeytinyağında birlikte kavurun."", ""İnce ince doğranmış soğanları tencereye ekleyin ve suyunu çekip rengi değişene kadar pişirin."", ""Azar azar su ekleyerek soğanı karamelize edin."", ""Tuz, biberiye, zerdeçal, defne yaprağı, karabiber ve suyu ekleyip kaynayana kadar pişirin. Afiyet olsun.""]"
8c53799e-e978-42c4-9d51-014c5c17dfb4,Zerde,Turkey,"Geleneksel Türk tatlısı zerde, pirinç ve safranla hazırlanan nefis bir tatlıdır",Ye,"[""1 çay bardağı pirinç"", ""7-8 su bardağı su"", ""1 su bardağı toz şeker"", ""3 tatlı kaşığı nişasta"", ""1 tatlı kaşığı zerdeçal"", ""2 yemek kaşığı gül suyu"", ""1 yemek kaşığı kuş üzümü""]","[""Zerde tatlısını hazırlamak için önce pirinci ve suyu tencereye alarak kaynatın."", ""Pirinç yumuşayınca gül suyu, zerdeçal, şeker ve kuş üzümünü ekleyerek biraz daha kaynatın."", ""Küçük bir kasede nişastayı su ile açın. Tencereye ilave edip kaynayana kadar karıştırın."", ""Kaselere paylaştırın, oda sıcaklığına gelince dolaba kaldırın. Zerde tarifiniz hazır. Afiyet olsun!""]"
9299c6f7-fe09-478e-8638-d05f077689d4,Havuçlu Zencefilli Kereviz Çorbası,Turkey,"Havuçun tatlılığı ve zencefilin ferahlığıyla buluşan bu kereviz çorbası, soğuk günlerde içinizi ısıtacak lezzetli bir başlangıç",Ye,"[""1 adet orta boy kereviz"", ""3 adet havuç"", ""30 gram taze zencefil (2 parmak gibi)"", ""1 adet soğan"", ""1,5 tatlı kaşığı tuz"", ""1 çay kaşığı toz zencefil"", ""1/2 çay kaşığı muskat cevizi rendesi"", ""1 çay kaşığı zerdeçal"", ""2 yemek kaşığı zeytinyağı"", ""1 litre su""]","[""Tüm sebzeleri kabaca doğrayın."", ""Zeytinyağı, baharatlar ve suyla birlikte bi tencerede sebzeler yumuşayana kadar pişirin. El blenderıyla püre haline getirin."", ""Çorbayı ister sade haliyle, ister biraz krema ve taze fesleğen yapraklarıyla servis edin. Afiyetler olsun!""]"
d47b0d1d-9c9c-44d6-895d-4cfcb52854ed,Tarçınlı Enginarlı Hindistan Cevizli Rulo Tatlı,Turkey,"Tarçın ve Hindistan cevizinin harmanlandığı enginarlı rulo tatlı, eşsiz lezzetiyle damaklarda iz bırakıyor",Ye,"[""4 adet enginar"", ""4 adet yumurta"", ""1 su bardağı toz şeker"", ""1 su bardağı rendelenmiş Hindistan cevizi"", ""1 çay kaşığı tarçın"", ""1/2 çay kaşığı tuz"", ""1/2 su bardağı sıvı yağ"", ""1 paket vanilin"", ""1 tatlı kaşığı pudra şekeri""]","[""Enginarları temizleyip haşlayın. Haşlandıktan sonra suyunu süzüp soğumaya bırakın. Soğuyunca ince ince doğrayın."", ""Yumurtaları bir kaba kırıp üzerine toz şekeri ekleyin. Mikserle iyice çırpın. Çırpılan yumurtalara rendelenmiş Hindistan cevizi, tarçın, tuz, sıvı yağ ve isteğe bağlı olarak vanilini ekleyip karışımı"", ""Karışıma haşlanmış ve doğranmış enginarları ekleyip karıştırın.Hazırlanan karışımı, yağlı kağıt serili tepsiye dökün ve düzgünce yayın."", ""Önceden ısıtılmış 180 derece fırında, üzeri iyice kızarana kadar yaklaşık 20-25 dakika kadar pişirin."", ""Fırından çıkan sıcak tatlının üzerine pudra şekeri serpip, yağlı kağıt yardımıyla rulo şeklinde sarın ve soğuması için biraz bekleyin. Soğuyan rulo tatlıyı dilimleyerek servis yapabilirsiniz.Afiyet ol"", ""Soğuyan rulo tatlıyı dilimleyerek servis yapabilirsiniz.Afiyet olsun!""]"
e6e74eff-4ab4-4c5e-8200-9db573b3c52c,Bebe Bisküvili Mozaik Pasta,Turkey,"Muz, kakao ve balın lezzetli buluşmasıyla hazırlanan pratik ve sağlıklı bebe bisküvili mozaik pasta",Tatlı,"[""5 adet orta boy muz"", ""3 yemek kaşığı kakao"", ""1,5 yemek kaşığı bal"", ""1 yemek kaşığı Hindistan cevizi yağı"", ""2 yemek kaşığı fıstık ezmesi (organik)"", ""1/2 paket bitter çikolata (damla)"", ""20-25 adet bebe bisküvisi"", ""2 adet orta boy portakal kabuğu rendesi""]","[""Muzları çatalla eziyoruz."", ""Muzun içine kakao, bal, Hindistan cevizi yağı, fıstık ezmesini katıp karıştırıyoruz."", ""Bebe bisküvilerini elimizle ikiye veya dörde bölüp ekliyoruz."", ""Son olarak bitter damla çikolatalarımızı ve portakal kabuğu rendesini ekleyip karıştırıyoruz."", ""Streç film üzerine yayıp, katlıyoruz. Buzluğa gönderiyoruz."", ""4-5 saat sonra donduktan sonra yiyebilirsiniz. Afiyet olsun.""]"
ef18402b-a036-4d1d-902a-dbfb4f13f08b,Portakallı Lokum,Turkey,"Portakalın ferahlatıcı tadıyla irmiğin buluştuğu, pratik ve lezzetli bir tatlı tarifi",Tatlı,"[""1 su bardağı portakal suyu"", ""3,5 yemek kaşığı irmik"", ""2 tatlı kaşığı bal (damak zevkinize göre artırıp azaltabilirsiniz)""]","[""İrmik ve portakal suyunu karıştırarak orta ateşte koyulaşana kadar pişirelim."", ""Koyulaştığında ocağı kapatıp balını ekleyelim."", ""Yağlı kağıt serili bir kare tabağa döküp şekil alması için 30 dakika buzdolabında bekletelim."", ""30 dakika sonunda kare parçalar kesip Hindistan cevizine bulayalım. Afiyet olsun.""]"
654c1c78-1e3b-432d-ac36-c0195b8e1261,Vişneli Kakaolu Muffin,Turkey,"Vişne ve kakaolu harikası, pratik muffin tarifi. Tahinli lezzetiyle damaklarda unutulmaz bir tat bırakıyor",Ana Yemek,"[""2 adet yumurta"", ""1 tatlı kaşığı zeytinyağı"", ""1 tatlı kaşığı tahin"", ""1 tatlı kaşığı kakao"", ""1 yemek kaşığı kuru üzüm"", ""4 adet hurma"", ""12 adet vişne"", ""1,5 su bardağı tam buğday unu"", ""1/2 paket kabartma tozu"", ""1 tatlı kaşığı karbonat""]","[""Yumurta, zeytinyağı ve tahini köpürene kadar güzelce çırpıyoruz."", ""Bu esnada kuru üzüm ve hurmaları sıcak suda bekletip rondodan geçiriyoruz."", ""Un ,kabartma tozu ve vişne hariç bütün malzemeleri karıştırıp, çırpmaya devam ediyoruz. Daha sonra geri kalan malzemeleri ekleyip çırpıyoruz."", ""Kek kıvamını aldıktan sonra muffin kaplarına yerleştirip önceden ısıtılmış fırında 180 derecede 15-20 dk pişiriyoruz. Afiyet olsun.""]"
f20f634a-b8f2-4fc2-84d9-6f4c365083aa,Siyez Unlu Tatlı Kuru Pasta,Turkey,Sağlıklı siyez unu ve tereyağıyla hazırlanan lezzetli ve besleyici kuru pasta tarifi,Tatlı,"[""700 gram siyez unu"", ""300 gram tereyağı"", ""2 adet yumurta"", ""15 gram kabartma tozu"", ""150 gram pudra şekeri""]","[""Tereyağı oda sıcaklığında yumuşatılır."", ""Siyez unu, pudra şekeri, kabartma tozu, yumuşamış tereyağ ve yumurta karıştırılıp hamur yapılır."", ""Yapılan hamur ister kalıp ile isterseniz el yordamı ile şekillendirilip, pişirme tepsisine dizilir."", ""180 derecede 25 dakika pişirilir."", ""Çıkarılıp afiyetle tüketilir.""]"
3dee79a5-0d82-4ed9-bc8d-c89ec1720603,Reçelli Puding,Turkey,"Lezzetli reçel ve pudingin mükemmel uyumu, tatlı krizlerinize pratik çözüm sunuyor",Ana Yemek,"[""1 litre süt"", ""1 su bardağı toz şeker"", ""1 su bardağı un"", ""1 paket vanilin"", ""50 gram tereyağı"", ""1 paket sıvı krema""]","[""Tencereye önce şeker ve unu koyalım."", ""Karıştırdıktan sonra sütü ilave edelim."", ""Kaynayana kadar karıştıralım. Tereyağı ve vanilyayı ekleyelim."", ""Ocaktan alalım. Hafif soğumaya bırakalım ve kremayı ekleyelim."", ""Kıvam alan pudingimizi kaselere aralarına reçel koyarak paylaştıralım. Afiyet olsun.""]"
ce7fa67e-a7f7-4026-8d5d-0bb35b26f40e,Tost Makinesinde Waffle,Turkey,Tost makinesinde pratik ve lezzetli waffle yapmak için basit bir tarif,Ana Yemek,"[""2 adet yumurta"", ""1 yemek kaşığı toz şeker"", ""1 paket kabartma tozu"", ""1 paket vanilya"", ""1 çay kaşığı tuz"", ""1,5 su bardağı un"", ""1 su bardağı süt"", ""1/4 su bardağı sıvı yağ""]","[""Waffle yapmak için yumurtaların aklarını ve sarılarını ayırıyoruz. Yumurtanın akını, vanilyanın yarısıyla mikserde köpürene kadar çırpıyoruz."", ""Yumurtanın sarısıyla toz şekeri de ayrı bir kapta çırpıyoruz. Yumurta akıyla vanilya karışımının üzerine bu karışımı ve diğer tüm malzemeleri ekleyip karıştırıyoruz."", ""Hamuru tost makinesine koyuyoruz ve pişiriyoruz. Pişen waffle hamurunun üzerine dilediğimiz malzemeleri koyuyoruz ve süslüyoruz.""]"
90729e00-e901-408c-b2fa-c9f784a9c1ff,Bal Kabağı Truff,Turkey,"Lezzetli bal kabağı truff tarifi, doğal tatlılık ve cevizin çıtırlığıyla harika bir atıştırmalık",Ana Yemek,"[""2 yemek kaşığı bal"", ""3 yemek kaşığı yulaf unu"", ""3 yemek kaşığı ceviz (kırılmış)"", ""1 yemek kaşığı Hindistan cevizi yağı"", ""2 yemek kaşığı kakao (üzeri için)"", ""4 yemek kaşığı Hindistan cevizi (üzeri için)""]","[""Bal kabağını doğrayıp, buharda haşlayalım."", ""Ilınınca içine diğer malzemeleri katalım ve hamur oluşturalım."", ""Son olarak yuvarlayıp top yapalım ve yarısını kakao, yarısını Hindistan cevizine bulayalım."", ""Buzdolabına alalım, iki saat bekletelim ve servis edelim. Afiyet olsun.""]"
aca7adea-2ce0-4881-99ff-84fd8f1e7fc8,Mayonez,Turkey,Ev yapımı mayonez tarifi ile lezzetli ve doğal bir sos hazırlayın. Sadece birkaç malzeme ile restoran kalitesinde mayonez yapabilirsiniz,Ana Yemek,"[""1 adet yumurta sarısı (taze ve oda sıcaklığında) (tercihen organik)"", ""200 mililitreayçiçek yağı"", ""1 yemek kaşığı pirinç sirkesi"", ""1 yemek kaşığı limon suyu"", ""1/2 çay kaşığı tuz""]","[""Yumurta sarısını derin bir kapta mikserle orta devirde 1-2 dakika çırpın."", ""1 çorba kaşığı sıvı yağı ekleyerek 1-2 dakika daha çırpmaya devam edin. Mikseri yüksek devire getirin ve çırpmaya devam ederek yağı azar azar ekleyin."", ""Yağın tamamı bitmeden ara ara sirkeyi ve limonu da ekleyerek çırpmaya devam edin."", ""Tuzu ekleyin ve 3 dakika daha yüksek devirde çırpın."", ""Mayonezimiz hazır. Afiyet olsun.""]"
74c70337-0185-43ee-b41e-5d5c8b77ea3c,Zeytinyağlı Elma,Turkey,"Zeytinyağlı elma, yeşil elmaların soğan ve kakule ile harmanlandığı eşsiz bir lezzettir",Meze,"[""4 adet yeşil elma"", ""2 adet soğan"", ""2 adet kakule"", ""1 adet defne yaprağı"", ""1 adet çubuk tarçın"", ""1 çay bardağı zeytinyağı"", ""1 tatlı kaşığı toz şeker"", ""1 çay kaşığı tuz""]","[""Elmaları soyun dörde bölün ve çekirdeklerini çıkartın. İşlemi önceden yapacak iseniz elmaları kararmaması için limonlu suda bekletin."", ""Tavaya ½ çay bardağı zeytinyağı ve piyaz soğanları atın ve tuz ekleyerek kısık ateşte renk almadan terletin. Soğanlara sarımsak, defne yaprağı, çubuk tarçın ve kakuleyi de ekleyin."", ""Tavaya elmaları sıralı şekilde dizin ve yaklaşık ¼ çay bardağı su ekleyin. Elmaların üzerine bir miktar tuz ve zeytinyağı gezdirin üzerini yağlı kağıt ve kapak ile kapatın."", ""10 dakika sonra elmalar hafif yumuşayınca ocaktan alın ve elmaları oda ısısında soğutun."", ""Ilınan elmanızı tabandaki soğan, dereotu, tarçın ve zeytinyağı ile servis edebilirsiniz. Afiyet olsun.""]"
64a3c32d-982a-4ca9-ac55-c9db55af7ba2,Bisküvili Tiramisu,Turkey,"Kakaolu bisküvilerin ferahlatıcı labne kremasıyla buluştuğu, pratik ve lezzetli bir tatlı",Ana Yemek,"[""4 paket kakaolu bisküvi"", ""1 adet yumurta"", ""200 gram labne peyniri"", ""1 paket toz krem şanti"", ""1 yemek kaşığı gr anül kahve (1/2 su bardağı ılık suyla karıştırıl"", ""1 paket vanilin"", ""3 yemek kaşığı un"", ""3 bardak süt"", ""3 yemek kaşığı şeker""]","[""Süt, un, şeker ve yumurtayı kaynayıncaya dek karıştırarak pişirin."", ""Kaynamaya başladığında ocağın altını kapatıp vanilin ve labneyi ilave edin."", ""Tekrar karıştırarak kaynatın ve ocaktan alıp soğumaya bırakın."", ""Bu esnada bisküvileri bandırmak için bir kasede bir yemek kaşığı granül kahve ve yarım bardak suyu karıştırın."", ""Soğuyan kremanın üzerine toz krem şantiyi döküp karıştırın."", ""Bisküvileri tek tek hazırladığınız kahveye batırarak tepsiye dizin."", ""Üzerine kremayı ekleyip istediğiniz miktarda tepsinizin ve kremanızın yeterliliğine göre bu işlemi tekrarlayın. Afiyet olsun!""]"
98001f37-8ffe-47cf-bb89-71cb9dfd529a,Yer Fıstıklı Atıştırmalık,Turkey,"Sağlıklı ve lezzetli yer fıstıklı atıştırmalık, hem pratik hem de doyurucu",Ana Yemek,"[""1 çay bardağı fıstık ezmesi"", ""1 ajda çay bardağı tam buğday unu"", ""2 yemek kaşığı çikolata sos""]","[""İlk olarak fıstık ezmesi pekmezi bir tutam tuz, tam buğday unu ile karıştıralım."", ""Toparlanmalı ve ele yapışmamalı."", ""Yuvarlak şekil verip tepsiye dizelim. çatal ile üzerine şekil verelim."", ""170 derece önceden ısınmış fırında 13-15 dakika kontrolü pişirelim çabuk pişiyor."", ""Soğuduktan sonra eritilmiş bitter çikolataya batırıp fıstık ekleyip servis edelim. Afiyet olsun.""]"
6dd86752-c68d-4638-b361-0f7673d3924c,Yoğurtlu Semizotu,Turkey,Taze semizotunun yoğurt ve zeytinyağıyla buluştuğu ferahlatıcı ve sağlıklı bir meze,Ana Yemek,"[""4 yemek kaşığı süzme yoğurt"", ""1 yemek kaşığı zeytinyağı"", ""1 çay kaşığı tuz""]","[""Semizotlarını güzelce yıkayın, yaprak kısımlarından ayıklayın ve ince ince kıyıp derin bir kaseye koyun."", ""Ayrı bir kaseye süzme yoğurt, sarımsak, tuz ve zeytinyağını ekleyin, karıştırın."", ""Süzme yoğurtlu sosun üzerine doğramış olduğunuz semizotlarını ekleyin."", ""Tüm malzemeleri iyice karıştırın."", ""Yoğurtlu semizotunu bir servis tabağına alın."", ""Üzerine zeytinyağı gezdirin."", ""Arzuya göre pul biber ile süsleyin.""]"
a5afe3e3-ef2f-4ec4-bd40-af14230e4eb0,Pratik İrmik Tatlısı,Turkey,"Kolayca hazırlayabileceğiniz, lezzetli ve pratik irmik tatlısı tarifi",Tatlı,"[""9 yemek kaşığı irmik"", ""9 yemek kaşığı şeker (isteğe bağlı arttırılabilir)"", ""1 litre süt"", ""1 paket vanilin"", ""1 yemek kaşığı tereyağı""]","[""Öncelikle derince bir tencereye sütü alın ve üstüne irmikle şekeri ekleyin."", ""Tahta bir kaşıkla sürekli karıştırarak altını açın ve muhallebiniz göz göz olup kaynamaya başlayana dek karıştırın."", ""Göz göz kaynamaya başladığında altını kısın; tereyağı ile vanilini ekleyip karıştırın ve altını kapatın."", ""Tatlıyı borcama aktarın ve üzerini bir spatula yardımıyla düzelttikten sonra buzdolabında 4- 5 saat kadar bekletin."", ""Soğuduktan sonra dilimleyin, Antep fıstığı ile süsleyin ve servis edin. Hindistan cevizi ve ceviz içi de ekleyebilirsiniz. Afiyetler olsun!""]"
a2b973bf-7230-4e84-adc5-fd86c620ede5,Ev Yapımı Lahmacun,Turkey,Geleneksel Türk mutfağının vazgeçilmez lezzeti lahmacunu evinizde kolayca hazırlayın,Ana Yemek,"[""2,5 su bardağı un"", ""1 paket instant maya"", ""1 çay kaşığı tuz"", ""1 su bardağı su"", ""1 yemek kaşığı zeytinyağı""]","[""Kıymayı, sarımsağı, domatesi, maydanozu ve diğer malzemeleri alıp iyice yoğurun."", ""Harç iyice karışınca buzdolabında dinlenmeye bırakın."", ""Tüm malzemeyi unla karıştırın ve hamur pürüzsüz bir kıvam alıncaya kadar yoğurmaya devam edin."", ""Hamuru 4 eş parçaya bölün ve yuvarlayın."", ""Hafif unlu tezgahta üzerini nemli temiz bir bezle örterek 10 dakika mayalandırın."", ""Fırını 180 dereceye ayarlayın."", ""Hazırladığınız hamur bezelerini merdane yardımıyla inceltin ve iç harcı önce kaşık daha sonra da eliniz yardımıyla iyice yayın."", ""Fırında yaklaşık 20-25 dakika iyice kızarana kadar pişirin ve işte hazır! Afiyetler olsun.""]"
b50ac32d-768a-41eb-ad8b-d94be7b37567,Ananas Reçeli,Turkey,Taze ananasın doğal tatlılığı ile hazırlanan ferahlatıcı ve lezzetli reçel,Ana Yemek,"[""3 su bardağı toz şeker"", ""1 adet ananas"", ""0.25 adet limon""]","[""Ananası yarım santim kalınlığında halkalara bölelim ve her halkayı da 8 parçaya ayıralım."", ""Küçük boy tencereye şekeri ve ananasları koyup tencerenin dolmasına 3-4 parmak kalaya kadar su ekleyip yüksek ateşte karıştırarak kaynatalım."", ""Kaynadıktan 10 dakika sonra çeyrek limonu çekirdeklerine dikkat ederek içine sıkalım."", ""Birkaç kez karıştırdıktan sonra orta ateşte yaklaşık 2 saat boyunca kaynatmaya devam edelim. Altını kapatınca soğumaya başlayıp kıvam alacaktır.""]"
8d1e190e-6f59-4a5c-87bd-9281a589bb94,Ekler Tatlısı,Turkey,"Lezzetli ve hafif ekler tatlısı, çıtır hamuru ve kremsi içiyle damaklarda unutulmaz bir tat bırakır",Tatlı,"[""100 gram margarin"", ""1 su bardağı su"", ""1 su bardağı un"", ""3 adet yumurta""]","[""Tencereye 100 Gr margarin ekleyin ve eritin.Üzerine suyu,tuzu, şekeri de ekleyip kaynamaya bırakın."", ""Kaynamaya başladıktan sonra unu yavaş yavaş ilave ederek hamur kıvamına gelene kadar karıştırın."", ""Ocağın altını kapatıp soğumaya bırakın. Soğuduktan sonra yumurtaları teker teker ekleyip mikser ile çırpın."", ""Daha sonra sıkma torbası ile şekil verip 180° ısıtılmış fırında pişirin."", ""Pişen ekleri fırından çıkarıp soğumaya bırakın."", ""Krema için; toz şanti ve vanilya hariç diğer malzemeleri tencereye koyup orta ateşte sürekli karıştırarak pişirin."", ""Krema kıvam alıp,kaynamaya başladıktan sonra bir iki dakika daha kaynatalım.Ocağın altını kapatıp vanilyayı ekleyip soğumaya bırakın."", ""Krema soğuduktan sonra toz şantiyi ekleyip mikserin yüksek devrinde pürüzsüz kıvam alana kadar çırpıyoruz.Krema hazır."", ""Eklerleri bıçak ile kenarlarından kesip,krema torbasına aldığımız kremayı içlerine doldurun."", ""Bitene kadar aynı işleme devam edin."", ""Üzeri için önceden erittiğiniz benmari çikolataya batırın .Tamamını çikolata ile kapladıktan sonra en az 30 dakika dolapta soğuttuktan sonra servis edebilirsiniz. Afiyet olsun.""]"
d9adb2ec-6871-4522-ab88-7a4aa560e8e4,Fellah Köftesi,Turkey,Geleneksel Türk mutfağından doyurucu ve lezzetli bir köfte çeşidi,Et Yemekleri,"[""1 su bardağı ince bulgur"", ""1/2 su bardağı un"", ""1 adet yumurta"", ""1/2 yemek kaşığı salça"", ""1 tatlı kaşığı tuz"", ""1 çay kaşığı kırmızı biber"", ""1 çay kaşığı karabiber""]","[""Öncelikle bulgurum üzerini örtecek şekilde sıcak su ile ıslatıp 5 dakika bekliyoruz."", ""Yumurta ve unu ekliyoruz."", ""Salça, tuz ve baharatları ekleyip yoğuruyoruz."", ""Cevizden küçük parçalar alıp yuvarlıyoruz."", ""Yuvarladığımız köftenin tam ortasına işaret parmağımızla bastırıp oyuk şekil veriyoruz."", ""Tencereye su koyup kaynatıyoruz, köfteleri 10 dakika haşlıyoruz ve süzüp bir kenara alıyoruz."", ""Şimdi sosunu hazırlayalım."", ""Domatesleri rendeleyelim, bir tavaya yarım çay bardağı kadar yağ koyalım. rendelenmiş domatesi koyalım."", ""Sarımsak ve maydanoz kıyıp koyalım, tuz atalım pişirelim."", ""Pişen sosa köfteleri ekleyip birkaç dakika alt üst ederek pişirelim."", ""Servis tabağına alalım, üzerine kıyılmış maydanoz serpiştirelim.""]"
49bfef4b-7398-4782-9161-fde52e485a6a,Altın Süt,Turkey,Zerdeçal ve tarçınla hazırlanan sağlıklı ve lezzetli içecek,Ye,"[""1 bardak süt (300 ml)"", ""1 tatlı kaşığı toz zerdeçal"", ""1 çay kaşığı tarçın"", ""1/4 çay kaşığı karabiber"", ""1 çay kaşığı tereyağı""]","[""Sütün içine zerdeçal, karabiber ve tarçını ilave edip ısıtın."", ""Ardından içine yağı ilave ederek karıştırın."", ""Altın süt tarifiniz hazır. Afiyet olsun.""]"
c6948931-4d85-481b-b182-74384b975243,Mercimek Cipsi,Turkey,"Lezzetli ve sağlıklı bir atıştırmalık olan mercimek cipsi, hem pratik hem de doyurucu bir alternatif",Sebze Yemekleri,"[""1 su bardağı kırmızı mercimek"", ""2 tatlı kaşığı zeytinyağı"", ""1 tatlı kaşığı salça""]","[""Mercimeğin üstüne 2 su bardağı su ekleyerek haşlayın."", ""İyice püre haline gelip suyunu çekmesini bekleyin. İçine baharat, salça ve yağ ilave ederek blenderdan geçirin."", ""Karışımın içine susam ve çörek otunu karıştırın."", ""Cips hamurunu yağlı kağıt serilmiş fırın tepsisine iyice bastırarak yaydırın. Her yerinin eşit incelikle olmasına dikkat edin."", ""Pişirmeden bıçakla üçgen parçalara kesip fırına verin. 180 derecede kuruyana kadar kontrollü pişirin."", ""Mercimek cipsi tarifiniz hazır. Afiyet olsun!""]"
019dd0ea-813f-4ed8-8a5f-56dee78a15fb,Dev Kurabiye,Turkey,"Ballı fıstık ezmesi ile hazırlanan, büyük ve lezzetli dev kurabiye tarifi",Tatlı,"[""1 adet yumurta (1 yumurta sarısı ayrılacak)"", ""2 yemek kaşığı fıstık ezmesi (ballı)"", ""1 yemek kaşığı bal (daha tatlı isteyenler için)"", ""1 yemek kaşığı tereyağı"", ""5 yemek kaşığı tam buğday unu"", ""1 çay kaşığı kabartma tozu"", ""1 paket bitter çikolata""]","[""Yumurta, tereyağı, bal ve fıstık ezmesini güzelce karıştırdım."", ""Kabartma tozunu ve unu da azar azar ekleyip kulak memesi kıvamında yumuşak hamur yoğurdum."", ""Yağlı kağıt serilmiş fırın tepsisine tüm hamuru koyup yassı yuvarlak büyük bir kurabiye formunu verdim."", ""Üzerine çikolata ve fındıkları dizip 180 derecede 10-15 dakika pişirip çıkardım."", ""Soğuduktan sonra dilimleyerek kahvemle afiyetle tükettim.""]"
653327c8-e84c-4397-9913-510d94e45c1f,Patlıcanlı Nohutlu Tavuk,Turkey,"Fırınlanmış patlıcan, haşlanmış nohut ve tavuğun mükemmel uyumuyla hazırlanan doyurucu bir lezzet",Tavuk Yemekleri,"[""1 yemek kaşığı zeytinyağı"", ""1 adet patlıcan (küp doğranmış, fırınlanmış)"", ""4 yemek kaşığı haşlanmış nohut"", ""2 adet tavuk göğsü (küp doğranmış, sotelenmiş)"", ""1 çay kaşığı tuz"", ""2 yemek kaşığı domates sos""]","[""Bir tavada zeytinyağı ile birlikte tavuğu, fırınlanmış patlıcanı, haşlanmış nohutu soteleyin. Tuz ilave edin."", ""Servis tabağına alıp domates sos ile birlikte servis edin.Afiyetler olsun.""]"
0bc4aa0f-9c09-4936-948e-277858b07106,Tarçınlı ve Kakaolu Kurabiye,Turkey,"Lezzetli tarçınlı ve kakaolu kurabiyeler, pratik malzemelerle hazırlanabilir enfes bir tatlı",Tatlı,"[""1 paket krem şanti"", ""1 su bardağı sıvı yağ"", ""3 su bardağı un"", ""1 tatlı kaşığı tarçın"", ""1 tatlı kaşığı şeker"", ""1 tatlı kaşığı kakao""]","[""Hamur için krem şanti ile sıvı yağı karıştırın. Un, toz şeker, kakao ve tarçını ilave ederek yoğurun. Yuvarlarken dağılabilir, sıkarak yuvarlayın."", ""180 derece fırında hafif pempeleşinceye kadar yaklaşık 10 dakika kadar pişirin. Fırından çıkarıp soğuyunca karışıma bulayın, kavanozda saklayabilirsiniz. Afiyet olsun.""]"
1fd91386-481f-4201-8bf1-4e10750ccc72,Kakaolu Pryanik,Turkey,"Geleneksel Rus lezzeti kakaolu pryanik, yumuşak dokusu ve zengin kakao aromasıyla damakları şenlendirir",Ana Yemek,"[""2 adet yumurta sarısı"", ""1 su bardağı toz şeker"", ""1 su bardağı süt (veya yoğurt)"", ""100 gram tereyağı (veya sıvı yağ)"", ""2 yemek kaşığı kakao"", ""1/2 çay kaşığı karbonat"", ""1 paket kabartma tozu"", ""1 paket vanilya"", ""1/2 çay kaşığı kuru maya"", ""3 su bardağı un""]","[""Tüm malzemeler karıştırıyoruz."", ""Yuvarlak hale getirip fırın kağıdı serili tepsiye diziyoruz."", ""170 derece fırında 15 dakika pişiriyoruz. Afiyet olsun.""]"
b8d9444e-d886-4421-adb9-d0d958c122e3,Hindistan Cevizi Cipsi,Turkey,"Taze hindistan cevizinden yapılan çıtır cipsler, hem sağlıklı hem de lezzetli bir atıştırmalık alternatifi",Ana Yemek,"[""1 adet Hindistan cevizi"", ""Etimek Tatlısı Tarifi"", ""Damla Çikolatalı Kurabiye"", ""Tatlı Tarifleri Spoonful Mozaik Pasta Çikolatalı Sufle İrmik Helvası Fırın Sütlaç Profiterol Revani Magnolia"", ""Kahvaltılık Tarifler Pancake Krep Pişi Kuymak Kaygana Kahvaltılık Sos Menemen Muhlama Yumurtalı Ekmek Omlet"", ""Omlet""]","[""Hindistan cevizini kırıp kabuklarından ayırıp en dış kahverengi kabuğunu da soyuyoruz."", ""Ayrılan beyaz kısmı soyacak yardımıyla ince ince dilimliyoruz."", ""Yağlı kağıt serili fırın tepsisine alıp dağıtıyoruz."", ""Üst üste gelmemesine dikkat ediyoruz ve 150 derecelik fırında 35 dakika pişiriyoruz."", ""Fırını 180 dereceye getirip 5 dakika daha kızarana kadar pişiriyoruz.""]"
c803dd58-16f3-4079-9baf-3c4ce42541e5,Haşlamadan Patates Salatası,Turkey,Haşlamadan hazırlanan pratik ve lezzetli patates salatası tarifi. Taze sebzelerle harmanlanmış ferah bir lezzet,Ye,"[""2 adet patates"", ""2 adet havuç"", ""2 adet salatalık"", ""2 adet közlenmiş kırmızı biber"", ""1 paket labne"", ""2 yemek kaşığı süzme yoğurt"", ""1 tatlı kaşığı tuz"", ""4 yemek kaşığı sıvı yağ""]","[""Patates ve havucu soyup küp küp doğrayın. Sıvı yağ ile arada çevirerek 15 dakika boyunca kavurun. (pişip pişmediğini kontrol edin)"", ""Bir kapta yoğurt, labne ve tuzu karıştırın."", ""Salatalık ve biberi küp küp doğrayarak ekleyin ve karıştırın."", ""Dereotunu ekleyin, tenceredeki patates ve havucu yavaş yavaş ekleyerek karıştırın. Haşlama olmadığı için ezilme olmuyor. Afiyet olsun.""]"
577546d3-0594-49bc-a520-8e7aab1d182f,Kıymalı Ekşili Bamya,Turkey,Lezzetli kıyma ve ekşili sosla harmanlanmış pratik bamya yemeği,Et Yemekleri,"[""1/2 kilogram bamya"", ""100 gram kıyma"", ""1 adet kuru soğan"", ""2 adet domates rendesi"", ""1 yemek kaşığı domates salçası"", ""1 tatlı kaşığı biber salçası"", ""1/2 adet limon suyu"", ""1 tatlı kaşığı pul biber"", ""1 çay kaşığı karabiber"", ""1 çay kaşığı tuz""]","[""Kıymayı sıvı yağda sotelemeye başlıyoruz. Rengi döndükten sonra ince doğradığımız kuru soğanı kıymaya ekliyoruz."", ""Soğanlar da yumuşayıp rengi döndükten sonra salçayı ve rendelenmiş domatesi ilave ediyoruz. Tüm malzemeleri orta ateşte 2-3 dakika kavuruyoruz."", ""Bamyaları da ekleyip üzerine bamyaların hizasına kadar sıcak su ekliyoruz. Tuz, baharatlar ve limon suyunu ekliyoruz. Orta ateşte bamyalar yumuşayana kadar kaynatıyoruz."", ""Bu esnada karıştırmıyoruz ki salyalanmasın. Afiyet olsun.""]"
e85eebd9-73ee-4d03-9524-440f4e1a7291,Tuzlu Turta,Turkey,"Lezzetli ve pratik tuzlu turta, çay saatlerinin vazgeçilmezi",Ana Yemek,"[""1 yemek kaşığı tereyağı"", ""1/2 çay bardağı sıvı yağ"", ""1 yemek kaşığı yoğurt"", ""1 adet yumurta"", ""1 çay kaşığı tuz"", ""1 çay kaşığı kekik"", ""1 çay kaşığı çörek otu"", ""1 çay kaşığı toz kırmızı biber"", ""2-2,5 su bardağı un (az gelirse ekleyelim)""]","[""Un hariç bütün malzemeyi karıştıralım."", ""Azar azar un ekleyerek ele yapışmayan yumuşak bir hamur elde edelim."", ""Ceviz büyüklüğünde bezeler yapıp kalıba pay edelim. (12'li veya 24'lü turta kalıbı kullanabilirsiniz. Kalıba göre bezeleri ayarlayalım)"", ""Pay edilen hamuru kalıba elimizle yayalım. Kalıbı yağlamaya gerek yok çok kolay çıkıyor."", ""Üzerini dilediğiniz gibi süsleyerek servis edebilirsiniz. Afiyet olsun.""]"
81515a69-dfec-4d66-8881-28aec9f53a2d,Elmalı Rulo Kek,Turkey,"Tatlı ve hafif elmalı rulo kek, çay saatlerinin vazgeçilmezi",Tatlı,"[""3 adet yumurta"", ""1 su bardağı şeker"", ""1 çay bardağı süt"", ""1 paket vanilya"", ""1 paket kabartma tozu"", ""1,5 su bardağı un""]","[""Kabuğunu soyup rendelediğimiz elmaları bir tava alalım. İçine şeker ve tarçını ekleyerek elmalar suyunu salıp çekene kadar pişirelim."", ""Kek için yumurta ve şekeri köpürene kadar çırpalım. Ardından süt, un, vanilya ve kabartma tozunu ekleyip karıştıralım."", ""Yağlı kağıt serdiğimiz fırın tepsisine kek hamurunu eşit biçimde yayalım. 175 derece ısınmış fırında 20 dakika pişirelim."", ""Fırından çıkan kekin üzerine elmalı harcı tamamen yayalım. Çok sıkı olmayacak biçimde rulo şekli verelim. Bu işlemi sıcakken yapıp keki dinlenmeye bırakalım. Ilık şekilde servis edebilirsiniz. Afiyet""]"
d1d5d27a-0d85-4a9a-bb4d-1ed0022a46c5,Yeşil Detoks Suyu,Turkey,Taze salatalık ve soğuk su ile hazırlanan ferahlatıcı yeşil detoks suyu,Ye,"[""1 adet salatalık"", ""1,5 su bardağı soğuk su"", ""Etimek Tatlısı Tarifi"", ""Damla Çikolatalı Kurabiye"", ""Tatlı Tarifleri Spoonful Mozaik Pasta Çikolatalı Sufle İrmik Helvası Fırın Sütlaç Profiterol Revani Magnolia"", ""Kahvaltılık Tarifler Pancake Krep Pişi Kuymak Kaygana Kahvaltılık Sos Menemen Muhlama Yumurtalı Ekmek Omlet"", ""Omlet""]","[""Tüm malzemeleri blender dan geçirin."", ""Buz dolu bardağa alın. Afiyet olsun.""]"
5f9daa49-5264-48db-b0d9-663472796ca5,Pofuduk Poğaça,Turkey,"Mis gibi kokan, içi yumuşacık pofuduk poğaçalar için en pratik tarif",Ye,"[""2 su bardağı ılık süt"", ""1 su bardağı sıvı yağ"", ""1,5 tatlı kaşığı tuz"", ""2 paket instant maya"", ""6 su bardağı un"", ""2 adet yumurta (birinin sarısı üzerine)"", ""50 gram kaşar peyniri (içine)""]","[""2 su bardağı sütü, 3 yemek kaşığı şekeri ve mayayı karıştırıp mayanın aktifleşmesini bekleyelim.(Beş dakika içinde kabarmaya başlayacaktır.)"", ""Sonra sıvı yağı,yumurta sarılarını ve elenmiş 6 bardak unu ekleyelim. Tüm malzemeler karışıncaya kadar iyice yoğurup mayalanması için dinlendirelim.Hava almayacak şekilde kapatalım. (Yaklaşık bir saat"", ""İstediğimiz iç malzemeyi kullanarak şekil verelim. En az 15 dakika tepsi mayası için dinlendirelim."", ""Sonrasında yumurta sarısı ve iki kaşık sütü karıştıralım. Poğaçaların üzerine sürelim. Susam, çörek otu, ay çekirdeği, mavi haşhaş kullanılabilir üzeri için."", ""180 derecede alt üst ayarda fansız yarım saat pişirelim. Afiyet olsun.""]"
0dda8e09-a6c1-450b-a500-1bbf0c902b78,Pizza Görünümlü Ekmek,Turkey,"Ekmek üzerinde pizza lezzeti! Domates, biber ve yumurta ile hazırlanan pratik ve lezzetli atıştırmalık",Börek & Hamur İşi,"[""1 adet domates"", ""1 adet çarliston biber"", ""1 adet yumurta"", ""1 adet bayat ekmek""]","[""Bütün malzemeleri küp küp doğrayın."", ""Yumurtayı kırıp malzemelere ekleyin ve karıştırın."", ""Dilimlediğiniz ekmeklere her tarafına eşit gelecek şekilde malzemeyi koyun."", ""Dilerseniz üzerine tereyağı parçacıkları koyabilirsiniz. Üstündeki kaşarlar eriyinceye kadar fırında pişirip servis edin.""]"
0e15d651-b618-4850-9559-e00051be8341,Cevizli Reyhanlı Patlıcan Mezesi,Turkey,Zeytinyağlı patlıcanların yoğurt ve ceviz ile buluştuğu lezzetli bir meze,Sebze Yemekleri,"[""2 adet patlıcan"", ""1 su bardağı süzme yoğurt"", ""5 yemek kaşığı zeytinyağı"", ""4-5 adet ceviz içi"", ""1 tatlı kaşığı tuz"", ""1 çay kaşığı karabiber""]","[""Patlıcanları közleyip soyuyoruz."", ""Rondoya sarımsak, patlıcan, süzme yoğurt ve tuzu ekleyip çekiyoruz."", ""Ardından servis tabağına alıyoruz. Afiyet olsun.""]"
8ee6d7fd-3a4a-44a1-a37f-20e5bbed066d,Kahveli Limonata,Turkey,Espressonun zengin lezzeti ile limonatanın ferahlığını birleştiren benzersiz bir içecek,İçecek,"[""1 adet limon"", ""1 yemek kaşığı bal"", ""1 shotespresso (40 ml)"", ""50 mililitremaden suyu""]","[""Limonun kabuklarını soyup bir kaba alın, kabın içine limonun suyunu, balı ve bolca buz alıp karıştırın."", ""Kahveyi hazırlayın. Espresso yerine sert filtre kahve ya da telvesi iyice süzülmüş Türk kahvesi de kullanabilirsiniz."", ""Büyük bir bardağı buzla doldurun,limonlu karışımı süzerek bardağa aktarın, maden suyunu da ekleyin."", ""Son olarak nazikçe kahveyi de ekleyip içeceğinizi servis edin. Afiyet olsun.""]"
73a22e33-6f4a-479e-9875-0d93d07b727e,Tatlı Tuzlu Kurabiye,Turkey,"Tatlı ve tuzlu lezzetleri bir araya getiren bu kurabiye, çay saatlerinin vazgeçilmezi olacak",Tatlı,"[""125 gram oda sıcaklığında tereyağı"", ""1 adet yumurta sarısı"", ""3 yemek kaşığı şeker"", ""1 çay kaşığı tuz"", ""2 tatlı kaşığı Hindistan cevizi"", ""1 tatlı kaşığı tarçın"", ""1/2 su bardağı ceviz içi (ince çekilmiş)"", ""1 paket kabartma tozu"", ""2,5-3 su bardağı un (Alabildiği kadar)"", ""1 yemek kaşığı susam"", ""1 yemek kaşığı çörek otu"", ""1 adet yumurta akı (Üzeri için)""]","[""Derin bir kaba sırasıyla malzemeleri alın."", ""Ele yapışmayan yumuşak bir hamur elde edene kadar yoğurun."", ""Hamurdan ceviz büyüklüğünde parçalar koparıp elimizle yuvarlıyoruz."", ""Önce üstünü yumurta beyazına ardından çörek otu ve susam ikilisine batırıp tepsiye diziyoruz."", ""Önceden ısınmış 180 derece fırında 20-25 dakika pişiriyoruz. Afiyet olsun.""]"
9d4cf940-3295-434d-b9b5-5be4b8bd2fa2,Tahinli Köz Patlıcan Mezesi,Turkey,Közlenmiş patlıcan ve biberin tahinle buluştuğu lezzetli bir meze,Sebze Yemekleri,"[""2 adet orta boy patlıcan"", ""1 adet kapya biber"", ""2 yemek kaşığı tahin"", ""1,5 çay bardağı haşlanmış nohut"", ""1/2 adet limonun suyu"", ""1 çay kaşığı tuz""]","[""Patlıcanları ve kapya biberi közleyin. Ardından patlıcanların içini kaşık yardımıyla çıkartın. Kapya biberi ise küp küp doğrayın."", ""Bir kasede közlenmiş kapya biberini, patlıcanı, nohutu, tahini, yeşil soğanı, limonun suyunu ve tuzu karıştırın."", ""Üzeri için; tüm malzemeleri karıştırıp servis sırasında patlıcanın üzerine gezdirebilirsiniz. Afiyetler olsun.""]"
b64096ea-40b3-4932-98fa-610691d276eb,Yeşil Detoks Çorbası,Turkey,"Brokoli, soğan ve havuçla hazırlanan sağlıklı ve lezzetli yeşil detoks çorbası",Çorba,"[""1 adet küçük boy brokoli"", ""1 adet soğan"", ""1 adet havuç"", ""1 adet kabak"", ""1 çay kaşığı karabiber"", ""1 çay kaşığı tuz""]","[""Tüm malzemeleri küçük parçalara bölüp tencereye koyun."", ""Tencereye malzemelerin üzerini geçene kadar su ekleyin. Sebzeler yumuşayana kadar pişirin."", ""Son olarak tuz ve karabiberi ekleyip blendırdan geçin."", ""Yeşil detoks çorbası tarifiniz hazır. Afiyet olsun.""]"
bb6b73c4-4acb-4c20-81ea-626b3bdccc74,Lavaştan Kahvaltılık Omlet Dürüm,Turkey,Pratik ve lezzetli kahvaltılık omlet dürümü lavaş içinde sunuluyor,Et Yemekleri,"[""1 adet lavaş"", ""2 adet yumurta"", ""75 gram salam"", ""1 yemek kaşığı sıvı yağ"", ""1 adet domates"", ""3/4 su bardağı rendelenmiş kaşar peyniri"", ""1/4 çay kaşığı tuz""]","[""Yapışmaz bir tavaya sıvı yağı dökün. Yağ ısınınca tuz serpip çırptığınız yumurtayı tavaya dökün. Ocağın altını kısın."", ""Yumurta çok az piştikten sonra rendelenmiş kaşar peyniri serpin."", ""Kaşarlar eriyince lavaşı üzerine kapatın."", ""Yumurtanın piştiğinden emin olunca tamamen ters yüz edin."", ""Yumurtalı kısmın üzerine uzunlamasına şerit halinde sırasıyla dilimlenmiş salamları ve domatesi, kıyılmış maydanozu serin."", ""Dilim kaşarları en üste yerleştirin."", ""Bohça yapar gibi malzemesiz olan her iki tarafı üstten birleştirin. Tekrar ters yüz edin."", ""Pişirme süresini zevkinize göre ayarlayın. Dilimleyerek servis yapın. Afiyet olsun.""]"
766ed1fc-3297-4fb7-8135-ad75447b8db5,Elmalı Muzlu Fit Toplar,Turkey,Elma ve muzun lezzetli birleşiminden oluşan sağlıklı atıştırmalık toplar. Tarçın ile harmanlanmış bu fit toplar hem doyurucu hem de pratik bir tat alternatifi,Ana Yemek,"[""1 adet orta boy olgun muz"", ""1 adet orta boy elma"", ""1 tatlı kaşığı toz tarçın"", ""80 gram bitter çikolata"", ""2 paket diyet bisküvi""]","[""İlk olarak elmaları rendeleyip muzu eziyoruz."", ""2 paket burçak bisküvisini ve cevizleri iri parçalar halinde parçalayıp muz ve elma rendesinin içine atalım. (Bisküvi yoksa 1 su bardağı kadar yulaf ezmesi de kullanabilirsiniz.)"", ""Diğer malzemeleri de ekleyip güzelce yoğuralım."", ""Elmalı muzlu toplarımız buzlukta kıvam alırken biz de bitterlerimizi benmari usulü eritiyoruz."", ""Sonrasında toplarımızı buzluktan çıkarıp üzerine bitterleri gezdiriyoruz. Afiyet olsun.""]"
fe85992c-7fb7-45ce-90dc-905afc34f013,Bal Kabaklı Cupcake,Turkey,"Lezzetli bal kabaklı cupcake'ler, baharatlı ve nemli dokusuyla damakları şenlendirir",Sebze Yemekleri,"[""3 adet yumurta"", ""1 su bardağı süt"", ""1 su bardağı toz şeker"", ""1 su bardağı haşlanmış bal kabağı püresi"", ""1 su bardağı un"", ""1/2 su bardağı sıvı yağ"", ""1 tatlı kaşığı tarçın"", ""1 paket kabartma tozu"", ""1 paket vanilin"", ""1 tatlı kaşığı zencefil"", ""1 tatlı kaşığı zerdeçal""]","[""Kabağı küçük parçalara bölüp biraz suda haşlayın."", ""Haşladığınız bal kabağını püre haline getirin."", ""Yumurta ve şekeri ayrı bir kapta çırpın."", ""Ardından karışıma diğer malzemeleri ilave ederek karıştırın."", ""Hamur karışımını cupcake kalıbına aktarın."", ""180 derece fırında 25 dakika kadar pişirin. Arzu ederseniz pudra şekeri serperek servis yapabilirsiniz."", ""Bal kabaklı cupcake tarifiniz hazır. Afiyet olsun!""]"
cb919d25-b524-4bca-8d62-d785b72d83b1,Kolay San Sebastian Cheesecake,Turkey,"İspanyol mutfağının ünlü cheesecake'i, kremamsı dokusu ve karamelize üst katmanıyla kolayca hazırlanabilir bir tatlı",Ye,"[""350 gram beyaz peynir"", ""300 gram labne"", ""1 su bardağı şeker"", ""2 yemek kaşığı pudra şekeri"", ""4 adet yumurta"", ""2 yemek kaşığı un"", ""1 yemek kaşığı nişasta"", ""1 paket vanilin"", ""400 mililitresıvı krema""]","[""Uygun bir kapta beyaz peynir, labne, pudra şekeri ve şekeri mikser ile çırpalım. Ardından yumurtaları teker teker ekleyip çırpalım."", ""Üzerine unu, nişastayı ve vanilyayı ilave edip çırpmaya devam edelim. Son olarak sıvı kremamızı da ekleyelim, birkaç dakika daha çırpalım."", ""Kelepçeli kalıbımızın içerisini pişirme kağıdı ile kaplayalım. Benim kullandığım kalıp 23 cm’likti."", ""Harcımızı kalıba dökelim ve önceden ısıtılmış 200 derece fırında 20-25 dakika kadar kontrollü pişirelim. Kekimiz soğuduktan sonra kalıptan çıkarıp, dilediğimiz şekilde süsleyip (arzuya göre üzerine çi""]"
bd7d7ac9-f17d-4423-ad3c-b83c12a885ea,Sağlıklı Dondurma,Turkey,"Badem ve çilek ile hazırlanan bu sağlıklı dondurma, hem besleyici hem de lezzetli bir atıştırmalık alternatifi",Tatlı,"[""1 su bardağı çilek"", ""1 su bardağı badem"", ""1 çay bardağı yoğurt (veya süt)""]","[""Tüm malzemeleri blenderdan geçiriyoruz."", ""Dondurma karışımımızı kalıplara eşit bir şekilde bölüyoruz."", ""Buzlukta 2 saat kadar bekletiyoruz, sonra afiyetle tüketiyoruz.""]"
f60b5f1b-19ca-422a-b578-562c70a3dbdf,Tavuklu Fettucine Alfredo,Turkey,Zengin krema soslu ve tavuklu lezzetli bir İtalyan makarna tarifidir,Et Yemekleri,"[""300 gram fettucine makarna"", ""2 yemek kaşığı tereyağı"", ""200 mililitrekrema"", ""1 adet tavuk göğsü"", ""1 su bardağı parmesan"", ""1 çay kaşığı tuz"", ""1 çay kaşığı karabiber""]","[""Önce makarnamızı üzerinde yazan dakikaya göre haşlıyoruz. 9-10 dakika yeterli olacaktır"", ""Makarnalar haşlanırken sosunu yapabiliriz. Önce tavukları 1 yemek kaşığı tereyağında soteleyin."", ""Daha sonra tavukları kenara alıp kremayı tavukları pişirdiğiniz tavada parmesan ve geri kalan 1 yemek kaşığı tereyağı ile karıştırın ve pişirin."", ""Sonra kremanın üzerine tavukları ekleyip 5 dakika daha ikisini karıştırarak pişirmeye devam edin."", ""Karabiber ve çok az tuz ekleyin. Parmesan zaten tuzlu bir peynir olduğu için çok tuz eklemeyin. Sosumuz artık hazır."", ""Makarnaları ve sosumuzu karıştırıp servis edebilir. Afiyet olsun.""]"
6c2c80ed-f5bd-4817-9225-42d6bc4c9fcc,Rafine Şekersiz Çilekli Pasta,Turkey,"Rafine şekersiz, doğal tatlılığa sahip çilekli pasta tarifi. Pekmezle tatlandırılmış sağlıklı ve lezzetli bir tatlı seçeneği",Tatlı,"[""2 adet yumurta"", ""1 çay bardağı pekmez"", ""1/2 çay bardağı zeytinyağı"", ""3/4 su bardağı süt"", ""4 yemek kaşığı kakao"", ""2 su bardağı tam buğday unu"", ""1 paket kabartma tozu"", ""1 paket vanilin""]","[""Yumurta ve pekmezi mikser ile çırpın."", ""Süt, zeytinyağı, kakao, un ve kabartma tozunu ekleyip çırpmaya devam edin."", ""Pişirme kabınızı yağlayın ve kek hamurunu içine dökün."", ""Önceden ısıttığınız 180°C fırında 30 dakika kontrollü bir şekilde pişirin."", ""Kreması için süt ve unu ocakta kıvam alana kadar pişirin."", ""Kıvam aldıktan sonra ocaktan alın ve ılımasını bekleyin."", ""Ilıdıktan sonra içerisine yoğurt ve balı ekleyip soğumaya bırakın."", ""Fırından çıkardığınız keki süt ve pekmezi karıştırıp ıslatın."", ""Kekiniz soğuyunca kremasını dökün ve dilimlediğiniz çileklerle süsleyin.""]"
fda4c527-dad3-4b68-86ac-defc2fa62160,Mayasız Ekmek,Turkey,"Kolay ve hızlı mayasız ekmek tarifi, kefir ve karbonat ile harika bir lezzet",Ye,"[""350 gram beyaz un"", ""1,5 çay kaşığı (silme) karbonat"", ""160 ml kefir"", ""1,5 çay kaşığı tuz""]","[""Fırınızı 180 derecede ısıtmaya başlayın."", ""Un, karbonat ve tuzu derin bir kabın içine eleyin."", ""Karışımın içine kefiri ilave edin. Hafifçe toparlamaya başlayın. Homojen bir görünüm alınca kenarda kalan unları da içine alana kadar yoğurun. Yuvarlak bir şekil verin."", ""Fırın tepsinize pişirme kağıdı serin. Ekmeğinizi fırın tepsinize alın ve üzerine bıçak yardımıyla çizgiler atın. Biraz da un serpin."", ""Daha önceden ısıttığınız fırında yaklaşık 20-30 dakika kadar pişirin. Ekmeğiniz pişince, 5 dakika dinlendirdikten sonra afiyetle tüketebilirsiniz.""]"
a6813af1-5037-4133-b491-3229fde24dd6,Lavanta Aromalı Krem Karamel,Turkey,"Lavanta aromalı krem karamel, klasik bir tatlıya ferahlatıcı ve aromatik bir dokunuş katıyor. Pürüzsüz karamel kıvamı ve lavantanın benzersiz tadıyla damaklarda unutulmaz bir lezzet bırakıyor",Ana Yemek,"[""125 gram şeker"", ""3 adet yumurta"", ""2 adet yumurt sarısı"", ""100 gram toz şeker"", ""1 çay kaşığı vanilya özütü"", ""1 yemek kaşığı kuru lavanta"", ""500 mililitresüt""]","[""125 gram şekeri sos tenceresine alın ve eriyip karamel rengi olana kadar tahta kaşıkla karıştırın. Bekletmeden krem karamel kaplarının dibini kaplayacak şekilde dökün."", ""Fırını 140 dereceye ayarlayın."", ""Sütü, vanilya özütünü, lavantayı sos tenceresinde kaynama noktasına getirin, 5 dakika kenarda bekletin."", ""Bu sırada yumurta, yumurta sarılarını ve 100 gram şekeri bir kapta çırpın."", ""Sütlü karışımı yumurtaya azar azar dökün ve çırpın. (Hızlı dökerseniz yumurtalar pişer.)"", ""Karışımı süzün. Kaplara eşit şekilde ağzında ufak boşluk kalacak şekilde dağıtın."", ""Kapların derinliğinde ve kapları alacak genişlikte fırın kabı ayarlayın. Kapları yerleştirin."", ""Fırın kabının içini kapların yarısından biraz fazla olacak şekilde kaynamış su ile doldurun."", ""140 derecede 25-30 dakika pişirin. Pişmesi fırından fırına değişiklik gösterebilir, kenarları sabit, ortası oynuyorsa olmuş demektir. Fırından alın, soğutun.""]"
8d04f633-b6c2-424a-820b-872786e5a1e8,5 Dakikada Pesto Sos,Turkey,Fesleğen ve cevizin harika uyumuyla hazırlanan hızlı pesto sosu,Ana Yemek,"[""25 gram fesleğen"", ""2 yemek kaşığı ceviz"", ""5 yemek kaşığı zeytinyağı"", ""1 çay kaşığı tuz"", ""1/4 çay kaşığı karabiber""]","[""Fesleğenleri yıkayıp peçeteyle biraz kuruladıktan sonra tüm malzemeleri robottan geçiriyoruz."", ""İşte bu kadar basit. Enfes pesto sosumuz hazır afiyet olsun.""]"
e8ea582a-56c3-4c1b-92c1-40bc88f6e5c5,Çikolata Soslu Kurabiye,Turkey,"Lezzetli çikolata sosuyla kaplı, ağızda dağılan yumuşak kurabiye tarifi",Tatlı,"[""125 gram tereyağı ya da margarin"", ""1/2 su bardağı sıvı yağ"", ""1 su bardağı (2 parmak eksik) toz şeker"", ""1 adet yumurta"", ""1 paket kabartma tozu"", ""1 paket vanilya"", ""3,5-4 su bardağı un (yumuşak bir hamur olacak)"", ""80 gram sütlü ya da bitter çikolata""]","[""Tereyağını oda sıcaklığında bekletin ki yumuşasın."", ""Sıvı yağ ve katı yağı bir kaba alın."", ""Yumurta, toz şeker ve vanilya eklenip iyice karıştırın."", ""Kabartma tozu da ekleyip karıştırın."", ""Ununu dikkatlice ekleyip, ele yapışmayan yumuşak bir hamur yoğurun."", ""Minik yassı toplar yapın. Çatalla üzerine şekil verin."", ""180 derece önceden ısınmış fırında hafif kızarana kadar pişirin."", ""Çikolatayı benmari usulü eritin. Kurabiyeleri çikolata sosuna bulayın. Ardından Hindistan cevizi ya da Antep fıstığı tozuna bulayıp servis edin.""]"
7a7d5b81-82d1-48cf-8757-9005ed59c44c,Taş Kadayıf,Turkey,"Taş kadayıf, şerbetli ve çıtır bir tatlıdır. Özel hamuruyla hazırlanan bu lezzet, misafirlerinizi etkileyecek",Tatlı,"[""2,5 su bardağı su"", ""2 su bardağı toz şeker"", ""3-4 damlalimon""]","[""Taş kadayıf için öncelikle şerbeti hazırlayın. Şerbetin iyice soğuk olması gerekiyor. Şekeri ve suyu karıştırın, kaynadıktan sonra kısık ateşte pişirin, kıvam alınca limon suyunu ilave ederek soğumaya"", ""Tatlı için; süt, su, şeker ve mayayı karıştırın. Diğer malzemeleri de ilave ederek yarım saat kadar mayalanmaya bırakın."", ""Tavanızı iyice ısıtın, harçtan birer kepçe olacak şekilde tavanıza koyun. Göz göz olana kadar pişsin."", ""Önlü arkalı pişirme yapmıyoruz bu tatlıda tek taraflı pişiriyoruz."", ""Tatlının pişmeyen iç yüzüne ceviz koyarak yarım ay şeklinde kapatıyoruz."", ""Kenarları iyice bastırın ki kızartırken açılmasın."", ""Tatlıları kızgın yağda önlü arkalı nar gibi olana kadar pişirin."", ""Pişen tatlıları soğuk serbete alın, 2-3 dakika şerbetin içinde bekletin ve servis tabağına alın."", ""Taş kadayıf servise hazır. Afiyetler olsun.""]"
71f03d99-2c92-4a49-8f93-3833995e8083,Keçi Patisi,Turkey,"Lezzetli ve pratik Keçi Patisi, az malzemeyle hızlıca hazırlanan geleneksel bir lezzettir",Ana Yemek,"[""1 su bardağı yoğurt"", ""1 çay kaşığı tuz"", ""1 paket kabartma tozu"", ""2,5 su bardağı un""]","[""Yoğurt, tuz ve kabartma tozunu bir kaba alıp karıştırın. Unu ekleyin ve yoğurmaya başlayın. Tüm malzemeler birleşip kıvam alıncaya dek yoğurun."", ""Ardından hamura uzun rulo halinde şekil verin ve yaklaşık 2-3 parmak kalınlığında parçalara ayırın. Bıçak yardımıyla dilimleri, ters v harfi olacak biçimde keçi patisi şeklini verin."", ""Son şeklini almış hamurlarınızı tavada kızdırmış olduğunuz yağda iki tarafı da güzelce renk alıncaya dek kızartın ve sıcak servis edin. Afiyet olsun.""]"
35001ae5-6107-43f8-a25e-9442e0caaa03,Sosisli Sarma Poğaça,Turkey,"İçerisine sosis ve peynir sarılmış, yumuşacık hamurdan yapılan lezzetli poğaça tarifi",Börek & Hamur İşi,"[""1 su bardağı ılık su"", ""1 su bardağı ılık süt"", ""1 su bardağı sıvı yağ"", ""2 adet yumurta (sarısı üzerine)"", ""3 yemek kaşığı toz şeker"", ""1,5 tatlı kaşığı tuz"", ""1 paket kuru maya"", ""6-7 su bardağı un""]","[""Öncelikle bir su bardağı olan sıvı yağımızı yarı yarıya ikiye ayırıyoruz yarım su bardağı sıvı yağ ile birlikte hamur için gereken bütün malzemeleri karıştırıp yumuşak ele yapışan bir hamur yoğuruyoru"", ""Kalan yarım bardak sıvı yağda hamur yoğururken elimizle hamura yedire yedire tamamını hamura ekliyoruz."", ""Hamurun üzerini kapatıp 1 saat mayalanmaya bırakıyoruz mayalanmış hamurdan elimizi una bulayarak (elimize yapmışmaması için) küçük mandalina kadar büyüklükte bezeler yuvarlayıp ince uzun şekilde açıyo"", ""Daha sonra sosisin etrafına sarıyoruz ve tepsiye dizip yarım saat tepside mayalandıryoruz."", ""En son üzerine yumurta sarısı sürüp 180 derece veya fırınınızın ayarına göre kendiniz ayarlayarak pişiriyoruz. Afiyetler olsun!""]"
7420c220-6cd8-46e0-800d-ba82e406443c,Airfryer'da Patates Kroket,Turkey,"Airfryer'da hazırlanan patates kroketler, dışı çıtır içi yumuşak lezzetli bir atıştırmalık",Et Yemekleri,"[""8 adet patates kroket (dondurulmuş)"", ""1 yemek kaşığı sıvı yağ"", ""Etimek Tatlısı Tarifi"", ""Damla Çikolatalı Kurabiye"", ""Tatlı Tarifleri Spoonful Mozaik Pasta Çikolatalı Sufle İrmik Helvası Fırın Sütlaç Profiterol Revani Magnolia"", ""Kahvaltılık Tarifler Pancake Krep Pişi Kuymak Kaygana Kahvaltılık Sos Menemen Muhlama Yumurtalı Ekmek Omlet"", ""Omlet""]","[""Airfyer’ı sebze modunda çalıştırın ve ısıtın."", ""Sıcak hazneye tek sıra halinde dondurulmuş patates kroketleri dizin ve pişirmeye başlayın."", ""İlk 4 dakikanın ardından patates kroketlerin üzerine fırçayla sıvı yağ sürün ve sallayın. Her 2 dakikada bir patates kroketleri çekip sallayın ve istediğiniz çıtırlığa gelene kadar pişirin. Bu işlem y""]"
9a105e4e-5092-43f5-9f01-4c9fdb894e93,Sütlü Sebze Çorbası,Turkey,Kremamsı dokusu ve besleyici özelliğiyle soğuk günlerin vazgeçilmezi sütlü sebze çorbası,Çorba,"[""1 su bardağı süt"", ""1/2 çay bardağı sıvı yağ"", ""2 yemek kaşığı un"", ""1 adet bulyon"", ""1 adet havuç"", ""1 adet kırmızı biber"", ""3 adet fasulye"", ""1 tatlı kaşığı tuz"", ""1 tatlı kaşığı karabiber"", ""1 tatlı kaşığı kırmızı biber""]","[""Unu sıvı yağ ile kavuruyoruz. Süt ekleyerek açıyoruz ve koyulaşınca 1 su bardağı sıcak su ilave ediyoruz."", ""Doğrayıp haşladığımız sebzelerimizi ekliyoruz. Son olarak bulyon, baharat ve dereotunu ekliyoruz. Afiyet olsun.""]"
6b907c49-031d-4123-a974-5df7a0b81770,Şekersiz Kolay Dondurma,Turkey,"Şekersiz ve sağlıklı bir dondurma alternatifi. Sadece 3 malzeme ile hazırlanan bu kolay tarif, hem pratik hem de lezzetli",Tatlı,"[""2 adet büyük boy olgun muz"", ""1/2 çay bardağı süt (muzun boyutuna göre süt miktarı artırıp azaltılabilir)"", ""1 tatlı kaşığı yer fıstığı ezmesi""]","[""Muzları soyup dilimleyin."", ""Buzdolabı poşetinde ya da streç içinde buzluğa koyup dondurun."", ""Donan muzları mutfak robotuna alın ve çekin."", ""Çektikten sonra içine süt ve fıstık ezmesi ekleyin tekrar çekin. Afiyet olsun.""]"
7df63448-4ba1-47d8-8b69-03dbdf0a2a41,Sebzeli Grissini,Turkey,"Sebzeli Grissini, taze sebzelerle hazırlanan çıtır ve lezzetli bir atıştırmalıktır",Sebze Yemekleri,"[""1 adet domates"", ""1 adet kuru soğan"", ""1 adet kırmızı biber"", ""1 su bardağı yoğurt"", ""2-3 su bardağı un (aldığı kadar)"", ""3 yemek kaşığı zeytinyağı""]","[""Biber, soğan, domates, kekik doğrayıp tencerede haşlayalım ve yumuşayana kadar pişirelim."", ""Yumuşadıktan sonra ocaktan alıp blenderdan geçirelim. Soğuduktan sonra yoğurt,un, tuz, zeytinyağ ekleyip yoğuralım"", ""Ele yapışmayan bir kıvam alana kadar un eklemeye devam edelim."", ""Son olarak çekirdek tanelerini ekleyip karıştıralım ve hamurdan parçalar kopararak şekiller verelim."", ""Önceden ısıtılmış 180 derece fırında 20 dakika pişirelim. Afiyet olsun.""]"
292ee2a9-8cdf-4767-9095-e77697d45726,Pratik Patates Köftesi,Turkey,"Lezzetli ve pratik patates köftesi, tulum peyniriyle zenginleştirilmiş harika bir atıştırmalık",Et Yemekleri,"[""4 adet orta boy patates"", ""1 yemek kaşığı un"", ""2 yemek kaşığı tulum peyniri"", ""3-4 yemek kaşığı zeytinyağı"", ""1 çay kaşığı tuz"", ""1/2 çay kaşığı kimyon""]","[""Öncelikle patatesleri küp küp doğrayarak suda haşlıyoruz."", ""Haşlanan patatesleri ezip üzerine az zeytinyağı ve peynirleri ekleyip karıştırıyoruz."", ""İnce ince kıyılmış maydonozu, unu, tuz ve kimyonu da ilave edip malzemeyi köfte hamuru haline getiriyoruz."", ""İsterseniz ufak köfte biçiminde isterseniz daha büyük şekil verebilirsiniz. Zeytinyağı eklenmiş tavada hafif kızartıyoruz. Afiyet olsun.""]"
34e2955b-6a92-4680-92bf-1386cd1e6894,Damla Sakızlı Kurabiye,Turkey,"Damla sakızının eşsiz aromasıyla hazırlanan, hafif ve çıtır kurabiye tarifi",Tatlı,"[""100 gram oda sıcaklığında tereyağı"", ""1/2 çay bardağı sıvı yağ"", ""1 su bardağı pudra şekeri"", ""1 çay kaşığı damla sakızı (2 küçük parça)"", ""2 su bardağı un"", ""1 su bardağı nişasta"", ""1/2 paket kabartma tozu""]","[""Un hariç tüm malzemeleri karıştırın."", ""Azar azar unu ilave edin."", ""Damla sakızını ezerek ekleyin."", ""Ele yapışmayan bir hamur elde edene kadar yoğurun. Cevizden küçük parçalar alarak yuvarlayın. Aralıklı olarak tepsiye dizin."", ""180 derece fırında 15 dakika kontrollü pişirin. Çıkarıp soğutun ve damla sakızlı kurabiyeleriniz hazır. Afiyetler olsun.""]"
a5180054-6095-419d-9dfb-63cf3f0e50a9,Damat Pastası,Turkey,"Damat pastası, yumuşak ve nemli dokusuyla Türkiye'nin sevilen geleneksel tatlarından biridir",Tatlı,"[""2 adet yumurta"", ""3/4 su bardağı toz şeker"", ""1/2 su bardağı sıvı yağ"", ""1/2 su bardağı süt"", ""3 yemek kaşığı kakao"", ""1 paket vanilya"", ""1 paket kabartma tozu"", ""1 su bardağı un""]","[""Kek için yumurta ve şekeri köpürene kadar güzelce çırpın. Daha sonra diğer malzemeleri de ilave edip biraz daha çırpın. İçi oyuntulu tart kalıbını tereyağıyla yağlayıp un serpin, unun fazlasını kalıbı"", ""Hamuru kalıba döküp 180 derecede kürdan testi yaparak pişirin. Pişen keki servis tabağına ters çevirin."", ""Muhallebi için tereyağı ve hindistan cevizi hariç tüm malzemeleri bir tencereye alıp muhallebi kıvamına gelene kadar pişirin."", ""Daha sonra ocaktan alın ve tereyağını ve hindistan cevizini edip biraz çırpıp kekin üzerine dökün."", ""Ilıyan pastanın üzerini Hindistan ceviziyle kaplayın ve servis edin. Afiyetler olsun!""]"
a7bc8a28-0bf2-4ee5-a91f-08b8dd1d371f,Mantarlı Tatlı Patates,Turkey,"Tatlı patatesin doğal tatlılığı ve kıymanın lezzetiyle birleşen, mantarlarla zenginleştirilmiş doyurucu bir ana yemek",Tatlı,"[""2 adet tatlı patates"", ""300 gram kıyma"", ""400 gram mantar"", ""1 adet soğan"", ""1 tatlı kaşığı domates salçası"", ""50 gram kaşar peyniri"", ""1 tatlı kaşığı tuz"", ""1 tatlı kaşığı karabiber""]","[""Patatesleri 20-30 dakika tuzlu suda haşlayınız. Patatesler haşlanırken soğanı yemeklik keserek biraz zeytinyağı ile hafif kızartınız."", ""Sarımsak, salça ve kıymayı ekleyerek kızartınız. En son mantar, tuz, karabiberi ekleyerek karıştırınız ve mantarlar sularını çekene kadar pişiriniz."", ""Haşlanmış patatesleri çıkarıp ikiye bölünüz, ortalarını kaşıkla oyarak küçük küçük kesiniz ve kıymalı harcınıza ekleyip 5 dakika kadar kızartınız."", ""Kıymalı mantarlı harcınızı tatlı patateslerin içine doldurunuz ve üzerine biraz kaşar serpip biraz da yoğurt gezdirip afiyetle yiyebilirsiniz.""]"
b0845a7e-481e-4d57-bd1b-6fb710c90202,Mac and Cheese,Turkey,Gnocchi ve çeçil peyniri ile hazırlanan lezzetli ve pratik Mac and Cheese tarifi,Ana Yemek,"[""1 kutu Gnocchi (ben yarım kutuyu kullandım yaklaşık 250 gram)"", ""1,5 su bardağı süt"", ""200 gram çeçil peyniri"", ""200 gram cheddar peyniri"", ""2 yemek kaşığı krem peynir"", ""1 çay bardağı mozzarella peyniri"", ""1 yemek kaşığı hardal"", ""1 çay kaşığı karabiber (taze çekilmiş)"", ""1/2 çay kaşığı muskat cevizi rendesi (arzuya göre)""]","[""Makarnayı haşlamak için derin bir tencereye su koyup içerisine yağ ve tuz ekleyip kaynamaya bırakalım. Kaynayan suyun içerisine makarnamızı ekleyip haşlamaya bırakalım, benimki yaklaşık 11-12 dakika d"", ""Haşlanan makarnanın suyundan bir çay fincanı kadar ayıralım. Öte yandan bir tencerenin içerisine tereyağını alıp eritelim. Eriyen tereyağının üzerine unu ekleyip kokusu çıkana denk karıştıralım."", ""Daha sonra üzerine sütü ekleyip ayırdığımız makarna suyu, peynirleri, hardal ve tuz-karabiberi ekleyip peynirleri eritene denk karıştıralım."", ""Daha sonra haşlanan makarnayı da içerisine alıp hafif akışkan kalacak şekilde makarnanın sosu içerisine emmesine izin verelim. Hazır olan makarnamızı servis tabağına alıp lezzeti en derin noktalarda h""]"
5bd09606-00ce-4ef6-bb16-43108cce656a,Sağlıklı Fit Toplar,Turkey,"Sağlıklı ve lezzetli fit toplar, enerji dolu atıştırmalık için ideal bir seçim",Ana Yemek,"[""100 gram yulaf ezmesi"", ""25 gram toz ceviz içi"", ""1 adet büyük boy muz"", ""100 gram kuru kayısı"", ""50 gram kuru incir"", ""1 çay kaşığı tarçın""]","[""Yulafı rondodan çekip toz haline getirin, toz cevizi ve tarçını ekleyip ayrı bir kapta harmanlayın."", ""Muzu rondodan püre haline gelinceye kadar çekin, karışıma önce kuru kayısıyı sonra kuru inciri ekleyip tekrar rondodan çekin."", ""Püre haline gelen karışımı yulaf karışımına ekleyip karıştırın ve 30 dakika kadar dolapta dinlendirin. Sonrasında minik toplar yaparak fındık, fıstık, kakao, tarçına bulayıp servis edin. Afiyet olsun.""]"
db4e5995-6a9c-49f9-9588-201c4d1bd073,Maş Fasulyeli Salata,Turkey,"Lezzetli ve besleyici maş fasulyeli salata, közlenmiş kapya biberlerin ve tuzlu turşuların harika uyumuyla tam bir yaz lezzeti",Salata,"[""1 su bardağı maş fasulyesi (haşlanmış)"", ""2-3 adet kapya biber (közlenmiş)"", ""3-4 adet kornişon turşu"", ""1/2 su bardağı ceviz""]","[""Maş fasulyelerini yumuşaması için bir gece önceden suda bekletiyoruz."", ""Bir gece beklettiğimiz maş fasulyelerini bol suda yumuşayana kadar haşlıyoruz."", ""Kapya biberleri, maydanozlu, dereotunu, taze soğanı küçük küçük doğruyoruz."", ""Cevizleri küçük parçalara ayırıp salatamızın üzerine ekliyoruz."", ""En son sos malzemelerimizi karıştırıp salatamızın üzerine döküyoruz. Afiyet olsun.""]"
4a796cd1-95bd-4310-b83e-fe944acbb3c2,Neapolitan Pizza,Turkey,"Otantik Napoli pizzası, yüksek glutenli un ve az malzemeyle hazırlanan, ince kenarlı ve lezzetli bir İtalyan klasiği",Ana Yemek,"[""500 gram un (gluteni yüksek)"", ""17 gram zeytinyağı"", ""2 gram kuru maya"", ""8 gram tuz"", ""3 gram şeker"", ""335 ml ılık su""]","[""Su, şeker ve maya ayrı bir kapta karıştırılır ve 5 dakika kadar beklenir. Unun 350 gramı su ve maya karışımına eklenir ve karıştırılır."", ""Un, su ve maya karıştırıldıktan sonra kabın üzerine havlu koyularak 1 saat beklenir. 1 saatten sonra mayalanmaya bırakılan hamurun içerisine geri kalan 150 gr un, tuz ve zeytinyağı eklenir."", ""Hamur tamamen toparlanana kadar yoğurulur.Daha sonra hamur üzerine bir streç ve bir katta havlu örtülerek 1 saat dinlendirilir."", ""1 saat sonra hamur iki eşit parçaya bölünür ve kolay şekil verilmesi için üzeri çok hafif unlanır. Hamurlara güzel yuvarlak şekiller verilir."", ""Hamurların yerleştirileceği tepsi ve hamurların üzerleri unlanır. Tepsi, streçle sarılır ve üzeri havlu ile kapatılır. oda sıcaklığında (ortalama 20 derece) 6-8 saat arası mayalanmaya bırakılır"", ""6-8 saat mayalamadan sonra hamuru daha sonra kullanmak amacıyla buzdolabında saklanabilir. Hamurlar kullanılacağı zaman üzeri biraz unlanır. Hamur unlu bir yüzeyde merkezden dışarı doğru parmaklarla i""]"
e33949a5-a718-4e2a-a9af-bdeccafae7d5,Şipşak Panceke,Turkey,"Pratik ve hızlı hazırlanan şipşak pankekler, kahvaltıların vazgeçilmezi",Ana Yemek,"[""1 adet yumurta"", ""1 su bardağı süt"", ""1 çay kaşığı vanilin"", ""1 çay kaşığı kabartma tozu"", ""1 su bardağı un""]","[""Yumurta ve şeker çırpılır."", ""Süt ve yağ eklenip karıştırılır."", ""Un, kabartma tozu, vanilin de eklenip iyice karıştırılır."", ""Isıttığımız tavada ters düz pişirelim. Afiyet olsun.""]"
fc78f29b-a0d8-420e-8d0d-13f1f01ba033,Ev Yapımı Çökertme Kebabı,Turkey,"Patateslerin ve etin mükemmel uyumuyla hazırlanan geleneksel Türk lezzeti Çökertme Kebabı, yoğurtlu sosuyla damakları şenlendirir",Et Yemekleri,"[""7-8 adet patates"", ""3 su bardağı yoğurt"", ""3 adet domates"", ""1 yemek kaşığı biber salçası"", ""1 çay bardağı su"", ""500 gram dana eti (yaprak doğranmış)"", ""1 çay bardağı süt"", ""2 yemek kaşığı zeytinyağı"", ""1 yemek kaşığı yoğurt""]","[""Patatesleri soyup çubuk gibi incecik doğruyoruz ve kızgın yağda kızartıyoruz."", ""Etleri 30 dakika marinede (süt, zeytinyağı, 1 kaşık yoğurt, tuz, karabiber) bekletiyoruz. Marine edilmiş etleri kısık ateşte pişiriyoruz"", ""Yoğurda sarımsak eziyoruz, tuz ekleyip akışkan bir kıvam elde ediyoruz."", ""Sos için tüm malzemeleri (sarımsakların yarısı, biber salçası, domates ve su) tavaya alıp pişiriyoruz."", ""Bir tabağa önce patatesleri, sonra yoğurdu, sonra da sosu döküyoruz ve etleri koyup servis ediyoruz. Afiyet olsun.""]"
fc368c54-a15b-43ce-ad45-c72ddf482180,Peynirli Mayasız Poğaça,Turkey,Pratik ve lezzetli mayasız peynirli poğaça tarifi. Yoğurt ve peynirin muhteşem uyumuyla hazırlanan bu poğaçalar çay saatlerinde favoriniz olacak,Börek & Hamur İşi,"[""3 su bardağı un"", ""2 adet yumurta (1’inin sarısı üzerlerine sürmek için ayrılacak)"", ""1 su bardağı yoğurt"", ""1 su bardağı (2 parmak eksik) sıvı yağ"", ""1 paket kabartma tozu"", ""1 çay kaşığı tuz""]","[""3 su bardağı unu yoğurma kabına alın. Kabartma tozunu da ekleyin."", ""Ortasını açıp 1 yumurtanın tamamını, diğer 1 yumurtanın sadece akını ekleyin."", ""Üzerine 1 su bardağı yoğurt ve yağı da ekleyip yoğurun."", ""Hamurunuz ele yapışmayan bir kıvam aldığında ceviz büyüklüğünde kopartıp içine rendelenmiş peynirinizi koyup kapatın."", ""Tepsiye dizdiğiniz poğaçaların üzerine yumurta sarısı sürüp çörek otu dökün."", ""Önceden 175 derece ısıtılmış fırına atın. Pişirme süresi fırınınıza göre değişebilir. Üzeri pişip kızardığında çıkarın.""]"
3f2af59e-f2ad-4a66-9475-b1e6e0021120,Çikolatalı Tart Kek,Turkey,"Lezzetli çikolatalı tart keki, çay saatlerinin vazgeçilmezi olacak",Tatlı,"[""2 adet yumurta"", ""1 çay bardağı şeker"", ""1 çay bardağı süt"", ""1 çay bardağı sıvı yağ"", ""2 yemek kaşığı kakao"", ""1 adet vanilya"", ""1 adet kabartma tozu"", ""2 su bardağı un""]","[""Yumurta ve şekeri güzelce çırpalım. Diğer sıvı olan tüm malzemeleri ilave edip karıştıralım."", ""Daha sonra un, kabarma tozu, vanilya ekleyip tekrar güzelce karıştırıp kalıbımıza dökelim."", ""Önceden ısıtılmış 180 derece fırında 40 dakika pişirelim."", ""Kekimiz piştikten sonra fırından çıkarıp biraz dinlenmeye bırakalım."", ""Ayrı bir tavada 1 paket kremayı biraz ısıtıp içerisine 2 adet çikolatayı ilave edip karıştıralım."", ""Daha sonra kekimizin üzerine hazırlamış olduğumuz sosu döküp servis edelim. Şimdiden afiyetler olsun.""]"
baae4af1-312a-4f38-9def-2ceec32551c4,Zeytinyağlı Barbunya Pilaki,Turkey,"Zeytinyağlı barbunya pilaki, soğan ve zeytinyağı ile hazırlanan geleneksel ve lezzetli bir Türk mezesidir",Meze,"[""500 gram haşlanmış barbunya"", ""1/2 su bardağı zeytinyağı"", ""1 adet orta boy soğan"", ""1 adet orta boy havuç"", ""1 adet orta boy patates"", ""1 adet orta boy domates"", ""2 yemek kaşığı domates salçası"", ""1 çay kaşığı şeker"", ""1 çay kaşığı tuz""]","[""Soğanları küçük küpler halinde doğrayın."", ""Tencerenin altını açın, yarım bardak suyla beraber doğradığınız soğanları ekleyin. Kapağını kapatıp pişirmeye başlayın."", ""Soğanlar yumuşayınca zeytin yağını ekleyin."", ""Domatesi küçük küpler halinde doğrayıp tencereye ekleyin."", ""Salçayı ekleyip karıştırın."", ""Havucu doğrayın (daire ya da küp küp) ve tencereye ekleyin."", ""Patatesi küp küp doğrayıp tencereye ekleyin."", ""Tuzu, şekeri ve 1 bardak sıcak suyu ekleyip 10-15 dakika pişirin."", ""Haşlanmış barbunyaları ekleyip pişirmeye devam edin."", ""Suyunu çektiğinde, üzerini 1 parmak geçecek kadar su ekleyin ve kısık ateşte pişirmeye devam edin."", ""Havuç ve patatesler yumuşayınca ocaktan alıp soğumaya bırakın. Afiyet olsun.""]"
2ae57337-b495-4a95-9331-cf923d4796be,Milföyden Meyveli Tart,Turkey,Taze meyvelerle hazırlanan hafif ve lezzetli milföy tartı,Ana Yemek,"[""8 adet kayısı"", ""5-6 adet kiraz"", ""2 tatlı kaşığı bal"", ""1 paket milföy hamuru"", ""4 adet pötibör (petibör) bisküvi""]","[""Kayısılarımızı ve kirazlarımızı blenderdan geçirelim. Üzerine blenderdan geçmiş büskivilerimizi ve 2 yemek kaşığı balımızı ekleyelim ve karıştıralım."", ""Karışımı buzdolabında dinlendirelim. Kare şeklindeki milföy hamurlarımızı istediğiniz gibi şekillendirebilirsiniz."", ""Ben iki kenarına köşede birleşecek şekilde kestim aynı işlemi karşı köşeye de uygulayıp kesilen parçaları katladım."", ""Kenarların daha kabarık olması için orta kısma çatalla delik açınız. Hamurun orta kısmına karışımı ekleyin."", ""Önceden ısıtılmış fırında 200 derecede 15 dakika pişirin. Afiyet olsun.""]"
2b7b2f96-0999-4281-8892-4098bab9505e,Çikolata Soslu Kek,Turkey,"Lezzetli çikolata soslu kek, misafirlerinizi etkileyecek muhteşem bir tatlı",Tatlı,"[""5 adet yumurta"", ""2 su bardağı (bir parmak eksik) şeker"", ""200 mililitresıvı yağ"", ""200 mililitresüt"", ""2 + 3/4 su bardağı un"", ""1 paket vanilya"", ""1 paket kabartma tozu""]","[""Yumurta ve şekeri bembeyaz olana kadar çırpıyoruz, ne kadar uzun süre çırparsanız o kadar iyi."", ""Üzerine sıvı yağ ve sütü ekleyip tekrar karıştırıyoruz."", ""Sonrasında un ,vanilya ve kabartma tozunu da ekleyip bir spatula veya tahta kaşık yardımıyla kek harcımızı elde ediyoruz. (Çelik kaşık değdirmeyin kabarıklığını söndürür)"", ""Cevizi de ilave edip kek harcımızı elde ediyoruz. Yağlanmış kalıba harcı döküp 180 derece ısınmış fırında 40 dakika fırın kapağını hiç açmadan pişiriyoruz. Fırından çıkarırken kürdan ile pişip pişmedi"", ""Hazır çikolata sosu 2 su bardağı süt ile hazırlayıp soğumaya bırakıyoruz. Kek soğuduktan sonra sosu üzerine döküp Antep fıstıklarıyla süsleyebilirsiniz. Sünger gibi yumoş yumoş bir kek oluyor, afiyet""]"
b64f6ac2-4fbe-423b-b109-2f1450deaae9,Vişneli Çilekli Brownie,Turkey,"Vişne ve çilek ile lezzetlendirilen, bitter çikolatalı nemli brownie tarifi",Ana Yemek,"[""160 gram şekersiz bitter çikolata"", ""85 gram tereyağı"", ""40 gram Hindistan cevizi şekeri"", ""3 adet yumurta"", ""100 gram tam buğday unu"", ""1/2 su bardağı vişne (dondurulmuş kullanabilirsiniz)"", ""1/2 su bardağı çilek (dondurulmuş kullanabilirsiniz)""]","[""Tereyağı eritilir ve ocaktan alındıktan sonra bitter çikolatalar içine eklenir ve eriyene kadar tereyağı ile harmanlanır."", ""Başka bir kapta yumurta ve Hindistan cevizi şekeri güzelce çırpılır."", ""Ardından tereyağlı çikolatalı karışım yumurtalı karışıma yavaş yavaş eklenir ve çırpılmaya devam edilir."", ""Son olarak tuz ve un da ilave edilir. Bu aşamada spatula ile karıştırmaya devam edilir ki brownie karışımı kabarmasın."", ""Brownie karışımı yağlı kağıt serilir fırın kabına boşaltılır. Üzeri vişne ve çilek ile süslenir ve biraz daha tuz serpiştirilerek 160 derece 35 dakika pişirilir."", ""Soğuduktan sonra servis edilir. Deneyeceklere şimdiden afiyet olsun.""]"
8f0df31f-30a9-4585-812d-8ed69d67bcfb,Beluga Mercimek Çorbası,Turkey,"Zeytinyağı ve domates püresi ile hazırlanan, besleyici ve lezzetli beluga mercimek çorbası",Ye,"[""2/3 su bardağı beluga mercimek"", ""1 çay bardağı domates püresi"", ""2 yemek kaşığı zeytinyağı"", ""1 çay kaşığı tuz"", ""1 çay kaşığı karabiber"", ""1/2 çay kaşığı kimyon"", ""1 adet defne yaprağı"", ""2,5 su bardağı su"", ""1/2 adet limonun suyu""]","[""Beluga mercimeği güzelce yıkayın. Üzerini iki parmak geçecek kadar sıcak suyla geniş bir kaseye alın. Tercihen 24 saat boyunca suda bekleyip şişmesini sağlayın."", ""Eğer vaktiniz yoksa, sıcak suyu sıklıkla değiştirerek 1 saat boyunca suda bekleterek aynı şekilde bekletin."", ""Ardından suyunu süzüp tekrar yıkayın. Domates püresi, baharatlar, defne yaprağı, tuz, zeytinyağı ve suyu tencereye alın pişirmeye başlayın."", ""Pişirme kıvamını kontrol edin, dilerseniz süreyi uzatın. Mercimekler piştikten sonra dilerseniz blenderdan geçirin, dilerseniz taneli olarak kaseye alın."", ""Servis etmeden önce içerisinden defne yaprağını çıkarın ve limon suyunu ekleyin. Çorbanız servise hazır, afiyet olsun!""]"
9e6775ab-2f26-4357-b0ff-3caffbb9727f,Tart Kek,Turkey,"Lezzetli ve pratik tart kek tarifi, çay saatlerinin vazgeçilmezi olacak",Tatlı,"[""2 adet yumurta"", ""3/4 su bardağı toz şeker"", ""3/4 su bardağı süt"", ""1 çay bardağı sıvı yağ"", ""2 yemek kaşığı kakao"", ""1 paket kabartma tozu"", ""1 paket vanilya""]","[""Kek hamuru için seker ve yumurtalar çırpılır. Diğer malzemeler eklenir. Tereyağ ile yağlanmış tart kalıbına dökülür.Önceden ısıtılmış 170 derece fırında 15 -17 dak pişirilir."", ""Kek pişerken bir tencereye muhallebisi için gerekli tüm malzemeler eklenir. Karıştılarak koyu kıvamlı bir muhallebi elde edilir."", ""Pişen kek kalıptan çıkarılır ve üzerine muhallebisi konulur. Çikolata sosu ile yuvarlak daireler yapılıp kürdanla ileri geri çizilir ve şekil verilir.Afiyet olsun.""]"
c7f60698-4bb3-40f0-bdbf-555bc219bad7,Çatlak Kurabiye,Turkey,"Dış çıtır iç yumuşak dokusuyla vazgeçilmez lezzet, çay saatlerinin yıldızı çatlak kurabiye",Ye,"[""2 adet yumurta"", ""1 su bardağı şeker"", ""1/2 çay bardağı sıvı yağ"", ""4 yemek kaşığı kakao"", ""1 paket vanilya"", ""1 çay kaşığı kabartma tozu"", ""1 su bardağı un""]","[""Toz şeker, sıvı yağ ve kakaoyu da ekleyip mikser ile şeker eriyene kadar karıştıralım. Sonra yumurtanın bir tanesini ekleyelim ve çırpmaya devam edelim."", ""Yumurta tamamen karıştığında 2. yumurtayı ekleyelim ve karıştırmaya devam edelim. Kuru malzemeleri de eleyip içerisine ekleyelim."", ""Kıvam alan hamurumuzu streçleyelim, 1 saat kadar buzdolabında dinlenmeye bırakalım."", ""Hamuru bolca pudra şekerine batıralım, fırın tepsisine dizelim. Tüm hamur bitene kadar aynı işlemleri sırası ile tekrarlayalım."", ""Kurabiyelerimizi önceden ısıttığımız 170 derece fırında 20 dakika pişirelim.""]"
b2ace01d-4127-4f82-b4a0-1a6e813c6c13,Kolay Kurabiye,Turkey,"Pratik ve lezzetli kolay kurabiye tarifi, az malzemeyle hızlıca hazırlanır",Ye,"[""1 paket toz puding (sade veya kakaolu)"", ""1 su bardağı sıvı yağ"", ""3 su bardağı un (silme, bastırmadan)"", ""1 paket kabartma tozu""]","[""Derince bir kabın içine sıvı yağ, toz puding, kabartma tozu koyun."", ""İyice karıştırın. İçine yavaş yavaş un ekleyerek yumuşak bir hamur elde edin."", ""Şekil verin önceden 200 derece ısıtılmış fırında pişirin. Afiyet olsun.""]"
70d361bf-c454-46f1-a2f5-0fa91c69fe0c,Mozaik Kek,Turkey,"Mozaik kek, pratik ve lezzetli bir tatlı seçeneği olan, bisküvilerin krema ile harmanlanıp dilimlenerek servis edilen geleneksel bir Türk tatlısıdır",Tatlı,"[""4 adet yumurta (oda sıcaklığında)"", ""125 gram tereyağı"", ""1 su bardağı toz şeker"", ""1 çay bardağı ılık süt"", ""1 paket vanilin"", ""1 paket kabartma tozu"", ""2 su bardağı un"", ""2 yemek kaşığı kakao"", ""2 yemek kaşığı süt""]","[""Tereyağ ve şekeri mikserle krema kıvamına gelene kadar 5 dakika çırpın. Yumurtaları ekleyip çırpmaya devam edin. Sütü ekleyip karıştırın. Elenmiş un ve kabartma tozunu ilave edip düşük devirde çırpın."", ""Harcın yarısını bir kaseye alın. Kalan kek harcına 2 yemek kaşığı kakao ve 2 yemek kaşığı sütü ekleyip çırpın."", ""Baton kek kalıbına pişirme kağıdı yerleştirin. Bir kepçe sade kek harcından aktarın."", ""Üzerine bir kepçe kakaolu kek harcından aktarın. Bu şekilde kek harcı bitene kadar yerleştirin. Önceden ısıtılmış fırında alt üst ayarda 180 derecede yaklaşık 30 dakika kontrollü olarak pişirin. Kürda"", ""Üzerine benmari usulü eritilmiş çikolata sürün. Soğuduktan sonra dilimleyerek servis yapın. Afiyet olsun.""]"
eb5cce14-d823-4f98-ba19-d61395659fda,Ev Köftesi,Turkey,"Lezzetli ve pratik ev köftesi tarifi, soğan ve galeta unu ile harmanlanmış özel kıyma karışımından hazırlanır",Et Yemekleri,"[""600 gram dana kıyma"", ""1 adet soğan (rendelenmiş)"", ""2 yemek kaşığı galeta unu"", ""2 adet yumurta"", ""2 yemek kaşığı süt (arzuya göre)"", ""1 çay kaşığı kimyon"", ""1 çay kaşığı toz kırmızı biber"", ""1 çay kaşığı pul biber (arzuya göre)"", ""1 çay kaşığı karabiber"", ""1,5 çay kaşığı tuz""]","[""Ev köftesi için köftelik kıymayı derince bir kaba alın, rendelenmiş ve suyu sıkılmış soğanı ekleyin."", ""Ardından ince doğranmış maydanoz, galeta unu, yumurta, süt ve baharatları ekleyin."", ""Köftenin harcını güzelce yoğurun. Buzdolabında en az 1 saat dinlendirin."", ""Yoğurduğunuz harçtan ceviz büyüklüğünde parçalar koparıp avucunuzda şekillendirerek köfteleri hazırlayın."", ""Bir tavaya aldığınız ve kızdırdığınız yağda, hazırladığınız köfteleri arkalı önlü olarak pişirin."", ""Köfteleri bir tabağa alıp sıcak sıcak servis edin.""]"
c0d02f57-dbcd-4e85-b745-0f9a83e890e9,Tantuni,Turkey,"Lezzetli ve pratik bir Türk sokak lezzeti olan tantuni, ince kıyılmış tavuk etiyle lavaş içinde sunulur",Ye,"[""400 gram tavuk"", ""4 adet lavaş"", ""1 adet kuru soğan"", ""2 adet domates"", ""1 çay kaşığı kırmızı toz biber"", ""1 tatlı kaşığı tuz"", ""1 çay kaşığı karabiber"", ""1,5 tatlı kaşığı isot"", ""1 tatlı kaşığı sumak"", ""1/2 su bardağı su"", ""3 tatlı kaşığı tereyağı"", ""2 yemek kaşığı sıvı yağ""]","[""Tavuk etimizi ince bir şekilde doğrayalım."", ""Geniş bir tavaya sıvı yağımızı alalım ve ısıtalım. Isınan tavamıza etimizi ekleyelim ve kavurmaya başlayalım."", ""Etlerimiz kavrulurken yarım su bardağı suya sumak ve isotumuzu ekleyelim."", ""Etimiz kavrulduktan sonra tereyağı ve tuzumuzu ekleyelim."", ""İsotlu ve sumaklı suyu arada üzerine dökün ve eti karıştırın."", ""Soğanı piyazlık şekilde doğrayıp yarım çay kaşığı tuz ve yarım tatlı kaşığı isot ile karıştıralım."", ""Domatesi de küçük bir şekilde küp küp doğrayalım."", ""Pişen etimizin yağına lavaşlarımızı bandıralım ve lezzetlendirelim."", ""Etlerimizi, soğanımızı ve domateslerimizi de lavaşlara eşit miktarda aktardıktan sonra kısa kenarlarını içe katlayıp dürüm yapalım."", ""İsteğe göre tabak sunumu da yapabilirsiniz. Afiyet olsun. Kolay gelsin.""]"
e71c6b26-fdd8-43bd-9cd1-ea528a25f8ad,Kedidilli Pasta,Turkey,"Pratik ve lezzetli kedidilli pasta, çilek ve muz ile harmanlanmış ferahlatıcı bir tatlı",Tatlı,"[""1 paket kedidili bisküvi"", ""7-8 adet çilek"", ""2 adet muz""]","[""Muhallebi için tencereye un, şeker ve sütü alalım. Bir yandan karıştırırken yumurta sarısını ekleyelim."", ""Kıvam aldıktan sonra tereyağı ve vanilini ekleyip altını kapatalım. Minik minik doğradığımız muz ve çileği sıcağı çıkan muhallebiye ekleyip karıştıralım."", ""Bisküvileri soğumuş kahveyle ıslatarak kalıbın tabanına yerleştirelim. Borcamda da pekala olur, kalıp kullanmanız şart değil."", ""İlk sıra bisküvileri yerleştirdikten sonra araya meyveli muhallebiyi yayalım. Tekrar bir kat daha kahve ile ıslatılmış bisküvileri yerleştirdikten sonra mümkünse 1 gece buzdolabında dinlendirelim."", ""Ertesi gün çikolata sos için tüm malzemeleri tencereye alıp kıvamlı bir sos hazırlayalım. Soğuduktan sonra pastanın üzerine gezdirelim. Son olarak kakao eleyelim. Pasta servise hazır. Afiyet olsun.""]"
8c983e43-fae0-4408-84f9-c0a562b4a360,Zeytinyağlı Kekikli Patates Cipsi,Turkey,"Fırında hazırlanan, zeytinyağı ve kekikle lezzetlendirilen çıtır patates cipsi",Ye,"[""5-6 adet küçük boy patates"", ""3-4 yemek kaşığı zeytinyağı"", ""1 çay kaşığı kekik"", ""1 çay kaşığı tuz""]","[""5-6 adet minik patatesi iyice yıkayıp kabuklarını soydum."", ""Ardından patatesleri ince ince dilimledim, 10-15 dakika kadar soğuk su içinde beklettim ve nişastasını bir miktar azaltmış oldum."", ""Zeytinyağı, kekik, tuz karışımına patates dilimlerini bulayıp fırın kağıdı serdiğim tepsiye aralıklı olarak dizdim."", ""Önceden ısıtılmış 200 derece fırında, 20 dakika, alt-üst fansız ayarda pişirip ardından son 10 dakika boyunca 80 derecede pişirdim."", ""Hafif kızarmalar başladığında aldım. Fırından fırına küçük bir zaman-ısı farkı olabileceği için kontrollü pişirmenizi öneririm. Afiyet olsun.""]"
abc4a22b-a702-4433-805c-a0b0e171963f,Şakşuka,Turkey,Patlıcan ve biberin kızartılıp domates sosuyla harmanlandığı lezzetli bir meze,Ye,"[""2 adet büyük boy patlıcan"", ""1,5 su bardağı domates püresi"", ""2 adet yeşil biber"", ""1 yemek kaşığı zeytinyağı""]","[""Patlıcanları minik minik doğrayıp biraz zeytinyağı ile birlikte fırında yumuşayana kadar pişiriyoruz."", ""Bir tencere de domates püresi, sarımsak ve biberi zeytinyağında kavuruyoruz."", ""Fırında pişirdiğimiz patlıcanlarımızı domates ve biberin içerisine alıyoruz ve domates suyunu çekene kadar hepsini tencerede kavuruyoruz. Servise hazır. Afiyet olsun.""]"
e663cf0c-76ad-4109-aed4-35c341973c0f,Elma Lokması,Turkey,"Elma lokması, çıtır dışı ve yumuşak içi ile lezzetli bir atıştırmalıktır",Ye,"[""3 adet elma"", ""1 su bardağı un"", ""1 çay kaşığı tuz"", ""1 paket kabartma tozu"", ""1/2 çay kaşığı tarçın"", ""1 yemek kaşığı sıvı yağ"", ""300 ml soda (soğuk)""]","[""Elmaları 1 parmak kalınlığında dilimleyip ortasındaki çekirdeği çıkarın."", ""Bir kasede un, tuz, kabartma tozu, tarçın, sıvı yağ ve sodayı iyice karıştırın."", ""Elma dilimlerini hamur harcının içerisine batırın ve kızgın yağda altın sarısı rengini alana kadar kızartın."", ""Kızarttığınız elma dilimlerinin üzerine pudra şekeri sepiştirin."", ""Dilediğiniz bir sosa bandırarak sıcak olarak tüketebilirsiniz, afiyet olsun.""]"
742693e9-a4d5-425b-9954-39abe9f9aa91,Islak Hamburger,Turkey,"Sulu ve lezzetli iç harcıyla damaklarda unutulmaz bir tat bırakan, özel soslu ıslak hamburger tarifi",Ana Yemek,"[""6 adet büyük boy hamburger ekmeği"", ""750 gram yağlı kıyma (tek çekim)"", ""1 adet yumurta"", ""1 adet orta boy soğan (incecik küp küp doğranmış)"", ""2 adet büyük diş rendelenmiş sarımsak"", ""3 yemek kaşığı galeta unu"", ""2 çay kaşığı karabiber"", ""2 çay kaşığı kimyon"", ""1 çay kaşığı ucuözel Antep baharatı (olmasa da olur)"", ""1 tatlı kaşığı tuz""]","[""Köftelik tüm malzemeleri bir kaba alıp iyice yoğurun ve yarım saat dolapta dinlendirin."", ""Bu esnada sosu için zeytinyağını hafif kızdırın ve salçasını ekleyip kaşığın arkası ile ezerek kavurun. Ardından domates sos ve ketçabı ekleyin."", ""Sırası ile sarımsak rendesi, sirke ve kekiği ekleyin. Kendine yetecek kadar çok hafif tuz serpiştirin ve sıcak suyu ekleyerek yaklaşık bir dakika pişirin ve altını kapatın."", ""Dolapta dinlenen köfte harcını porsiyonlara ayırın. (Mümkün olduğunca ince ve büyük ebatlarda porsiyonlayın, köfte pişince küçülüyor.)"", ""Yapışmayan bir tavaya çok az zeytinyağı ekleyin, köfteleri arkalı önlü kızartın."", ""Hamburger ekmeklerini ikiye bölün ve önce alt kısmına sostan iyice sürün, köfteyi üzerine koyup üst kapağın iç kısmına da sostan sürün ve köftenin üzerine kapatın. Ekmeğin üstüne de bolca sostan sürün"", ""Ayrı bir tencereye 2 büyük parça kesip, ıslatıp fazla suyunu sıktığınız yağlı kağıt parçalarını koyun."", ""Sos sürdüğünüz hamburger ekmeklerini ıslatılmış yağlı kağıt serili tencereye alın ve ağzını kapatarak yumuşayana kadar yaklaşık 1 dakika kadar pişirin."", ""En son üzerine biraz daha kalan sostan ve biraz daha taze kekik serpiştirebilirsiniz. Sıcak servis edin. Afiyet olsun.""]"
d311d2b2-8188-42ae-a501-020c011021c8,Misket Köfteli Patates Paçası,Turkey,"Misket köftelerle zenginleştirilmiş, yoğurtlu patates paçası. Hem doyurucu hem de lezzetli bir ana yemek",Et Yemekleri,"[""4 adet haşlanmış patates"", ""1 yemek kaşığı sıvı yağ"", ""3 su bardağı yoğurt"", ""1 çay kaşığı tuz (azaltıp arttırılabilir)"", ""2 adet yumurta""]","[""Bir kasede kıymayı ve tüm malzemeleri karıştırın."", ""Buzdolabında 20 dakika beklettikten sonra ceviz büyüklüğünde yuvarlak köfteler yapın."", ""Önceden ısıtılmış 180 derece fırında üzerine hafif sıvı yağ gezdirerek, 25 dakika pişirin.""]"
a9acd5d3-7ea5-438a-84d9-0ea5200069b9,Omlet Dürüm,Turkey,"Pratik ve lezzetli bir kahvaltı seçeneği olan omlet dürüm, cherry domateslerle tazelenmiş tam buğday tortilla içinde sunulur",Et Yemekleri,"[""1 adet tam buğday tortilla ekmeği"", ""1 adet yumurta"", ""4 adet cherry domates""]","[""Yumurtayı dereotu ve baharatlar ile çırpırıyoruz, tavaya döktüğümüz yumurtanın pişmesini bekliyoruz."", ""Lavaşın içerisine nane, domates, beyaz peyniri ekleyip yayıyoruz."", ""En son pişen yumurtamızı da ekleyip güzelce sarıyoruz.""]"
8b481614-5932-4f1c-85ce-c8b00a27e637,Etli Bezelye,Turkey,"Lezzetli ve doyurucu etli bezelye yemeği, taze malzemelerle hazırlanan geleneksel Türk mutfağının vazgeçilmezlerinden biridir",Et Yemekleri,"[""300 gram kuşbaşı dana eti"", ""3 adet havuç"", ""1 kg bezelye"", ""3 su bardağı su"", ""1/2 çay bardağı zeytinyağı"", ""1/2 çay bardağı domates salçası"", ""1 çay kaşığı tuz"", ""1 çay kaşığı karabiber"", ""1 çay kaşığı pul biber""]","[""Derin bir tencere seçiyoruz, mümkünse döküm olsun, lezzet katıyor ve güveç gibi pişiyor."", ""Isınmış tenceremiz içine yıkayıp süzdüğümüz etlerimizi ekleyip karıştırarak yüksek ateşte mühürlüyoruz."", ""Hemen ardından zeytinyağını ekleyip karıştırıyoruz. Yemeklik doğranmış soğanlarımızı ekleyip 3-4 dakika çevirdikten sonra, küp küp doğranmış havuçlarımızı da ekleyip biraz yumuşayana kadar kavuruyoruz"", ""Üzerine 1 bardak su ekleyip 10 dakika kapağı kapalı etlerin yumuşamasını bekliyoruz."", ""Üzerine salçalarımızı ekleyip kokusu çıkana kadar kavurup, bezelye ve patateslerimizi, baharatlarımızı ve 2 bardak su daha ekleyip kısık ateşte kapağı kapalı 15-20 dakika daha pişiriyoruz. Afiyet olsu""]"
bbd3431e-73bb-4f15-b09f-0884ef23c748,Ev Yapımı Granola,Turkey,"Ev yapımı granola ile kahvaltılarınıza sağlıklı ve lezzetli bir dokunuş katın. Kuru meyvelerle zenginleştirilmiş bu pratik tarif, enerji dolu bir başlangıç sunar",Ana Yemek,"[""3 su bardağı yulaf"", ""10 adet kuru kayısı"", ""15 adet kiraz"", ""1-2 yemek kaşığı kuş üzümü (ılık suda bekletilmiş)"", ""3 yemek kaşığı bal"", ""1 su bardağı çiğ kaju"", ""1 su bardağı ceviz içi (iri çekilmiş)"", ""2 yemek kaşığı süt"", ""1/2 çay kaşığı tuz""]","[""Yulafı karıştırma kabına alıyoruz."", ""İçine tuz, kesilmiş kuru kayısı, çekirdekleri çıkartılmış kiraz, arzuya göre yemiş ve balı ekleyip karıştırıyoruz."", ""Arzuya göre içine süt ekliyoruz."", ""Pişirme kağıdı koyduğumuz tepsiye karışımı yayıyoruz."", ""Önce 170-180 derecede 10 dakika pişirip, karıştırıp ardından tekrar 5 dakika daha pişiriyoruz. Afiyet olsun.""]"
97da847b-7eee-48f5-96ed-33692a9ff2ed,Kevgir Kurabiyesi,Turkey,Kevgir şekli verilen hafif ve kıtır kurabiye tarifi,Tatlı,"[""125 gram tereyağı"", ""1/2 çay bardağı ayçiçek yağı"", ""1 tatlı kaşığı elma sirkesi"", ""1/2 su bardağı pudra şekeri"", ""1 su bardağı nişasta"", ""1 paket vanilin"", ""1 adet yumurta"", ""2,5 su bardağı un""]","[""Derin bir karıştırma kasesinde tereyağı, ayçiçek yağı, elma sirkesi, pudra şekeri, nişasta, vanilin ve yumurtayı karıştırın."", ""Üzerine azar azar unu ilave edip tüm malzemeler karışana dek yoğurun."", ""Hazırladığınız hamurdan parçalar alıp üzerine kevgirle bastırın."", ""Kevgirin üzerine çıkan hamuru üzerine bastırmadan spatula yardımıyla toplayıp pişirme kağıdı serili bir fırın tepsisine alın. Hamur bitene kadar aynı işlemi uygulayın."", ""180 derece ısıtılmış fırında 20 dakika pişirin."", ""Pişip, oda sıcaklığında soğuduktan sonra üzerine pudra şekeri serpiştirip servis edin. Afiyet olsun!""]"
a0beffe7-09d2-4dc6-9395-e353c140f705,Zencefilli Bal Kabağı Çorbası,Turkey,"Zencefilli bal kabağı çorbası, sonbahar aylarının vazgeçilmezi olan lezzetli ve besleyici bir çorbadır",Çorba,"[""600 gram bal kabağı"", ""1 adet büyük boy patates"", ""1 adet büyük boy soğan"", ""1 adet havuç"", ""1 adet kereviz"", ""1 tatlı kaşığı taze zencefil"", ""1,5 litre su"", ""1 yemek kaşığı tereyağı"", ""1 çay kaşığı tuz"", ""1 çay kaşığı toz zencefil"", ""1 çay kaşığı karabiber""]","[""Bal kabağı, havuç, patates, soğan, kereviz ve taze zencefili küp halinde doğrayın."", ""Ön hazırlığını yaptığınız malzemeleri tereyağı ve zeytinyağı ile 7-8 dakika kadar soteleyin."", ""Unu ekleyin ve 3-4 dakika kadar daha kavurmaya devam edin."", ""Sıcak su ekleyerek, önce yüksek ateşte, daha sonra altını kısarak kabaklar yumuşayana kadar yaklaşık 30-35 dakika kadar pişirin. Dilerseniz bu noktada sebze suyu veya tavuk suyu da kullanabilirsiniz."", ""Blender yardımıyla çorbayı krema kıvamına getirin."", ""Kısık ateşte 6-7 dakika kadar karıştırarak pişirmeye devam edin. Tuz ve karabiberi ekleyin."", ""Üzerine bir tatlı kaşığı krema ve kabak çekirdeği içi koyarak servis edebilirsiniz. Afiyet olsun!""]"
fb579aae-8c4c-4e8f-91c5-3088d076de24,Ev Yapımı Burger,Turkey,Lezzetli ve sulu ev yapımı burgerler için basit ve hızlı tarif,Ana Yemek,"[""600 gram dana döş kıyma"", ""3 tatlı kaşığı hardal"", ""3 tatlı kaşığı sirke"", ""3 tatlı kaşığı pekmez"", ""3 tatlı kaşığı ekmek kırıntısı"", ""2 çay kaşığı tuz"", ""1 çay kaşığı karabiber"", ""2 yemek kaşığı sıvı yağ (pişirmek için)""]","[""Karamelize soğanı hazırlamak için, piyazlık doğradığınız soğanları bir tavaya alın ve soğanlar suyunu çektikçe 3-4 yemek kaşığı su ekleyin. Soğanlar kahverengi rengini alana kadar sürekli su ekleyip,"", ""Hamburger köftesi için geniş bir kasede kıyma, pekmez, sirke, hardal, ekmek kırıntısı, tuz ve karabiberi çok fazla yoğurmadan, alt üst ederek karıştırın."", ""Karışan hamburger köftesini dört eşit parçaya bölün ve hamburger köftesi şeklini verip buzdolabında yaklaşık 20 dakika kadar bekletin."", ""Domates ve kornişon turşuları dilimleyin."", ""Izgara tavasını önceden ısıtın ve ısındıktan sonra sıvı yağ ile yağlayıp hamburger köfteleri arkalı önlü pişirin."", ""Köfteleri ocaktan almaya yakın cheddar peynirlerini köftelerin üzerine yerleştirin ve eridikten sonra ocaktan alın."", ""Kuru etleri de arkalı önlü yaklaşık 2 dakika kadar pişirin."", ""Hamburger ekmeğinizin içerisine kıvırcık, domates, kornişon turşu, hamburger köftesi, karamelize soğan ve kuru etleri yerleştirin ve sevdiklerinizle afiyetle tüketin.""]"
bfcca11d-6742-4366-9802-804c0d52de60,Pratik Su Böreği,Turkey,Lezzetli ve pratik su böreği tarifi ile misafirlerinize unutulmaz bir sunum yapın,Börek & Hamur İşi,"[""13 adet yumurta"", ""50 gram oda sıcaklığında tereyağı"", ""1,5 tatlı kaşığı tuz"", ""1,5 çay bardağı su"", ""1,5 kg un""]","[""Yumurtamız yağımız ve tuzumuzu elimizle karıştırıyoruz. İyice karışınca unumuzu eklemeye başlıyoruz."", ""Hamur kendini toparlayana kadar un ekliyoruz. Son durumda hamur ele yapışmayan bir hal alır. Yaklaşık olarak 15 dk yoğurmalıyız"", ""Yoğurduğumuz hamuru dinlenmesi için 20 dakika ağzı kapalı bir şekilde köşeye alıyoruz ."", ""Hamur dinlenirken içimizi yapmaya başlıyoruz. Ben iki farklı iç yaptım peynirli ve kıymalı olarak siz dilediğiniz gibi yapabilirsiniz. İlk olarak kıymalı iç için kıymamızı soğanla birlikte kavuruyoruz"", ""İkinci iç olarak da peynirimizi ufalıyoruz. Doğradığımız maydanozuda ekleyip karıştırıyoruz . İkinci içimizde hazır."", ""İçlerimizde hazır olduğuna göre tereyağı ve sıvı yağımızı bir tavada eritmiş bir halde bırakalım. Dilerseniz bu aşamadan sonra böreğimizin hamurunu pişirmede işimize yarayacak suyumuzu kaynatabilirsin"", ""Daha sonra hamurumuzu rahat açabileceğiniz bir yere geçmeniz işinizi kolaylaştırır . Dinlenen hamurumuzu silindirik bir biçimde ince uzun bir hale getirip ekmek dilimler gibi kesiyoruz ki beze yapmamı"", ""Kestiğimiz her bir hamur dilimini beze yapıp( 16 eşit beze) tepsiye alıyoruz."", ""Bir bezemizi alıp tepsimizin boyutunda açıyoruz ve sonra tepsimizin tabanını yağlayıp üzerine direk yerleştiriyoruz."", ""Daha sonra kaynatmış olduğumuz suyu bir tencerenin içine alıp altını açıyoruz . Diğer bezelerimizden herhangi birini açıp dörde bölüyoruz ve kaynayan suyumuzun içine birbirine yapışmayacak şekilde atı"", ""Hemen tezgahımızın yanına süzgeç ve bir kapta soğuk su koyuyoruz . Pişen hamurlarımızı ilk soğuk suya biraz durduktan sonra süzgeçin üzerinde süzülmesini bekliyoruz ."", ""Süzülen hamurları tepsimize orantılı bir biçimde yerleştiriyoruz. Dört tane hamur parçası bir katımızı oluşturuyor. Her katta erittiğimiz yağımızdan azar azar ekliyoruz."", ""Herkesin tepsi boyutuna göre içi koyacağımız kat değişiriz ben kendi isteğime bağlı olarak alt kattaki sayılmayan kuru hamur dahil olmadan beşinci katımda içimi koydum . Herkes sevdiği kalınlığa göre"", ""Kıymalı yapacağım tepsimi de aynı şekilde ayarladım sizde dilediğiniz gibi yapabilirsiniz."", ""İki tepsimizde hazır olduğuna göre sıra pişirmeye geldi. Sıra sıra olarak alt üst ayar 200 derece fırında 35-40 dakika pişiriyoruz. Üzeri tamamen kızarınca fırından alıp oda sıcaklığında hafif ılımaya""]"
e462c7f0-ecc3-4109-bb53-a6e19e0b381e,Kuru İncir Dolması,Turkey,"Zeytinyağı ve sıvı yağda harmanlanan kuru incirlerin lezzetli dolması, pratik ve besleyici bir atıştırmalık",Ana Yemek,"[""500 gram kuru incir"", ""2 yemek kaşığı zeytinyağı"", ""2 yemek kaşığı sıvı yağ"", ""1 adet orta boy soğan"", ""100 gram pirinç"", ""2 yemek kaşığı çam fıstığı"", ""1 çay kaşığı tuz"", ""1 çay kaşığı karabiber"", ""1 çay kaşığı tarçın"", ""1 çay kaşığı yenibahar"", ""1 su bardağı su""]","[""Soğanları yemeklik doğrayın. Tencereye sıvı yağı ve zeytinyağını koyun ve ısıtın. Doğradığınız soğanları tencereye aktarın ve kavurun. Kavrulan soğanların üzerine çam fıstığını ilave edip kavurmaya de"", ""Pirinci yıkayın ve süzdürün. Kavurduğunuz soğan ve fıstığın üzerine pirinçleri de ekleyip kavurma işlemine devam edin. Baharatları pirincin üzerine ilave edin. Son olarak suyunu ekleyin ve tencerenin"", ""Kuru incirlerin üzerini geçecek kadar sıcak su koyun ve incirler biraz yumuşayınca süzün."", ""İncirlerin alt kısmını bıçak yardımıyla açın ve çay kaşığı yardımıyla içlerini dolma iç harcıyla doldurun."", ""Soğuduktan sonra servis edin. Afiyet olsun.""]"
a1088ae4-d3c5-4f8d-8d23-7a25e9b9408a,Ev Yapımı Cips,Turkey,Ev yapımı cips tarifi ile lezzetli ve sağlıklı atıştırmalıklar hazırlayın. Çıtır çıtır cipsleri sadece 5 adımda kolayca yapabilirsiniz,Ana Yemek,"[""2 adet yufka"", ""1/2 çay bardağı zeytinyağı"", ""1/2 çay bardağı su"", ""1 yemek kaşığı domates salçası"", ""1 çay kaşığı karabiber"", ""1 çay kaşığı kırmızı toz biber"", ""1 çay kaşığı kekik"", ""1 çay kaşığı tuz (isteğe göre)"", ""1 çay kaşığı mavi haşhaş tohumu (üzeri için)""]","[""Sosu için salça, su, zeytinyağı ve baharatları bir kaseye alıp karıştırıyoruz. Baharatların aromasının sosa daha iyi geçmesi için 1 saat kadar buzdolabında bekletebilirsiniz."", ""Bir yufkayı tezgaha serip bu sostan fırça yardımıyla yarım yufkanın tüm yüzeyine sürüyoruz. Kalan yarısını üzerine katlayıp elimizle hafifçe bastırarak katların birbirine yapışmasını sağlıyoruz."", ""Üst yüzeye tekrar sos sürüyoruz. Yufkanız çok ince değilse ters çevirip alt yüzeye de hafifçe sos sürebilirsiniz."", ""Yufkayı 4-5 cm lik karelere kesiyoruz. Sonra her kareyi üçgen oluşturacak şekilde iki parçaya kesiyoruz."", ""Yağlı kağıt serilmiş tepsiye tek sıra halinde dizip, isteğe göre üzerine haşhaş tohumu serpiyoruz. 150 derece fırında kızarıp kuruyup sertleşene kadar pişiriyoruz.""]"
de8aef91-9ab4-4e99-b6d1-b47ec598342c,Soslu Elmalı Kek,Turkey,"Yoğurt ve sıvı yağ ile hazırlanan yumuşacık soslu elmali kek, çay saatlerinin vazgeçilmezi",Tatlı,"[""1 su bardağı sıvı yağ"", ""1 su bardağı yoğurt"", ""1 su bardağı şeker"", ""1 paket vanilin"", ""3 adet yumurta"", ""2 su bardağı un"", ""1 paket kabartma tozu"", ""2 adet elma"", ""2 yemek kaşığı kuru üzüm (sıcak suda ıslatılmış)"", ""2 yemek kaşığı fındık kırığı""]","[""Karıştırma kabına sıvı yağ, yoğurt, şeker ve vanilyayı alarak şeker eriyene kadar çırpın."", ""Krema şeklinde hazırladığınız karışımdan 1 su bardağı kadarını sos olarak kullanmak için ayırın."", ""Kalan karışıma yumurtaları ekleyin ve çırpın."", ""Unu ve kabartma tozunu eleyerek ekleyin ve koyu kıvamlı bir karışım olana dek karıştırın."", ""Elmaların kabuklarını soyun ve ince dilimler halinde kesin. Yuvarlak bir tepsiye kek hamurunu boşaltın ve elmaları üzerine dizin."", ""Üzerine kuru üzümleri ve fındıkları serpin."", ""Önceden ısıtılmış 180 derece fırında 30-40 dakika boyunca kontrollü şekilde pişirin."", ""Pişen keki fırından çıkarın ve oda sıcaklığında soğumaya bırakın."", ""Soğuyan kekin üzerine ayırdığınız sosu dökün ve bir kaşıkla yayın."", ""Dilimleyerek servis edin ve sevdiklerinizle paylaşın. Afiyet olsun!""]"
aa4b4ad6-d1de-46f6-ba38-a7a69a167eb4,Detoks Suyu,Turkey,Vücudunuzu arındıracak ferahlatıcı ve vitamin dolu detoks suyu,Et Yemekleri,"[""1 adet orta boy yeşil elma"", ""1/2 adet limon"", ""1/2 adet lime (yeşil limon)"", ""2 adet çubuk tarçın"", ""1 litre su (ılık)""]","[""Suyu bir sürahiye alın ve üzerine tarçını ekleyin. Biraz bekletin."", ""Üzerine naneyi, yeşil elma dilimlerini, limon dilimlerini ve lime dilimlerini ekleyin."", ""Son olarak zencefili ilave edin. Güzelce karıştırın."", ""Detoks suyunuz hazır. Nar ya da çilek gibi kırmızı meyveler ile süsleyebilirsiniz. Afiyet olsun!""]"
cef35234-858a-4c15-b04c-a699ac21da5b,Tartolet,Turkey,"Tartolet, kıtır hamurun içindeki krema veya meyve dolgusuyla servis edilen minik tatlı bir hamur işidir",Et Yemekleri,"[""150 gram oda sıcaklığında margarin"", ""1/2 su bardağı toz şeker"", ""1 adet yumurta"", ""3 su bardağı un"", ""1 paket vanilya""]","[""İlk önce kremamızı hazırlayalım. Belirtilen tüm malzemeler vanilya, yağ ve toz krem şanti hariç, tencereye alalım kıvam koyulaşana dek karıştıralım."", ""Kaynamaya yakın vanilya ve margarini ekleyelim."", ""Daha sonra ocaktan alıp, toz krem şantiyi de ekleyerek mikserle 2-3 dakika boyunca çırpalım ve soğumaya bırakalım."", ""Hamur için ilk aşamada derin bir kaba yumuşak margarin ve yumurtayı alalım krem kıvamına gelene dek karıştıralım."", ""Ardından şekeri ilave edelim ve karıştırmaya devam edelim."", ""Şeker eridikten sonra unumuzu ve vanilyamızı da ilave ederek ele yapışmayacak yumuşak kıvamda bir hamur elde edelim."", ""Ceviz büyüklüğünde parçalar alıp yuvarlayıp yağladığımız tartolet kalıbına alalım altlı üstlü çevirerek kızarıncaya dek pişirelim."", ""Tartoletlerimiz soğuyunca hazırladığımız kremayı sıkma torbası yardımı ile dolduralım."", ""Üzerini arzu ettiğiniz mevsim meyveleri ile süsleyebilirsiniz. Afiyet olsun.""]"
9d08dead-ceb3-4afe-9cae-d15d50516f26,Çikolatalı Mousse,Turkey,"Kremamsı ve hafif dokusuyla çikolatalı mousse, özel günlerin vazgeçilmez tatlısı",Tatlı,"[""180 gram bitter çikolata"", ""1/2 su bardağı süt"", ""1 yemek kaşığı (tepeleme) tereyağı"", ""1 adet yumurta sarısı"", ""200 mililitrekrema""]","[""Çikolata, süt ve tereyağını benmari usulü eritin."", ""Çikolata eridikten sonra yumurta sarısını ekleyip hızlıca 1 tur karıştırıp ocaktan alın."", ""1 saat öncesinden buzlukta beklettiğiniz kremayı iyice köpürene kadar çırpın."", ""Soğuyan çikolatayı yavaş yavaş kremaya döküp dıştan içe doğru karıştırın."", ""Sunum kuplarına doldurup 1 saat dolapta bekletin. Dilediğiniz gibi servis edebilirsiniz. Afiyet olsun.""]"
fee77d63-7916-4605-866c-7a36f7c624b7,Glutensiz Raw Kurabiye,Turkey,"Sağlıklı ve glutensiz raw kurabiye tarifi, pişirmeden hazırlanır",Tatlı,"[""2,5 su bardağı Hindistan cevizi"", ""3 adet olgun muz"", ""2 tatlı kaşığı kakao"", ""3 tatlı kaşığı fıstık ezmesi"", ""1 çay kaşığı vanilya"", ""1/2 adet portakal kabuğu rendesi""]","[""Hepsini karıştır ve homojen olana kadar yoğur. Ceviz büyüklüğünde toplar yaparak dolapta beklet."", ""Benmari usulü erittiğin çikolataya topları batır ve donması için yağlı kağıt serilmiş tabağa koyup tekrar dolaba al. Portakal kabuğu rendesi serpiştirerek servis edebilirsiniz. Afiyet olsun.""]"
1cb1d482-e670-41e6-aa46-4aa53144ddee,Kruvasan Pişi,Turkey,Geleneksel pişi lezzetini kruvasan dokunuşuyla birleştiren pratik ve nefis bir tarif,Ana Yemek,"[""1,5 su bardağı ılık su"", ""1 su bardağı ılık süt"", ""2 yemek kaşığı şeker"", ""2 tatlı kaşığı tuz"", ""1 paket toz maya (yaş mayada olur)"", ""4,5 su bardağı un (aldığı kadar)"", ""1 su bardağı sıvı yağ (kızartmak için)""]","[""Ilık süt ile maya 5 dakika bekletilir."", ""Tuz, su, şeker ve un eklenerek hafif ele yapışan bir hamur yoğurulur. 40 dakika mayalanmaya bırakılır."", ""Mayalanan hamur ikiye bölünür. Daire şekilde merdaneyle açtıktan sonra 8 parçaya bölünüp sigara böreği gibi sarılır."", ""Kızgın yağda kızartılır. Afiyet olsun.""]"
d89b007a-8d28-45a2-9b0e-4543c0c20f9d,100 Gram Kıyma ile Alinazik,Turkey,100 gram kıyma ve patlıcan ile lezzetli ve pratik alinazik tarifi,Et Yemekleri,"[""2 adet büyük boy patlıcan"", ""100 gram kıyma"", ""1 adet soğan (ince kıyılmış)"", ""1 adet biber"", ""1 yemek kaşığı salça"", ""2 yemek kaşığı sıvı yağ"", ""1 su bardağı süzme yoğurt"", ""1 çay kaşığı tuz"", ""1 çay kaşığı karabiber""]","[""Patlıcanların dışını hafifçe yağlayın ve bir tepsiye alın. 190 derece fansız ayarlı fırında közlenene kadar pişirin."", ""Kıymaları bir tencereye alın ve orta ateşte kavurmaya başlayın. Rengi dönünce yağ, ince kıyılmış soğan ve biberi ekleyip karıştırın."", ""Ardından salça ve baharatları ekleyerek kavurmaya devam edin. Tamamen piştiğini görünce altını kapatın ve maydanozu ekleyin."", ""Pişen patlıcanları fırından alın, kabuklarını soyun ve bıçak ile püre haline getirin."", ""Tavaya alarak ısınması için biraz çevirin."", ""Süzme yoğurdu çırpın ve patlıcan ile karıştırıp servis tabağınıza alın."", ""Üzerine kıymalı harcı da döktükten sonra Alinazik yemeği hazır. Afiyet olsun!""]"
5f27fb6b-5402-480e-9d1b-ef084dcd92de,Yıldız Şehriye Salatası,Turkey,"Pratik ve lezzetli yıldız şehriye salatası, ferin turşu ve kapya biberle harmanlanmış hafif bir atıştırmalık",Salata,"[""1 su bardağı yıldız şehriye"", ""4 adet kornişon turşu"", ""1 adet kapya biber"", ""3 yemek kaşığı zeytinyağı"", ""1 adet limonun suyu""]","[""Yıldız şehriyeleri paketin üzerinde yazıldığı şekilde haşlayın, süzün ve soğumaları için bir kenara alın."", ""Soğumuş olan yıldız şehriyeleri derince bir kaba alın. Üstlerine ince doğranmış taze soğanları, suyunu süzüp yıkadığınız konserve mısırı, küp küp doğradığınız turşuları, ince ince kıydığınız maydanozl"", ""Yağını, tuzunu ve limon suyunu da ekledikten sonra güzelce karıştırın ve servis kaselerine alıp servis edin.""]"
87ee6d0c-06d7-4699-b58a-60e1137ecf6a,Yalancı Puf,Turkey,Pratik ve lezzetli tatlı tarifi. Hindistan cevizli krema ile hazırlanan ferahlatıcı bir tat,Ana Yemek,"[""2 paket toz krem şanti"", ""1 su bardağı soğuk süt"", ""1 su bardağı Hindistan cevizi"", ""1 paket yulaflı bisküvi"", ""2-3 paket pasta süsü (arzuya göre)""]","[""Toz krem şantiyi sütle çırpıp iyice köpürtelim."", ""Katılaşınca Hindistan cevizi ekleyip bir saat buzdolabında bekletelim."", ""Katılaşan harcı elimizde yuvarlayıp pasta süslerine batıralım. Yulaflı bisküvilerin üzerine yerleştirelim. Afiyet olsun.""]"
e3a65336-b745-4dc8-8dca-96cb8c6b5e6c,Kısır,Turkey,"Geleneksel Türk mezesi kısır, ince bulgur ve taze sebzelerle hazırlanan lezzetli bir sofralık",Ana Yemek,"[""2 su bardağı ince bulgur"", ""1,5 su bardağı sıcak su"", ""2 yemek kaşığı domates salçası"", ""1 çay bardağı zeytinyağı"", ""1 tatlı kaşığı tuz"", ""1 tatlı kaşığı pul biber"", ""2 adet limon suyu"", ""1/2 çay bardağı nar ekşisi (arzuya göre)""]","[""2 su bardağı ince bulguru geniş bir kaseye alın. Üzerine 1,5 su bardağı sıcak suyu ekleyin."", ""Streç film ile üzerini kapatıp bulgurların şişmesini bekleyin. Bulgurlar şiştikten sonra tane tane olması için güzelce karıştırın."", ""Üzerine 2 yemek kaşığı domates salçası ve 1 çay bardağı zeytinyağını ekleyin. Daha sonra 1 tatlı kaşığı tuz, 1 tatlı kaşığı pul biber, 2 limonun suyu ve yarım çay bardağı nar ekşisini de ekleyin."", ""Son olarak doğradığınız 6 dal taze soğanı, yarım demet taze nane ve maydanozu da ekleyip karıştırdıktan sonra kısır servise hazır."", ""Yanında marul yaprakları ya da dilediğiniz malzemelerle servis edebilirsiniz. Afiyet olsun!""]"
55ec2d0f-b182-4eaf-a73e-d207906221a3,Portakallı İrmik Tatlısı,Turkey,"Portakallı irmik tatlısı, hafif ve ferah lezzetiyle damakları şenlendiren pratik bir tatlı seçeneğidir",Tatlı,"[""2 su bardağı süt"", ""3 yemek kaşığı irmik"", ""1 yemek kaşığı bal"", ""1 adet portakal kabuğu rendesi""]","[""Süt, irmik ve portakal kabuğu rendesini karıştırıyoruz, kıvam alana kadar ocakta kaynatıyoruz."", ""Biraz ılıyınca balı ilave ediyoruz."", ""Sosu için portakal suyunu ve nişastayı karıştırıp kıvam alana kadar pişiriyoruz."", ""Süsleme için robotta çektiğiniz bademleri kullanabilirsiniz. Afiyet olsun.""]"
f88a52f3-6164-48d6-874f-b0349cb05a1d,Balon Bazlama,Turkey,Hafif ve kabarık balon bazlama için pratik tarif. Mayalı hamurunuzu hazırlayıp pişirin,Ana Yemek,"[""5 su bardağı un"", ""1 paket kuru maya"", ""2 su bardağı ılık su"", ""3 yemek kaşığı zeytinyağı"", ""2 tatlı kaşığı toz şeker"", ""2 silme tatlı kaşığı tuz""]","[""Bütün malzemeleri bir kaba alıp ele yapışan bir hamur elde edene kadar yoğurun."", ""Daha sonra su ile hamuru toparlayıp üzerini bir bezle kapatıp 1 saat mayalandırın."", ""10-11 tane beze elde edin ve açın."", ""Tavada bir süre pişirdikten sonra servis edebilirsiniz. Afiyet olsun.""]"
fecd5a35-044c-4bb9-b313-9d346e6fc70f,Bal Kabaklı Muhallebi,Turkey,"Tatlı ve kremsi bal kabaklı muhallebi, soğuk olarak servis edilen lezzetli bir tatlıdır",Tatlı,"[""1 kilogram kabak"", ""3 su bardağı toz şeker"", ""1 litre süt"", ""1 su bardağı ceviz içi""]","[""Öncelikle bal kabaklarını klasik usulde pişirerek işe başlayabilirsiniz. Akşamdan şekere basarsanız daha güzel ve kıvamlı olacaktır."", ""Muhallebisi için; süt,un ve şekeri tencereye alalım. Çırpıcı yardımıyla kızık ateşte kıvamını alana kadar pişirelim."", ""Muhallebi soğuyunca içine kremşantiyi ekleyip 5-10 dakika kadar çırpalım."", ""Kabaklarımızın yarısını (ezilenlerden olursa daha iyi olur) içine cevizleri de ekleyerek robottan geçirelim."", ""Hepsini birleştirip, dolapta bir süre soğutun. Afiyet olsun.""]"
3388c6c6-1d95-4a28-a831-9a11d797980d,Pratik Hızlı Çiğ Köfte,Turkey,Pratik ve hızlı bir şekilde hazırlayabileceğiniz lezzetli çiğ köfte tarifi,Ye,"[""1,5 su bardağı köftelik esmer bulgur"", ""1 su bardağı kaynar su"", ""1/2 çay bardağı kaynar su"", ""1/2 çay bardağı zeytinyağı"", ""1/2 çay bardağı nar ekşisi"", ""1/2 adet soğan"", ""1 yemek kaşığı isot"", ""1 çay kaşığı karabiber"", ""1 çay kaşığı pul biber"", ""2-3 çay kaşığı tuz""]","[""Bulguru bir kaba koyup üzerine suyu ekleyin. 10-15 dakika ağzı kapalı bekletin."", ""Bulgurları beklerken bir kaba bütün malzemeleri koyup karıştırın. Son olarak bulgurla birleştirin ve rondoda çekin. Afiyet olsun.""]"
98712252-960c-4b4b-ac7d-0831661c10c3,Tepsi Kebabı,Turkey,"Kıyma, ceviz ve soğanın harmanlanmasıyla hazırlanan lezzetli Tepsi Kebabı, fırında pişirilen pratik ve doyurucu bir ana yemektir",Ye,"[""1/2 kilogram kıyma"", ""1 su bardağı ceviz içi (iri çekilmiş)"", ""1 adet büyük boy soğan"", ""1 adet yumurta"", ""1 yemek kaşığı biber salçası"", ""1 yemek kaşığı domates salçası"", ""1,5 çay bardağı su"", ""1 adet domates"", ""1 adet yeşil biber""]","[""Kıyma, ceviz, soğan, sarımsak, maydanoz, yumurta ve baharatları güzelce harmanlayıp köfte yoğuruyoruz."", ""Kare borcama yayıyoruz. Üzerine salçaları ve suyu karıştırarak sos hazırlayıp sürüyoruz."", ""Domates ve biberlerle süsleyip önceden ısıtılmış 180 derecelik fırında pişiriyoruz. Hepsi bu kadar."", ""Yanına isterseniz patates püresi isterseniz pirinç pilavı. Size kalmış. Afiyetle...""]"
a17e5a7b-e6c3-46b8-b0e6-2136904c6359,Sahanda Yumurta,Turkey,"Tereyağında pişirilen lezzetli sahanda yumurta, kahvaltıların vazgeçilmezi",Ye,"[""1 yemek kaşığı tereyağı"", ""2 adet yumurta"", ""Etimek Tatlısı Tarifi"", ""Damla Çikolatalı Kurabiye"", ""Tatlı Tarifleri Spoonful Mozaik Pasta Çikolatalı Sufle İrmik Helvası Fırın Sütlaç Profiterol Revani Magnolia"", ""Kahvaltılık Tarifler Pancake Krep Pişi Kuymak Kaygana Kahvaltılık Sos Menemen Muhlama Yumurtalı Ekmek Omlet"", ""Omlet""]","[""Sahanı ocağa alın ve birkaç dakika ısıtın. Ardından tereyağını ekleyin."", ""Tereyağı eridikten sonra tuzu ekleyin."", ""Yumurtaların sarısının dağılmaması için yavaşça ekleyin, tuz serpin ve yumurtaları pişirmeye bırakın. Daha pişmiş tercih ederseniz bu aşamada üzerine kapak kapatarak da pişirebilirsiniz."", ""Arzuya göre üzerine son aşamada pul biber ya da sevdiğiniz baharatları serpebilirsiniz. Afiyet olsun!""]"
58c2cd8e-8cf6-4681-a1f4-db01af2a847b,Karamelli Elmalı Kek,Turkey,"Tereyağlı kek tabanı ve karamelize elma dilimleriyle hazırlanan, çay saatlerinin vazgeçilmezi lezzetli bir kek",Ye,"[""3 adet yumurta"", ""125 gram tereyağı"", ""2 yemek kaşığı süt"", ""1 su bardağı toz şeker (kırmızı elma kullanacaksanız şeker miktarını biraz azaltabilirsiniz)"", ""1 paket kabartma tozu"", ""1 paket vanilya"", ""1+3/4 su bardağı iri çekilmiş ceviz içi"", ""2 su bardağı un""]","[""Öncelikle karameli hazırlayın. Çelik bir tencereye toz şekeri yayıp tamamen eriyene kadar hiç karıştırmadan ocakta tutun (çok pişirmeyin şekeri acılaşır)."", ""Eriyince kremayı ekleyin ve karıştırın. Tereyağı ve tuzu da ekledikten sonra sürekli karıştırarak yeniden şekerin tamamen erimesini bekleyin."", ""Ocağı kapattıktan sonra 1 paket vanilya ekleyip karıştırın."", ""Kekin kalıbını yağladıktan sonra tabana elmaları dizin."", ""Elmaların her yerine gelecek şekilde karameli dökün."", ""Kek için tereyağı ve şeker krema kıvamına gelene kadar çırpın."", ""Sütü ve teker teker yumurtaları ekleyip çırpın."", ""Vanilya, kabartma tozu ve unu da ekleyip karıştırın."", ""İçine tarçın, kup kesilmiş elmayı ve cevizi ekleyip kaşıkla karıştırın."", ""Karışımı karamelli elmaların üzerine dökün. Önceden ısıtılmış 175 derecelik fırında pişirin. Afiyet olsun.""]"
87028802-096b-4099-8c0b-74da8bf597a0,Güllaç,Turkey,"Ramazan'ın vazgeçilmez tatlısı güllaç, hafif ve ferahlatıcı lezzetiyle sofralarınızı şenlendirir",Ye,"[""1 paket güllaç yaprağı"", ""1 litre süt"", ""2 su bardağı toz şeker"", ""1/2 su bardağı fındık içi""]","[""Süte şekeri ilave edip kaynamaya bırakıyoruz."", ""Kaynayan sütle güllaç yapraklarını ıslatıyoruz."", ""Yarısına gelince fındık içini atıyoruz."", ""Üzerine kalan güllaç yapraklarını koymaya devam ediyoruz."", ""Kalan sütü üstüne döküyoruz. Biraz soğumasını bekliyoruz."", ""Üzerini dilediğimiz gibi süsleyebiliriz. Afiyet olsun.""]"
9c09c274-f7ac-48d7-af7e-9fc582f801c1,Kakaolu Fit Puding,Turkey,"Sağlıklı ve lezzetli kakaolu fit puding, şekersiz fıstık ezmesiyle zenginleştirilmiş hafif bir tatlı seçeneği",Ye,"[""500 mililitresüt"", ""25 gram kakao"", ""30 gram fıstık ezmesi (şekersiz)"", ""100 gram hurma (çekirdeksiz)"", ""10 gram yulaf unu"", ""2 yemek kaşığı Hindistan cevizi (süslemek için)""]","[""Ufak bir tencerede süt, hurma, kakao, fıstık ezmesi ve tarçını hurmalar yumuşayana kadar kaynatın."", ""Karışımı blenderden geçirip yulaf ununu ekleyin, hafif koyulaşana kadar kaynatın ve servis kaselerine paylaştırın."", ""Oda sıcaklığına gelen pudingleri buzdolabına kaldırıp soğutun. Servis ederken az miktarda Hindistan cevizi ekleyebilirsiniz.""]"
d1c87f59-4c61-4754-97ec-393f7aef5473,Erik Suyu,Turkey,Taze kırmızı eriklerin ve tarçının harika birleşimiyle hazırlanan ferahlatıcı ve doğal bir içecek,Ana Yemek,"[""15-20 adet kırmızı erik"", ""2 litre su"", ""1 adet çubuk tarçın"", ""1,5 çay bardağı şeker""]","[""Erikleri yıkayıp çizik atalım. Uygun bir tencerede üzerine suyu ekleyerek erikler yumuşayana kadar pişirelim."", ""Tarçını ekleyelim. Ocaktan almaya yakın şekeri ekleyip soğumaya bırakalım."", ""Dilediğiniz gibi servis edebilirsiniz. Afiyet olsun.""]"
db9da403-c378-44e6-8d93-60e6d21cde2c,Tavuk Kebap,Turkey,"Lezzetli baharatlarla marine edilmiş tavukların ızgarada mükemmel pişmiş hali. Sofraların vazgeçilmez lezzeti olan tavuk kebap, hem pratik hem de doyurucu bir ana yemek seçeneği",Tavuk Yemekleri,"[""3 adet tavuk göğsü"", ""1 adet rendelenmiş soğan"", ""2 tatlı kaşığı toz kırmızı biber"", ""1 adet kapya biber (ince doğranmış)"", ""1 çay kaşığı karabiber"", ""1 tatlı kaşığı tuz"", ""1/2 çay bardağı galeta unu""]","[""Tavukları mutfak robotundan geçerek kıyma haline getirin."", ""İçine diğer malzemeleri ekleyin."", ""Elinizi ıslatarak kıymayı şişlere dizin."", ""Az yağda önlü arkalı kızartın."", ""Ardından servis edin. Afiyetler olsun.""]"
ffa1fe15-71f3-4422-9440-db8416009569,Fit Toplar,Turkey,"Sağlıklı ve lezzetli fit toplar, tahin ve bitter çikolata ile hazırlanan pratik bir atıştırmalık",Ye,"[""200 mililitretahin"", ""60 gram bitter çikolata"", ""1 adet yumurta"", ""2 tepeleme yemek kaşığı yulaf"", ""1 yemek kaşığı toz şeker""]","[""Tahini ve yumurtayı bir kaba alıp karıştırıyoruz."", ""Üzerine yulafı ben ince ince doğradığımız çikolatayı ekliyoruz ve biraz daha karıştırıyoruz."", ""Şekeri de ekleyip karıştırıyoruz."", ""Hazırladığımız karışımı elimizle sıkıp şekil vererek yağlı kağıt serilmiş tepsiye diziyoruz."", ""Son olarak 160 derece fırında 15-16 dakika kontrollü şekilde pişiriyoruz. Afiyet olsun.""]"
fa02164a-5bfd-47f0-982a-a903e7b5cb2a,Havuçlu Pirinç Mücveri,Turkey,"Havuç ve haşlanmış pirinçle hazırlanan, yumuşak dokulu ve lezzetli bir mücver tarifi",Ana Yemek,"[""2 adet rendelenmiş havuç"", ""1 su bardağı pirinç (haşlanmış)"", ""3 adet yumurta"", ""100 gram rendelenmiş kaşar peyniri"", ""1 tatlı kaşığı tuz"", ""1 çay kaşığı pul biber"", ""1 çay kaşığı karabiber"", ""1 tatlı kaşığı nane""]","[""Karıştırma kabına havuç, pirinç, maydanoz, un, yumurta, kaşar peyniri, tuz ve baharatlar eklenip harmanlanır."", ""Tavaya sıvı yağ eklenir ve kızınca kaşık yardımıyla mücverler konulur ve kısık ateşte arkalı önlü pişirilir."", ""Sosu için yoğurt, sarımsak ve reyhan karıştırılır."", ""Kızartılan mücverler yoğrut sos ile servis yapılır. Afiyet olsun.""]"
4a624966-a79a-4478-93ac-92d26a268222,Kereviz Mücver,Turkey,"Lezzetli ve pratik kereviz mücver tarifi, sofralarınıza taze bir soluk getiriyor",Ana Yemek,"[""2 adet orta boy kereviz"", ""1 adet orta boy patates"", ""2 adet yumurta"", ""4 yemek kaşığı un"", ""1 çay kaşığı tuz"", ""1 çay kaşığı karabiber"", ""1 çay kaşığı pul biber""]","[""Kerevizleri ve patatesi soyup rendeleyin, fazla suyunu sıkın."", ""Taze soğan ve dereotunu ince ince kıyarak kereviz ve patateslere ekleyin."", ""Yumurta, un, tuz ve baharatları ekleyip güzelce karıştırın."", ""Sıvı yağı geniş bir tavaya alarak kızdırın."", ""Hazırladığınız karışımdan kaşıkla alarak kızgın yağa bırakın ve hafifçe bastırarak şekil verin."", ""İki tarafını da güzelce kızartıp afiyetle tüketin.""]"
a67ca4d9-664f-4575-988b-6ef023c9bf79,Bol Soslu Islak Kek,Turkey,"Mis gibi kokan, bol soslu ve yumuşacık dokusuyla damakları çiğnemeden eriten ıslak kek tarifi",Tatlı,"[""4 adet yumurta"", ""1 su bardağı sıvı yağ"", ""1 su bardağı süt"", ""1 su bardağı şeker"", ""2 paket kabartma tozu"", ""1 paket vanilya"", ""2 yemek kaşığı kakao"", ""1,5 su bardağı un""]","[""Karıştırma kabına yumurta ve şekeri alıp güzelce köpürene kadar çırpıyoruz. Ardından sıvı yağı ve sütü ilave edip çırpmaya devam ediyoruz."", ""Daha sonra kabartma tozu,kakao, vanilya ve unu ilave edip tahta kaşık yardımıyla yavaş yavaş karıştırıyoruz."", ""Yağlamış olduğumuz fırın kabına boşaltıp önceden ısınmış 180 derece fırında pişiriyoruz. Kekimiz pişerken diğer taraftan da sosunu hazırlıyoruz."", ""Sosu için olan bütün malzemeleri tencereye alıp şeker eriyene kadar ocokta karıştırıyoruz."", ""Fırından çıkan kekimizi dilimleyerek sosumuzu üzerine gezdiriyoruz. Afiyet şifa olsun.""]"
ee35f3b4-c3c4-493b-b9e0-d1e8282f8933,Bayat Ekmekten Yumurtalı Ekmek,Turkey,Bayat ekmeği değerlendirmek için harika bir tarif. Yumurta ve kaşar peyniriyle lezzetlenen bu pratik kahvaltıyı seveceksiniz,Börek & Hamur İşi,"[""1 adet yumurta"", ""1 tatlı kaşığı margarin"", ""1/2 su bardağı rendelenmiş kaşar peyniri"", ""1 yemek kaşığı sıvı yağ""]","[""İlk önce bir tabağa yumurta, rendelenmiş kaşar peynir ve beyaz peyniri koyalım."", ""Azıcık da tuz ekleyin ve çırpın."", ""Ardından yağlanmış tepsiye dilimlenmiş ekmekleri dizin ve üzerine karışımı dökün."", ""Üzerine fazla margarin sürmeyiniz. 180 derecede üzeri kızarana kadar pişirin. Afiyet olsun.""]"
3ab8d7d0-e0f6-48c7-abe4-41011e3ce80a,İtalyan Merengli Mikrodalga Keki,Turkey,"Hızlı ve pratik mikrodalga kek tarifi, İtalyan mereng lezzetiyle buluşuyor",Tatlı,"[""1 çay bardağı süt"", ""3 yemek kaşığı eritilmiş tereyağı"", ""3 yemek kaşığı toz şeker"", ""3 yemek kaşığı un"", ""3 yemek kaşığı Hindistan cevizi"", ""1/4 çay kaşığı kabartma tozu"", ""1 çay kaşığı vanilin""]","[""Kek malzemelerinin hepsini blenderdan geçirin."", ""Mikrodalga fırına uygun fincan ya da kaplarınızı hafifçe yağlayın ve kapların yarısına gelecek şekilde harcı paylaştırın."", ""Kekleri mikrodalga fırında 2,5-3 dakika pişirin."", ""Fırından çıkan keklerin üzerine merengi paylaştırın ve pürmüzle hafifçe yakıp servis edin. Afiyet olsun.""]"
5fd8e66b-3c59-4dda-b37e-e9dff4c9b02d,Havuçlu Patates Salatası,Turkey,"Lezzetli ve sağlıklı havuçlu patates salatası, ferahlatıcı limonlu sosu ile tam bir ziyafet",Salata,"[""1 kilogram patates"", ""2 adet orta boy havuç"", ""1/2 adet limon suyu"", ""4 yemek kaşığı zeytinyağı""]","[""Patateslerin kabuğunu soyarak haşlayın."", ""Haşlanan patatesleri küp şeklinde doğrayın."", ""Rendelenmiş havuç, ince kıyılmış maydonoz ve baharatları ekleyin."", ""Güzelce harmanlayın. Servis edeceğiniz zaman limon ve zeytinyağı ekleyin.""]"
93f76d3e-bb5f-42b9-b105-453759d42f98,Patates Omleti,Turkey,"Lezzetli ve doyurucu patates omleti, kahvaltıların ve hafif akşam yemeklerinin vazgeçilmezi",Et Yemekleri,"[""4 adet orta boy patates"", ""2 adet yumurta"", ""2 yemek kaşığı mısır unu"", ""1 tatlı kaşığı tuz"", ""1 çay kaşığı pul biber"", ""1 çay kaşığı karabiber""]","[""Patatesler soyulur, rendelenir."", ""Çıkan suyu iyice el yardımı ile sıkılır."", ""Yumurta, maydanoz ve baharatları ekleyin."", ""Mısır unu da ekleyip iyice karıştırılır."", ""Tavanın tabanı kadar zeytinyağı ekleyin ve harcın yarısını tavanın tabanına yayın."", ""Orta ateşte 5 dakika pişirin. Ara katına rende kaşar ekleyin."", ""Harcın kalanını kaşarın üzerine yayın."", ""Tavanın kapağı ile ters düz yapıp çevirin ve üstte kalan yüzünü de kızartın. Dilediğiniz gibi servis edebilirsiniz. Afiyet olsun.""]"
90d15275-e3d9-49be-82e2-c66356ac66d5,Amerikan Cookie,Turkey,"Geleneksel Amerikan tarzı, çıtır kenarlı ve yumuşak içli lezzetli kurabiye",Ana Yemek,"[""125 gram tereyağı"", ""1 su bardağı toz şeker"", ""2 yemek kaşığı pekmez (veya esmer şeker)"", ""1 silme yemek kaşığı nişasta"", ""1/2 silme çay kaşığı karbonat"", ""1/2 çay kaşığı tuz"", ""1 paket vanilya"", ""1 adet yumurta"", ""2 su bardağı un (gerekirse 1-2 yemek kaşığı ilave edilebilir)"", ""80 gram bitter çikolata (beyaz çikolata karışık)"", ""3-4 adet çikolatalı bisküvi""]","[""Tereyağı kısık ateşte erittim ve ılınması için bekledim. Şekeri ilave ederek 1-2 dakika çırpma teliyle çırptım. Yumurtayı da içine kırarak yedirdim."", ""Pekmez, vanilya, tuz, karbonat, nişastayı da ekleyip çırpmaya devam ettim. Unu da ekleyerek tahta bir kaşıkla güzelce yedirdim."", ""Hamuru ikiye ayırıp yarısına kıyılmış çikolataları diğer yarısına da bisküvi parçaları ekledim. 15-20 dakika buzdolabında dinlendirdim."", ""Dondurma kaşığıyla şekil verip hafif üzerini bastırarak fırın tepsisine dizdim. Ben bu defa küçük yaptığım için tepsiye 9 adet dizdim."", ""Eğer büyük yapacaksanız 5 tane dizmekte fayda var yoksa pişerken birleşebilir. 180 derecelik fırında 13-15 dakika arası pişirip fırın telinin üzerine dizdim. Afiyet olsun.""]"
58d67cad-da08-4d7c-8bd7-96efc20602b2,San Sebastian Cheesecake,Turkey,"İspanyol mutfağının ünlü cheesecake'i, kremalı dokusu ve yakılmış üst yüzeyiyle damaklarda unutulmaz bir tat bırakıyor",Ana Yemek,"[""800 gram beyaz peynir"", ""1 su bardağı (6 yemek kaşığı fazla) şeker"", ""3-4 damlavanilya esansı"", ""4 adet yumurta"", ""2 yemek kaşığı un""]","[""Krem peyniri biraz çırptıktan sonra şekeri ekliyoruz ve tekrar çırpıyoruz."", ""Kremaları ekliyoruz, şekerler eriyene kadar çırpmaya devam ediyoruz."", ""Daha sonra yumurtaları tek tek ekliyoruz. Her ekleyişte rengi gidene kadar çırpıyoruz."", ""En son un ve vanilyayı ekliyip tekrar karıştırıyoruz güzelce."", ""Yağlı kağıt serdiğimiz 23 cm'lik kelepçeli kalıba döküyoruz."", ""Döktükten sonra hava kabarcıkları için birkaç defa kalıbı tezgaha vuruyoruz."", ""230 derece fırında alt-üst ayarda, 15 dakika sonra fanlı ayarda 5-6 dakika pişiriyoruz (üstünün kızarması önemli). Afiyet olsun.""]"
b5c5947e-d3a3-447c-a838-306a4650e130,Naneli Semizotu Salatası,Turkey,"Taze semizotunun ferahlatıcı nane ile buluştuğu, yaz aylarına özel hafif ve lezzetli bir salata",Salata,"[""1 adet soğan"", ""1 çay kaşığı tuz"", ""1 tatlı kaşığı nar ekşisi"", ""1-2 yemek kaşığı zeytinyağı""]","[""Sirkeli suda bekletip toprağından arındırdığımız semizotunu, taze naneyi ve soğanı doğruyoruz."", ""Tuzu ve nar ekşisini ilave edip, en son zeytinyağını da ekleyip servis ediyoruz. Afiyet olsun.""]"
f8ff7ce2-520a-4da6-a816-0706878a6a13,Tarçınlı Misket Kurabiye,Turkey,"Tarçınlı misket kurabiye, dışı çıtır içi yumuşak dokusuyla damaklarda unutulmaz bir tat bırakır",Tatlı,"[""200 gram tereyağı (oda sıcaklığında)"", ""1 su bardağı pudra şekeri"", ""2 su bardağı un"", ""1 paket vanilin"", ""1 çay kaşığı tarçın"", ""1/2 çay kaşığı tuz""]","[""Oda sıcaklığında yumuşamış tereyağına azar azar pudra şekerini ekleyerek çırpmaya başlayın."", ""Karışım kremamsı bir kıvam aldıktan sonra azar azar ununu ilave edip karıştırın. Spatula veya mikserin pedal başlığıyla bu kısmı gerçekleştirin."", ""Son olarak vanilin, tuz ve tarçını ekledikten sonra kurabiye hamurunu kıvamını alana dek yoğurun ve ardından streçleyip en az 30 dakika tercihen 1-2 saat kadar buzdolabında dinlendirin."", ""Buzdolabından çıkardıktan sonra kurabiye hamurunuzdan misket büyüklüğünde parçalar yuvarlayın ve yağlı kağıt serdiğiniz fırın tepsisine kurabiyeleri dizin."", ""Önceden ısıtılmış 180 derece fırında 12-13 dakika pişirin. Fırından çıkardıktan sonra 5-10 dakika kadar kurabiyeleri oda sıcaklığından dinlenmeye bırakın."", ""Kurabiyeler kaplamak için tarçın ve pudra şekerini geniş bir kapta karıştırın.Pişen kurabiyelerinizi tarçın ve pudra şekeri karışıma bulayın."", ""Dilerseniz tamamen soğuduktan sonra tekrar pudra şekerli karışıma bulayın. Ağzı kapalı bir kapta oda sıcaklığında 4-5 gün boyunca bayatlamadan tazeliğini koruyacaktır, afiyet olsun!""]"
cb3e9bf0-23dd-48ae-b9da-5cd49d5e910a,Fit Brownie,Turkey,Lezzetli ve sağlıklı fit brownie tarifi ile tatlı krizlerinizi yenin!,Ana Yemek,"[""1 adet yumurta"", ""1 çay bardağı süt"", ""2 yemek kaşığı tereyağı"", ""1 su bardağı haşlanmış kuru fasulye"", ""1/2 su bardağı bitter damla çikolata"", ""2 adet olgun muz"", ""1 paket kabartma tozu""]","[""Muzu ve kuru fasulyeleri rondodan geçirin."", ""Sırasıyla bir kabın içine yumurtayı, sütü ve robottaki malzemeleri ekleyin."", ""Tereyağı ve çikolatayı erittikten sonra onları da ekleyin."", ""Ardından kabartma tozunu da ilave edin ve karıştırın."", ""Fırında 180 derecede 25-30 dakika pişirin. Çıkarıp oda sıcaklığında dinlendirdikten sonra afiyetle tüketin.""]"
fc6c2914-1755-486f-acdc-a0c9ed7fd90b,Portakallı Pamuk Kek,Turkey,"Portakal aromalı, hafif ve pamuksu dokulu kek tarifi. Mis gibi kokan bu kek, çay saatlerinde favoriniz olacak",Tatlı,"[""4 adet yumurta (küçükse 5 tane)"", ""1 su bardağı toz şeker"", ""2 su bardağı elenmiş un"", ""1 yemek kaşığı sıvı yağ"", ""1 paket vanilin"", ""1 paket kabartma tozu"", ""1 çay bardağı portakal suyu"", ""1 su bardağı rendelenmiş portakal kabuğu""]","[""Yumurta şeker ve vanilin krema kıvamına gelene kadar 5-6 dakika çırpılır."", ""Sonra sıvı yağ portakal suyu ve portakal kabuğu rendesi eklenir, çırpmaya devam edilir. Un ve kabartma tozu elenir."", ""Kek harcına ilave edilir ve sönmemesi için spatula veya tel çırpıcı ile karıştırılır."", ""Kek kalıbı tereyağ ile yağlanır her tarafı azar azar unlanır. Kek harcı boşaltılır."", ""Önceden ısıtılmış fırında 180°’de alt üst ayarda 25-30 dakika pişirilir. Kürdan testi yapıldıktan sonra fırın kapatılır."", ""2-3 dakika dinlendikten sonra fırından alınır. İlk sıcağa geçince kalıptan çıkarılır. Soğuyunca isteğe bağlı pudra şekeri serpiştirip servis yapılır. Afiyet olsun.""]"
c68d7139-f0f5-4923-8608-90038d88dd01,Portakal Aromalı Enerji Topu,Turkey,"Portakal aromalı enerji topları, doğal tatlandırılmış hurma ve besleyici yulaf ile hazırlanan pratik atıştırmalıklardır",Ana Yemek,"[""2 su bardağı yulaf ezmesi"", ""10 adet hurma"", ""2 yemek kaşığı fıstık ezmesi"", ""2 yemek kaşığı portakal kabuğu şekerlemesi"", ""2 yemek kaşığı bal"", ""1 çay kaşığı tarçın""]","[""Tüm malzemeler mutfak robotundan geçirilir."", ""Ceviz büyüklüğünde parçalar koparılıp yuvarlanır."", ""Üzeri Hindistan cevizi, kakao veya istenilen malzemeyle kaplanır. Ardından servis edilir. Afiyetler olsun!""]"
de6f3e76-9acf-4b75-ac16-50efd53cf485,Şekersiz Kabak Tatlısı,Turkey,"Sağlıklı ve doğal tatlandırıcılarla hazırlanan şekersiz kabak tatlısı, hem lezzetli hem de hafif bir tatlı seçeneği sunar",Ye,"[""3-4 adet hurma"", ""3-4 adet kuru erik (kuru kayısı dut kurusu... bunlar da olabilir)"", ""1 adet çubuk tarçın"", ""2-3 adet karanfil""]","[""KaI bakları doğrayalım. Kaynamış suyun içine alalım. İçine kuru erik hurma karanfilleri ve çubuk tarçını ekleyelim."", ""Yumuşayana kadar pişsin. Hurma ve kuru erik kendi doğal şekerlerini vereceği için birlikte kaynasınlar."", ""Piştikten sonra süzelim. Soğumaya bırakalım ki beklesin."", ""Soğuduktan sonra tatlandırmak için bal, pekmez kullanabilirsiniz. Bal kullandım tarifte nefis oluyor. Afiyet olsun.""]"
cfaac3dd-e092-44ac-93cb-47b9fa714f8d,Kıymalı Muska Böreği,Turkey,Fırınlanan muska şeklindeki hamurun içine kıymalı harç konularak hazırlanan lezzetli bir börek tarifi,Börek & Hamur İşi,"[""1/2 yemek kaşığı tereyağı"", ""1 yemek kaşığı zeytinyağı"", ""1 adet soğan"", ""200 gram kıyma"", ""2 çay kaşığı tuz"", ""1/2 çay kaşığı karabiber"", ""1/2 çay kaşığı kimyon"", ""1 adet yumurta sarısı (üzeri için)"", ""1 tatlı kaşığı haşhaş (isteğe bağlı)""]","[""Tereyağı ve zeytinyağını bir tavada ısıtın. Küp küp doğradığınız soğan ve sarımsağı tavada yumuşayınca dek kavurun."", ""Kıymayı tavaya ekleyin ve suyunu salıncaya dek soğan ve sarımsakla beraber kavurun. Suyunu salıp hafifçe çekmeye başladıktan sonra tuz ve baharatları ekleyerek karıştırın."", ""Kıymalı iç harcınız piştikten sonra ocaktan alın ve soğumaya bırakın."", ""Bu sırada milföy hamurlarınızı kare olacak şekilde şekin. Soğuyan iç harcınızdan 1-1,5 yemek kaşığı alarak kare milföy hamurunun içerisine yerleştirip üçgen biçiminde olacak şekilde kapatın."", ""İç harcın dağılmasını önlemek için üçgen şeklindeki milföy hamurunun birleştirdiğiniz kenarlarını çatalla bastırarak sabitleyin."", ""Yağlı kağıt serdiğiniz fırın tepsisine hazırladığınız börekleri yerleştirin. Yumurta sarısını bir fırçayla üzerlerine sürün ve haşhaşı serpin."", ""Isıtmış olduğunuz 180 derece fırında yaklaşık 30 dakika üzerleri kızarıncaya dek pişirin. Sıcak servis edin, afiyetler olsun!""]"
b36cb561-f766-4f81-8969-c6132c0c4352,Köz Patlıcan Mezesi,Turkey,"Közlenmiş patlıcan ve biberlerin yoğurtla buluştuğu, lezzet ve aroma dolu geleneksel bir meze",Sebze Yemekleri,"[""4 adet patlıcan"", ""3 adet kapya biber"", ""4 yemek kaşığı süzme yoğurt"", ""1 çay kaşığı reyhan"", ""1 çay kaşığı tuz""]","[""Patlıcan ve biberi ocakta veya fırında közleyip doğrayın."", ""Yoğurt ve peyniri karıştırma kabında iyice karıştırın ve içerisine reyhan, tuz, sarımsak rendesi ve doğradığımız köz patlıcan ve biberi ekleyip karıştırın."", ""Sos tenceresinde zeytinyağı ve ceviz içini 2-3 dakika kavurun içerisine nane ve pul biberi ekleyip ocaktan alın."", ""Servis tabağına hazırladığımız patlıcanlı karışımı döküp üzerine sosunu ilave edin ve servis edin.""]"
d6bc0346-7ced-48c1-8360-81f328aed815,Kabak Tarator,Turkey,Zeytinyağı ve ceviz içi ile harmanlanmış Girit kabağından hazırlanan ferahlatıcı ve lezzetli bir meze,Sebze Yemekleri,"[""1 kilogram Girit kabağı"", ""2 tepeleme yemek kaşığı ceviz içi (iri çekilmiş)"", ""8 silme yemek kaşığı zeytinyağı""]","[""Yanmaz yapışmaz tavaya zeytinyağının yarısını koyun. Kabakları rendeleyin."", ""Rendelenmiş kabakları ve ezilmiş sarımsakları tavaya alıp suyunu salmayacak şekilde ara sıra karıştırarak soteleyin."", ""Baharatları ekleyin ve karıştırın. En son ince doğranmış dereotlarını ekleyin."", ""Bir süre pişirdikten sonra ocaktan alın. Yoğurdu bir kenarda çırpın."", ""Sıcaklığı giden taratora, yoğurdu dökün."", ""Üzerine kalan zeytinyağını gezdirin ve servis edin. Afiyet olsun.""]"
feb65847-0f88-4467-80db-94098d4b4f5a,Fırında Kıymalı Makarna,Turkey,"Fırında kıymalı makarna, doyurucu ve lezzetli bir ana yemek seçeneği. Hem pratik hem de sevdiklerinize ikram edebileceğiniz harika bir tarif",Pilav & Makarna,"[""1 paket spagetti makarna"", ""300 gram kıyma"", ""1 adet soğan"", ""1 yemek kaşığı salça"", ""3 yemek kaşığı sıvı yağ"", ""1/2 çay kaşığı tuz"", ""1/2 çay kaşığı karabiber""]","[""Kıymayı tencereye alarak suyunu çekene kadar kavurun."", ""Küp doğranmış soğanı ve yağını ekleyin."", ""Ardından salçayı ekleyip biraz kavurup 1 su bardağı kadar sıcak su ilave edin."", ""Makarnayı haşlayın ve süzün."", ""Çok az yağ ve salçada kavurun."", ""Tereyağ ve unu kavurun."", ""Azar azar süt ilave edin, boza kıvamına gelince altını kapatın. Baharatları ekleyin."", ""Beşamel sosu makarnanın üstüne dökün ve homojen olana kadar karıştırın."", ""Fırın kabına önce makarnayı, üstüne kıymalı sosu ve en son olarak da kaşar peyniri rendesini ekleyerek fırına verin."", ""180 derecede 15 dakika pişirin."", ""Fırında kıymalı makarna tarifiniz hazır. Afiyet olsun!""]"
8f6f6b78-0476-47d0-8198-92eeb3869f3c,Vişneli Helva,Turkey,"Vişnelerin tatlı ekşiliğiyle harmanlanmış, geleneksel Türk helvası",Tatlı,"[""1,5 su bardağı un"", ""125 gram tuzsuz tereyağıveya margarin"", ""250 gram vişne (çekirdekleri çıkartılmış)"", ""1,5 su bardağı toz şeker"", ""1,5 su bardağı su""]","[""Tereyağı tencereye alınıp eritilir. Un azar azar ilave edilip sürekli karıştırılarak unun rengi dönünceye kadar pişirilir."", ""Kavrulan unun üzerine vişneler eklenip tekrar dört, beş dakika kavrulur."", ""Daha önce başka bir tencereye eklediğimiz su ve şeker ocakta karıştırılır. Su kaynamadan şeker eriyince ocaktan alınır."", ""Kavurduğumuz vişneli helvanın üzerine şerbet azar azar ilave edilir. Tekrar karıştırılır."", ""Hamur bütünleşip kıvamını alınca ocaktan alınıp ilk sıcağı çıkınca servis tabaklarına alınır. İstediğiniz gibi süsleyebilirsiniz. Afiyet olsun.""]"
3ac041cc-5c02-45c8-8709-2716a90103ef,Garnitürlü Makarna Salatası,Turkey,"Pratik ve lezzetli garnitürlü makarna salatası, turşuların ekşi tadı ile mayonezin kremsi dokusunu bir araya getiriyor",Salata,"[""5 adet turşu (minik doğranmış)"", ""2 yemek kaşığı mayonez"", ""1 çay kaşığı tuz"", ""1/2 çay kaşığı karabiber""]","[""Kaseye garnitürü ekleyin."", ""Yoğurdu, mayonezi, tuzu ve karabiberi de ilave edin."", ""Turşuları da ekleyin."", ""Mısırı da ekleyin ve güzelce karıştırın."", ""Garnitürlü makarna salatası hazır. Afiyet olsun!""]"
5d07ed36-d749-4528-9497-33067e59c318,Fındık Ezmeli Çikolata Dolgulu Bisküvi,Turkey,"Fındık ezmesinin zengin lezzetiyle çikolatanın buluştuğu, kolay ve hızlı hazırlanan nefis bisküviler",Tatlı,"[""200 gram fındık ezmesi"", ""2 yemek kaşığı bal (ya da agave şurubu/şeker)"", ""2-3 yemek kaşığı tam buğday unu (ya da beyaz un)"", ""1 çay kaşığı kabartma tozu"", ""1 paket bitter çikolata""]","[""Çikolata hariç tüm malzemeyi yoğurarak yumuşak bir hamur haline getirelim."", ""Ceviz büyüklüğünde parçalar koparıp avucumuzun içinde düzleştirip 1 kare bitter çikolatayı yerleştirip kenarlardan kapatıp yuvarlak yassı bir forma getirelim."", ""180 derecede 10-15 dakika pişirelim."", ""Fırından çıkınca 10 dakika kadar soğuması için bekleyip, kahvelerinizin yanında afiyetle tüketebilirsiniz. Afiyet olsun.""]"
9b096f12-47cb-421b-b159-3d1667a7e413,Karnabahar Tabule,Turkey,"Geleneksel tabulenin sağlıklı ve lezzetli bir versiyonu olan karnabahar tabule, ferahlatıcı lezzetiyle sofralarınıza yenilik katıyor",Ye,"[""1 adet küçük boy karnabahar"", ""2 adet taze soğan"", ""1 adet büyük boy limon"", ""1 çay kaşığı tuz"", ""1 çay kaşığı karabiber"", ""1 tatlı kaşığı zerdeçal"", ""5 yemek kaşığı zeytinyağı""]","[""Karnabahar yıkanır ve rondodan geçirilir. Geniş bir kase içine koyulur."", ""Yıkanan yeşillikler incecik kıyılır ve kaseye eklenir."", ""Limonun kabuğu rendelenir, suyu sıkılır, tuz, karabiber, zerdeçal ve zeytinyağı da eklenip iyice karıştırılır."", ""Baharatlı ve yağlı karışım karnabahar kasesine eklenip tüm malzemeler iyice karışana kadar karıştırılır. Afiyet olsun.""]"
9f8fd09e-ab48-483f-817c-d1450c007b09,Meyveli Bisküvili Parfe,Turkey,"Meyveli bisküvili parfe, taze meyveler ve bisküvilerin birleşimiyle hazırlanan ferahlatıcı ve lezzetli bir tatlıdır",Ye,"[""1,5 su bardağı soğuk süt"", ""1 adet şeftali"", ""7-8 adet kiraz"", ""2 adet muz"", ""5-6 adet kayısı"", ""1/2 su bardağı damla çikolata"", ""8 adet çikolatalı bisküvi (veya bebe bisküvisi)""]","[""İlk olarak meyvelerimizi ince ince doğrayalım."", ""İstediğiniz herhangi bir meyveyi kullanabilirsiniz. Bisküvilerimizi küp küp doğrayalım."", ""Başka bir kapta süt ile krem şantiyi katılaşana kadar çırpalım."", ""Bütün malzemeleri karıştırıp istediğiniz kalıba koyabilirsiniz. (Ben çember kalıp kullandım)"", ""O yüzden streç film kullanmadım normal kek kalıbı kulllanacaksanız kolay çıkması için mutlaka streç film ile kaplayın."", ""Karışımı öyle koyun. Buzdolabında 1-2 saat beklettikten sonra üzerini dilediğiniz gibi süsleyebilirsiniz. Afiyet olsun.""]"
c8e94c38-1ab6-45f5-8b4d-4cb7014b3840,Fırında Sardalya,Turkey,"Fırında harmanlanmış sebzelerle pişirilen lezzetli sardalya balığı, sağlıklı ve pratik bir ana yemek seçeneği",Ye,"[""500 gram sardalya balığı"", ""1 adet soğan"", ""2 adet kapya biber"", ""1 adet limon"", ""1/2 adet limon suyu"", ""4 yemek kaşığı zeytinyağı"", ""1 çay kaşığı tuz"", ""1 çay kaşığı tane karabiber"", ""3 adet defne yaprağı""]","[""Baş kısımlarını aldığınız sardalyaların iç kısımlarını dikkatli bir şekilde temizleyin. Bol suda yıkadığınız balıkların fazla suyunun süzülmesi için süzgeçte bekletin. Ardından yağlı kağıt serili teps"", ""Soğanları piyazlık olarak ince ince dilimleyin. Ayıklanmış sarımsakları halka halka doğrayın. Maydanozları incecik kıyın. Limonu dilimleyin ve balıkların üzerine ekleyin."", ""Zeytinyağı, limon suyu, defne yaprağı, tuz ve tane karabiberi küçük bir kapta karıştırın. Balıkların üzerine gezdirip güzelce harmanlayın."", ""Önceden ısıtılmış 180 derece fırında 40 dakika kadar pişirin."", ""Roka, turşu ve limon eşliğinde servis edebilirsiniz. Afiyet olsun!""]"
91793c5e-f41d-47c7-9183-5b7be7a6bc95,Portakallı Kek,Turkey,"Taze portakal suyuyla hazırlanan, ferahlatıcı ve nemli bir kek tarifi",Ye,"[""3 adet yumurta (oda ısısında)"", ""1 su bardağı toz şeker"", ""1 su bardağı portakal suyu (taze sıkılmış, oda ısısında)"", ""1/2 su bardağı sıvı yağ"", ""2,5 su bardağı un"", ""1 paket kabartma tozu"", ""2 paket vanilya""]","[""Portakallı kek için oda sıcaklığındaki yumurtaları şekerle birlikte bir kaba alın."", ""Ardından üzerine sıvı yağ ve portakal suyunu da ekleyerek çırpmaya devam edin."", ""Un, kabartma tozu ve vanilini eleyerek harca ekleyin. Dilerseniz bu aşamada rendelenmiş portakal kabuğu da ekleyip aromasını arttırabilirsiniz."", ""Kıvam alana kadar çırpın."", ""Yağlanmış kek kalıbına harcı aktarın."", ""170 derecede önceden ısıtılmış fırında kontrollü olarak 35- 40 dakika pişirin."", ""Oda sıcaklığında soğutun."", ""Daha sonra kalıptan çıkarıp dilimleyerek servis edin."", ""Portakallı kek hazır. Afiyet olsun!""]"
581eb1b3-f3e9-4d4b-9a29-bda70630e9dd,Peynir Dolgulu Kapya Biber,Turkey,"Lezzetli kapya biberlerin içine harmanlanmış peynirlerle hazırlanan, göz alıcı ve damak çatlatan bir tarif",Ye,"[""2 adet kapya biber"", ""1 çay kaşığı karabiber"", ""1 çay kaşığı pul biber""]","[""Öncelikle biberlerimizi temizleyip bir yanını dikey olarak keselim."", ""Temizlediğimiz biberleri tost makinesinde 8-10 dakika orta ısıda ön pişirme yapıp bir tabağa alalım."", ""Biberlerimizin içerisine ister kaşar peyniri ister beyaz peynir ile dolduralım."", ""Tekrar tost makinesine alıp peynirler eriyene kadar (8-10 dakika orta ısıda) pişirip servis tabağımıza alalım."", ""İsteğe göre baharatlandırdıktan sonra (ben karabiber ve pul biber kullandım) biberlerimiz hazır. Deneyen herkese afiyet olsun.""]"
edbac325-0baf-4328-aa86-b3a7526bca59,İrmik Helvası Lapası,Turkey,"Tereyağında kavrulmuş irmiğin sütle pişirilmesiyle hazırlanan, kıvamı ve lezzetiyle damakları şenlendiren pratik bir tatlı",Tatlı,"[""3 yemek kaşığı irmik"", ""1,5 su bardağı süt"", ""1/2 tatlı kaşığı tereyağı"", ""2 yemek kaşığı pekmez""]","[""İlk önce irmik ve kaşığın ucuyla aldığımız tereyağını rengi koyulaşıncaya kadar kavuruyoruz."", ""Kavrulduktan sonra sütümüzü ekleyip lapa kıvamına gelene kadar orta ateşte pişiriyoruz."", ""Piştikten sonra altını kapatıp pekmezi ekliyoruz ve kasemize koyup üstünü istediğimiz gibi süslüyoruz.""]"
ea02497a-bbc4-4e13-8e62-6c99163a5cee,Buğday Salatası,Turkey,"Sağlıklı ve lezzetli buğday salatası, taze sebzelerle harika bir öğün alternatifi",Salata,"[""1 su bardağı buğday"", ""3 su bardağı su"", ""1 adet havuç"", ""1 adet orta boy salatalık"", ""2 adet salatalık turşusu"", ""3 yemek kaşığı sıvı yağ"", ""3 yemek kaşığı nar ekşisi"", ""1 çay kaşığı tuz"", ""1 çay kaşığı sumak"", ""1/2 adet limon suyu""]","[""Öncelikle buğdayları yıkayıp kısık ateşte yumuşayana kadar pişiriyoruz."", ""Bir yandan da tüm sebzeleri küp küp doğruyoruz."", ""1 saat sonra kaynayan buğdayları soğuk suda yıkayıp güzelce süzüyoruz."", ""Buğdayları doğramış olduğumuz sebzelerle karıştırıyoruz."", ""Yağ, tuz, sıvı yağ, nar ekşisini de ekleyip son bir karıştırdıktan sonra kaselere pay ediyoruz.""]"
a0cc33df-e709-477f-9fd0-2bd0bff8e7f7,Sarımsaklı Makarna,Turkey,"Sarımsaklı makarna, pul biberin hafif acısı ve limonun tazeliğiyle harmanlanmış pratik ve lezzetli bir ana yemek",Pilav & Makarna,"[""1 çay kaşığı pul biber"", ""2 çay kaşığı tuz"", ""1/2 adet limon suyu"", ""3 yemek kaşığı zeytinyağı"", ""1 tatlı kaşığı parmesan (üzerine)""]","[""Spaghettiyi 8-10 dakika tuzlu suda haşlıyoruz. Haşlama suyundan yarım su bardağı kadar ayırıyoruz. Sarımsağı boyuna ince ince kesiyoruz."", ""Maydanozları da ince ince doğruyoruz. Tencereye zeytinyağını ekleyip sarımsakları yakmadan kavuruyoruz. Pul biberi ekliyoruz."", ""Limon suyunu ekleyip spaghettiyi ekliyoruz. Haşlama suyunu ve tuzu ekleyip suyunu çekene kadar biraz daha pişiriyoruz. Suyunu çekince doğradığımız maydanozu ekleyip karıştırıyoruz."", ""Servis yaparken rendelenmiş parmesan ekleyebilirsiniz. Deneyenlere şimdiden afiyet olsun...""]"
988686cb-b57c-477a-94cf-df0d298bb906,Muzlu ve Şeftalili Milkshake,Turkey,"Taze muz ve şeftali ile hazırlanan bu ferahlatıcı milkshake, yoğurt ile zenginleştirilmiş kremsi tadıyla yaz aylarının vazgeçilmezi",Ana Yemek,"[""2 adet muz"", ""2 adet şeftali"", ""4 yemek kaşığı yoğurt"", ""2 çay bardağı süt"", ""1 tatlı kaşığı bal (arzuya göre)""]","[""Muzları, şeftalileri blenderdan geçirin."", ""Yoğurt ve sütü içine dökün tekrardan blenderdan geçirin."", ""Bardaklara süzerek servis edebilirsiniz. Afiyet olsun.""]"
feacc5ec-62cb-4efe-910b-3b218a4a4335,Fırında Kabak Mücver,Turkey,Fırında pişirilen pratik ve lezzetli kabak mücver tarifi,Sebze Yemekleri,"[""3 adet kabak"", ""2 adet yumurta"", ""2 çay bardağı galeta unu"", ""1 yemek kaşığı zeytinyağı""]","[""Kabakları rendeleyip tuzlayın. Suyunu bırakmaları için 10 dakika kadar bir kenarda bekletin."", ""Ardından suyunu iyice süzün ve geri kalan malzemeleri ekleyip güzelce karıştırın."", ""Köfte şekli verip fırın tepsisine dizin."", ""Üzerlerine biraz zeytinyağ gezdirin ve 200 derecelik fırında üzerileri kızarana kadar pişirin. Afiyet olsun!""]"
eea0faaa-4632-4685-b380-9a613deb5609,Zerdeçallı Ekmek,Turkey,"Sağlıklı ve lezzetli zerdeçallı ekmek, evde kolayca hazırlayabileceğiniz harika bir tarif",Börek & Hamur İşi,"[""2,5 su bardağı ılık su"", ""1,5 tatlı kaşığı tuz"", ""1 paket kuru maya"", ""1 kilogram un"", ""2 çay kaşığı toz zerdeçal""]","[""Maya, ılık su, tuz, toz zerdeçal ve un bir kaba alınıp ele yapışmayan yumuşak bir hamur olana kadar iyice yoğurulur."", ""Kabın üzeri örtülüp 1 saat mayalandırılır."", ""Mayalanan hamur bir kere daha yoğurulup havası alınır."", ""4 eşit bezeye bölünür, yuvarlanır. 15 dakika üzeri kapalı bekletilir."", ""Bezeler tek tek uzatılıp rulo yapılır. Ortası yüksek, kenarları hafif ince kalacak şekilde uzatılır, yağlı kağıt serili tepsiye dizilir. Üzerlerine keskin bir bıçakla çizik atılır."", ""Üzeri kapatılıp 20 dakika mayalanmaya bırakılır. Bu sırada fırın 200 dereceye ısıtılmaya başlanır."", ""Mayalanan hamurlar ve ısıya dayanıklı bir kasede su fırına koyulur."", ""Altı ve üzeri iyice kızarana kadar pişirilir. Ekmekler fırından alınınca beze sarılır. Afiyet olsun.""]"
d63eb99b-d784-4626-99a8-c40b12359e2b,Fıstıklı Kolay Kurabiye,Turkey,"Kısa sürede hazırlayabileceğiniz, lezzetli fıstıklı kurabiye tarifi",Tatlı,"[""175 gram tereyağı"", ""2 su bardağı un"", ""3/4 su bardağı pudra şekeri"", ""1 su bardağı toz Antep fıstığı"", ""1 çay kaşığı kabartma tozu"", ""1 çay bardağı Antep fıstığı""]","[""Un ve toz Antep fıstığını orta ateşte, hafif kahverengiye dönene kadar kavurun ve bir yağlı kağıt üzerine aktarıp soğumaya bırakın."", ""Çiğ Antep fıstıklarını da 5 dakika kadar tavada kavurup soğumaya bırakın."", ""Soğuyan un ve toz fıstık karışımı içerisine pudra şekeri, kabartma tozu ve tereyağını ekleyerek ele yapışmayan bir hamur elde edene kadar yoğurun."", ""Son olarak içerisine Antep fıstıklarını ekleyip karışana kadar yoğurun. Hamur dağılabilir hep birleştirerek toplayın."", ""Hazırladığınız kurabiye hamurunu iki yağlı kağıt arasına alarak açın (1,5-2 cm kalınlığında) ve baklava dilimi şeklinde kesin."", ""Arzuya göre kurabiye kalıbı da kullanabilirsiniz. Önceden ısıtılmış 160 derece alt-üst fırın ayarında, 20-25 dakika kontrollü olarak pişirin."", ""Kurabiyeler soğuduğunda üzerlerine toz Antep fıstığı serperek servis edin. Afiyet olsun.""]"
b69ed06d-6860-4f7f-bf0f-30fad60fa7bb,Zeytinyağlı Kuru Domates,Turkey,Güneşte kurutulmuş domateslerin zeytinyağı ve ceviz ile harmanlandığı lezzetli ve pratik bir meze,Sebze Yemekleri,"[""3-4 adet ceviz"", ""1/3 çay bardağı zeytinyağı"", ""Etimek Tatlısı Tarifi"", ""Damla Çikolatalı Kurabiye"", ""Tatlı Tarifleri Spoonful Mozaik Pasta Çikolatalı Sufle İrmik Helvası Fırın Sütlaç Profiterol Revani Magnolia"", ""Kahvaltılık Tarifler Pancake Krep Pişi Kuymak Kaygana Kahvaltılık Sos Menemen Muhlama Yumurtalı Ekmek Omlet"", ""Omlet""]","[""İlk olarak kurutulmuş domateslerin üzerine kaynar su dökülür ve yumuşayıp tuzunu salıncaya kadar beklenir (10-15 dakika)."", ""Kurtulmuş domatesler yumuşayınca dilimlenir ve bir kaba alınır."", ""Üzerine küçük küçük doğranmış cevizler, rendelenmiş sarımsak ve baharatlar eklenir."", ""Son olarak zeytinyağı üzerine gezdirilip güzelce karıştırılıp servis edilir. Afiyet olsun.""]"
930acc54-688d-4f84-b46e-75e32b79bbad,Nar Soslu Etimek Tatlısı,Turkey,Nar sosuyla süslenmiş hafif ve lezzetli etimek tatlısı,Tatlı,"[""1 paket etimek"", ""1,5 su bardağı toz şeker"", ""1,5 su bardağı su""]","[""Öncelikle şerbeti için 1,5 su bardağı şekeri tavaya alın, kendi kendine erimesini bekleyin. Eridikten sonra 1,5 su bardağı suyu ilave edin, şeker önce katılaşacak ama korkmayın karıştırınca hemen eriy"", ""Nar sosu için 2 su bardağı nar suyunu, şekeri ve nişastayı kısık ateşte kıvam alana kadar karıştın. Başından ayrılmayın, dibi tutuyor hemen."", ""Muhallebisi için vanilya hariç bütün malzemeleri tencereye koyup, orta ateşte karıştırarak pişirin. Muhallebi göz göz olunca kapatıp vanilyayı ekleyin, soğuması için bekletin."", ""Etimekleri borcama dizip sıcak şerbeti dökün. Üzerine soğumuş muhallebiyi dökün. Nar sosunu da üzerine döküp buzdolabında 1 saat, vaktiniz varsa daha uzun süre bekletin. Afiyet olsun.""]"
cb885f5d-7114-40ec-997f-901b728a8c3f,Ganajlı Mozaik Pasta,Turkey,"Kakao ve sütle hazırlanan kremanın bisküvilerle birleştiği, ganajlı mozaik pasta. Pratik ve lezzetli tatlı tarifi",Tatlı,"[""300 gram petibör bisküvi"", ""2,5 su bardağı süt"", ""2 yemek kaşığı kakao"", ""4 yemek kaşığı şeker"", ""2 yemek kaşığı tereyağı"", ""60 gram bitter çikolata""]","[""Önce küçük bir tencereye çikolata hariç sos malzemelerini alın. Kaynayana kadar karıştırarak pişirin, tencereyi ocaktan alın."", ""İçine çikolatayı ekleyin eriyene kadar karıştırın. Sosu ılık hale gelene kadar kenarda bekletin, bisküvilere eklendiğinde sıcağı ile eritmesin."", ""Derin bir kapta bisküvileri dört parçaya bölün. İsterseniz üzerine fındık, ceviz, fıstık ekleyebilirsiniz."", ""Ilıyan sos karışımını bisküvilere ekleyin. Alttan üste güzelce karıştırın. İster streç filme karışımı dökün rulo haline getirin; ister streci bir kalıba serin, karışımı dökün. Ben kelepçeli kalıp ter"", ""Pastayı buzluğa kaldırın, iki saat donsun. Sonrasında kelepçeli kalıbı çıkarın, üzerindeki streci açın, tabak kapatıp çevirin. Kalan streci de açın."", ""Ganaj için; küçük tavaya kremayı ekleyin. Kaynatmayın ısıtın ve sonra ocaktan alın. İçine kırdığınız çikolataları ekleyin. Çikolata sosu olana kadar karıştırın."", ""İlk sıcağı çıkınca pastanın üzerine yavaş yavaş boşaltın. Ganaj soğuyup kıvam alana kadar pastayı buzdolabında bekletin.""]"
a0fdabb2-e06d-42e8-a60a-ac7ac4d18d4c,Hindi Fümeli ve Dereotlu Pişi,Turkey,Hindi füme ve dereotun harika lezzetini birleştiren pratik pişi tarifi,Ana Yemek,"[""1 adet ekmek hamuru"", ""50 gram süzme peynir"", ""60 gram hindi füme"", ""1 tatlı kaşığı toz kırmızı biber"", ""1 çay bardağı sıvı yağ (kızartmak için)""]","[""Ekmek hamurunu ayıklayıp kıydığınız dereotuyla karıştırın. 50 dereceye ısıtmış olduğunuz fırında üzeri kapalı şekilde 30 dakika mayalandırın."", ""Mayalanan hamuru 2 eşit parçaya ayırın ve kızgın sıvı yağda kızartın."", ""Hindi fümeleri biraz yağ ve kırmızı toz biber ilavesiyle tavada kavurun. Ocaktan alıp süzme peynir ve bir tutam dereotuyla karıştırın."", ""Pişirdiğiniz iki dereotlu pişinin ortasına hindi fümeli karışımı sürün ve sıcak olarak servis edin. Afiyet olsun!""]"
4759fc47-04f3-4404-b027-310ab9a5491e,Mısır Gevrekli Çıtır Tavuk,Turkey,"Mısır gevreği ile kaplanmış, dışı çıtır içi yumuşak tavuk parçaları. Hem çocukların hem de yetişkinlerin bayılacağı lezzetli bir tarif",Tavuk Yemekleri,"[""1,5 kilogram tavuk göğsü"", ""1 adet yumurta"", ""1,5 çay bardağı süt"", ""1 çay bardağı un"", ""1,5 tatlı kaşığı tuz"", ""2 tatlı kaşığı toz biber"", ""1 tatlı kaşığı pul biber"", ""1 çay kaşığı karabiber"", ""1 çay kaşığı köri""]","[""İlk önce tavuk göğsünü ince uzun doğrayın. Karıştırma kabına yumurta,un, süt ve baharatları ekleyip üzerine sarımsak rendeleyin."", ""Üzerine tavukları ekleyip karıştırın, en az 2 saat buzdolabında bekletin."", ""Mısır gevreklerini robotta hafif iri kalacak şekilde çekin. Soslanmış tavukları mısır gevreğine bulayın ve kızgın derin bir tavada fazla kurutmadan kızartın."", ""Sıcak sıcak servis yapın.""]"
41afbf95-1b1e-4720-b144-8de51c755566,Kolay Börülce Salatası,Turkey,"Pratik ve lezzetli börülce salatası, ferahlatan turşu ve renkli biberlerle harika bir meze",Salata,"[""1 su bardağı haşlanmış börülce"", ""1 adet kapya biber"", ""6-7 adet kornişon turşu"", ""1/2 su bardağı mısır"", ""3 yemek kaşığı zeytinyağı"", ""1/2 adet limon suyu""]","[""Yeşillikler suda bekletilip, bol suda yıkanır ve iyice kurutulur."", ""Yeşillikleri ince ince kıyıp içine diğer kalan tüm malzemeler eklenerek karıştırılır."", ""Servis kabına alınır ve afiyetle yenir.""]"
7c1dbd87-68ae-4f0a-87d7-db6cf40542b9,Pudingli Kıyır Kurabiye,Turkey,Orman meyveli pudingin lezzetiyle kıyır kıyır kurabiyelerin birleştiği pratik ve nefis bir tarif,Tatlı,"[""125 gram margarin"", ""1/2 çay bardağı sıvı yağ"", ""1 paket hazır puding (orman meyveli)"", ""300 gram mısır nişastası"", ""1 adet yumurta"", ""1 paket kabartma tozu"", ""1 paket vanilya"", ""1-2 su bardağı un (aldığı kadar)""]","[""Bütün malzemeleri sırası ile karıştırıp yumuşak bir hamur elde edin."", ""Merdane ile iki yağlı arasında açın kalıplarla şekil verin. 180 derece fırında pişirin, Sıcakken elinize almayın dağılıyor. Afiyet olsun.""]"
d38174f5-8773-4dd8-b728-023089886b1e,Kolay Sakallı Poğaça,Turkey,"Kolay ve pratik Sakallı Poğaça tarifi, çay saatlerinin vazgeçilmezi olacak",Börek & Hamur İşi,"[""3 su bardağı süt"", ""3 adet yumurta beyazı"", ""1 su bardağı sıvı yağ"", ""1 paket yaş maya"", ""2 tatlı kaşığı tuz"", ""6 silme yemek kaşığı şeker""]","[""Hamuru yoğurup, bir saat sonra mayası gelince ceviz büyüklüğünde bezeler yapın."", ""Yağlı kağıt serilmiş tepsiye diziyoruz. Üzerine yumurtanın sarısını sürüp, kuru haşhaş serpin."", ""Fırında kızarana dek pişiriyoruz."", ""Fırından çıkan soğumuş poğaçaları ortadan kesip (tamamen ikiye ayrılmayacak) içine peynir ve maydanoz koyuyoruz. Afiyet olsun.""]"
21741536-ed5f-4c78-835a-8326e3620c9a,Izgara Hindi Fileto,Turkey,"Lezzetli ve pratik ızgara hindi fileto, soya sosu ve zeytinyağı ile harmanlanmış muhteşem bir ana yemek",Et Yemekleri,"[""2 adet hindi fileto"", ""2 yemek kaşığı soya sosu"", ""3 yemek kaşığı zeytinyağı"", ""1 çay kaşığı karabiber"", ""1 çay kaşığı tuz""]","[""Hindilerinizin üzerini bıçak yardımıyla çizin. Hindi filetoları bir kabın içerisine alın. Üzerine tuz hariç diğer malzemeleri ilave ederek güzelce karıştırın."", ""Kabın üzerini streç filmle kapatın ve buzdolabında 15-20 dakika kadar dinlendirin."", ""İzli tavanızı ocağa alın. Böyle bir ızgara tavanız yoksa normal tavada kullanabilirsiniz. Tavayı ısıtın. İçerisine 4 yemek kaşığı kadar da yağ koyun."", ""Dinlenen filetoları kızgın tavaya alın. Arkalı önlü bir şekilde pişirin. Ardından da sıcak sıcak servis edin. Afiyetler olsun!""]"
a2297a84-ad53-44e4-80d8-acf10561177a,Yeşil Elmalı ve Narlı Brüksel Lahanası,Turkey,"Yeşil elma ve nar taneleriyle zenginleştirilmiş Brüksel lahanası, hem sağlıklı hem de lezzetli bir yan yemek",Sebze Yemekleri,"[""500 gram Brüksel lahanası"", ""1 adet yeşil elma"", ""100 gram nar (yarım nar)"", ""1 adet limon"", ""1 çay kaşığı tuz"", ""2-3 yemek kaşığı zeytinyağı""]","[""Brüksel lahanalarının dış kabuklarını soyup temizleyin. Tencereye alıp üzerine kaynar su ve yarım limon suyu ekleyin. 10-15 dakika haşlayın."", ""Haşlanan lahanaları ortadan ikiye bölün ve salata kasenize aktarın."", ""Yarım narı ayıklayın ve elmayı ortadan ikiye bölüp ince bir şekilde dilimleyin."", ""Ayıklayıp dilimlediğiniz meyveleri Brüksel lahanasının üzerine ekleyin."", ""Limon, tuz ve zeytinyağından oluşan sosunuzu salatanın üzerine döküp iyice karıştırın. Afiyet olsun. :)""]"
c02dd215-1117-4b7e-b901-fbeabf93fc8f,Granola Bar,Turkey,Sağlıklı ve lezzetli ev yapımı granola bar tarifi. Muzun doğal tatlılığıyla besleyici bir atıştırmalık,Ana Yemek,"[""1 su bardağı yulaf"", ""1 su bardağı Hindistan cevizi baharatı"", ""1 adet muz (ezilmiş)"", ""1 paket şekersiz çikolata (tablet)"", ""3 yemek kaşığı Hindistan cevizi yağı (eritilmiş)""]","[""Tüm malzemeleri blendera aldım sadece 10 saniye kadar bizzlattım."", ""Yağlı kağıt sermiş olduğum baton kalıbıma iyice baskı uygulayarak yerleştirdim."", ""200 derece fırında 20 dakika pişirdim. Afiyet olsun.""]"
2311a533-734a-486f-a63b-dd96451be11a,Sebze Sevdiren Salata,Turkey,"Sebzeleri seven herkesin bayılacağı, lezzetli ve besleyici bir salata tarifi",Salata,"[""3 adet büyük boy havuç"", ""2 adet orta boy kabak"", ""2 yemek kaşığı zeytinyağı"", ""5 yemek kaşığı süzme yoğurt""]","[""Havuç ve kabak rendelenir."", ""Bir yemek kaşığı zeytinyağıyla havuç sotelenir."", ""Bir kaba alınıp kabak da bir kaşık yağda sotelenir."", ""Havuç ve kabak soğuyunca üzerine iyice yıkanıp ayıklanan semizotu yaprakları ve mısır eklenir."", ""Yoğurt, sarımsak ve tuz da eklenip karıştırılır. Afiyet olsun.""]"
4c58b864-4cf4-483f-9b0d-0719e2fc0a3c,Kedidilli Pasta,Turkey,"Kolay ve lezzetli kedidilli pasta, pratik malzemelerle hazırlanan ferahlatıcı bir tatlı",Tatlı,"[""1 paket kedidili bisküvi"", ""1 su bardağı süt"", ""500 mililitresüt"", ""2/3 çay bardağı toz şeker (65 gr)"", ""2 yemek kaşığı (tepeleme) nişasta (40 gr)"", ""2 adet yumurta"", ""2 adet yumurta sarısı"", ""2/3 çay bardağı toz şeker (65 gr)"", ""1 yemek kaşığı tereyağı"", ""1 paket vanilin"", ""1 adet portakalın kabuğu""]","[""Süt ve şekerin biri tencereye alınıp hafif kaynaması sağlanır. Onlar kaynarken ayrı bir kapta diğer şeker, yumurtalar, rendelenmiş portakal kabuğu rendesi ve nişasta karıştırılır."", ""Süt kaynayınca sütün yarısı yumurtalı karışıma yavaş yavaş dökülür, bu sırada da yumurtalı karışım karıştırılmaya devam edilir."", ""Karışım hazır olunca ocakta olan sütün yarısına tekrardan dökülür ve sürekli karıştırarak kremanın kıvam alıp kaynaması sağlanır. Kaynamaya başlayınca içine tereyağı ve vanilin katılıp ocaktan alınır."", ""Orta boy cam tepsiye dökülür, üzeri streç film ile kapatılıp hemen buzdolabına atılır. (streç film kremaya değecek şekilde olacak)"", ""Krema en az 2 saat dinlendirilir. Kedidilleri süte batırılıp çıkarılır ve tepsiye dizilir. Üzerine kremanın yarısı dökülüp yayılır. Üzerine tekrar kedidili dizilir. Kalan krema yayılır."", ""Buzdolabında 1 saat dinlendirilir. Meyveli sos paket üzerinde yazan şekilde yapılıp 1 saat dinlendirilir."", ""Sos tatlının üzerine dökülerek en az 6-7 saat, vakit varsa da bir gece bekletilerek servis edilir. Afiyet olsun.""]"
e6e41d14-7e80-4f73-8794-fb8e335c05ca,Çıtır Ankara Simidi,Turkey,Ankara'nın meşhur çıtır simitlerinin ev yapımı tarifi. Kolay malzemelerle lezzetli simitler hazırlayın,Ana Yemek,"[""4 su bardağı un"", ""1,5 su bardağı su"", ""1 tatlı kaşığı tuz"", ""2 çay kaşığı maya"", ""1 su bardağı pekmez"", ""1 tepeleme tatlı kaşığı toz şeker"", ""1 su bardağı su"", ""1 çay bardağı kavrulmuş susam""]","[""Un ve tuzu karıştırın. Unun ortasını açın. Su ve mayayı ortasına ekleyin. Ele yapışmayan bir hamur yoğurun."", ""Hamuru 20 dakika mayalandırın. Dinlenen hamuru bezelere ayırın. Üzerini örtün ve 10 dakika da bu şekilde dinlendirin. Dinlenen bezelerden bir tanesini alın ve iki elinizle yuvarlayarak açtırın."", ""En son iki yöne ters yuvarlayarak uçlarından birleştirin."", ""İlk önce pekmeze bulayın."", ""Ardından susama bulayın. Fırın tepsisine dizin."", ""200 derecelik fırında 20 dakika pişirin."", ""Ankara simidi tarifiniz hazır. Afiyet olsun!""]"
714ff827-c253-4559-b98a-29b94c97be3e,Leblebili ve Hurmalı Bar,Turkey,"Leblebili ve hurmalı bar, sağlıklı atıştırmalık arayanlar için pratik ve besleyici bir tarif",Ana Yemek,"[""2 çay bardağı leblebi"", ""3 adet büyük boy hurma"", ""1/2 çay bardağı su""]","[""Hurmalar sıcak suda bekletilir. Bu sırada leblebiler un haline gelene kadar robotta çekilir."", ""Hurmaların suyu, 1 yemek kaşığı kalacak kadar süzülür, çekirdekleri çıkartılıp püre haline getirilir."", ""Hurma püresi, robottaki leblebilere eklenir ve güzelce karıştırılır. Şekil verilecek kıvam alana kadar su eklenir. Daha sonra istenilen şekil verilir. Afiyet olsun.""]"
7e2c8f81-9f71-414c-a154-962906f43b51,Bal Kabağı Püresi,Turkey,Lezzetli ve kremsi bal kabağı püresi tarifi,Ana Yemek,"[""1,5 kilogram bal kabağı"", ""4 adet çubuk tarçın"", ""Etimek Tatlısı Tarifi"", ""Damla Çikolatalı Kurabiye"", ""Tatlı Tarifleri Spoonful Mozaik Pasta Çikolatalı Sufle İrmik Helvası Fırın Sütlaç Profiterol Revani Magnolia"", ""Kahvaltılık Tarifler Pancake Krep Pişi Kuymak Kaygana Kahvaltılık Sos Menemen Muhlama Yumurtalı Ekmek Omlet"", ""Omlet""]","[""Dış kabukları ayıklanmış, irili ufaklı doğranmış bal kabakları sudan geçirilir. Fırın poşetine alınır."", ""Çubuk tarçınlar eklenip fırın poşeti sıkıca bağlanır. Fırın poşetine kürdanla birkaç delik açılır."", ""Önceden ısıtılmış fırında 200 derecede, yaklaşık 20-25 dakika kadar fırınlanır. Kokusu evi sarmaya başlayınca bir kürdanla yumuşaklığını kontrol edin ve fırından çıkartın. Afiyet olsun.""]"
9476f968-fab2-4b83-a5a0-15c942b211c2,Kremalı Mezgit,Turkey,"Fırında pişirilen kremalı mezgit filetosu, patates ve limonla harmanlanmış lezzetli bir deniz ürünü yemeği",Ana Yemek,"[""2 paket fileto mezgit"", ""6 adet patates"", ""1 adet küçük boy limon"", ""3 çay kaşığı tuz"", ""2 çay kaşığı karabiber"", ""2 silme yemek kaşığı tereyağ""]","[""Tereyağında mezgit filetolarını önlü arkalı mühürleyin. Fırın kabına alın. Aynı tavada haşlanmış ve gelişigüzel böldüğünüz patatesleri soteleyin. Üzerine maydanoz ve rendelenmiş sarımsakları ekleyin."", ""Tuzunu ve karabiberini ekleyin, şöyle bir karıştırın. Üzerine kremayı boşaltın ve limon kabuğu rendesini ekleyin. 1 taşım kaynatın ve balıkların üzerine gezdirerek boşaltın."", ""180 derecede ısıtılmış fırına verin. Krema hafif yoğunlaşana kadar kontrollü bir şekilde pişirin. Çıkarıp servis edin. Afiyetler olsun!""]"
d96dc19f-5127-43c7-8794-6ac041943bd5,Protein Kek,Turkey,"Yüksek proteinli, lezzetli ve sağlıklı bir kek tarifi. Hem sporcular hem de sağlıklı beslenmek isteyenler için ideal",Tatlı,"[""2 adet yumurta"", ""1/4 çay kaşığı limon suyu"", ""1 yemek kaşığı labne"", ""1 yemek kaşığı bal"", ""1 su bardağı kahveli protein süt"", ""8 adet çilek"", ""1/2 adet muz"", ""2 su bardağı tam buğday unu"", ""1 paket kabartma tozu""]","[""Yumurtaların sarısı ve beyazı ayrılır. Yumurta beyazlarına limon suyu eklenerek köpük oluşturulur."", ""Ayrı bir kapta yumurta sarılarına bal, labne ve süt eklenerek homojen olana kadar çırpılır."", ""Yumurta sarılı karışıma kuru malzemeler de eklenir. Ardından yumurta beyazları yedirilerek homojen kıvama getirilir."", ""Çilekler ve muzlar küçük doğranır ve kek hamuruna eklenir."", ""Önceden ısıtılmış 180 derecelik fırında 20 dakika pişirilir."", ""Kek pişerken sos hazırlanır. Bir kapta gerekli malzemeler karıştırılır ve kek pişene kadar dolaba kaldırılır."", ""Soğuyan kekin üzerine sos sürülür ve dilimlenen meyveler koyulur ve dolaba alınır. Afiyet olsun.""]"
edf0c2cc-42cf-4072-858d-5e550cdc9d26,Çikolata Ganajlı Mermer Kek,Turkey,"Nefis çikolata ganajı ve vanilyalı kekin mükemmel uyumuyla hazırlanan, göz alıcı mermer desenli kek",Tatlı,"[""4 adet orta boy yumurta"", ""1 su bardağı toz şeker (175 gr)"", ""125 gram tereyağı (oda sıcaklığında"", ""1/2 su bardağı (1 parmak fazla) süt (120 ml)"", ""2 su bardağı un (220 gr)"", ""1 paket vanilin (5 gr)"", ""1 paket kabartma tozu (10 gr)"", ""1 çay kaşığı karbonat (2 gr)"", ""25 gram kakao (2,5 yemek kaşığı)"", ""1/4 çay kaşığı tuz"", ""3-4 yemek kaşığı süt (kakaolu hamuru inceltmek için)""]","[""Kek için yumurtalar ve toz şeker mikserle rengi açılana kadar çırpılır. Önce tereyağı, sonra süt eklenip tekrar çırpılır."", ""Un, vanilin, kabartma tozu ve karbonat elenerek eklenir. Çırpma teliyle iyice karıştırılır."", ""Hamurun yarısı bir kaseye alınır. Buna kakao ve tuz elenerek eklenir. Hamurun kıvamı 3-4 yemek kaşığı sütle inceltilir."", ""Baton kek kalıbının (24x10x8 cm) tümü tereyağı ile yağlanır. Tabana yağlı kağıt serilir."", ""Kalıba bir sıra sade, bir sıra kakaolu hamur olacak şekilde, harç üst üste dökülür. Ahşap bir şiş veya çatalla zikzaklar çizilir."", ""Önceden alt üst ayarda 170 dereceye ısıtılan fırında 50-55 dakika (kürdan batırıldığında temiz çıkana kadar) pişirilir."", ""Ganaj için krema kenarlarından baloncuklar çıkana kadar ısıtılır. Çikolata parçalarının üzerine dökülür. 2 dakika sonra karıştırılır."", ""Kırık fındıklar tavada kavrulur. Ganaja dökülüp karıştırılır. Tamamen soğuyan kekin üzerine ve yanlarına ganaj dökülerek 2 saat buzdolabında dinlendirilir. Afiyet olsun.""]"
56b2a9e2-6d53-46d9-880d-c643884605ee,Sandal Köfte,Turkey,"Sandal şeklinde hazırlanan, galeta unuyla kıvamlandırılmış lezzetli köfte tarifi",Et Yemekleri,"[""250 gram kıyma"", ""2/3 su bardağı galeta unu (arzuya göre bayat ekmek içi)"", ""1 yemek kaşığı su"", ""1 adet soğan"", ""1 adet yumurta"", ""1 çay kaşığı pul biber"", ""1 çay kaşığı karabiber"", ""2 çay kaşığı kimyon"", ""1 çay kaşığı kekik"", ""2 çay kaşığı tuz""]","[""Patatesleri yıkayıp, kabuklarını soymadan derince bir tencereye alın ve üstüne çıkacak kadar suyla doldurun. Ardından tencerenin altını açın ve patatesleri kaynamaya bırakın."", ""Bu sırada köfte harcını hazırlayın. Kıymayı bir kaba alıp üstüne soğan ve sarımsağı rendeleyin. Üstüne galeta unu ya da ekmek kırıntısı, su, yumurta ve baharatları da ilave edip yaklaşık 5 dakika kada"", ""Üstünü streç filmle kapatıp buzdolabında dinlenmeye bırakın."", ""Köfte harcı dinlenirken püreyi hazırlayın. Haşlanmış patateslerin kabuklarını soyun ve el blenderı yardımıyla püre haline getirin. İçerisine süt ve tereyağını da ilave edin, baharatları katıp güzelce"", ""Dolapta dinlenmiş olan köfte harcını alın ve 5 parçaya ayırın. Her bir parçayı elinizle önce yuvarlayın ve ardından hafifçe elips şekli verin."", ""Elips şeklindeki köftelerinizin ortasına parmaklarınızla hafifçe bastırark kayık şekli verin. Ortasına püreyle doldurulabilecek kadar çukur olmalıdır."", ""Hazırladığınız köfte sandallarını yağladığınız fırın kabına dizin. Önceden ısıtılmış 200 derece fırında yaklaşık 25 dakika bu şekilde pişirin."", ""Ardından köfteleri fırından alın ve çukur kısmı patates püresiyle doldurun. Pürenin ortasını da hafifçe çukurlaştırarak, yıkayıp süzdüğünüz garnitürden 1’er yemek kaşığı olacak şekilde sandal köfteler"", ""Domates salçasına su ilave edip, baharatlarını da ekleyin ve güzelce karıştırarak salçayı suda tamamen çözdürün. Hazırladığınız bu sosu köftelerin üstüne gezdirin."", ""Sandal köftelerin en üstüne koyduğunuz garnitürleri kaşar peyniri ile kapatarak, köfteleri tekrar fırına verin ve kaşarlar eriyip, üstleri hafifçe kızarana dek yaklaşık 15 dakika daha pişirin."", ""Fırından çıkartın ve kalan patates püresi ve garnitürleri de tabağa alıp, sıcak olarak servis edin.""]"
d365ab0d-e32e-4e74-bf92-82228e454db0,Elmalı Kek,Turkey,"Mis gibi kokan, yumuşacık dokulu elmalı kek tarifi. Hem çay saatlerinde hem de tatlı krizlerinde favoriniz olacak",Ye,"[""3 adet yumurta"", ""8 silme yemek kaşığı şeker"", ""1 su bardağı un"", ""1 su bardağı sıvı yağ"", ""1 adet kabartma tozu"", ""1 çay kaşığı tarçın"", ""3 adet elma""]","[""Şeker ve yumurtayı, iyice çırpın."", ""Üzerine un, sıvı yağ ve kabartma tozunu ekleyerek çırpmaya devam edin."", ""En son malzemeler iyice karıştıktan sonra üzerine tarçın ve elmaların 2 tanesini doğrayıp ekleyin."", ""Tepsiyi yağlayıp içerisine kek malzemesini dökün."", ""Kalan bir elma ile üzerine sekil verecek biçimde kesin ve dizin."", ""Önceden ısıtılmış 170 derecelik fırında 34-40 dakika pişirin. Afiyet olsun.""]"
675e9b02-ffca-4a18-8ef4-1c3a0c4f37e0,Kıymalı Milföy Pide,Turkey,"Kıymalı milföy pide, pratik milföy hamurları ile lezzetli kıymalı harzın mükemmel birleşimi",Ye,"[""8-10 adet milföy yaprağı"", ""200 gram dana kıyma"", ""1 adet soğan"", ""1 adet kapya biber"", ""1 adet yeşil biber"", ""1 adet domates"", ""1 tatlı kaşığı salça"", ""3 yemek kaşığı zeytinyağ"", ""1.5 çay kaşığı tuz"", ""1.5 çay kaşığı kırmızı toz biber"", ""1.5 çay kaşığı pul biber"", ""1/2 çay kaşığı karabiber"", ""1/2 çay kaşığı kimyon""]","[""İlk olarak iç harcı hazırlayın. Soğan, maydanoz ve biberler mutfak robotundan geçirin."", ""Domatesi rendeleyin. Kıymayı üzerine aktarın. Baharatlar ve zeytinyağı da ekleyip güzelce karıştırın."", ""Milföyler yumuşamaya başlayınca merdaneyle genişletin."", ""Kenarları 1 cm kalınlığında içe doğru katlayın, uçları birleştirin ve sandal şekli verin. Hepsini aynı şekilde hazırlayın. Fırın tepsisine yerleştirin."", ""Pişerken kabarmaması için çatalla delin. Kıymalı harçtan ekleyip kenarlarına yumurta sarısı sürün."", ""Önceden ısıtılmış fırında alt üst ayarda 190 derecede üzerleri kızarana kadar pişirin."", ""İlk sıcağı geçince servis yapın. Afiyet olsun.""]"
3f8c7581-1b86-49c1-a513-383cba96d1a9,Yoğurt Tatlısı,Turkey,"Yoğurt tatlısı, yoğurdu ve irmiği birleştiren hafif ve lezzetli bir tatlıdır",Ye,"[""1,5 su bardağı irmik"", ""1 su bardağı un"", ""1 su bardağı yoğurt"", ""4 adet yumurta"", ""1/2 su bardağı toz şeker"", ""1 paket vanilya"", ""1/2 su bardağı sıvı yağ"", ""1 adet rendelenmiş limon kabuğu"", ""1 paket kabartma tozu""]","[""Öncelikle şerbetini hazırlayın. Bir tencereye şerbeti için gerekli olan şeker ve suyu alın ve şeker eriyene dek karıştırdıktan sonra ocağın altını açıp, kaynaya dek ara ara karıştırın. Kaynamaya başla"", ""Keki için yumurtaları bir kaba kırın ve üstüne toz şekeri ekledikten sonra bir mikserle şeker eriyene dek yaklaşık 5 dakika boyunca çırpın."", ""Ardından içine yağ, yoğurt, limon kabuğu rendesini ekleyip elinizle karıştırın ve un, irmik, kabartma tozu ve vanilini de ekleyip, keke kıvamına gelene dek karıştırın."", ""Yağlanmış bir borcama kek karışımını dökün ve önceden ısıtılmış 180 derece fırında, üstü kızarana dek 25 dakika kadar pişirin."", ""Fırından çıkan tatlıyı dilimleyin ve sıcak tatlının üstüne soğuk şerbeti dökün."", ""Şerbeti çekip, oda ısısına gelen tatlıyı cevizle süsleyip servis edin. Afiyetler olsun!""]"
f018e649-9f5e-409b-848f-a18e5379d61b,Patatesli Çıtır Börek,Turkey,"Çıtır çıtır patatesli börek, pratik ve lezzetli bir atıştırmalık. Haşlanmış patates ve soğanla hazırlanan iç harcıyla damakları şenlendirir",Börek & Hamur İşi,"[""3 adet yufka"", ""3 adet orta boy patates (haşlanmış)"", ""1 adet soğan (minik doğranmış)"", ""2 yemek kaşığı kıyma"", ""1 yemek kaşığı tereyağı"", ""1 yemek kaşığı sıvı yağ"", ""1 tatlı kaşığı biber salçası"", ""1 çay kaşığı tuz"", ""1/2 çay kaşığı karabiber"", ""1/2 çay kaşığı kimyon"", ""1/2 çay kaşığı kırmızı toz biber"", ""1/2 çay kaşığı pul biber""]","[""İç harç için yağlar uygun bir tencereye alınır, eritilir. Soğanlar pembeleşinceye kadar kavrulur. Kıyma eklenir ve sürekli karıştırılarak pişirilir."", ""Biber salçası eklenip karıştırılır. Ezilmiş patates, tuz ve baharatlar ilave edilir. Karıştırılıp soğumaya bırakılır."", ""Sosu için su, sirke ve yağlar karıştırılır. Yufka tek kat açılır. Kepçe yardımıyla sosun 1/3 kadarı dökülür. Fırça yardımıyla yayılır."", ""Yufkalar, yuvarlak kenarlarından 2 parmak kadar içeri katlanır. Katlanan yerlere de fırçayla sostan sürülür. Üzerine 1 tatlı kaşığı nişasta süzgeç yardımıyla serpiştirilir."", ""Patatesli harcın 1/3'i eşit şekilde yayılır ve rulo yapılır. 6 eşit parçaya bölünür. Tepsiye dizilir. Diğer 2 yufkaya da aynı işlem yapılır."", ""Yumurta sarısı sütle açılıp çırpılır ve böreklerin üzerine fırçayla sürülür. İsteğe göre susam ve haşhaş tohumu serpiştirilir."", ""Alt üst ayarda, 180 derecede önceden ısıtılmış fırında, üzerleri kızarana kadar (yaklaşık 25-30 dakika) pişirilir. Sıcak sıcak servis yapılır. Afiyet olsun.""]"
7920677f-a505-4f92-96a9-4d04cfcf1454,Avakado Soslu Tost,Turkey,Lezzetli avokado ve domatesin mükemmel uyumuyla hazırlanan pratik ve sağlıklı bir tost tarifi,Ye,"[""1/2 adet avokado"", ""1/2 adet domates"", ""5 damlalimon suyu""]","[""Tost ekmeğini kızartın."", ""Avakado sosu için bütün malzemeleri robottan geçirin."", ""Kızarmış ekmeğin üzerine sürün."", ""Üzerine de roka salatası koyup kapatın. Afiyet olsun.""]"
f22bb37d-6f8d-46c1-8fc1-de93a2f15d1b,Elmalı Tarçınlı Kek,Turkey,"Tarçın ve elmanın harika birleşimiyle hazırlanan, mis gibi kokan pratik bir kek tarifi",Tatlı,"[""1 su bardağı toz şeker"", ""2 adet elma"", ""4 adet yumurta"", ""1 tatlı kaşığı tarçın"", ""1 su bardağı ceviz (ve fındık)"", ""2,5 su bardağı un"", ""100 mililitresüt"", ""100 mililitresıvı yağ"", ""1 paket kabartma tozu""]","[""Şekeri, yumurta ve tuzu kabarana kadar çırpalım ve daha sonra sıvı malzemeleri ekleyelim."", ""Elmaları rendeleyip içine atalım ve ardından kuru malzemeleri elekten geçirip ekleyelim."", ""Kabaca karıştırdıktan sonra kek kalıbına alalım ve önceden ısıtılmış 180 derece fırında 40 dakika pişirelim. Afiyet olsun.""]"
5fe74d7c-dafe-4506-a8f9-ee7d996dd63d,Bol Soslu Kolay Islak Kek,Turkey,"Pratik malzemelerle hazırlanan, bol soslu ve nemli dokusuyla damakları çelen lezzetli bir kek tarifi",Tatlı,"[""1 su bardağı süt"", ""1 su bardağı sıvı yağ"", ""1 su bardağı şeker"", ""2 yemek kaşığı kakao""]","[""Sos için hazırladığımız malzemeleri bir tencereye alarak karıştırıp kaynatıyoruz. Soğumaya bırakıyoruz."", ""Kek harcı için malzemeleri derin bir kapta karıştırıyoruz."", ""Önceden 180 derecede ısıttığımız fırına kek harcımızı koyuyoruz. Yaklaşık 20 dakika kekimizin pişmesini bekliyoruz."", ""Kekimiz pişince fırından alarak dilimliyoruz."", ""Hazırladığımız sosu dilimlenmiş olan kekimizin üzerine döküyoruz. Veee kekimiz hazır :))""]"
79de0e18-b029-4ebb-b3bc-063c3e666045,Körili Brüksel Lahanası,Turkey,"Köri ile harmanlanmış lezzetli Brüksel lahanası, pratik ve sağlıklı bir yan yemek",Sebze Yemekleri,"[""250 gram Brüksel lahanası"", ""1 tatlı kaşığı köri"", ""1 tatlı kaşığı (silme) tuz"", ""2 yemek kaşığı zeytinyağı"", ""1 yemek kaşığı üzüm sirkesi"", ""3 yemek kaşığı süzme yoğurt""]","[""Brüksel lahanasını temizleyip ikiye bölün."", ""Bir kaba alarak üzerine zeytinyağı, tuz, köri ve sirkeyi ekleyip güzelce karıştırın."", ""Yağlı kağıt serili fırın kabına koyup 180 derecede 15-20 dakika pişin."", ""Süzme yoğurtla, sarımsağı rendeleyerek karıştırın ve servis tabağının tabanına yayarak servis edin. Afiyet olsun!""]"
bd616b07-934a-4a01-b48f-98d87961d8c9,Fırında Tavuk Nugget,Turkey,"Ev yapımı fırında tavuk nuggetlar, dışı çıtır içi yumuşak lezzet",Et Yemekleri,"[""500 gram tavuk fileto"", ""4 yemek kaşığı panko (japon ekmeği kırıntısı)"", ""2 yemek kaşığı sıvı yağ"", ""1 çay kaşığı tuz"", ""1 çay kaşığı karabiber"", ""1/2 çay kaşığı soğan tozu"", ""1/2 çay kaşığı sarımsak tozu""]","[""Yağlı ve derili kısımları alınmış fileto tavuk göğüslerini iri kare parçalar halinde kesin ve rondodan geçirin. Üzerine panko, sıvı yağ ve baharatlarını ilave edin ve karıştırın."", ""Elinizi sıvı yağ ile hafif yağlayın ve tezgaha streç film serip tavuk harcını üzerine alın. Elinizle 1 parmak kalınlığında düzleyin."", ""Nuggetları kare şeklinde kesin. Bir tabağa alın ve buzlukta 10 dakika bekletin."", ""Nuggetları önce una bulayın. Ardından yumurta ve tuz ile çırpılmış olan karışıma bulayın."", ""Son olarak pankoya bulayın."", ""Yağlı kağıt serili tepsiye aralıklı olarak dizin. Önceden ısıtılmış 180 derece fırında 30 dakika pişirin.""]"
7ab8b241-da4e-4762-9214-9978099ddfbb,Alman Lokması Quarkballchen,Turkey,"Alman mutfağının lezzetli tatlısı Quarkballchen, çıtır dışı ve yumuşak içiyle damakları şenlendirir",Ana Yemek,"[""250 gram un"", ""250 gram yoğurt"", ""2 adet yumurta"", ""125 gram toz şeker"", ""1 paket kabartma tozu"", ""1 paket vanilya""]","[""Yumurta ve şekeri derin bir kasede çırpın."", ""Yoğurt, vanilya, bir çimdik tuzu ekledikten sonra un ve kabartma tozunu eleyerek karışıma ilave edin."", ""Koyu kıvam alana kadar çırpın. (Kullandığınız un kıvamda değişiklik gösterebilir. Cıvıksa un ekleyebilirsiniz.)"", ""Hamurunuzu sıkma torbasına koyup sıkarak ya da kaşık yardımıyla küçük boyutlarda kızarmış yağın içine atın."", ""Hamuru kısık ateşte ağır ağır ve dışı kızarıncaya kadar pişirin, böylece içi hamur kalmayacaktır."", ""Derin bir kaseye şekeri ve tarçını ilave edin."", ""Pişen lokmalarınız sıcakken tarçınlı şekerin içine atın, iyice kapladıktan sonra servis edebilirsiniz. Afiyet olsun! :)""]"
d15b9f06-ef78-419c-85a9-17f2f7758115,Dereotlu Poğaça,Turkey,"Dereotun taze aromasıyla harmanlanmış, yumuşacık ve lezzetli poğaça tarifi",Börek & Hamur İşi,"[""1 adet yumurta (beyazı içine sarısı üzerine)"", ""1 çay bardağı yoğurt"", ""1 çay bardağı sıvı yağ"", ""1/2 paket oda sıcaklığında margarin"", ""1 çay kaşığı tuz"", ""1/2 çay kaşığı toz şeker"", ""1 paket kabartma tozu"", ""3-4 su bardağı un""]","[""Öncelikle yumurta beyazı, yoğurt, sıvı yağ ve margarini güzelce karıştıralım."", ""Şeker, tuz, un, kabartma tozunu ilave edelim ve hamurumuzu yoğuralım. Kulak memesi kıvamında olması gerek."", ""En son süzme peyniri ve dereotunu ekleyelim."", ""Hamurumuza şekil verip üzerine yumurta sarısını sürelim."", ""180 derecelik fırında pişirelim. Afiyet olsun.""]"
94d2b09a-bff9-4aef-879b-1646fa0d844e,Ispanaklı Galette,Turkey,"Ispanaklı Galette, tuzlu hamurun üzerine taze ıspanaklarla hazırlanan lezzetli ve pratik bir Fransız usulü açık turtadır",Et Yemekleri,"[""1,5 su bardağı tam buğday unu"", ""4 yemek kaşığı su"", ""1/2 çay bardağı süt"", ""2 yemek kaşığı zeytinyağı"", ""1 tatlı kaşığı tuz""]","[""Hamuru için tüm malzemeleri bir kapta karıştırın ve 10 dakika üzeri kapalı şekilde dinlendirin."", ""İç harcı için ıspanakları ince ince doğrayın ve zeytinyağında kavurun. Baharatları da ilave edin."", ""Altını kapattıktan sonra içerisine beyaz peyniri koyun ve karıştırın."", ""Birleştirme için hamuru merdaneyle ince, yuvarlak şekilde açın ve yağlı kağıt serilmiş tepsiye aktarın."", ""Tam ortasına iç harcı koyun ve kenarlarından içeriye doğru katlayın."", ""Kenarlarına yumurta sarısı sürüp çörek otu serpin."", ""Önceden ısıtılmış 180 derece fırında 30-35 dakika pişirin. Afiyet olsun.""]"
474333c2-ed3a-48ad-911b-c718de89f097,200 Gram Kıymayla Kıbrıs Köfte,Turkey,"200 gram kıyma ve patateslerle hazırlanan lezzetli Kıbrıs köftesi, yumurtalı harcıyla öne çıkıyor",Et Yemekleri,"[""200 gram kıyma"", ""1 kg patates"", ""1 adet yumurta"", ""1 adet rendelenmiş soğan"", ""1 çay kaşığı tuz"", ""1 çay kaşığı karabiber"", ""1 çay kaşığı kimyon""]","[""Derin bir kaseye aktardığınız rendelenmiş ve suyu iyice sıkılmış patatesleri ve soğanların üzerine kıyma, yumurta, bayat ekmek kırıntısı ve baharatları ilave edin."", ""Tüm malzemeleri güzelce yoğurun."", ""Ceviz büyüklüğünde parçalar koparıp şekil verin. Buzdolabında bir süre dinlendirin."", ""Ardından bir tavaya yağı alıp güzelce kızdırın. Dinlenen köfteleri yağa atıp arkalı önlü güzelce kızartın."", ""Sıcak olarak servis edin. Afiyetler olsun!""]"
c5783564-f427-4a69-a7a4-18b61c3f26f8,Pekmezli Kurabiye,Turkey,"Pekmezli kurabiye, yoğurt ve pekmezle hazırlanan lezzetli ve pratik bir kurabiye tarifi",Tatlı,"[""1 paket margarin"", ""2 adet yumurta"", ""1 su bardağı yoğurt"", ""1 su bardağı pekmez"", ""1 su bardağı ceviz"", ""1 su bardağı sıvı yağ"", ""1 paket kabartma tozu"", ""1 çay kaşığı karbonat"", ""9,5 su bardağı un (aldığı kadar)""]","[""Un ve margarin hariç tüm malzemeleri ekleyelim ve karıştıralım."", ""Un ve margarini ekleyip iyice bir yoğuralım."", ""Ufak parçalar halinde bölüp tepsiye dizelim."", ""180 derece fırında 25 dakika pişirelim. Afiyet olsun""]"
e3ea23f4-7bf1-4069-b6a0-019390007fc0,Et Şiş,Turkey,"Lezzetli ve yumuşak et şiş tarifi, mangalın vazgeçilmezi",Et Yemekleri,"[""500 gram kuşbaşı dana eti"", ""100 gram kuyruk yağı"", ""1 çay bardağı süt"", ""1/2 çay bardağı zeytinyağı"", ""1 çay kaşığı kırmızı toz biber"", ""1 çay kaşığı kekik"", ""1/2 çay kaşığı karabiber"", ""1/2 çay kaşığı tuz""]","[""Bir kaseye süt, zeytinyağı, kırmızı toz biber, karabiber, kekik ve tuzu ekleyin."", ""Kuşbaşı etleri bu karışıma alın. Vaktiniz varsa 1 gece yoksa 15-20 dakika buzdolabında dinlendirin."", ""Döküm tavayı ısıtın ve üzerine biberi, domatesi ve soğanı ekleyin."", ""Dinlenen etleri şişe dizin. Dizerken aralara birer parça da kuyruk yağı ilave edin. Isıttığınız tavada arkalı önlü, çevirerek pişirin."", ""Et şiş hazır! Közlediğiniz sebzelerle birlikte servis edin. Afiyet olsun!""]"
88580b3c-d142-446a-8349-9176dd3b3671,Patorowni,Turkey,"Keçiboynuzu özüyle tatlandırılmış, lezzetli ve besleyici patates köftesi",Ana Yemek,"[""350 gram patates"", ""2 adet orta boy yumurta"", ""2 yemek kaşığı keçiboynuzu özü"", ""1 çay bardağı çiğ fındık"", ""1 tatlı kaşığı kabartma tozu"", ""2 adet orta boy muz"", ""50 gram bitter çikolata"", ""1 çay bardağı süt"", ""2/3 çay bardağı kakao""]","[""Blender'ın içine patates, muz, keçi boynuzu özü, fındık ve sütün tamamını ekleyip iyice karıştırıyoruz. Sonra içine kakao ve 2 yumurtayı ekleyip tekrar çektiriyoruz."", ""En son kabartma tozunu ekleyip karıştırıyoruz ve yağlı kağıt serdiğimiz kaba karışımı döküyoruz. Kıvamının bir tık koyu olmasında korkmayın."", ""Üzerine bitter çikolatayı istediğimiz şekilde diziyoruz, 180 derece fırında 20-25 dakika pişiriyoruz. En az 1-2 saat soğumasını bekliyoruz. Afiyet olsun.""]"
b6d3698f-b953-444c-ad7e-b47b3c3e349a,Sebzeli Çiçek Açma,Turkey,"Lezzetli sebzelerle hazırlanan çiçek açma, hem doyurucu hem de göz alıcı bir tarif",Sebze Yemekleri,"[""4 su bardağı un"", ""1 yemek kaşığı kuru maya"", ""1 yemek kaşığı esmer şeker"", ""1 tatlı kaşığı tuz"", ""1,5 su bardağı ılık süt"", ""1 adet domates"", ""1 adet soğan"", ""1 adet yeşil biber"", ""1 adet kapya biber"", ""1/2 çay bardağı zeytinyağı""]","[""Un, maya, tuz, şeker, zeytimyağı ve sütü bir kap içinde tahta kaşıkla karıştırıp üzerini örterek 45 dakika mayalandırıyoruz. (Ele yapışan bir hamur oluyor. Ben o yüzden kaşıkla karıştırdım, yoğurmadım"", ""Hamur mayalanırken iç harç için malzemeleri karıştıralım."", ""Kek kalıbımızın dibini yağlayıp unlayalım."", ""Kalıbın en altına hamurdan parça parça alıp yerleştirelim."", ""Üzerine harcımızdan dökelim ve harcın üzerine tekrar kalan hamuru parçalar halinde yerleştirelim."", ""Fırında kızarana kadar pişirin. Afiyet oslun.""]"
358dc112-4a6f-438d-aaf0-d19517b57e55,Kaşarlı Sucuklu Pide,Turkey,"Lezzetli kaşar ve sucukların harmanlandığı, evde kolayca yapabileceğiniz geleneksel Türk pidemiz",Börek & Hamur İşi,"[""4 su bardağı un"", ""1 su bardağı ılık su"", ""1 su bardağı ılık süt"", ""1 paket toz maya"", ""1 tatlı kaşığı tuz"", ""1 çay kaşığı şeker"", ""100 gram kaşar"", ""100 gram sucuk""]","[""Unu bir tezgaha boşaltıp, ortasını açalım."", ""Ardından ılık su, ılık süt, tuz ve şekeri ekleyelim."", ""Güzelce yoğuralım ve üstünü bir streç ile örtelim ve mayalanmaya bırakalım."", ""Mayalanan hamurumuzdan ufak bezeler yapalım ve pide şeklini verelim."", ""Kaşarı ve sucuğu dilimleyelim ve pidelerimize önce kaşarı sonra sucuğu dizelim."", ""Kenarlarını hafif kapatalım kenarlarının daha güzel kızarması için yumurta sarısı sürebilirsiniz."", ""Önceden ısıtılmış 200 derecelik fırında pişirelim. Afiyet olsun.""]"
fa511ec4-1965-4982-b7e0-2f5baed3fdc0,Çikolatalı Kek,Turkey,"Lezzetli ve nemli çikolatalı kek tarifi, çay saatlerinin vazgeçilmezi olacak",Tatlı,"[""3 adet yumurta"", ""1,5 su bardağı toz şeker"", ""1 su bardağı süt"", ""1 su bardağı sıvı yağ"", ""1 paket vanilin"", ""1 paket kabartma tozu"", ""3 su bardağı un""]","[""Kalıbı yağlayın. Yumurta ve şekeri blender yardımıyla 4 dakika çırpın."", ""Ardından süt, yağ ve vanilya tozunu ilave edip karıştırmaya devam edin."", ""Karışıma un ve kabartma tozunu elek yardımıyla ekleyerek karıştıralım."", ""Ardından 170 derece fırında 35-40 dakika pişirin."", ""15 dakika soğumaya alın. Soğuyan kekin üzerine sos ve çilekleri ekleyerek servis edin. Afiyet olsun.""]"
826bfa05-5b5e-4479-a283-50e1e84cc034,Diyet Kurabiye,Turkey,Sağlıklı ve lezzetli diyet kurabiye tarifi. Az kalorili ama doyurucu atıştırmalık,Tatlı,"[""1 adet havuç"", ""1 adet elma"", ""1 su bardağı yulaf ezmesi"", ""1 adet yumurta"", ""3 yemek kaşığı bal"", ""4 yemek kaşığı sıvı yağ""]","[""Havuç ve elma soyulur. Rendelenir."", ""Yulaf ezmesi rondodan geçirilir. Ceviz de rondodan geçirilir."", ""Bir kaba yumurta, bal ve yağ eklenir. 3 malzeme eklendikten sonra iyice çırpılır."", ""Ceviz, hurma, rendelenen havuç, kuru üzüm ve elma eklenir. Çırpılır."", ""Son olarak Hindistan cevizi eklenir ve buzdolabında 15 dakika dinlendirilir."", ""Yuvarlak şekli verilir ve üstüne biraz bastırılır."", ""Önceden ısıtılmış 160 derece fırına verilir."", ""Fırından çıkan kurabiyeler sunulduktan sonra afiyetle yenir.""]"
461ae345-00e1-4c9e-8f6a-f67c011e9eae,Izgara Tavuk Burger,Turkey,"Lezzetli ızgara tavuk burger, turşu ve taze ekmek ile harika bir öğün yemeği",Tavuk Yemekleri,"[""2 adet tavuk göğsü"", ""2 adet salatalık turşusu"", ""2 adet hamburger ekmeği"", ""1 tatlı kaşığı tereyağı"", ""5 adet mantar"", ""2 yemek kaşığı hardal"", ""1 yemek kaşığı zeytinyağı"", ""2 çay kaşığı tuz"", ""1 çay kaşığı karabiber""]","[""Tavayı iyice ısıtın. Isınan tavaya zeytinyağını ilave edin ve tavuk göğüslerini yerleştirin."", ""İyice pişen tavuğu çevirin ve baharatlandırın."", ""Diğer yüzü de çevirin ve baharatlandırma işlemini tamamladıktan sonra tavadan alın."", ""Tavukları pişirdiğiniz tavanın yağıyla mantarları soteleyin. Bu tavada mantarlar sotelendikten sonra hamburger ekmeklerinin iç tarafını ısıtın."", ""Isınan hamburger ekmeklerine ince dilimlenmiş salatalık turşularını, mayonezi, mantarları ve tavuk parçalarını dilediğiniz gibi dizin."", ""En son isterseniz tavada 2-3 dakika daha ısıtın. İşte bu kadar, afiyet olsun!""]"
350455e8-753d-496c-bd31-4d76200420f8,Lahana Yatağında Havuç Tarator,Turkey,"Mor lahananın üzerinde sunulan, ferahlatıcı havuç tarator ile hazırlanan hafif ve lezzetli bir meze",Sebze Yemekleri,"[""5-6 adet havuç"", ""1 adet küçük boy mor lahana"", ""1/2 çay bardağı zeytinyağı (veya ay çiçek yağı)"", ""2 yemek kaşığı mayonez"", ""1 çay kaşığı zerdeçal"", ""1 çay kaşığı köri"", ""1 tatlı kaşığı tuz""]","[""Havuçları soyup rendeliyoruz Bir tavaya bir miktar sıvı yağ koyup 3-5 dakika havuçları kavuruyoruz ve soğumaya bırakıyoruz."", ""Kasede yoğurdu mayonezi tuzu sarımsak ve baharatları ekleyip karıştırıyoruz, kavurduğumuz soğuyan havucumuzu ekleyip karıştırıyoruz."", ""Lahana yaprakları ile servis yapıyoruz. Üzerini de dereotu ile süsleyebilirsiniz."", ""Deneyenlere şimdiden afiyet olsun, benimle paylaşırsanız sevinirim.""]"
8459ce08-cad2-4e3d-b7d1-ced831e350f3,Şakşuka,Turkey,Patlıcan ve biberlerin kızartılıp yoğurtlu sosla servis edildiği lezzetli bir meze,Ana Yemek,"[""2 adet patlıcan"", ""2 adet yeşil biber"", ""5 yemek kaşığı sıvı yağ"", ""5 adet domates"", ""1/4 çay bardağı zeytinyağı"", ""1 yemek kaşığı sirke"", ""1 çay kaşığı ucuşeker""]","[""İlk önce patlıcanı küp küp doğrayın, tuzlu suda bekletin. Kızartma tenceresine yağ koyun. Patlıcanların suyunu süzün ve kızartın. Ardından doğradığınız biberleri kızartın."", ""Sosu için zeytinyağını bir tavaya alın, rendelediğiniz sarımsakları ekleyin. Biraz kavrulduktan sonra küp küp doğradığınız domatesi tavaya ekleyin. Sirke, toz şeker ve baharatları da ekleyip biraz dah"", ""Altını kapattıktan sonra isteğe bağlı cevizde ekleyebilirsiniz. Sos soğuduktan sonra kızarttığınız sebzelerin üzerine döküp güzelce karıştırın. Afiyet olsun!""]"
e2068edd-aa49-483b-b2d1-26f58a1c32d4,Yahni,Turkey,"Et ve arpacık soğanların salça ile harmanlandığı, geleneksel ve lezzetli bir yemek",Ana Yemek,"[""500 gram yağsız kuşbaşı et (dana veya kuzu eti)"", ""10-15 adet arpacık soğan"", ""1 yemek kaşığı domates salçası"", ""1 yemek kaşığı tereyağı"", ""3 yemek kaşığı zeytinyağı"", ""1 çay kaşığı tuz""]","[""Dana etlerini düdüklüye alın ve kavurun."", ""Suyunu salıp çektikten sonra üzerini geçecek kadar su ekleyip pişmeye bırakın."", ""Ayrı bir tencereye yağı alın. Domates salçasını ekleyip kavurun. Üzerine etleri alın."", ""Arpacık soğanları da ekleyin."", ""Suyunu ve tuzunu ilave edip soğanlar yumuşayana kadar pişirin."", ""Soğanların dağılmaması için pişirme işlemini kısık ateşte ve çok fazla karıştırmadan sürdürün."", ""Yahni tarifiniz hazır. Afiyet olsun.""]"
a8256418-16e8-4782-8419-f8d99a56e427,Ispanak Çorbası,Turkey,"Lezzetli ve besleyici ıspanak çorbası, kremamsı dokusuyla soğuk günlerin vazgeçilmezi",Çorba,"[""1/2 kg ıspanak (ayıklanmış ve temizlenmiş)"", ""1 adet soğan"", ""100 ml krema"", ""2 yemek kaşığı zeytinyağı"", ""1 çay kaşığı tuz"", ""1/2 çay kaşığı karabiber""]","[""Tencereye zeytinyağını ekleyip 4'e böldüğünüz soğanı ekleyin."", ""Yıkanmış ıspanakları da tencereye ekleyin."", ""Ispanaklar yumuşayınca sarımsağını, tuzunu, karabiberini ve suyunu ekleyip kısık ateşte pişirin."", ""Blenderdan pürüzsüz olana kadar geçirin."", ""Ispanak çorbası tarifiniz hazır. Afiyet olsun!""]"
5d65ecec-8ef9-4071-938d-2c0fb0dc8b96,Kolay Koko Kurabiye,Turkey,Çıtır dışı ve yumuşak içiyle kolayca hazırlayabileceğiniz nefis Hindistan cevizi kurabiyesi,Tatlı,"[""2 adet yumurta akı"", ""1 çay bardağı pudra şekeri"", ""2 su bardağı Hindistan cevizi""]","[""Uygun bir kapta yumurta akı ve pudra şekerini 5 dakika çırpıcı yardımı ile çırpalım."", ""Çırpma işlemi bittikten sonra Hindistan cevizini ekleyerek kaşık yardımı ile iyice karıştıralım."", ""Daha sonra 2 tatlı kaşığı yardımı ile veya dondurma kaşığı ile şekil vererek yağlı kağıt serdiğimiz tepsiye dizelim."", ""Dizdikten sonra 170 derecelik fırında 15 dakika pişirelim."", ""Fırından çıktıktan sonra soğumasını bekleyelim."", ""Soğuduktan sonra, arzuya göre benmari usulü erittiğiniz çikolata ile üzerine şekil verebilirsiniz. Afiyet olsun.""]"
23dbf3c1-e00f-4f0f-8b44-615523ebab73,Bonet Dessert,Turkey,"İtalyan mutfağının nefis çikolatalı ve bademli muhallebi tatlısı Bonet, zengin dokusu ve derin lezzetiyle damakları şenlendirir",Et Yemekleri,"[""100 gram acıbadem kurabiyesi (amaretti cookies)"", ""50 gram kakao"", ""10 adet yumurta sarısı"", ""50 ml rhum (şekerli bir içki)"", ""700 ml süt"", ""50 ml espresso kahve""]","[""Tatlının karameli için; küçük bir tencereye aktardığınız toz şekeri, kısık ateşte karamel halini alana kadar pişirin."", ""Hazır hale gelen karamel karışımını ısıya dayanıklı porsiyonluk tatlı kaplarının tabanına eşit olarak paylaştırın."", ""Acıbadem (amaretti) kurabiyelerini küçük parçalar halinde kırın."", ""Acıbadem kurabiye parçalarını; yumurta sarıları, süt, espresso kahve, kakao ve Rhum ile homojen bir kıvama ulaşana kadar karıştırın."", ""Tabanını karamel ile kapladığınız fırın kaplarına eşit olarak paylaştırdığınız tatlıları, fırın tepsisine aralıklı olarak yerleştirin."", ""Tatlı kaplarının yarısına gelecek kadar suyu fırın tepsisine aktarın. Krem karamel pişirir gibi 130 derece fırında, 45 dakika kadar pişirin."", ""Düşük ısıda pişen tatlıları fırından çıkartın ve oda ısısına geldikten sonra buzdolabına kaldırın."", ""8 saat kadar buzdolabında beklettiğiniz tatlıları, ters çevirerek servis tabaklarına aldıktan sonra bekletmeden ikram edin ve sevdiklerinizle paylaşın.""]"
fce2a3e9-8799-4723-8895-63fa413ae89b,Cızlama,Turkey,Geleneksel Türk mutfağından pratik ve lezzetli bir kahvaltılık,Ana Yemek,"[""2 adet yumurta"", ""1 su bardağı süt"", ""1 çay bardağı su"", ""2 su bardağı un"", ""1 paket kabartma tozu"", ""1 çay kaşığı tuz""]","[""Tüm malzemeleri karıştırma kabına ekleyin."", ""Karıştırıp homojen hale getirin."", ""Kepçe yardımıyla yağlanmış tavaya harçtan aktarın. Önlü arkalı pişirin."", ""Cızlama tarifiniz hazır. Afiyet olsun!""]"
9c2fb3af-5bb9-4763-b07e-55864ea0f769,Limonlu Bademli Cheesecake,Turkey,Taze limon aroması ve çıtır bademlerle zenginleştirilmiş nefis cheesecake tarifi,Ana Yemek,"[""2 paket yulaflı bisküvi"", ""100 gram tereyağı"", ""400 gram ricotta peyniri (olmazsa labne)"", ""1 paket krema"", ""3 adet yumurta"", ""1 su bardağı toz şeker"", ""1/2 su bardağı (1 parmak fazla) un"", ""1 yemek kaşığı buğday nişastası"", ""1/2 adet limon kabuğu rendesi (limonlu yapmayacaksınız bir paket vanilya)""]","[""Alt taban için bisküvileri blenderda ince bir şekilde çekiyoruz. Bisküviler iyice parçalandıktan sonra bademleri de ekliyoruz. Onların çok ufalanmaması daha iyi."", ""Tereyağını eritip, ufaladığımız bisküvi badem karışımıyla kuru yer kalmayacak şekilde karıştırıp yağlı kağıt serdiğimiz kek kalıbının tabanına iyice yayıyoruz."", ""Dilerseniz bu karışımı kek kalıbının kenarlarına da yükselecek şekilde biraz taşırtabilirsiniz. Daha sonra bu kalıbı buzdolabına alıyoruz."", ""Kek bölümü için peyniri ve kremayı iyice çırpıyoruz."", ""İçerisine un, şeker, nişasta ve limon kabuğunu ekleyip ve çırpıyoruz."", ""Yumurtaları teker teker ekleyerek çırpıyoruz. Dilerseniz tüm karışıma bütün halde yaban mersinleri atarak yiyen kişilere çok tatlı bir sürpriz yapabilirsiniz."", ""Hazırlanan karışımı tabanın üstüne döküp 160-170 derecede önceden ısınmış fırınımızda 40-45 dakika pişiriyoruz."", ""Sosu için de tüm malzemeleri bir tencereye alıyoruz ve iyice kıvam alana kadar orta ateşte pişiriyoruz."", ""Oda sıcaklığına gelen sosumuzu, soğumuş olan kekimizin üstüne döküyoruz ve mümkünse bir gece dolapta bekletip afiyetle yiyoruz.""]"
686afda7-e203-4ef1-b70c-d8781f06db72,Kadayıf Dolması,Turkey,Tel kadayıfın cevizli harçla doldurulup şerbetle buluştuğu geleneksel ve lezzetli bir tatlı,Tatlı,"[""3 su bardağı toz şeker"", ""2 su bardağı su"", ""1/4 adet limonun suyu"", ""500 gram taze kadayıf"", ""200 gram ceviz""]","[""Kadayıf dolması şerbeti için ufak bir tencerede şeker ve suyu karıştırıp ocağa alın. Şerbet kaynayınca içine limon sıkın ve 5 dakika daha kaynatıp soğumaya bırakın."", ""Taze kadayıftan kalın bir tutam alın , tezgaha yayın ve ortasına iri kıyım ceviz koyup sarma gibi önce kenarlardan kapatıp rulo yapın. Tüm kadayıf bitene kadar bu işleme devam edin."", ""Derin bir kasede yumurta ve sütü çırpın ardından kadayıf rulolarını karışıma batırıp fazlasını avcunuzla sıkın."", ""Ardından sıcak yağa bırakıp tüm yüzeyleri çıtır çıtır olana kadar kızartın."", ""Sıcak kadayıf dolmalarını şerbete batırın tüm yüzeyinin şerbete temas etmesini sağlayın."", ""Tatlıları sevdiklerinizle paylaşın. Kadayıf dolması hazır. Afiyet olsun!""]"
a0867b12-bb52-4945-981e-83f1ead977ee,Pamuk Sandviç Ekmeği,Turkey,"Hafif ve yumuşacık dokusuyla ev yapımı pamuk sandviç ekmeği, kahvaltılarınız için mükemmel bir seçim",Ana Yemek,"[""2 su bardağı ılık su"", ""2 çay bardağı ılık süt"", ""150 gram tereyağı ya da margarin"", ""2 yemek kaşığı (tepeleme) şeker"", ""1,5 paket yaş maya"", ""4 adet yumurta (sarıları üzerine ayrılacak)"", ""2,5 tatlı kaşığı (silme) tuz"", ""9-10 su bardağı un""]","[""Yaş maya, şeker ve sütle karıştırılıp maya eritin. Üzerine ılık suyu ve yumurta akları ilave edin, karıştırın."", ""Tereyağı yoksa margarin ve tuz koyup karıştırın. Azar azar kontrollüce un ilave edip yoğurun, 10 dakika iyice yoğrulmalı. Son kıvamı, ele gelen yapışan bir hamur olmalı."", ""En son tezgaha koyup hamuru spatula ile toparlayabilirsiniz, daha iyi oluyor ama çok un koyup tam toparlamayın, ele yapışan bir kıvamda olması lazım 50 dakika mayaya bırakın."", ""50 dakika sonra, hamuru yağlanmış tezgaha dökün, 20 veya 15 eşit beze yapın, un serpilmiş tepsiye dizin, üzerleri örtün. Kurumaması için çok beklemeden şekil vermeye başlayın."", ""Hamurun alt ve üstüne azar un serpip oklava ile oval formda açın. 1,5 parmak genişliğinde katlayıp basın, tekrar katla yine bas katlama tekniği ile rulo haline getirip uçlarını sıkıca kapatın."", ""Tepsiye 2 parmak şeklinde aralıkla dizin. Üzerlerini kapatıp 35 dakika dinlendirelim. Sonra yumurta sarısı karışımını sürün önceden ısınmış 200° alt üst ayarda, pişirip fırından alalım, fırın tabanına"", ""Fırından çıkar çıkmaz üzerini havlu ile kapatalım, dinlenince ekmekler hazırdır. Dileyen yapıp soğuduktan sonra dondurucuda saklayabilir.""]"
c851bc2f-5534-4e9d-945a-e63e77c16803,Yoğurtlu Parfe,Turkey,"Meyveler ve etimek ile hazırlanan ferahlatıcı yoğurtlu parfe, yaz aylarının vazgeçilmez tatlısı",Ana Yemek,"[""1 adet şeftali (küp küp doğranmış)"", ""1 adet incir (küp küp doğranmış)"", ""Etimek Tatlısı Tarifi"", ""Damla Çikolatalı Kurabiye"", ""Tatlı Tarifleri Spoonful Mozaik Pasta Çikolatalı Sufle İrmik Helvası Fırın Sütlaç Profiterol Revani Magnolia"", ""Kahvaltılık Tarifler Pancake Krep Pişi Kuymak Kaygana Kahvaltılık Sos Menemen Muhlama Yumurtalı Ekmek Omlet"", ""Omlet""]","[""İstediğiniz meyveleri önce küp küp doğrayın."", ""Büyük bir bardağa önce yoğurt sonra meyve olacak şekilde malzemeleri koyun."", ""İlk katın üstüne biraz yulaf ve kakaolu gevrek serpin. Tekrar yoğurt ekleyin ve meyve koyun üzerine."", ""Yine yulaf ve kakaolu gevrek serpin üzerine. İsteğe bağlı üzerine bal dökebilirsiniz veya toz azıcık toz tarçın serpebilirsiniz. Afiyet olsun.""]"
3b3e982e-4186-4494-84ac-09e4c5ae620d,Zerdeçallı Basmati Pilavı,Turkey,"Zerdeçallı Basmati Pilavı, mis gibi kokan ve altın rengi görünümüyle sofralarınıza şıklık katağan lezzetli bir yan lezzettir",Pilav & Makarna,"[""1 su bardağı basmati pirinci"", ""2 yemek kaşığı tereyağı"", ""1,5 su bardağı su"", ""1 çay kaşığı zerdeçal"", ""2 çay kaşığı tuz"", ""4-5 yemek kaşığı zeytinyağı"", ""10 adet mantar"", ""1 adet havuç""]","[""Pirinçleri yıkayın sıcak suda yaklaşık 15 dakika dinlendirin."", ""Pilav için tereyağını bir tencereye alın, pirinçleri de ekleyip biraz kavurun."", ""Su, tuz ve zedeçalı ekleyin."", ""15 dakika kısık ateşte pişirin."", ""Garnitürler için küçük küçük doğradığınız havuç ve mantarları sıvı yağda soteleyin."", ""Pilavınıza pişen garnitürleri ekleyin. Afiyet olsun.""]"
b636c904-a260-4b98-9d35-d1dbf39929a5,Çikolatalı Kurabiye,Turkey,"Lezzetli çikolatalı kurabiye tarifi, damla çikolatalı ve tereyağlı harikalar",Tatlı,"[""100 gram tereyağı"", ""1 paket damla çikolata"", ""1 çay bardağı toz şeker"", ""1 adet yumurta"", ""2 su bardağı un"", ""1 çay kaşığı kabartma tozu ya da karbonat""]","[""Oda ısısındaki tereyağ ve şekeri karıştıralım. Yumurta, sıvı yağı da ekleyelim."", ""Nişaşta, un ve kabartma tozu da ekleyin, en son parça çikolata parçacıklarını da ekleyelim. Ele yapışmayan yumuşak bir hamur olmalı."", ""Çikolataları ekleyip 15 dakika buzdolabına dinlenmeye alalım. İstediğimiz büyüklükte parçalar koparıp tepsiye dizelim."", ""180 derece önceden ısınmış fırında 12-15 dakika pişirelim. Çıkınca isterseniz olduğu gibi ya da benim gibi üzerine bardak bastırıp düzleştirebilirsiniz, size kalmış.""]"
b4384da2-1d3a-4df6-ae9f-64c0e0543190,Şekersiz Mozaik Pasta,Turkey,"Sağlıklı ve tatlı krizlerinize çözüm olacak, şekersiz mozaik pasta tarifi",Tatlı,"[""3 su bardağı yulaf"", ""1,5 su bardağı ılık süt"", ""2 adet muz"", ""5 yemek kaşığı kakao"", ""3/4 su bardağı pekmez"", ""1/2 su bardağı kuruyemiş""]","[""Sütü kaynatmadan ılıtın."", ""Yulafları bir kaba alın ve ılık sütle ıslatın."", ""Bir kabın içinde muzu ezin. Kakao ve pekmezle karıştırın."", ""Islattığınız yulafları pekmezli muzlu karışıma ekleyin."", ""Spatula yardımıyla tüm karışımı iyice karıştırın."", ""Streç filme sararak buzdolabında 1-2 saat dinlendirin."", ""Dinlenen mozaik pastanızı dilimleyerek servis edin. İşte bu kadar. Afiyetler olsun!""]"
b3eb3d71-a84d-461c-a83a-db404b0b79e6,Yalancı Çikolata,Turkey,"Sağlıklı ve lezzetli bir atıştırmalık olan yalancı çikolata, sadece üç malzemeyle hazırlanabilir",Tatlı,"[""5 adet günkurusu kayısı"", ""2 yemek kaşığı kakao"", ""1 yemek kaşığı Hindistan cevizi"", ""10 adet fındık""]","[""5 adet gün kurusu kayısıyı 1 gece önceden suya koyun."", ""Yumuşamış kayısıları kakao, Hindistan cevizi ve fındık ile birlikte rondodan geçirin"", ""Elinizle top şeklinde yuvarlayıp hindistan cevizine bulayın. Servis edin.""]"
c8e76590-bf83-4e27-b493-cda27400f492,Çikolatalı Fondan Kek (Gateau Fondant Au Chocolate),Turkey,"İçi akışkan çikolatalı, dışı çıtır bir lezzet şöleni sunan klasik Fransız tatlısı",Tatlı,"[""150 gram bitter çikolata"", ""4 adet yumurta"", ""1/2 su bardağı esmer şeker (arzuya göre toz şeker)(daha tatlı sevenler şeker oranını artırabilir)"", ""75 gram tereyağı"", ""2 yemek kaşığı kakao""]","[""Çikolatayı benmari usulü eritin. İçerisine tereyağını ekleyin ve sürekli karıştırarak erimesini sağlayın, ılınması için bir kenara alın."", ""Yumurtaların beyazını ve sarısını ayrı kaselere ayırın. Beyazlara azar azar şeker ekleyerek çırpın ve merengi hazırlayın."", ""Ilınan çikolata ve tereyağı karışımına yumurta sarılarını tek tek ekleyerek çırpın. Beyazları da ekleyerek spatula ile merengi söndürmeden, nazikçe, katlama tekniğiyle alttan üste karıştırın."", ""En son kakaoyu da ekleyin ve güzelce yedirin. Ayarlanabilir çember kalıbı 20 cm genişliğine getirin. Altına yağlı kağıt yerleştirip yanlardan çembere sıkıştırarak katlayın."", ""Kek harcını dökerek 180 derecede 25 dakika pişirin. Hafif ılındıktan sonra kalıptan çıkarıp üzerine kakao eleyin ve servis edin. Afiyet olsun.""]"
8d4b9b2c-aba4-4a95-af7d-1ac70ae932e6,Simit,Turkey,"Geleneksel Türk simidi, çıtır susamlı kabuğu ve yumuşak içiyle mükemmel bir atıştırmalık",Börek & Hamur İşi,"[""500 gram ekmeklik un"", ""230 mililitresu"", ""10 gram yaş maya (veya 1 paket instant maya)"", ""12 gram tuz (1/2 yemek kaşığı)"", ""1 su bardağı susam"", ""1/2 su bardağı pekmez""]","[""Un, maya ve tuzu yoğuracağınız kaba alın."", ""Yoğurmaya başlayın ve suyu yavaş yavaş ekleyin. Undan una su ölçüsü değişiklik gösterebilir. Eğer hamur yoğrulduğunda hala çok kuruysa biraz daha su ekleyin, yapış yapışsa biraz un ekleyerek hamuru ha"", ""Hamuru bir kaba alın ve üzerini örtüp yaklaşık 20 dakika mayalandırın."", ""Hamuru hafif unladığınız tezgaha alın, bir tur yoğurun ve 14 eşit parçaya bölün. Yuvarlayarak şeklini verin. Üzerlerini örtün ve 1 saat mayalandırın."", ""Fırını 240 dereceye ayarlayın. Bir kapta pekmez ve susamları karıştırın."", ""Mayalanma işlemi tamamlanınca hamurlardan 2 adet alın. Tezgahta elinizle uzatarak uzun hale getirin ama çok da ince olmasın. Ben yılan şekli diyorum buna."", ""Hamurlardan bir tanesi diğerinden biraz daha uzun olsun. Sonra hamurları birbirlerine sarın ve uçlarını birleştirin. Diğer hamurlara da aynı işlemi uygulayın. Toplamda 7 simit elde etmiş olacaksınız."", ""Fırın tepsinize yağlı kağıt serin. Simitleri pekmezli susamlı karışıma batırın ve her yerini kaplayın. Simitleri tepsiye dizin. Üzerini örtüp 30-45 dakika daha mayalandırın."", ""Fırına simitleri koymadan hemen önce fırın tabanınıza 1/4 bardak su dökün ve simitleri fırına verin. Çıkan buhar simitlerinizin daha çıtır olmasını sağlayacak."", ""240 derece fırında 15 dakika pişirin. Renk alınca fırından alın, tel ızgarada soğuyana kadar bekletin.""]"
a45e0152-1d26-45aa-8ad4-b82c34cc8fc0,Yulaflı Bomba Kurabiyesi,Turkey,"Sağlıklı ve lezzetli yulaflı bomba kurabiyesi, sadece üç malzemeyle hazırlanabilen pratik bir tatlı",Tatlı,"[""2 su bardağı yulaf (rondodan geçirilmiş)"", ""1 adet yumurta akı"", ""3 yemek kaşığı pekmez"", ""1 yemek kaşığı Hindistan cevizi yağı (ya da zeytinyağı)"", ""1/2 paket kabartma tozu""]","[""Tozları karıştırın üzerine sıvıları ekleyip tekrar karıştırın."", ""Topak topak olan çikolata hamurunu kaşıkla ezin (olmuyor diye düşünmeyin kaşıkla ezdikçe rengi koyulaşıyor)"", ""En son elinizle kare kare yapıp buzlukta 1 saat bekletin.""]"
d9a601ac-c261-49ea-9607-6b7d2a0f2734,Pastane Tuzlusu,Turkey,Pastanelerdeki lezzetli tuzluları evde yapmanın en pratik yolu. Çıtır çıtır ve nefis bir atıştırmalık,Tatlı,"[""1 su bardağı sıvı yağ"", ""2 adet yumurta beyazı"", ""1 yemek kaşığı üzüm sirkesi"", ""1,5 yemek kaşığı toz şeker"", ""1 yemek kaşığı tuz"", ""5 su bardağı un""]","[""Hamuru için gereken tüm malzemeleri bir kapta karıştırıp unu yavaş yavaş ekleyerek yoğurun ve ele yapışmayan bir hamur elde edin."", ""Hazırladığınız hamuru iki yağlı kağıdın arasında yaklaşık 1 cm inceliğinde açın ve bir kare kalıp ile kesin."", ""Kestiğiniz hamurları yağlı kağıt serdiğiniz bir fırın tepsisine dizin ve üstlerine yumurta sarısı sürün."", ""Susamla çörek otunu karıştırın ve üstlerine serptikten sonra önceden ısıtılmış 180 derece fırında üstleri kızarana dek yaklaşık 25 dakika pişmeye bırakın. Ilıklaştıktan sonra ılık ya da soğuk olarak s""]"
5ef27962-c889-41b7-bc6b-aa9a168145bb,Yoğurtlu Meyveli Ara Öğün,Turkey,"Sağlıklı ve lezzetli yoğurtlu meyveli ara öğün, enerji verici atıştırmalık için ideal",Ana Yemek,"[""11 gram yulaf unu"", ""100 mililitresu"", ""50 gram yoğurt (suyu süzülmüş)"", ""50 gram meyve püresi""]","[""Baz olarak yulaf ununu kaseye alıyoruz, üzerine suyu ekleyip iyice karıştırıyoruz."", ""Yoğurdu ekliyoruz ve tekrar karıştırıyoruz."", ""İstediğiniz meyvenin veya meyvelerin püresini (meyveleri çatalla ezip tel süzgeçten geçirerek) kaseye ilave ediyoruz. Afiyet olsun.""]"
ddcac950-2f7e-476b-8776-cf331cd77d81,Saray Helvası,Turkey,"Tereyağı ve unun muhteşem uyumuyla hazırlanan, pudra şekeriyle tatlandırılan geleneksel Saray Helvası",Tatlı,"[""2,5 su bardağı un"", ""115 gram tereyağ"", ""1 su bardağı (2 parmak eksik) pudra şekeri"", ""1 su bardağı badem unu (Bademi yada fındığı rondoda çekerek elde edebilirsiniz. Bu helvanızın borcamdan"", ""1 tatlı kaşığı Antep fıstığı (Üzeri için)""]","[""Yapışmayan bir tavada unu çok kısık ateşte yaklaşık 20 dakika kavurun. Rengi dönmesin, kahverengileşmesin."", ""Unun yanmaması için tahta spatula ile sık sık karıştırarak kavurun."", ""Ayrı bir sos tenceresinde tereyağını eritin. (Yağı yakmıyoruz, sadece eriyecek.) Kavrulan una erittiğiniz tereyağını dökün bir dakika kavurup altını kapatın."", ""Pudra şekerini de ekleyip iyice yedirin. Kare küçük bir borcamın dibine badem ununu serpiştirin ve helvanızı kaşığın tersi ile bastırarak yayın."", ""Düz bir bardağın arkası ile de iyice düzeltin. Sıcakken arzu ettiğiniz şekilde dilimleyin. Soğuduktan sonra dilimlemek zorlaşır bunu muhakkak helvanız henüz sıcakken yapın.""]"
af0bcf1a-1243-4ea8-9a34-382611627d54,Salçalı Mercimek Çorbası,Turkey,"Lezzetli ve doyurucu salçalı mercimek çorbası, Türk mutfağının en sevilen klasiklerinden biridir",Çorba,"[""2 yemek kaşığı tereyağı"", ""1 yemek kaşığı domates salçası"", ""1 çay bardağı mercimek"", ""3-3,5 su bardağı su (kıvama göre)"", ""1 çay kaşığı tuz"", ""1/2 çay kaşığı karabiber""]","[""Salçalı mercimek çorbası için yağ ve salçayı kavurun."", ""Mercimeği ilave edip kavurmaya devam edin."", ""Sevdiğiniz kıvama göre sıcak su ilave ederek pişmeye bırakın."", ""Salçalı mercimek çorbası hazır. Blenderdan geçirerek servis yapın. Afiyet olsun.""]"
eeb0c905-2fc4-45b8-a882-c2bd6a364c1c,Zeytinyağlı Taze Bakla,Turkey,"Yaz aylarının ferhat lezzeti zeytinyağlı taze bakla, soğanla buluşarak sofralarınıza sağlık ve tat katıyor",Meze,"[""500 gram bakla"", ""1 adet soğan"", ""1/2 çay bardağı zeytinyağı"", ""1 su bardağı sıcak su"", ""1 çay kaşığı tuz"", ""1 tatlı kaşığı un""]","[""Geniş bir kaseye su ve 1 yemek kaşığı un ekleyip karıştırın."", ""Baklaların ucunu kesip istediğiniz şekli vererek unlu suya ekleyin."", ""Tencereye zeytinyağı yemeklik doğranmış soğan ve sarımsak ekleyip çok hafif kavurun."", ""Unlu suda 2 kere yıkadığınız baklaları tencereye ekleyin."", ""Üzerine 1 bardak su, tuz ve 1 tatlı kaşığı un ekleyip tencere ve kapak arasına yağlı kağıt serip 40-45 dakika kısık ateşte pişirin.""]"
e6619a42-c32a-4855-9a8e-bc809d2159df,Minik Puf Çörekler,Turkey,"Hafif ve lezzetli minik puf çörekler, çay saatleri için ideal bir atıştırmalık",Ye,"[""1 su bardağı ılık süt"", ""1/2 su bardağı ılık su"", ""1/3 su bardağı sıvı yağ"", ""1 yemek kaşığı toz şeker"", ""1 tatlı kaşığı tuz"", ""1 paket kuru maya"", ""3-4 su bardağı un""]","[""Un hariç bütün malzemeyi yoğurma kabına alıp karıştıralım."", ""Unu azar azar ekleyerek yumuşak hafif ele yapışan bir hamur elde edelim. Üstünü örtüp mayalanmaya bırakalım."", ""Bu esnada hamuru bulamak için sosları hazırlayalım. Mayalan hamuru, unlanmış tezgaha alıp biraz yoğuralım."", ""Yaklaşık ceviz büyüklüğünde porsiyonlara bölüp yuvarlayalım."", ""Hazırladığımız soslara batırıp sonra dönüşümlü olarak haşhaş ve susama bulayıp kalıba dizelim."", ""Ben bazılarını sadece sosa buladım. Bu işlem bitince üstünü örtüp 15 dakika mayalanmaya bırakalım."", ""Dilediğiniz tohumları üzerilerine serpin. Önceden ısıtılmış 180 derecelik fırında pişirin. Afiyet olsun.""]"
ab30019b-da7a-45ac-a855-693fc7b40ab1,Kuşkonmazlı Makarna,Turkey,"Taze kuşkonmaz ve makarnanın lezzetli birleşimi, pratik ve doyurucu bir öğün",Pilav & Makarna,"[""1/2 paket yüksük makarna"", ""16 adet kuşkonmaz"", ""1 adet soğan"", ""1 paket krema"", ""2 tatlı kaşığı tuz"", ""1/2 çay kaşığı karabiber"", ""1/2 çay kaşığı kekik"", ""1 tatlı kaşığı mozarella peyniri""]","[""Soğanı piyazlık doğruyoruz. Kuşkonmazları ayıklayıp üçe doğruyoruz. Tavaya az sıvı yağ koyup önce soğanları, sonra kuşkonmaz ve sarımsakları ekleyip soteliyoruz."", ""Makarnayı derin bir tencerede haşlıyoruz. Makarna pişince süzgeçten geçirip bekliyoruz."", ""Sebzeler yumuşayınca tuz, karabiber ve kekiği ekleyip kremayla 2 dakika daha soteliyoruz. Tüm malzemeleri tencereye alıp birbirine harmanlıyoruz. Servis ederken üzerine mozzarella peyniri serpiştiriyo""]"
ab5af192-7046-4053-8a67-ce80b764e448,Brüksel Lahanası Yemeği,Turkey,"Sağlıklı ve lezzetli bir akşam yemeği alternatifi olan Brüksel lahanası yemeği, pratik ve doyurucudur",Sebze Yemekleri,"[""1 adet soğan"", ""1 adet patates"", ""1 paket Brüksel lahanası"", ""1 adet kapya biber"", ""250 gram kıyma"", ""1 çay kaşığı tuz"", ""1 çay kaşığı nane"", ""1,2 çay kaşığı karabiber"", ""1 yemek kaşığı salça"", ""3 yemek kaşığı zeytinyağı""]","[""Yağı ekleyin, soğan ve sarımsakları kavurun."", ""Patatesi küçük doğrayın ve ekleyin. Lahanaları ve kapya biberi de doğrayıp ekleyerek biraz kavurun."", ""Salçayı ekleyerek bir tur daha kavurun. Daha sonra üstünü geçecek kadar suyunu ekleyin."", ""Ayrı yerde kıymayı kavurun ve yemeğe ilave edin. Son olarak tuz ve baharatları da ekleyip 25-30 dakika kadar pişirin. Afiyet olsun.""]"
eddc0848-a66e-4db5-b800-24e4c1aacb6e,Orta Dünya'dan Orman Meyveli Mini Tartlar,Turkey,Ormanların gizli lezzetlerini minik bir tarta sığdıran büyülü bir tatlı,Ye,"[""1 su bardağı un"", ""1 yemek kaşığı pudra şekeri"", ""1 adet yumurta sarısı"", ""75 gram soğuk tereyağı"", ""1/2 çay kaşığı tuz"", ""1 yemek kaşığı soğuk su""]","[""Unu eleyin. Eledikten sonra pudra şekeri ve tuzla, mikser, robot veya çatal yardımıyla karıştırın."", ""Tereyağını yavaş yavaş içine atarak karıştırın. 1 yumurtanın sarısını ve soğuk suyu da ekleyip karıştırın."", ""Hamurunuzu tezgaha alıp, toparlayın. Daha sonra bir kaba koyun, streç filmle kaplayın ve buzdolabında yarım saat kadar bekletin."", ""Hamur dinlenince küçük tart kalıplarını tereyağıyla yağlayın."", ""Hamuru, elinizdeki tart kalıplarının sayısına göre eşit parçalara bölüp, yağladığınız kalıplara güzelce yayıp, oturtun."", ""İçlerine 1,5 tatlı kaşığı seçtiğiniz marmelattan koyup, önceden ısıttığınız 180 derecelik fırında 20-25 dakika kadar pişirin.""]"
6322b9f6-562e-4a94-af27-d487cd2507fa,Rafine Şekersiz Fit Brownie,Turkey,"Rafine şekerden arınmış, hurma tatlılığındaki sağlıklı ve lezzetli fit brownie tarifi",Ye,"[""2 adet yumurta (oda ısısında)"", ""1 yemek kaşığı Hindistan cevizi yağı"", ""10 adet hurma"", ""1 yemek kaşığı pekmez"", ""1 tepeleme yemek kaşığı tam buğday unu"", ""1 çay kaşığı kabartma tozu"", ""1 çay kaşığı vanilya"", ""1 yemek kaşığı kakao"", ""1 çay bardağı ceviz içi (iri çekilmiş)""]","[""Öncelikle hurmaları yıkayıp 10 dakika sıcak suda bekletin."", ""Yumuşayan hurmaları blenderdan geçirip püre haline getirin."", ""Ayrı bir çırpma kabında yumurtaları iyice beyazlaşana kadar vanilya ile birlikte çırpın. (Bu işlemi yapma amacımız yumurta kokusunu gidermek için. )"", ""Hurma ve Hindistan cevizi yağını ilave edip karıştırın."", ""Kalan tüm malzemeyi de ekleyip yumurtayı söndürmeden alttan üstte doğdu yavaşça karıştırarak tüm malzemenin homojen bir şekilde karışmasını sağlayın."", ""Yağlı kağıt serilmiş bir fırın kabında 180 derecede 15 dakika pişirin. Afiyet olsun.""]"
9f1aa660-65ac-4125-9643-a8aae3db67f7,Şekersiz Dalgona Kahve,Turkey,"Şekersiz Dalgona Kahve, elma özü veya pekmez ile tatlandırılmış, köpüklü ve lezzetli bir kahve alternatifidir",İçecek,"[""2 yemek kaşığı gr anül kahve"", ""1 yemek kaşığı su"", ""2 yemek kaşığı elma özü (veya pekmez)"", ""1/2 su bardağı süt""]","[""Sütü ısıtın ya da soğuk bir şekilde uygun bir bardağa koyun."", ""Üst köpük kısım için granül kahveyi ve suyu karıştıralım, ardından elma özünü ekleyelim."", ""Bu karışımı yoğun bir köpük haline gelesiye kadar çırpıcı ile karıştıralım. Tabağı ters çevirdiğinizde akmayacak formda olmalı."", ""Sütün üzerine ekleyelim. Afiyet olsun.""]"
73737524-fe15-4007-a8cf-ac1530e1f01a,Çiğ Börek (Çibörek),Turkey,"Çiğ Börek, çıtır çıtır hamurun içine harika bir kıymanın konulup kızartılmasıyla yapılan lezzetli bir Kırım Tatarı yemeğidir",Ye,"[""4 büyük su bardağı un"", ""1 silme tatlı kaşığı tuz"", ""2 su bardağı su"", ""250 gram kıyma"", ""1 adet büyük boy soğan""]","[""İlk olarak unumuzu derin bir yoğurma kabına alıyoruz. 1 tatlı kaşığı tuz ekleyerek karıştırıyoruz. Ortasında delik açarak suyumuzu yavaşça ekleyerek bir yandan kaşık yardımıyla karıştırıyoruz."", ""Hamurumuz toplanınca elimizle yoğurmaya başlıyoruz. Daha sonra tezgahın üzerine un dökerek yoğurmaya devam ediyoruz. Sert, ele yapışmayacak bir hamur elde ediyoruz."", ""Hamurumuz orta sertliğe eriştiğinde uzun bir şerit yaparak cevizden biraz büyük parçalara ayırıyoruz ve yuvarlıyoruz. Üzerine nemli bez koyarak 15 dakika hamurumuzu dinlendiriyoruz."", ""İç harcımız için kıymamızı bir kaba alıyoruz ve üzerine bir büyük soğanı rendeliyoruz."", ""2 tutam karabiber, 1 tutam tuz ve 1 çay bardağından 1 parmak az su ilave ediyoruz . Sulu ve lahmacun içi gibi bir kıvam elde etmemiz lazım."", ""Dinlenen hamurlarımızı merdane yardımıyla açıyoruz.Orta kalınlıktan bir tık ince bir hamur elde etmemiz lazım. 1 tatlı kaşığı iç harcımızı hamurun ortasına yayarak kapatıyoruz. Kızgın yağda kızartıyor""]"
ce13c1b8-2482-4b45-849b-788c1cf4ce60,Köri Soslu Fit Tavuk,Turkey,"Lezzetli ve sağlıklı köri soslu tavuk yemeği, hem doyurucu hem de pratik bir seçenek",Tavuk Yemekleri,"[""800 gram tavuk göğsü"", ""1 yemek kaşığı zeytinyağı"", ""1 yemek kaşığı tam buğday unu"", ""1 yemek kaşığı tereyağı"", ""1 su bardağı soğuk süt"", ""1/2 su bardağı sıcak su"", ""1 tatlı kaşığı köri"", ""1 çay kaşığı tuz"", ""1 çay kaşığı karabiber""]","[""1 yemek kaşığı zeytinyağını bir tavada kızdırın. Kuşbaşı doğranmış tavuk göğsünü aktarın."", ""Renk alıp, suyunu çekene kadar orta ateşte kavurun."", ""Köri sosu hazırlamak için; ayrı bir tavada 1 yemek kaşığı tereyağını sos tenceresinde eritin."", ""1 yemek kaşığı unu da üzerine ekleyin ve kokusu çıkıp, renk alana kadar karıştırarak kavurun."", ""Kavrulan una 2 su bardağı soğuk sütü ekleyin ve unun topaklanmaması için bir çırpıcı yardımıyla hızlıca karıştırın."", ""Yarım su bardağı sıcak su, 1 tatlı kaşığı köri, 1 çay kaşığı tuz ve karabiberi katın."", ""Sosu, kısık ateşte koyu bir kıvam alana kadar sürekli karıştırarak 4- 5 dakika pişirin."", ""Hazırladığınız sosu, kavrulan tavuklara ekleyin ve harmanladıktan sonra pişirme işlemini 5 dakika kadar sürdürün."", ""İncecik kıyılmış bir avuç dereotunu, köri soslu tavuğa ilave ettikten sonra bekletmeden sıcak olarak servis edin. Afiyet olsun.""]"
5fde049f-d8ed-4c50-a3bf-b82d93640542,Kafkas Kebabı,Turkey,"Jülyen doğranmış bonfile ve özel soslarla hazırlanan, lezzetli ve pratik bir kebap",Et Yemekleri,"[""500 gram bonfile (jülyen doğranmış)"", ""1 adet rendelenmiş soğan"", ""4 yemek kaşığı sıvı yağ"", ""1 yemek kaşığı yoğurt"", ""1 çay kaşığı kekik"", ""1 çay kaşığı pul biber"", ""1 çay kaşığı karabiber"", ""1 çay kaşığı tuz""]","[""Eti marine etmek için rendelenmiş soğan, yoğurt ve baharatları bir kaba ekleyin."", ""Karıştırıp en az 2 saat buzdolabında marine edin."", ""Rendelenmiş domates ve baharatları ekleyip 15 dakika pişirin."", ""Patatesleri kibrit şeklinde kesin."", ""Mutfak beziyle fazla suyunu kurulayın."", ""Kızgın yağda patatesleri kızartın."", ""Servis tabağının tabanına patatesleri yerleştirin."", ""Etleri tavada pişirin."", ""Patateslerin üzerine yoğurt sosu gezdirin. Üzerine etleri koyun."", ""Domates sosunu gezdirip kıyılmış maydanozla süsleyip kafkas kebabını servis edin. Afiyet olsun!""]"
9f1de197-d60a-4e50-bff7-72cfd6412b43,İncirli & Cevizli Taş Kadayıf,Turkey,"İncir ve cevizin harmanlandığı, ferahlatıcı lezzetiyle göz dolduran taş kadayıf tarifi",Tatlı,"[""1 su bardağı ılık süt"", ""1 su bardağı ılık su"", ""1 tatlı kaşığı kuru maya"", ""1 yemek kaşığı toz şeker"", ""1 çay kaşığı tuz"", ""2 su bardağı un""]","[""Tüm malzemelerin bir kabın içinde karıştırın."", ""Derin bir tencerenin içerisine su ve şekeri aktarın."", ""Şeker eriyene kadar karıştırın."", ""Hafifçe kaynamaya başladığında içerisine limon suyunu ilave edin ve kıvam aldığından ocaktan alın."", ""Oda sıcaklığında ılımaya bırakın.""]"
91f52081-7778-45d7-8e4d-eac2ad5fa982,Elmalı Rulo Pasta,Turkey,Yumuşacık keki ve tarçınlı elmalı harcıyla lezzetli elmalı rulo pasta,Tatlı,"[""3 adet yumurta"", ""1 su bardağı şeker"", ""1 çay bardağı süt"", ""1 paket vanilya"", ""1 paket kabartma tozu"", ""1,5 su bardağı un""]","[""Uygun bir sos tenceresine rendelenmiş elma ve toz şeker ve limon suyunu alın ve orta ateşte suyunu çekene kadar karıştırarak pişirin. Kenara alın içerisine ceviz ve baharatları ilave ederek karıştırın"", ""Kek hamuru için; karıştırma kasesine yumurta ve toz şekeri alın ve 3-4 dakika boyunca mayonez kıvamına gelene kadar çırpın."", ""Daha sonra süt, vanilya, kabartma tozu ve unu ekleyerek bir odun kaşık ile iyice karıştırın."", ""Dikdörtgen bir fırın tepsisine yağlı kağıdını yerleştirin ve hazırladığınız elmalı harcı pişirme kağıdı üzerine eşit şekilde yayın."", ""Hazırladığımız hamuru elmalı harcın üzerine eşit şekilde yayın. Önceden ısıtılmış 175 derece fırında yaklaşık 17-20 dakika pişirin."", ""Keki fırından aldıktan hemen sonra bir başka pişirme kağıdına bir miktar pudra sekeri serpin ve pişen keki bu yağlı kapıda ters çevirin. Üst tarafta kalan yağlı kağıdından sıyırarak rulo şeklinde sarı"", ""İyice soğuduktan sonra üzerine pudra şekeri serperek dilimleyerek servis yapın.""]"
689a2f40-bded-4266-a38a-174abec00c36,Yalnızlar Günü Tatlısı,Turkey,"Tek kişilik, hızlı ve lezzetli bir çikolatalı tatlı ile yalnızlar gününü şımartın",Tatlı,"[""1,5 yemek kaşığı un"", ""1 tatlı kaşığı kakao"", ""1,5 tatlı kaşığı şeker"", ""1 tatlı kaşığı tereyağı"", ""80 gram bitter çikolata"", ""4-5 adet damla çikolatalı kurabiye"", ""3 adet çilek"", ""3-4 adet marshmallow"", ""1 yemek kaşığı Antep fıstığı"", ""1 yemek kaşığı dondurma""]","[""Süt, kakao, un ve şekeri tencereye alın ve karıştıra karıştıra pişirin."", ""Muhallebi kıvamı alıncaya kadar sürekli karıştırın."", ""Kıvam alınca ocağın altını kapatın. Tereyağı ve bitter çikolatayı ilave edip karıştıra karıştıra eritin."", ""Hazırladığınız pudingi soğumaya bırakın."", ""Tatlıyı hazırlayacağınız bardak veya kasenin alt tabanına kurabiye kırıkları yerleştirin."", ""Kesilmiş çilekleri bardağın camına değecek şekilde yerleştirin."", ""Bardağın ortasına marshmallow yerleştirin ve çikolatalı pudingi üzerine dökün."", ""Ara kat olarak damla çikolatalı kurabiye parçalarını ilave edin ve muhallebiyle bardağı doldurun."", ""Dondurma ve Antep fıstığı ilave ederek afiyetle tüketin.""]"
7abcc0c2-5509-4295-b8c0-c6784c6a8c55,Havuçlu Tarçınlı Kek,Turkey,"Tarçın ve havucun harmanlandığı bu lezzetli kek, mis kokusuyla evinize sıcacık bir hava katacak",Tatlı,"[""4 adet yumurta"", ""1 su bardağı (2 yemek kaşığı fazla) şeker"", ""1 su bardağı sıvı yağ"", ""1 su bardağı süt"", ""1 adet havuç"", ""1 tatlı kaşığı tarçın"", ""1 çay bardağı iri çekilmiş ceviz içi"", ""1 paket kabartma tozu"", ""1 paket vanilin"", ""2 su bardağı un""]","[""Yumurta ve şeker güzelce çırpılır."", ""Diğer sıvı malzemeler eklenip çırpılır."", ""Rendelenmiş havuç, tarçın, vanilya, kabartma tozu eklenir. Un yavaş yavaş, kontrollü şekilde ilave edilir. En son ceviz eklenip karıştırılır."", ""Yağlanmış kalıba harç dökülür, önceden ısıtılmış 170 derece fırında 20 dakika kadar pişirilir. Afiyet olsun.""]"
2a740136-3048-432b-9d5a-2c659cb0fdea,Kavrulmuş Kurabiye,Turkey,"Kavrulmuş kurabiye, çayın yanına harika giden, pratik ve lezzetli bir atıştırmalıktır",Tatlı,"[""3 silme yemek kaşığı tereyağ"", ""1 çay bardağı sıvı yağ"", ""1 adet yumurta"", ""1 çay kaşığı (silme) kabartma tozu"", ""1 paket vanilya"", ""1 çay bardağı nişasta"", ""2 su bardağı un"", ""1 su bardağı pudra şekeri""]","[""Unu tavada renk değiştirene kadar kavuralım ve soğumaya bırakalım."", ""Sonra sırayla diğer malzemeleri ekleyip yumuşacık kıvamlı bir hamur elde edelim."", ""Hamurdan toplar kopararak şekil verelim ve yağlı kağıt serili fırın tepsisinin üzerine dizelim."", ""180 derecelik fırında 10-15 dakika kadar pişirelim. Çıkarıp soğuttuktan sonra servis edelim, afiyetler olsun.""]"
93e43a30-3c37-4dcd-9eb9-5617be54597a,Limonlu Baton Kek,Turkey,Nefis limon aromasıyla yumuşacık bir kek deneyimi,Tatlı,"[""3 adet yumurta"", ""1 su bardağı şeker"", ""1 su bardağı sıvı yağ"", ""2 su bardağı un"", ""1 su bardağı süt"", ""1 paket kabartma tozu"", ""1 paket vanilin"", ""1 adet limon kabuğu rendesi""]","[""3 yumurta ve 1 su bardağı şekeri köpürene kadar çırpın."", ""Daha sonra sütü ve sıvı yağı ekleyin, tekrar çırpmaya devam edin."", ""Kabartma tozu, vanilya ve unu ekleyip 1 dakika kadar çırpın."", ""En son limon rendesi ekleyip baton kabınıza dökelim."", ""Dileyen sıvı yağ ile, dileyen yağlı kağıt ile kabınıza kaplayabilirsiniz. Ben yağlı kağıt kullandım, daha pratik oluyor ve yapışmıyor."", ""180 derecede önceden ısıtılmış fırında yaklaşık 30-35 dakika kadar pişecektir. Kürdan ile kontrol edebilirsiniz. Afiyet olsun.""]"
8162e261-636a-446e-971c-2b168f423f4d,Şekersiz Yalancı Cezerye,Turkey,"Şekersiz ve pratik bir lezzet olan yalancı cezerye, havuç ve etimek ile hazırlanır",Ana Yemek,"[""2 adet havuç"", ""Etimek Tatlısı Tarifi"", ""Damla Çikolatalı Kurabiye"", ""Tatlı Tarifleri Spoonful Mozaik Pasta Çikolatalı Sufle İrmik Helvası Fırın Sütlaç Profiterol Revani Magnolia"", ""Kahvaltılık Tarifler Pancake Krep Pişi Kuymak Kaygana Kahvaltılık Sos Menemen Muhlama Yumurtalı Ekmek Omlet"", ""Omlet""]","[""Havucları rendeleyip 1 yemek kaşığı zeytinyağı ile tavada kavuruyoruz. Yumuşayınca içerisine bal hariç diğer malzemeleri ekliyoruz, sonra tekrar kavuruyoruz."", ""2 dakika kadar kavurduktan sonra altını kapatıyor ve ılımasını bekliyoruz, ılıyınca balı ekleyip şekil veriyor ve Hindistan cevizine buluyoruz. Ardından servis ediyoruz. Afiyetler olsun!""]"
2d6bb294-171e-4413-9e9b-b637baf412dc,Ispanaklı Börek Lazanya,Turkey,"Ispanaklı börek lezzetini modern bir dokunuşla buluşturan, pratik ve doyurucu bir tarif",Börek & Hamur İşi,"[""2 yemek kaşığı zeytinyağı"", ""1/2 adet soğan"", ""100 gram dana kıyma"", ""2 adet domates (rendelenmiş)"", ""1 tatlı kaşığı biber salçası"", ""1 tatlı kaşığı tuz"", ""1 çay kaşığı kekik"", ""1 çay kaşığı karabiber""]","[""Isınmış tavaya zeytinyağını dökün ve 1-2 dakika ısınmasını bekleyin."", ""Soğan ve sarımsağı zeytinyağında hafif kavurun ve kıymayı ilave ederek kavurun."", ""Rendelenmiş domates, biber salçası, tuz ve karabiberi ekleyerek karıştırarak pişirin."", ""Hafif suyunu çeken kıymalı harcı ocaktan alın.""]"
5a8b9201-4d5b-4efb-860b-437a6fd40626,Kızılcık Reçeli,Turkey,"Kış aylarının vazgeçilmezi, mis kokulu ve lezzetli Kızılcık Reçeli",Ana Yemek,"[""1 kilogram kızılcık"", ""750 gram toz şeker"", ""1/2 su bardağı su"", ""1 tatlı kaşığı taze sıkılmış limon suyu""]","[""Sap kısımlarını ayıkladığınız kızılcıkları bol suda yıkayıp fazla sularını süzdürdükten sonra derin bir tencereye aktarın."", ""Toz şekerle karıştırıp kapağı kapalı tencerede bekletin (Şekere bastığınız kızılcıkları bir gece kadar bekletmenizde fayda var)."", ""Şekerde bekleyen kızılcıkları az miktarda su ilavesiyle kaynamaya bırakın. Kaynayıp göz göz olmaya başladığında kısık ateşte 45-50 dakika kadar, ara ara kontrol ederek pişirin."", ""Tencerenin yüzeyine çıkan köpükleri bir kaşık ya da kevgir yardımıyla alın."", ""Pişirme işleminin sonuna doğru kıvam alan reçele taze sıkılmış limon suyunu katıp ocaktan alın. Önceden kaynatılmış, temiz ve kuru bir kavanoza doldurup kapağını sıkıca kapatın. Ters çevirip soğuması"", ""Oda ısısında soğuyan reçeli, ısı ve ışık geçirmeyen kapalı bir yerde muhafaza edin. Kullanmaya başladıktan sonra arzuya göre buzdolabında muhafaza edip kahvaltılarınızda ve tatlı tariflerinizde kullan""]"
ad997d0e-33a5-4fec-a441-2a77d475c257,Buğday Pilavı,Turkey,"Sağlıklı ve lezzetli bir yan yemek olan buğday pilavı, sofralarınıza zengin tatlar katıyor",Pilav & Makarna,"[""100 gram mantar"", ""3 adet domates"", ""1 adet büyük boy soğan"", ""1 adet rendelenmiş havuç"", ""3 yemek kaşığı zeytinyağı"", ""1 tatlı kaşığı tereyağı"", ""1 su bardağı buğday"", ""1 yemek kaşığı domates salçası"", ""2 su bardağı tavuk suyu"", ""1 çay kaşığı tuz"", ""1 çay kaşığı karabiber""]","[""Mantarları, soğan ve biberleri doğrayın. Havuç, domates ve sarımsağı da rendeleyin."", ""Bir tencerenin içerisine zeytinyağı ve tereyağını alın. Hafifçe kızdırın. Üzerine soğanları ve biberleri ilave edin. Kavurmaya başlayın."", ""Ardından havuçları ilave edin. Rendelenmiş domatesleri de ilave edin. Birkaç dakika sonra mantarları da ilave edin. Biraz daha bu şekilde kavurduktan sonra buğdayı, salçayı ilave edin."", ""Birkaç dakika daha bu şekilde kavurduktan sonra tavuk suyu (ya da aynı oranda sıcak su), tuz ve baharatlarını ilave edin. Son olarak sarımsağı ekleyin. Güzelce karıştırıp pişirmeye bırakın."", ""Tüm suyunu çekip buğdaylar yumuşayınca ocaktan alın. Demledikten sonra servis edin. Afiyetler olsun!""]"
18e91d80-db8e-4916-a817-1211b5bea82c,Gevrek Ekmekli Sandviç,Turkey,"Pratik ve lezzetli gevrek ekmekli sandviç, hızlı bir atıştırmalık veya hafif bir öğün için idealdir",Börek & Hamur İşi,"[""2 adet yumurta"", ""1 adet küçük boy domates"", ""2 adet gevrek ekmek""]","[""1 dilim gevrek ekmek üzerine önce peynir ve üzerine dilimlenmiş domates koyulur."", ""Domates üzerine marul eklenir."", ""Ayrı bir yerde, yumurtayı çırparak yağlanmış tavaya alıyoruz. Üzerine diğer gevrek ekmeği koyup kapağını kapatıyoruz ve birlikte pişmesini sağlıyoruz."", ""Son olarak pişen yumurtayı ters çevirip göründüğü gibi katlayarak hazır hale getiriyoruz. Afiyet olsun.""]"
aa0ae6a5-048d-44c0-b2d9-bef14a813a9c,Domates Konfit,Turkey,Zeytinyağında yavaş pişirilen lezzetli ve yoğun aromalı cherry domates konfiti,Sebze Yemekleri,"[""600 gram cherry domates"", ""1/2 tatlı kaşığı tuz"", ""1,5 su bardağı zeytinyağı""]","[""Yıkanmış domatesleri ve soyulmuş sarımsakları fırın kabına yerleştirin. Taze kekik, tuz ve karabiberi ekleyin."", ""Domateslerin yarısını geçecek kadar zeytinyağı ilave edin ve karıştırın."", ""130°C önceden ısıtılmış fırında yaklaşık 2 saat pişirin."", ""Fırından çıkardıktan sonra soğuyunca kavanozlara pay edip 2 hafta kadar buzdolabında saklayınız.""]"
60995b61-5247-474d-aa44-0a0cc6cb1405,Kolay Domates Çorbası,Turkey,"Lezzet ve pratikliği bir arada sunan, her damak zevkine hitap eden kolay domates çorbası",Çorba,"[""2 yemek kaşığı un"", ""1 yemek kaşığı zeytinyağı"", ""Etimek Tatlısı Tarifi"", ""Damla Çikolatalı Kurabiye"", ""Tatlı Tarifleri Spoonful Mozaik Pasta Çikolatalı Sufle İrmik Helvası Fırın Sütlaç Profiterol Revani Magnolia"", ""Kahvaltılık Tarifler Pancake Krep Pişi Kuymak Kaygana Kahvaltılık Sos Menemen Muhlama Yumurtalı Ekmek Omlet"", ""Omlet""]","[""Tenceremizde zeytinyağını ısıtalım ve iki kaşık unu ekleyip kokusu çıkana kadar kavuralım."", ""Un kavrulunca domates suyumuzu ekleyelim."", ""Baharatları ekleyip kıvam alana kadar pişirelim."", ""Bir taşım kaynattıktan sonra servis edebilirsiniz. Afiyet olsun.""]"
bb053e17-8267-4c60-8cf1-c444f8102df4,"Zerdeçallı, Havuçlu Pilav",Turkey,"Zerdeçalın eşsiz aroması ve havucun tatlılığıyla birleşen, hem lezzetli hem de göz dolduran renkli bir pilav",Pilav & Makarna,"[""2 adet havuç"", ""1,5 su bardağı pirinç"", ""3 su bardağı sıcak su"", ""3 yemek kaşığı zeytinyağı"", ""1 yemek kaşığı tereyağı"", ""1 tatlı kaşığı tuz"", ""1 tatlı kaşığı zerdeçal"", ""1/2 çay kaşığı karabiber""]","[""Pirinci güzelce yıkayın ve iyice süzdürün.Havucu kısa şeritler halinde doğrayın. Tavaya zeytinyağını ekleyin ve havuçları rengini vermeye başlayıncaya kadar kavurun."", ""Tereyağını ve pirinci ekleyip 3 dakika kavurun."", ""Tuzu, karabiberi, zerdeçalı ekleyin."", ""3 su bardağı sıcak su ekleyip pişmeye bırakın."", ""Suyunu çekene kadar 15 dakika pişirin ve demlenmeye bırakın."", ""Demlendikten sonra servis edin. Afiyetler olsun.""]"
6fd8cda1-b809-426a-9389-f17c7ac4c025,Fırında Kaşarlı Mantar Sote,Turkey,"Fırında kaşarlı mantar sote, kaşarın eriyiciliği ve sebzelerin tazeliğiyle lezzetli bir atıştırmalık",Ana Yemek,"[""1 adet soğan"", ""1 adet yeşil biber"", ""1 adet kapya biber"", ""400 gram mantar"", ""3 yemek kaşığı zeytinyağı"", ""1 çay kaşığı tuz"", ""1/2 su bardağı rendelenmiş kaşar peyniri""]","[""Fırında kaşarlı mantar sote için soğan ve biberleri yağda kavurun."", ""Mantarları da ilave edip suyunu çekene kadar kavurun."", ""Fırın kabınıza aktarın, üzerine kaşar peyniri rendesi ekleyerek fırına verin."", ""180 derecede kaşar peyniri eriyene kadar pişirin. Kaşarlar eriyene kadar pişirin."", ""Fırında kaşarlı mantar sote hazır. Afiyet olsun.""]"
254adb92-fb34-49af-9db3-435f4555a84e,Mantarlı Tavuk,Turkey,"Zeytinyağında kızartılmış tavuk göğsünün, taze mantarlarla buluştuğu pratik ve lezzetli bir ana yemek",Tavuk Yemekleri,"[""4 adet tavuk göğsü"", ""2 yemek kaşığı zeytinyağı"", ""5-6 adet mantar"", ""2 yemek kaşığı süt"", ""1 tatlı kaşığı tuz"", ""1 tatlı kaşığı iri çekilmiş karabiber""]","[""Tavukları 1-2 saat önceden süt, 1 yemek kaşığı zeytinyağı, tuz ve karabiberle birlikte buzdolabında marinasyona bırakın."", ""Mantarların kabuklarını soyun veya nemli bir peçete yardımıyla temizleyin."", ""Temizlenen mantarları iri iri doğrayın."", ""Tavayı ısıtın ve ısınan tavada zeytinyağını ısıtın. Mantarları ilave edin ve soteleyin. Mantarlar suyunu salıp çekince hafif tuz ve karabiberle aromalandırın."", ""Mantarları tahta kaşık yardımıyla tavadan alın ve aynı tavada marine olmuş tavukları pişirin."", ""Tavukların iki tarafı da iyice pişince, mantarları ilave edin ve tahta kaşık yardımıyla hafif çevirin."", ""Servis tabağına alın ve ince kıyılmış dereotlarıyla sunumunuzu tamamlayın. Afiyet olsun!""]"
87d780fb-be9a-43ad-9a39-71f4b78462e6,Bayat Ekmek Pizzası,Turkey,"Bayat ekmekleri değerlendirerek hazırlayabileceğiniz, pratik ve lezzetli bir atıştırmalık",Börek & Hamur İşi,"[""4 adet yumurta"", ""1 çay bardağı sıvı yağ"", ""1,5 su bardağı süt"", ""1 paket kabartma tozu"", ""1 adet bayat ekmek (küp doğranmış)"", ""2 yemek kaşığı salçalı sos (kekikli)"", ""2 adet domates (dilimlenmiş)"", ""4-5 adet mantar (dilimlenmiş)"", ""1/2 su bardağı konserve mısır"", ""1 su bardağı rendelenmiş kaşar peyniri""]","[""Yumurta, süt, sıvı yağı ve kabartma tozunu geniş bir kaba alın. Çırparak karıştırın."", ""Bir adet küp doğranmış bayat ekmeği, dikdörtgen veya kare bir borcama yayın. Salçalı kekikli sosunu hazırlayın."", ""Hazırladığınız yumurtalı sosu ve salçalı kekikli sosu, ekmeklerin üzerine gezdirin."", ""Dilimlenmiş domates ve mantarları ekmeklerin üzerine dizin."", ""Hindi salam ve sucukları ekleyip, konserve mısırları serpin."", ""190 derecelik fırında 20 dakika pişirin."", ""Ardından kaşar peyniri rendesini de ekleyerek 10 dakika daha fırında tutun. Dilimleyerek servis edin. Afiyet olsun.""]"
53b691ea-560e-4f4e-b7f8-517bb5873b21,Portakallı Islak Kek,Turkey,"Portakallı şerbetiyle ıslanan, yumuşacık ve lezzetli bir kek tarifi",Tatlı,"[""3 adet yumurta"", ""1 su bardağı toz şeker"", ""1 çay bardağı sıvı yağ"", ""1 çay bardağı portakal suyu"", ""1 çay bardağı süt"", ""1 adet portakal kabuğu rendesi"", ""1 paket vanilya"", ""2,5 su bardağı un"", ""1 paket vanilin"", ""1 paket kabartma tozu""]","[""Yumurta ve toz şekeri köpük haline gelene dek çırpın."", ""Üzerine sıvı yağ, portakal suyu, süt, rendelenmiş portakal kabuğunu ekleyin."", ""Un, vanilin ve kabartma tozunu eleyerek ekleyip tekrar çırpın."", ""Karışımı kalıba döküp 180 derecede kabarıp içi pişene kadar yaklaşık 30-35 dakika fırınlayın."", ""Sos tavasında portakal suyu, toz şeker ve rendelenmiş portakal kabuklarını kaynatıp kenara alın ve soğutun."", ""Ayrı bir tencerede süt, toz şeker ve nişastayı koyu kıvama gelene dek pişirin."", ""Ocaktan alıp üzerine beyaz çikolata parçaları ekleyip eriyene kadar karıştırın."", ""Fırından çıkan ve soğuyan keke portakal sosunu dökün ve çekmesini bekleyin."", ""Ardından keki ters çevirip beyaz çikolatalı sosu üzerine gezdirin. Dilimleyip servis edin. Afiyet olsun!""]"
809bb6ea-d209-42b2-8e68-77f8d57f373e,Kaşarlı Maydanozlu Domates Kavurma,Turkey,"Lezzetli çeri domateslerin zeytinyağı ve tereyağı ile kavurulup, maydanoz ve kaşar ile harmanlandığı pratik bir tarif",Sebze Yemekleri,"[""10-15 adet çeri domates"", ""2 yemek kaşığı zeytinyağı"", ""2 yemek kaşığı tereyağı"", ""100 gram rendelenmiş kaşar peyniri"", ""1 çay kaşığı tuz"", ""1 çay kaşığı kekik"", ""1 çay kaşığı pul biber""]","[""Yağları tavaya koyup 1 dk kadar sonra domatesleri ilave ediyoruz ve yumuşayana kadar çevirerek pişiriyoruz."", ""Baharatlarını ekliyoruz."", ""Altını kapatmaya yakın üzerine rendelediğimiz kaşarı koyup, kaşarlar eriyince servis tabağına alıyoruz."", ""En son ufak ufak doğradığımız maydanozu da üzerine ilave edip afiyetle yiyoruz.""]"
495180e8-739d-4e27-9c57-d24f05068e42,Humus,Turkey,"Kremamsı ve lezzetli bir Orta Doğu klasiği olan humus, nohut ve tahinin mükemmel birleşimidir",Ye,"[""2 su bardağı haşlanmış nohut"", ""5 yemek kaşığı tahin"", ""1/2 su bardağı zeytinyağı"", ""1/2 su bardağı limon suyu"", ""1 çay kaşığı kimyon"", ""2 yemek kaşığı nar ekşisi"", ""1 çay kaşığı (silme) tuz""]","[""Bir gece öncesinden nohutları karbonatlı suda bekletelim. Ertesi gün üzerini geçecek kadar su koyup haşlayalım. Haşlanan nohutları yıkayıp suyunu güzelce süzelim."", ""Nohutları pürüzsüz olana kadar blenderdan geçirelim. Diğer malzemeleri de ekleyip iyice püre haline getirelim."", ""Sunum tabağına alalım, süsleyelim. Afiyet olsun.""]"
f22429da-d5d3-446f-97ec-3a347e698aa7,2 Kişilik Dondurmalı İrmik Helvası,Turkey,"Karamelize edilmiş irmik, süt ve suyla pişirilerek hazırlanan, dondurulmuş servis edilen ferahlatıcı bir tatlı",Tatlı,"[""1 su bardağı irmik"", ""1 su bardağı süt"", ""1/2 su bardağı su"", ""50 gram tereyağı"", ""1 su bardağı toz şeker"", ""1 yemek kaşığı çam fıstığı"", ""5 yemek kaşığı sade dondurma""]","[""Şerbet için bir kaseye şeker, ılık süt ve suyu alın karıştırın."", ""Tencereye yağı alın eritin."", ""Üzerine irmiği ekleyip kavurun."", ""Daha sonra şerbetini azar azar ekleyin. Ocak üzerinde hızlı bir şekilde sürekli karıştırıp, suyunu çekene kadar pişirin."", ""Helvanın rengi kahverengi olana kadar kavurun. Tencerenin kapağını kapatıp, 15-20 dk demlenmeye bırakın."", ""Şerbetini tamamen çeken irmik helvasını ocaktan alın. Bir kasenin ortasına dondurma koyun. Dondurmanın üzerine tekrar yarım kepçe irmik helvası koyup, düzeltin. Kaseyi ters çevirip, hafifçe vurarak, h"", ""Dondurmalı irmik tatlısı hazır. Afiyet olsun.""]"
eb6bf9bf-9848-4d77-9fb9-a6b4e3b394d9,Damla Sakızlı Sebze Güveci,Turkey,"Damla sakızının eşsiz aromasıyla zenginleşmiş, sebzelerin lezzetini bir araya getiren doyurucu bir güveç",Sebze Yemekleri,"[""1 tatlı kaşığı damla sakızı"", ""1/2 çay bardağı sıvı yağ"", ""1 çay kaşığı tuz"", ""1/2 çay kaşığı karabiber"", ""1 çay kaşığı pul biber"", ""1 yemek kaşığı domates salçası"", ""1 bardak su"", ""2 adet domates (rendelenmiş)"", ""7 adet taze patates (ikiye bölünmüş)"", ""2 adet havuç (iri doğranmış)"", ""1 adet sarı dolmalık biber (iri doğranmış)"", ""150 gram arpacık soğan"", ""2 adet yeşil biber (iri doğranmış)"", ""1 adet kapya biber (doğranmış)"", ""1 adet kabak (iri doğranmış)"", ""1 çay kaşığı tuz"", ""2 yemek kaşığı maydanoz (doğranmış)""]","[""Damla sakızını havanda döverek toz haline getirin ve geniş bir kaseye alın. Üzerine sıvı yağ ve baharatları ekleyin. Dilimlenmiş sarımsak, domates salçası ve suyu da ekledikten sonra tüm malzemeler bi"", ""Hazırladığınız karışımın içine domatesleri rendeleyin. Böldüğünüz taze patatesleri, iri doğranmış havucu, sarı dolmalık biberi, yeşil biberi, kapya biberi, kabağı ve soyulmuş arpacık soğanı ekleyin."", ""Birleştirdiğiniz malzemeleri iyice karıştırdıktan sonra güvecin içine yerleştirin. Üzerine tuzunu da serpiştirdikten sonra ortası delinmiş yağlı kağıtla üzerini örtün ve kapağını kapatın."", ""Orta ateşte 15 dakika, kısık ateşte 40 dakika pişirdikten sonra ocaktan alın. Üzerine doğranmış maydanoz serperek servis edin.""]"
10bd58af-37bd-4bce-82f6-0504f105ee19,Glutensiz Helva Topları,Turkey,"Leblebi tozu ve tatlılarla hazırlanan pratik, glutensiz helva topları",Tatlı,"[""1 su bardağı leblebi tozu"", ""Etimek Tatlısı Tarifi"", ""Damla Çikolatalı Kurabiye"", ""Tatlı Tarifleri Spoonful Mozaik Pasta Çikolatalı Sufle İrmik Helvası Fırın Sütlaç Profiterol Revani Magnolia"", ""Kahvaltılık Tarifler Pancake Krep Pişi Kuymak Kaygana Kahvaltılık Sos Menemen Muhlama Yumurtalı Ekmek Omlet"", ""Omlet""]","[""Bir kaseye tüm malzemeleri alın. Homojen bir kıvam alana kadar, 2-3 dakika yoğurun."", ""Toplamda 35 -36 adet top olacak şekilde yuvarlayın. Buzdolabında saklayın. Bir porsiyonda 3-4 tane olacak şekilde tüketin. Afiyet olsun.""]"
9654162b-5611-4f83-9a11-7ccbff933599,Mahlepli Kurabiye,Turkey,"Mahlepli kurabiye, mis gibi kokusu ve çıtırlığıyla çay saatlerinin vazgeçilmez lezzetidir",Tatlı,"[""250 gram oda sıcaklığında tereyağı"", ""1 su bardağı sıvı yağ"", ""2 adet yumurta beyazı"", ""1 yemek kaşığı toz şeker"", ""3 yemek kaşığı sirke"", ""1 tatlı kaşığı tuz"", ""1 yemek kaşığı mahlep"", ""1 paket kabartma tozu"", ""4,5 su bardağı un""]","[""Kurabiye için un hariç gerekli olan tüm malzemeleri derince bir kaba alın ve elinizle yoğurmaya başlayın."", ""Unu azar azar ilave ederek, ele yapışmayan bir hamur elde edene dek yoğurun."", ""Yoğurduğunuz hamurdan ceviz büyüklüğünde parçalar kopartın ve yağlı kağıt serilmiş bir fırın tepsisine, elinizle yuvarlayıp, hafifçe yassılaştırdıktan sonra dizin."", ""Üstlerine yumurta sarısı sürün ve çörek otu serptikten sonra, önceden ısıtılmış 180 derece fırında üstleri kızarana dek yaklaşık 20 dakika kadar pişirin. Ardından fırından alın ver servis edin. Afiyet""]"
cdad9648-2e6d-46bd-bafc-388217d1c8f1,İki Renkli Kurabiye,Turkey,"Lezzetli ve pratik iki renkli kurabiye, çay saatlerinin vazgeçilmezi",Tatlı,"[""125 gram tereyağı"", ""1/2 çay bardağı ayçiçek yağı"", ""1/2 su bardağı pudra şekeri"", ""1/2 çay bardağı mısır nişastası"", ""2,5 su bardağı un"", ""1 çay kaşığı vanilya özütü"", ""3 yemek kaşığı kakao""]","[""Oda sıcaklığında beklettiğiniz tereyağını ve ayçiçek yağını geniş bir karıştırma kabına alın."", ""Pudra şekeri, mısır nişastası ve vanilya özütü kattığınız kurabiye karışımını krema halini alana kadar elinizle karıştırın."", ""Elenmiş unu azar azar ekleyip hamuru toparlanana kadar yoğurun. Hamurun ele yapışmaması ve dağılmaması önemli."", ""Hazırladığınız kurabiye hamurunu iki eşit parçaya böldükten sonra yarısını kakao ile tekrar karıştırarak yoğurun."", ""Hazırladığınız kakaolu ve beyaz kurabiye hamurunu iki ayrı kaba alın. Bir adet kurabiyeyi hazırlamak için; her iki hamurdan da misket büyüklüğünde parçalar alın ve avuç içinizde yuvarlayarak şekil ver"", ""İki renkli kurabiye hamurları bitene kadar aynı işlemi tekrarlayın. Fırın tepsisine yağlı kağıt serin."", ""İki renkli ve alacalı desenli hazırladığınız kurabiyeleri, fırın tepsisine aralıklı olarak yerleştirin."", ""Önceden ısıtılmış 170 derece fırında üzerleri hafif bir renk alana kadar pişirdiğiniz kurabiyeleri ılındıktan sonra sevdiklerinizle paylaşın.""]"
9b94d3c2-50ed-4469-af30-475a85ea0271,Kırmızı Meyveli Ferah Pasta,Turkey,"Yaz aylarının ferahlatıcı lezzeti, kırmızı meyvelerle buluşan pratik ve lezzetli bir pasta",Tatlı,"[""3 adet yumurta"", ""1,5 su bardağı toz şeker"", ""1 su bardağı süt"", ""1/2 su bardağı Egemden Yoğun Lezzet Zeytinyağı"", ""3 su bardağı un"", ""1 paket kabartma tozu"", ""1 paket vanilin"", ""1 yemek kaşığı limon suyu"", ""1 yemek kaşığı limon kabuğu rendesi""]","[""Böğürtlen sos için, bir sos tenceresinde toz şeker ve böğürtlenleri şeker eriyene kadar karıştırın. Sos kaynamaya başlayınca nişastayı ekleyin ve koyulaşınca ocaktan alıp soğutun."", ""Pandispanyayı hazırlamak için, şeker ve yumurtayı, şeker eriyene kadar mikser yardımıyla çırpın."", ""Üzerine süt, Egemden yoğun lezzet zeytinyağı ve unu ekleyip karıştırın."", ""Ardından kabartma tozu, vanilin, limon suyu ve limon kabuğu rendesini ilave edip spatula yardımıyla karıştırın."", ""Yağlanmış ve unlanmış kek kalıbına karışımı dökün ve önceden ısıtılmış 170 derece fırında 25 dakika pişirin."", ""Pandispanya fırındayken pasta kremasını hazırlayalım. Yumurta, toz şeker, limon kabuğu rendesi, vanilya özü ve limon suyunu mikserde karıştırın."", ""Üzerine Egemden yoğun lezzet zeytinyağı ekleyin ve karıştırdıktan sonra sos tenceresine alın."", ""Kısık ateşte krema yoğunlaşana kadar pişirin."", ""Ayrı bir kasede mascarpone peyniri ve pudra şekerini mikserle karıştırın."", ""Fırından çıkan pandispanyayı oda sıcaklığından soğutun. Ardından bıçak yardımıyla ortadan ikiye kesin."", ""Pastanın alt pandispanyasının üzerine önce ocakta pişirdiğiniz pasta kremasını sürün."", ""Ardından mascarpone peynirli kremayı üzerine sürün ve böğürtlen sosu da üzerine sürüp, vişneleri ekledikten sonra diğer pansipanyayı üzerine ekleyin."", ""Aynı işlemleri diğer pandispanyanın üzerine de uygulayın ve kırmızı meyveler ile pastanızın üzerini süsleyip, servis edin.""]"
d634cf18-acc4-4acc-bb7a-0fe29aaefbed,Tahinli Kabak Tatlısı,Turkey,"Tahin ve pekmezin zengin lezzetini bir araya getiren, geleneksel ve ferahlatıcı bir tatlı",Tatlı,"[""1,5 su bardağı toz şeker"", ""1 tatlı kaşığı limon suyu"", ""1 yemek kaşığı pekmez""]","[""Kabaklarımızın kabuklarını yeşil yeşil kısımları gidecek şekilde iyice soyuyoruz. Orta büyüklükte dilimler elde ediyoruz. (Dileyen daha büyük yapabilir, pişme süresi uzar sadece.)"", ""Doğradığımız kabaklarımızı yayvan bir tencere alıp toz şekerimizi üzerlerine gezdiriyoruz. Bir gece kapağı kapalı şekilde dinlenmeye bırakıyoruz."", ""Bir gece dinlenmiş kabaklarımız kendi suyunu salmış olacak. Kabaklarımızı harlı ateşte kaynayana kadar pişiriyoruz."", ""Kaynadıktan sonra ocağın altını kısıp 20 dakika kısık ateşte pişiriyoruz. Süre sonunda limon suyunu ve pekmezimizi ilave ederek kısık ateşte 10 dakika daha pişirmeye devam ediyoruz."", ""10 dakika sonra tencerenin kapağını açıp 10 dakika kadar daha şerbetinin kıvam alması için kapağı açık şekilde pişiriyoruz."", ""Pişen kabaklarımızı soğumaya bırakıyoruz. Soğuduktan sonra uygun bir kaba kabakları aktarıp üzerine şerbetini ilave ediyoruz. Kabaklarımız servise hazır, tahin ve ceviz ile servis edebilirsiniz""]"
b1bc744b-e9b4-4130-b16a-42f2bbac7d0f,Evde Cips Yapımı,Turkey,"Evde pratik ve lezzetli cipsler yapın, atıştırmalık keyfini katlayın",Ana Yemek,"[""2 adet yufka"", ""2 yemek kaşığı mısır unu"", ""1 adet orta boy soğan suyu"", ""2 adet orta boy sarımsak (rendelenmiş)"", ""1 çay bardağı sıvı yağ"", ""1 su bardağı su"", ""1 çay kaşığı karabiber"", ""1 çay kaşığı kimyon"", ""1 çay kaşığı nane"", ""1/2 çay kaşığı köri"", ""1,5 çay kaşığı kekik"", ""1 çay kaşığı kırmızı toz biber"", ""1 paket sebzeli çeşni (üzerine serpmek için)""]","[""Öncelikle rendelenmiş olduğumuz soğanın suyunun çıkartalım ve içine sarımsaklarımızı rendeleyelim."", ""Sos için gerekli olan sebzeli çeşni hariç diğer malzemeleri de bu kabın içine alalım ve iyice karıştıralım."", ""Tezgahın üzerine yufkanın bir tanesini serelim ve yufkanın yarısına hazırladığınız sostan sürelim. Yufkanın sürmediğimiz kısmını sürdüğümüz kısmına katlayalım."", ""Yufka yıkadıktan sonra boşluk kalan her iki kısma da sostan sürelim. Yani yufkanın hiçbir yerini boşluk kalmayacak."", ""Sosladığımız yufkayı ortalama kare şeklinde 5'er cm olacak şekilde keselim ve her kareyi de üçgen şeklinde keselim."", ""Üçgen şeklinde kestiğiniz yufkaları yağlı kağıt serdiğimiz fırın tepsisine birbirine değmeyecek şekilde yerleştirelim. bir yufka 2 fırın tepsisine iyi geliyor."", ""Önceden ısıtılmış 180 derece fırında öncelikli 5-6 dakika pişirip daha sonra fırını 120 dereceye alıp cipslerimiz kıtırlaşana kadar pişirelim. Afiyet olsun.""]"
f28223c2-339e-4b54-b7a8-03b7ee95e6b5,Tahinli Çatlak Kurabiye,Turkey,"Tahinin yoğun tadıyla harmanlanmış, çıtır çıtır ve lezzetli bir atıştırmalık",Tatlı,"[""1 su bardağı tahin"", ""1/2 su bardağı eritilmiş tereyağı (oda sıcaklığında olmalı)"", ""1/2 su bardağı (bir parmak eksik) pudra şekeri"", ""1 tatlı kaşığı bal"", ""1 su bardağı dövülmüş ceviz içi"", ""2-3 su bardağı un (kıvama göre artırılabilir)"", ""1 paket vanilya"", ""1 paket kabartma tozu""]","[""Tahin ve erimiş tereyağını geniş bir kabın içinde karıştırın. Pudra şekerini, kabartma tozu ve vanilini tahinli karışıma ekleyin ve cevizleri de ekleyerek karıştırın."", ""Karışımın içine unu azar azar eleyerek ilave edin. Hamur yavaş yavaş kulak memesi kıvamına gelinceye kadar un eklemeye devam edin ve yoğurun .Yoğurduğunuz kurabiye hamurunu buzdolabında 20 dakika dinl"", ""Dinlenen hamurdan ceviz büyüklüğünde parçalar kopartın (yaklaşık 35 gram) ve yağlı kağıt serili fırın tepsisine dizin. Önceden ısıtılmış 180 derece fırında kontrollü olarak fazla renk aldırmadan pembe""]"
55643938-0eba-4b85-8d57-6dc390c4717c,Yalancı Pizza,Turkey,Ekmeğin üzerine sucuk ve biber koyarak hazırlanan hızlı ve lezzetli bir atıştırmalık,Ana Yemek,"[""16 adet kepek ekmeği"", ""1 adet sucuk"", ""1 adet yeşil biber"", ""1 adet kırmızı biber"", ""1 adet domates"", ""3 adet yumurta"", ""1/2 paket kaşar peyniri""]","[""Biberleri ve diğer malzemeleri küp küp doğrayın."", ""Yumurtalarla birlikte bir kapta çırpın."", ""Fırın tepsisine kepek ekmekleri dizin."", ""Dizilen ekmeklerin üzerine yapmış olduğunuz harcı eşit bir şekilde ekleyin."", ""Ön ısıtması tamamlanmış olan fırında pişirin. Afiyet olsun.""]"
5822ed1b-cac1-4b51-be38-5e2dbc0e0bb0,Havuç Kabak Tarator,Turkey,"Havuç ve kabakların zeytinyağıyla harmanlandığı, sağlıklı ve lezzetli bir meze",Sebze Yemekleri,"[""4 adet havuç"", ""2 adet kabak"", ""5-6 yemek kaşığı zeytinyağı"", ""1 tatlı kaşığı tuz""]","[""Havuçları ve kabakları yıkayıp kavunları kabuğunu soyarak, kabağı ise kabuğu ile rendeleyelim. Bir tavaya ikisini birlikte alıp zeytinyağı ve tuz ilave edelim, arada karıştırarak 8-10 dakika kavuralım"", ""Yoğurtlu sos için normal yoğurt ile süzme yoğurdu karıştıralım. Ezilmiş sarımsak ve tuz ekleyip soğuyan taratorun üzerine dökelim. Mayonezi de ekleyip güzelce karıştıralım ve servis tabağına yayalım."", ""Üzeri için ceviz ve zeytinyağını ocağa alıp rengi değişmeyecek şekilde kızdıralım. Çok hızlı yanabileceği için ocağın altını kapatıp toz biberi ekleyelim. Bekletmeden salatamızın üzerine gezdirelim. A""]"
fd77df8e-c4f8-4a2d-b1e5-a10364abf066,Kolay San Sebastian Cheesecake,Turkey,"Kolay ve lezzetli San Sebastian Cheesecake tarifi, az malzemeyle sizi şaşırtacak",Ana Yemek,"[""3 adet yumurta"", ""1 su bardağı şeker"", ""1,5 yemek kaşığı un"", ""500 gram labne""]","[""Yumurta ve şekeri, kabarıp rengi değişene kadar çırp. Geri kalan malzemeyi ekle ve karışana kadar çırp, çok değil."", ""210 derece 30-35 dakika, alt-üst fanlı modda pişir. Afiyet olsun.""]"
a23c0ff2-500a-4e63-8aa1-f6180d072940,Kinoa Salatası,Turkey,"Sağlıklı ve lezzetli kinoa salatası, keçi peyniriyle zenginleştirilmiş harika bir seçenek",Ye,"[""30 gram beyaz kinoa"", ""30 gram siyah kinoa"", ""60 gram keçi peyniri"", ""3 gram reyhan"", ""120 gram kokteyl domates"", ""1 adet ceviz tatlısı"", ""15 gram siyah üzüm"", ""13 gram çilek"", ""15 gram incir"", ""1/4 adet orta boy gr eyfurt"", ""60 gram maskolin""]","[""Siyah ve beyaz kinoayı (1'e, 1,5 ölçü su kullanarak) kaynar suda haşlayın."", ""Keçi peynirini üçgen şeklinde, kokteyl domatesleri ortadan ikiye kesin. Ceviz tatlısını iki eşit parçaya bölün."", ""Siyah üzümleri bol suda yıkayın. Yıkanmış ve kurulanmış çileklerin yapraklarını kesin, arzuya göre dilimleyin."", ""Mevsimine göre kullanacağınız taze ya da kurutulmuş inciri ikiye kesin. Kabuğunu soyup beyaz kısımlarını temizlediğiniz greyfurtu, zarlarını almadan uzun ince dilimlere ayırın."", ""Salata tabağının içine yıkanmış ve kurulanmış maskolinleri yerleştirin. Ceviz tatlısı, siyah üzüm, çilek, incir ve zarı alınmış greyfurt parçalarını da ilave edip haşlanmış kinoaları ekleyin."", ""Üçgen şeklinde kesilen keçi peynirini ilave ettikten sonra salatanın etrafına kokteyl domatesler yerleştirip sevdiklerinizle paylaşın.""]"
49e91fd6-6e56-42c5-b906-4ced538d6220,Zeytinyağlı Kuru Dolma,Turkey,"Zeytinyağının ve taze malzemelerin buluştuğu, lezzetli ve sağlıklı bir klasik",Meze,"[""2 su bardağı pirinç"", ""1 adet büyük boy kuru soğan"", ""3 adet sivri biber"", ""1/2 çay bardağı zeytinyağı"", ""2 yemek kaşığı domates salçası"", ""1 çay bardağı tane sumak (1.5 su bardağı sıcak suyla önceden ıslatılmış olacak)""]","[""Soğanı ve biberi yağ ile birlikte soğanın rengi değişine kadar kavuruyoruz. Üzerine salça ve sarımsak ekliyoruz."", ""Daha sonra pirinci ekliyoruz ve biraz da pirinci kavuruyoruz. Sonra baharatları ve tuzu ekliyoruz."", ""Son olarak üzerine süzmüş olduğumuz sumak suyunu ekleyip kısık ateşte suyunu çekene kadar pişiriyoruz."", ""Piştikten sonra maydanozu ekliyoruz. Bu iç harcı biraz soğumaya bırakıyoruz."", ""Yıkayıp haşladığımız patlıcanları harçla dolduruyoruz."", ""Tencere diziyoruz ve üzerine 1 silme tatlı kaşığı tuz döküp üzerini biraz geçecek kadar kaynamış su döküp dolma taşı veya yoksa tabak kapatarak (ağırlık olsun üstünde) pişmeye bırakıyoruz."", ""Kapağı kapalı şekilde yaklaşık 40-45 dakika pişiriyoruz. Afiyet olsun.""]"
44c0d9a9-7d52-4f69-8b17-9b0549538bb3,Bademli Jasmin Pilavı,Turkey,"Bademli Jasmin Pilavı, hafif aromatik yasemin pirincinin çıtır bademlerle buluştuğu, yan lezzektir",Pilav & Makarna,"[""2.5 su bardağı jasmine (yasemin) pirinç"", ""3 su bardağı su"", ""1 çay kaşığı tuz"", ""1 çay kaşığı muskat cevizi rendesi""]","[""Tereyağını tencerede eritiyoruz. Üzerine suyu ekleyip biraz kaynamasını bekliyoruz."", ""Sırasıyla tuz,badem,pirinç ve muskat sebzesini ekleyerek karıştırıp homojen hale getiriyoruz."", ""Ardından karıştırıp kapağını kapatarak pişmeye bırakıyoruz. Suyunu tamamen çekince ocaktan alıp demlenmeye bırakıyoruz. Demlenen pilavı süsleyerek servis ediyoruz. Afiyetler olsun!""]"
1db8496a-4d51-4792-92b1-f250f655270c,Karamelli Kedi Dili Tatlısı,Turkey,Kedi dili bisküviler ve kremsi karamel sos ile hazırlanan pratik ve lezzetli bir tatlı,Tatlı,"[""1 paket kedi dili bisküvi (18 adet kullandım)"", ""1 su bardağı soğuk süt"", ""1 litre süt"", ""1/2 su bardağı toz şeker"", ""3 yemek kaşığı un"", ""2 yemek kaşığı buğday nişastası"", ""1 yemek kaşığı tereyağı"", ""1 paket vanilya"", ""1 paket krem şanti""]","[""Kedi dillerinin her biri 3 parçaya bölünerek borcama rastgele yerleştirilir, sütle ıslatılır."", ""Kreması için krem şanti, vanilin ve tereyağı hariç diğer malzemeler pişirilir."", ""Fokurdayınca altı kapatılır kalan malzemeler eklenir. Bisküvilerin üzerine dökülür."", ""Karameli için şeker kısık ateşte eritilir. 4 dakikada eriyor içine soğuk su dökülür arada karıştırılır."", ""Eriyince nişastalı su dökülür. Kaynaması koyu bir kıvama gelmesi beklenir kaynadıktan sonra ocak kapatılır."", ""İçine tereyağı konur soğumaya bırakılır."", ""Bisküvili muhallebinin üzerine karameli dökülür, üzerine fındık serpiştirilir. Afiyet olsun.""]"
8ec50d92-9d80-4feb-a72d-3ad329f19d8b,Tavada Brownie,Turkey,Tavada pratik ve lezzetli brownie tarifi,Ana Yemek,"[""2 adet yumurta"", ""1 çay bardağı toz şeker"", ""1/2 çay bardağı sıvı yağ"", ""1/2 çay bardağı süt"", ""1,5 su bardağı un"", ""1 paket kabartma tozu"", ""1 paket vanilin"", ""180 gram bitter çikolata (benmari usulü eritilmiş)"", ""1 su bardağı dövülmüş fındık""]","[""Yumurtaları ve şekerleri iyice çırpın. Sıvı yağı, sütü, unu, kabartma tozunu, tuzu ve vanilini ekleyip çırpın."", ""Benmari usulü eritilmiş çikolatayı ve dövülmüş fındıkları ekleyin, bir spatula yardımıyla karıştırın."", ""Bir tavaya yağlı kağıt serin ve harcı içine yayın. Kapağı kapalı halde, kısık ateşte 1 saat pişirin.""]"
e16b3872-9e01-490c-a91b-b5e3fee73e06,Domates Soslu Sosis,Turkey,"Pratik ve lezzetli domates sosunda pişirilmiş sosis, hızlı ve doyurucu bir seçenek",Sebze Yemekleri,"[""4 adet sosis"", ""4 yemek kaşığı domates püresi"", ""1 tatlı kaşığı domates salçası"", ""1 tatlı kaşığı tereyağı"", ""2 adet sivri biber"", ""1 çay kaşığı kimyon"", ""1 çay kaşığı tuz"", ""1/2 su bardağı rendelenmiş kaşar peyniri"", ""1 çay kaşığı kekik"", ""6-7 adet doğranmış çekirdeksiz siyah zeytin"", ""3/4 su bardağı kaynar su""]","[""Sosisleri ortalama yarım cm civarı doğrayın.Tereyağını sahanda eritip, sosisleri hafifçe soteleyin."", ""Sosisler hafif renk aldıktan hemen sonra, ince ince kıydığınız yeşil biberleri ekleyin ve soteleyemeye devam edin."", ""Biberler kendini bırakmaya başlayınca, salça, ince kıyılmış sarımsak ve domates püresini de ekleyip sotelemeye devam edin. Bu arada ısıyı kontrol altında tutun ki sarımsak ve salça yanmasın."", ""Sarımsak ve salçanın kokusu çıkmaya başlayınca, kaynar suyu, kimyonu ve tuzu ekleyip karıştırın. Sos homojen bir kıvama gelsin.Tıkırdamaya başlayınca altını iyice kısın ve 10 dakika bu şekilde pişşin."", ""Bu arada fırınınızı 200 derecede ısıtın.10 dakika pişen domates soslu sosisleri, fırına girebilen bir kaba aktarıp, üzerine rende kaşar kekik ve zeytinleri gelişigüzel bir şekilde koyup fırına atın."", ""Kaşarlar kızarmaya başlar başlamaz fırından alın. Tarifiniz masadaki yerini almaya hazır. Sıcak sıcak servis edin. Afiyetler olsun.""]"
eddde841-9e24-4393-9cb6-b7d7e06a51c9,Biberli Acılı Ezme,Turkey,"Acı ve tatlı biberlerin harmanlandığı, ferahlatıcı ve lezzetli bir meze",Sebze Yemekleri,"[""4 kilogram armut domates"", ""1 kilogram acı biber"", ""1 kilogram kapya biber"", ""1 su bardağı zeytinyağı"", ""1 çay bardağı üzüm sirkesi"", ""10 adet büyük diş sarımsak"", ""1 yemek kaşığı kaya tuzu"", ""1 yemek kaşığı toz şeker""]","[""Bütün sebzeleri yıkayalım ve hazır hale getirelim, 4 kg domatesi kabuklarını soymadan robottan geçirelim."", ""Robottan geçen domatesi geniş bir tencereye alalım ve kapya biberleri de robottan geçirelim."", ""Domateslerin üzerine biberleri ekleyin, ocağın altını açalım."", ""Üzerine 1 yemek kaşığı kaya tuzunu ilave edelim. Sonra sırasıyla üzerine 1 su bardağı zeytinyağı, 1 çay bardağı üzüm sirkesi ve 1 yemek kaşığı kaya tuzunu ilave edelim."", ""Yaklaşık 1 saat kadar pişirelim. Domates özünü bırakıp suyunu çekene kadar kaynatalım."", ""15-20 dakika daha kaynatın. Ocağın altını kapatmadan başka bir tencereye sıcak su koyalım ve altını yakalım. Kavanoz kapaklarını 3-5 dakika kaynatalım."", ""Acılı ezmenin tuz oranına bakalım ve eksik ise ekleyelim. Ocağın altını kapattıktan sonra ince ince kıydığımız maydanozları ekleyelim."", ""Bir iki defa karıştırdıktan sonra kavanozlara paylaştırıp kaynattığınız kavanoz kapaklarıyla sıkıca kapatıp ters çevirin. Vakumlansın ve bir yerde serin uzun süre saklayabilirsiniz. Afiyet olsun.""]"
29b2bd5f-8b10-4b10-8493-c836af102870,Ev Yapımı Kıymalı Pide,Turkey,"Fırında çıtır çıtır pişen, bol kıymalı ve lezzetli ev yapımı pide tarifi",Börek & Hamur İşi,"[""1 paket instant maya (veya 2 yemek kaşığı kuru maya)"", ""2 su bardağı ılık su"", ""2 tatlı kaşığı toz şeker"", ""1 tatlı kaşığı tuz"", ""6 yemek kaşığı sıvı yağ"", ""3-4 su bardağı un (aldığı kadar)""]","[""İlk olarak maya, şeker, tuz ve ılık suyu karıştırıp üzerini kapatalım, 5 dakika bekleyelim."", ""Daha sonra diğer malzemeleri ekleyip güzelce yoğuralım ve mayalanması için üzerini streç film ile veya hava almaya bir kapak ile kapatıp 45 dakika mayalandıralım."", ""İç harcı için kıymayı ocağa koyup kapağını kapatıp suyunu çekene kadar pişirelim. Suyunu çeken kıymayı sıvı yağ ve ince doğranmış soğan ile kavuralım."", ""Salçaları ekleyip biraz daha pişirelim. Akabinden biberleri, domates ve baharatları ekleyip karıştıralım. Kapağını kapatıp kısık ateşte pişirmeye bırakalım."", ""Hamuru merdane ile biraz açıp elimizle uzatarak pide şeklini verelim. İçine harçtan koyup kenarlarını kapatalım."", ""Önceden ısıtılmış 180 derece fırında fansız bir şekilde alt üst kızaran kadar pişirelim."", ""Fırından çıkan pidelerimizin kenarını yumuşak olsun diye erittiğimiz tereyağını sürüp servis edebilirsiniz. Afiyet olsun.""]"
59eb5f50-bc42-4856-b898-aa379ef7b5d5,Kurutulmuş Domatesli ve Zeytinli Omlet,Turkey,Kurutulmuş domates ve zeytinin zengin lezzetini bir araya getiren pratik ve lezzetli bir omlet,Et Yemekleri,"[""3 adet yumurta"", ""2 yemek kaşığı krema"", ""3 adet kurutulmuş domates"", ""8 adet kalamata zeytin"", ""1 yemek kaşığı taze baharat karışımı (tarhun, maydanoz, nane, kekik)"", ""1 yemek kaşığı tereyağı"", ""1 yemek kaşığı sızma zeytinyağı"", ""1/2 çay kaşığı tuz"", ""1/2 çay kaşığı karabiber""]","[""Kurutulmuş domatesleri yumuşamaları için kaynar suda beklettikten sonra minik küpler halinde doğrayın."", ""Kalamata zeytinleri çekirdeklerini çıkarttıktan sonra ince ince doğrayın. Tarhun, maydanoz, nane, kekik ve arzu ettiğiniz taze baharatları incecik kıyın."", ""Doğranmış tüm malzemeleri zeytinyağı ile harmanladıktan sonra kuru domatesli ve zeytinli iç harcınız hazır."", ""Yanmaz, yapışmaz bir omlet tavasını orta ateşte ısıtın. Oval bir kaseye aldığınız yumurtalar ve kremayı pürüzsüz bir hal alana kadar çırpın."", ""Sıcak tavaya tereyağını aktarın, yanmamasına özen gösterin. Tavaya aldığınız yumurta karışımını, bir spatula yardımıyla köşelerden ortaya doğru ittirerek hafifçe karıştırın. Altının sabitlenmesi için"", ""Omletin orta kısmı hafif nemli iken hazırladığınız kurutulmuş domatesli ve zeytinli harcı üzerine yayın. Omleti ocaktan alın. Önce bir tarafını daha sonra diğer tarafını üst üste gelecek şekilde katla""]"
28dc1ca1-1f41-4ac9-b5b4-1d0a8a181baa,Kırmızı Başlıklı Kız Pastası,Turkey,"Kırmızı Başlıklı Kız Pastası, vanilyalı ve tereyağlı lezzetiyle masal tadında bir tatlı",Tatlı,"[""100 gram tereyağı (oda ısısında)"", ""1 su bardağı şeker"", ""1 paket vanilin"", ""3 adet yumurta"", ""1 paket kabartma tozu"", ""1 su bardağı un"", ""1 yemek kaşığı kakao"", ""2 yemek kaşığı süt"", ""1 adet konserve vişne (suyunu sosu için ayırın)""]","[""Tereyağı, şeker ve vanilya şekerini çırpıyoruz. Yumurtaları ilave edip tekrar çırpıyoruz."", ""Un ve kabartma tozunu da ekleyip çırpıyoruz. 26 cm'lik kelepçeli kalıba, hamurun yarısından fazlasını ekleyip yayıyoruz."", ""Kalan hamura kakao ve sütü ekleyip çırpıyoruz. Kakaolu hamuru da beyaz hamurun üzerine yayıyoruz."", ""Vişneleri bir tabağın üstünde süzüyoruz ve suyunu kenara kaldırıyoruz. Vişneleri kekin üstüne ekliyoruz ve hafifçe kekin içine bastırıyoruz."", ""Önceden ısıtılmış fırında, alt üst ayarda 180 derecede pişiriyoruz. Kekimiz piştikten ve soğuduktan sonra kelepçeli kalıptan çıkartıyoruz ve ayarlanabilen kalıp takıyoruz."", ""Ayrı bir yerde sıvı kremaları, şekeri, vanilya şekerini ve limon kabuğunu çırpıyoruz. Krema sertleşmeye yaklaşınca quark ekliyoruz ve birkaç dakika daha çırpıyoruz."", ""Kremadan 4-5 yemek kaşığı (daha sonra pastayı süslemek için) ayırıyoruz. Kalan kremayı kekin üzerine yayıyoruz ve 2 saat buzdolabında bekletiyoruz."", ""Süzdüğümüz vişnelerin suyunu, 300 ml. vişne suyunu, şekeri ve nişastayı çırpıyoruz. Daha sonra ocakta karıştırarak kaynatıyoruz."", ""Kaynayınca ocaktan çekip, arada bir karıştırıp 5-10 dakika hafif ılımasını sağlıyoruz. Buzdolabında dinlenmiş olan pastanın üzerine döküyoruz ve sağ sol yaparak her yerine yayıyoruz."", ""Üzeri için ayırdığımız kremayı, krema poşetine ekleyip pastanın üzerine sıkıyoruz. İsteğe göre kiraz şekerlemesi ile süslüyoruz. 4-5 saat veya bir gece buzdolabında bekletiyoruz. Afiyet olsun.""]"
fb908654-003c-4480-8386-0bac24b7f621,Dereotlu Mısır Ekmeği,Turkey,"Mis gibi kokan, yumuşacık ve lezzetli dereotlu mısır ekmeği",Ana Yemek,"[""350 gram mısır unu"", ""350 gram un"", ""18 gram kabartma tozu"", ""9 gram tuz"", ""2 adet yumurta"", ""330 gram yoğurt"", ""185 gram zeytinyağı"", ""25 gram şeker""]","[""Yumurta, yoğurt ve zeytinyağı karıştırılır."", ""Ayrı bir kapta mısır unu, un, kabartma tozu, tuz ve şeker karıştırılır."", ""Sıvı karışımına eklenerek homojen bir kıvam alana kadar karıştırılır."", ""İçerisine doğmamış dereotu ilave edilir ve karıştırılır."", ""Yanmaz kağıt serili tepsiye alınır ve 200 derecedeki fırında pişirilir.""]"
89a67a75-86d9-4284-9158-35937d379086,Piliç Tava,Turkey,"Hızlı ve pratik piliç tava, sofranıza lezzet katmak için ideal bir seçim",Tavuk Yemekleri,"[""2 adet tavuk göğsü"", ""1 yemek kaşığı nişasta"", ""1 yemek kaşığı un"", ""3 yemek kaşığı zeytinyağı""]","[""Tavukları kuş başı doğrayın."", ""Üzerine tuz, karabiber, un ve nişastayı ekleyip güzelce karıştırın."", ""Tavanıza yağı koyup kızdırın."", ""Isınan tavaya tavukları ekleyip 20 dakika kadar kavurun. Afiyet olsun.""]"
4e81c744-d312-45b2-a8d9-955718a996de,Pancar Salatası,Turkey,"Pancarın doğal tadıyla yoğurt ve mayonezin kremsi dokusunu birleştiren, hem göz dolduran hem de lezzetli bir salata",Salata,"[""3 adet pancar"", ""2 su bardağı süzme yoğurt"", ""2 yemek kaşığı mayonez"", ""1 çay kaşığı tuz""]","[""Pancarlar yumuşayana kadar haşlanır. Soğumaya bırakılır."", ""Soğuyan pancar soyulur ve rendelenir."", ""Ayrı bir kapta yoğurt, dövülmüş sarımsak, tuz ve mayonez karıştırılır."", ""Yoğurtlu karışıma rendelenmiş pancarlar eklenir ve karıştırılır."", ""Kıyılmış dereotu ile servis yapabilirsiniz.""]"
7db51793-762c-4ef8-a129-bfb48119e580,Sebzeli Kiş,Turkey,"Sebzeli Kiş, pratik ve lezzetli bir atıştırmalık veya hafif bir öğün için ideal bir tariftir",Sebze Yemekleri,"[""2 yemek kaşığı yoğurt"", ""1 adet yumurta"", ""1 tatlı kaşığı tuz"", ""1 çay kaşığı kabartma tozu"", ""3,5-4 su bardağı un"", ""200 gram kaşar peyniri"", ""1 adet büyük boy havuç""]","[""İnce ince kıyılmış pırasaları ve rendelenmiş havuçları zeytinyağında kavurun."", ""Hamur için un hariç tüm malzemeleri karıştırın."", ""Azar azar unu ilave edin."", ""Homojen bir hamur elde edin."", ""Elde ettiğiniz hamuru yağlanmış kalıba yayın. Üzerine çatal darbeleri batırın."", ""Kavurduğunuz sebzeleri üzerine aktarın."", ""Kaşar peyniri rendesini ekleyin ve fırına verin. 180 derecede 25 dakika kadar pişirin"", ""Sebzeli kiş tarifiniz hazır. Afiyet olsun.""]"
fef62359-f43f-47a6-8b3b-42a6185ea04c,Nutella’lı Mousse,Turkey,Nutella'nın yoğun lezzetiyle hafif ve ferah bir mousse tarifi,Ana Yemek,"[""60 gram Nutella (yaklaşık 4 yemek kaşığı)"", ""30 gram krem şanti (yaklaşık 2 yemek kaşığı, sütle veya suyla çırpılarak hazırlanmış)"", ""80 gram beze (ufalanmış, yaklaşık 5 yemek kaşığı)"", ""4 adet küçük beze"", ""100 gram orman meyvesi (yaklaşık 1/2 su bardağı)""]","[""Nutella ve krem şantiyi karıştırarak kremamsı bir karışım hazırlayın."", ""Bardakların veya kupların altını ufalanmış bezelerle bir tabaka oluşturacak şekilde doldurun."", ""Üzerine hazırladığınız Nutella ve krem şanti karışımını ekleyin ve buzdolabında en az 2 saat bekletin."", ""Üstlerini krema sıkacağı kullanarak Nutella ile süsleyin. Aralarına küçük bezeleri ve orman meyvelerini ekleyin. Ardından servis edin. Afiyet olsun!""]"
f826d698-780c-4d2b-b3f4-879452b21349,Mayalı Dereotlu Poğaça,Turkey,"Mayalı dereotlu poğaça, çay saatlerinin vazgeçilmez lezzetlerinden biri olup, içine katılan dereotuyla ferah bir tat sunar",Börek & Hamur İşi,"[""1 paket instant maya (veya 2 yemek kaşığı kuru maya)"", ""2 su bardağı ılık süt (200 ml bardak ölçüsüyle)"", ""1 su bardağı ılık su"", ""2 yemek kaşığı toz şeker"", ""1 tatlı kaşığı tuz"", ""1 çay bardağı sıvı yağ (büyük çay bardağı)"", ""6-7 su bardağı un (kontrollü ekleyin)"", ""1 adet yumurta sarısı (üzeri için)"", ""1 yemek kaşığı sıvı yağ (üzeri için)"", ""2 yemek kaşığı susam""]","[""Öncelikle geniş bir kaba maya, şeker ve tuzu alıp kuru şekilde karıştırıyoruz. Sonra ılık süt ve suyu ekleyip karıştırıyoruz."", ""Yoğurma kısmına kadar bütün aşamaları tel çırpıcı ile yaparsak bütün malzemeler birbirine daha iyi karışır, pütürlük olmaz. Daha sonra üzerini kapatıp 5 dakika bekliyoruz ki daha güzel mayalansın."", ""Sonra kabımızın üzerini açıp, sıvı yağ ilave edip güzelce karıştırıyoruz. Akabinde aldığı kadar un ilave edip hamurumuzu ele yapışmayacak, yumuşak olacak şekilde yoğuruyoruz."", ""En son ince doğradığımız dereotunu ekleyip biraz daha yoğuralım. Hamurun üzerini streç film veya hava almayan bir kapak ile kapatıp 1 saat mayalandırıyoruz."", ""Hamurumuz mayalandıktan sonra 1-2 dakika daha elimizle hamuru yoğurup havasını aldırıyoruz."", ""Hamurumuzdan küçük parçalar alıp yuvarlayalım ve içerisine peyniri ekleyip kapatalım."", ""Üzerine bir bıçak yardımı ile çizik atalım. Tepsi mayası yaptırmadan üzerine yumurta sürüp susam serpelim. Poğaçalarımızın küçük boyutta olması için tepsi mayası yapmıyoruz."", ""Önceden ısıtılmış 200 derece fırında 35 dakika pişirelim. Afiyet olsun.""]"
87bbfb78-9b90-4e8a-ac78-0d900ada6f5c,Pembe Coco Sandviç,Turkey,"Tatlı ve tropik bir lezzet şöleni sunan pembe coco sandviç, pratik ve göz alıcı bir atıştırmalıktır",Ana Yemek,"[""1 su bardağı Hindistan cevizi"", ""1 yemek kaşığı Hindistan cevizi yağı"", ""4 yemek kaşığı bal"", ""1/2 su bardağı dondurulmuş frambuaz"", ""1/2 su bardağı dondurulmuş böğürtlen"", ""1 su bardağı gr anül çikolata (şekersiz)""]","[""Meyveleri çözdürüp çatalla eziyoruz."", ""Hindistan cevizi rendesi, Hindistan cevizi yağı, bal ve ezdiğimiz meyveleri karıştırıyoruz."", ""Çikolatayı benmari usulü eritiyoruz."", ""Kaplara birer tatlı kaşığı eritilmiş çikolata koyuyoruz."", ""Derin dondurucuda çikolata donana kadar 15-20 dakika bekletiyoruz."", ""Dondurduğumuz çikolatanın üzerine birer yemek kaşığı Hindistan cevizli karışımımızdan koyuyoruz. Yine üzerine birer tatlı kaşığı çikolata koyuyoruz."", ""Derin dondurucuda 15-20 dakika bekletip servis ediyoruz. Afiyet olsun.""]"
ac78fc1d-1b61-4194-9f2a-4f0a84d78a3b,Kahvaltılık Salçalı Baharatlı Patates,Turkey,"Salçalı ve baharatlı lezzetiyle kahvaltı sofralarının vazgeçilmezi, pratik ve doyurucu bir tarif",Kahvaltı,"[""4 adet büyük boy patates"", ""2 adet yumurta"", ""1 tatlı kaşığı tuz"", ""1 çay kaşığı karabiber ve pulbiber""]","[""Öncelikle patateslerin kabuklarını soyup güzelce yıkayın. Hepsini küp küp olacak şekilde doğrayın."", ""Patatesleri tencereye koyup üzerine geçecek kadar su koyup tuzu ilave edin. Patateslere çatal girecek şekilde haşlayın. Haşlanan patatesleri süzgeçle süzün."", ""Başka bir tencereye biraz zeytinyağı dökün. Üzerine salçayı koyup kavurmaya başlayın."", ""Yumurtaları çırpıp tencereye ilave edin. Önce karıştırmadan pişmesini sağlayın. Sonra karıştırmaya devam edin."", ""Haşlanmış patatesleri ilave edip kaşıkla karıştırmaya devam edin. En son baharatları, reyhan otunu ve biraz daha tuz ekleyip güzelce karıştırın."", ""Ocağın altını kapatıp tabaklara servis edin.""]"
640f98da-11f7-4747-af99-c568a8b8ba78,Reyhan Şerbeti,Turkey,Fermente edilmiş reyhan yapraklarından yapılan ferahlatıcı ve geleneksel bir Türk şerbeti,İçecek,"[""2 dilim limon"", ""1 yemek kaşığı limon suyu"", ""1/2 adet tarçın çubuğu"", ""2 adet karanfil"", ""1,5 litre kaynar su"", ""4 yemek kaşığı bal (veya 1 su bardağı toz şeker)""]","[""Reyhan yıkanır ve geniş bir kaba alınır. Üzerine limon dilimleri, limon suyu, tarçın, karanfil ve kaynar su ilave edilir. (toz şekerle yapılıyorsa bu aşamada eklenir)"", ""Bir tabakla kapatılır. En az 2 saat bekletilir. Süzülür ve ağız tadına göre bal eklenip sürahiye alınır. Buzdolabında soğutulur. Afiyet olsun.""]"
b2adfbd2-f9d5-43a6-b1a5-940c40d63c2e,Pankek,Turkey,Lezzetli ve pratik pankek tarifi ile kahvaltılarınıza renk katın. Üç basit adımda mükemmel pankekler hazırlayın,Tatlı,"[""2 adet yumurta"", ""1,5 su bardağı süt"", ""3 yemek kaşığı sıvı yağ"", ""2 su bardağı un"", ""1 tatlı kaşığı kabartma tozu"", ""1 paket vanilya""]","[""Şeker ve yumurtayı, şeker eriyinceye kadar çırpın."", ""Yağı ve sütü ekleyip çırpmaya devam edin."", ""En son un, kabartma tozu ve vanilyayı ekleyip iyice karışması için son kez çırpın. Yapışmaz tavada önlü arkalı pişirin. Afiyet olsun.""]"
4d1ae895-6d75-46af-b266-4a56237d3483,Lop Patates Kızartması,Turkey,"Kıvamı ve lezzetiyle damakları çiğneyen lop patates kızartması, pratik malzemelerle hazırlanan harika bir atıştırmalıktır",Ana Yemek,"[""2 adet yumurta"", ""2 yemek kaşığı yoğurt"", ""4 yemek kaşığı un (azar azar ekleyin)"", ""1/2 çay kaşığı tuz"", ""1/2 çay kaşığı pul biber"", ""12 adet taze patates""]","[""Yumurta, yoğurt, un, tuz, pul biber ve dereotunu ekleyip karıştırın."", ""Taze patatesleri haşlayın, soyun ve karışıma bulayın."", ""Önceden ısıtımış olduğunuz kızgın yağda patatesin dış kısımları çıtır çıtır oluncaya dek kızartın."", ""Kızarttıktan sonra kuru peçete üzerine alarak fazla yağını çekmesini sağlayın, ardından servis edin.""]"
7c4fc989-5b13-47a7-a130-e9619e2cabcd,Limon Soslu Mini Cheesecake,Turkey,"Narenciye aromalı mini cheesecake'ler, ferahlatan limon sosu ve çıtır yulaf tabanıyla mükemmel tatlı seçimi",Ana Yemek,"[""1 paket yulaflı bisküvi"", ""2 yemek kaşığı (tepeleme) tereyağı"", ""1/2 su bardağı fındık (tercihen)""]","[""Bisküvi ve fındıkları robottan geçirelim. Tereyağını eritip üzerlerine dökelim. Hepsini karıştıralım. 12'li cupcake tepsinin içine küçük kek kağıtlarını yerleştirelim."", ""Bisküviyi hepsine eşit olarak paylaştırıp bir bardak yardımıyla üzerlerine bastıralım."", ""Labneli karışımı hazırlayalım. Labneleri bir kaba alalım üzerine şekeri ekleyelim. Bir çırpıcı yardımıyla karıştıralım. Krema ve yumurtaları ilave edelim. En son un, nişasta ve vanilin ekleyip karıştı"", ""Isıya dayanıklı küçük bir kaba su koyup fırının en alt rafına koyalım. 170°’de ısıtıp cheesecakeleri fırına verelim. 20 dakika pişirelim. Kenarları hafif piştiğinde ortası yumuşakken rengi beyaz iken"", ""Pişerken limon sosunu hazırlayalım. Bütün malzemeleri küçük bir tencerede karıştıralım. Ocağa alıp pişirelim. Tatlılık oranını kendiniz de ayarlayabilirsiniz. Fokurdamaya başlayınca ocağın altını kısı"", ""Soğuyunca mini cheesecake'lerin üstüne paylaştırın. İstediğiniz gibi süsleyip servise sunabilirsiniz. Dolapta en az 1 saat beklemelidir. Afiyet olsun.""]"
ca4f75c3-c988-442b-9ea9-8e84ec8ee20d,Nohutlu Ispanak Yemeği,Turkey,"Sağlıklı ve lezzetli nohutlu ıspanak yemeği, bulgur ile tamamlanan doyurucu bir ana yemek",Sebze Yemekleri,"[""1/2 kilogram ıspanak"", ""1 su bardağı haşlanmış nohut"", ""2-3 yemek kaşığı bulgur"", ""1 adet soğan"", ""2 adet rendelenmiş havuç"", ""5 yemek kaşığı zeytinyağı"", ""1 tatlı kaşığı biber salçası"", ""5 yemek kaşığı domates konservesi (veya 1 tane büyük domates)"", ""1 çay bardağı sıcak su""]","[""Ispanakları bol suda yıkayıp doğruyoruz. Soğanı yemeklik doğrayıp kızdırdığımız zeytinyağında yumuşayana kadar kavuruyoruz."", ""Rendelenmiş havucu ilave edip kavuruyoruz."", ""Domates konservesi ve biber salçasını ekleyip birkaç kez çevirip doğranmış ıspanakları ilave edip, ıspanaklar sönene kadar kavuruyoruz."", ""Yıkadığımız bulguru, haşlanmış nohudu, sıcak suyu ve tuzunu ekleyip kaşıkla birkaç kez çevirdikten sonra kapağını kapatıp pişmeye bırakıyoruz. Afiyet olsun.""]"
3773f1ae-c90a-4fe1-95a2-4d8eb6fd79a1,Vişneli Turta,Turkey,Tereyağlı hamurun içinde eriyen vişnelerin lezzetiyle damakları şenlendiren klasik bir tatlı,Ana Yemek,"[""200 gram tereyağı"", ""1 su bardağı pudra şekeri"", ""1 adet yumurta"", ""1/2 paket kabartma tozu"", ""1 paket vanilin"", ""3,5 su bardağı un""]","[""Sos için vişne ve 1 su bardağı şekeri uygun bir tavaya alalım. 15 dakika orta ateşte pişirelim. Ardından 1 tatlı kaşığı nişastayı, 1 yemek kaşığı su ile açıp tavaya ilave edelim."", ""Ara ara karıştırarak 5-6 dakika daha pişirelim. Yeterince koyulaşan sosumuzu ocaktan alıp soğumaya bırakalım."", ""Hamur için tereyağı, pudra şekeri ve yumurtayı karıştırma kabına alıp yoğuralım. Ardından kabartma tozu ve vanilin ekleyelim."", ""Son olarak azar azar un ekleyerek iyice yoğuralım. (Ele yapışmayan, yumuşak bir hamur olacak.) Hamuru yoğurduktan sonra üzerini kapatıp 15-20 dakika buzdolabında dinlendirelim."", ""Yeterince dinlenen hamuru tezgaha alalım ve biri diğerinden biraz büyük olacak şekilde ikiye bölelim."", ""Küçük olan parçayı üst kısım için, büyük olan parçayı turtamızın tabanı için kullanacağız. Büyük olan parçayı bir kenara kaldıralım. Önce üste gelecek olan hamurumuzu şekillendirelim."", ""Küçük olan parçanın altına pişirme kağıdı serelim. Merdane yardımıyla turta kalıbımızın boyutuna göre açalım."", ""Üzerine küçük kalpli kalıpla bastırarak kalp şekilleri verelim. Kalplerin ortasındaki hamurları toplayalım ve şekillendirdiğimiz üst hamuru bir kenara alalım."", ""Diğer hamuru alalım ve kalplerin ortasından çıkan hamurları içine katalım. Onun da altına pişirme kağıdı serelim ve turtamızın boyutuna göre açalım."", ""Turta kalıbımızın her yerine tereyağı sürelim ve bir çay kaşığı un serpelim. Unun fazlasını silkeledikten sonra kalıbımız hazır."", ""Taban hamurumuzu merdane yardımıyla alıp kalıbımıza yerleştirelim. Hamur kabarıp yukarı kalkmasın diye çatal ile delikler açalım."", ""Üzerine vişne sosunu dökelim ve yayalım. Son olarak üstü için şekillendirdiğimiz hamuru da merdane ile üzerine yerleştirip kenarlarını düzeltelim."", ""Fazla gelen kısımları çıkaralım. Turtamızı önceden ısınmış 180 derece fırında 20-25 dakika, üzeri kızarana kadar pişirelim. Afiyet olsun.""]"
ff5e9de2-f830-4a24-8df4-62319ecf8ef1,Ballı Tarçınlı Kurabiye (Medenki),Turkey,"Ballı tarçınlı kurabiyeler, mis gibi kokusuyla damakları şenlendiren, çay saatlerinin vazgeçilmez lezzetidir",Tatlı,"[""1 su bardağı bal"", ""250 gram tereyağı"", ""3 adet yumurta"", ""900 gram un"", ""1 paket kabartma tozu"", ""1 tatlı kaşığı tarçın"", ""1 çay kaşığı kakao"", ""1 paket şekerli vanilin"", ""200 gram çikolata (üzeri için)"", ""1/2 su bardağı dövülmüş fındık (veya badem)""]","[""Tereyağını eritip bal ile beraber iyice karıştırın."", ""Yumurtaları ekleyin ve karıştırmaya devam edin."", ""Kuru malzemeleri karıştırıp eleyin ve karışıma dahil edin. Yumuşak bir hamur yoğurun."", ""Ceviz büyüklüğünde toplar yapıp tepsiye yerleştirin."", ""Önceden ısıtılmış 180 derecelik fırında üzerleri hafif pembeleşinceye kadar pişirin. Fırından alıp soğumaya bırakın."", ""Çikolatayı benmari usulü eritin. Kurabiyelerin üst kısmını çikolataya batırıp üzerlerine badem veya fındık parçaları serpin. Çikolata sertleşene kadar bekletin, ardından servis edin. Afiyet olsun.""]"
7e2c5452-2211-4350-a95c-603b11f170d7,Kavanoz Kurabiyesi,Turkey,"Pratik ve lezzetli kavanoz kurabiyesi, çay saatlerinin vazgeçilmezi olacak",Tatlı,"[""100 gram oda sıcaklığında tereyağı"", ""1 çay bardağı sıvı yağ"", ""1 tatlı kaşığı tuz"", ""1 yemek kaşığı pudra şekeri"", ""1 yemek kaşığı yoğurt"", ""1 yemek kaşığı sirke"", ""3 su bardağı un""]","[""Un hariç tüm malzemeleri karıştırın."", ""Azar azar unu ilave edin ve yoğurun."", ""Fındıktan biraz büyük parçalar koparıp yuvarlayın. Her yerini susama bulayın. 180 derecede 30 dakika pişirin."", ""Kavanoz kurabiyesi tarifiniz hazır. Afiyet olsun!""]"
d3f9ece3-757b-4c11-9969-f4586bc39968,Levzine,Turkey,"Geleneksel bir Türk tatlısı olan Levzine, badem ve tahinin harika uyumuyla hazırlanan nefis bir lezzet",Ana Yemek,"[""250 gram toz badem"", ""200 gram toz şeker"", ""20 gram tahin"", ""20 gram tereyağı"", ""30 ml su"", ""20 gram dövülmüş badem içi""]","[""Toz badem ve toz şekeri sürekli karıştırarak kısık ateşte kavurun."", ""Sonrasında tereyağı eklediğiniz helva karışımı renk almaya başladığında dövülmüş badem içi, tahin ve suyu katın."", ""Tane tane olana ve suyunu çekene kadar helva karışımını kavurmayı sürdürün."", ""Tabanını tereyağıyla yağlayıp, toz şeker serptiğiniz tepsiye helva karışımını boşaltın. Üzerini bir spatula yardımıyla düzelttikten sonra kıvam alması için helvayı oda ısısında ya da buzdolabında soğu"", ""Bir kalıp yardımıyla şekil verdiğiniz helvayı servis tabaklarına alın. Toz Antep fıstığıyla süsledikten sonra sevdiklerinizle paylaşın.""]"
eb53e838-4d10-405c-8886-9730df4b81be,Sütlü Sebze Çorbası,Turkey,"Kremamsı dokusuyla damakları şenlendiren sütlü sebze çorbası, sağlıklı ve doyurucu bir başlangıç",Çorba,"[""1 adet havuç"", ""1 adet patates"", ""1 adet soğan""]","[""Tüm sebzeleri irili ufaklı bir tencereye doğrayıp üzerini geçene kadar sıcak su ekleyip haşlayalım."", ""Ayrı bir tencere 2 yemek kaşığı tereyağını eritip üzerine ununu ekleyelim. Unun kokusu hafif çıkınca üzerine sütünü ekleyip karıştırmaya devam edelim."", ""Beşamel sos olana kadar karıştıralım. Tuzunu ve karabiberini ekleyip altını kısalım."", ""Haşladığımız tüm sebzeleri kevgirle beşamel sosun üzerine alalım. Suyunun yarısını da çorbamıza alıp blenderdan geçirelim."", ""Kıvamı yoğunsa sebze suyundan ekleme yapılabilir. 5 dakika daha kaynatıp altını kapatalım. Sıcak sıcak servis edelim.""]"
4bef9330-42c8-4179-8faf-ab109e4103b4,İncirli Tatlı,Turkey,"İncirli Tatlı, yumuşacık kek tabanı üzerine taze incirlerle hazırlanan ferahlatıcı bir lezzettir",Tatlı,"[""3 adet yumurta"", ""1 su bardağı toz şeker"", ""1 su bardağı un"", ""1 paket kabartma tozu"", ""1 su bardağı ceviz içi (iri çekilmiş)"", ""6 adet kuru incir""]","[""İncirleri minik küpler halinde doğrayın ve 5 dakika sıcak suda bekletin."", ""Muhallebisi için tencereye tereyağı ve krem şanti hariç tüm malzemeleri alın. Sürekli karıştırarak pişirin."", ""Pişen muhallebiye tereyağını ekleyin ve soğuması için kenara alın."", ""Keki için şeker ve yumurtayı çırpın."", ""Unu ve kabartma tozunu eleyerek ekleyin ve karıştırın."", ""En son ceviz ve suyunu süzdüğünüz incirleri ekleyip karıştırın."", ""Yağlanmış kare borcama dökün. Önceden ısıtılmış 170 derecelik fırında 30 dakika kadar pişirin."", ""Şerbet için malzemeleri bir kapta karıştırın."", ""Pişen kekin ilk sıcağı çıktıktan sonra şerbetini dökün ve soğumaya bırakın."", ""Soğuyan muhallebenin içine krem şantiyi toz halinde ekleyin ve güzelce çırpın."", ""Kekin üzerine muhallebiyi dökün."", ""Süsleyerek servis edin. Afiyet olsun.""]"
a0b47162-0528-47b8-bac4-dc0586ecb1f7,Reçelli Çörek,Turkey,"Lezzetli reçelli çörek, kahvaltıların ve çay saatlerinin vazgeçilmezi olacak. Kolay hazırlanan bu çörekler, misafirlerinizi de şaşırtacak",Ana Yemek,"[""1 tatlı kaşığı kuru maya"", ""1/2 su bardağı ılık süt"", ""2 yemek kaşığı sıvı yağ"", ""1 çay kaşığı tuz"", ""1 yemek kaşığı toz şeker"", ""1,5 su bardağı un"", ""3 yemek kaşığı mascarpone peyniri"", ""3 yemek kaşığı reçel (arzu ettiğiniz meyvelerden hazırlanmış)""]","[""Mayayı yoğurma kabına alarak ılık süt ile çözdürün."", ""Üzerine sıvı yağı, tuzu ve şekeri ekleyip güzelce karıştırın."", ""Unu ekleyerek yumuşak kıvamlı bir hamur elde edinceye kadar yoğurun ve üzerini bir bezle kapatarak mayalanmaya bırakın."", ""Dinlenen hamuru dikdörtgen şeklinde açın. Hamurun orta kısmını kesmeden, kenarlarına 6 cm'lik kesikler açın."", ""Hamurun orta kısmına mascarpone peynirini güzelce yayın. Üzerine reçeli sürün."", ""Kenarlarda bıraktığınız parçaları bir sağdan bir soldan alarak üst üste kapatın."", ""Pişirme kağıdı serdiğiniz tepsiye yerleştirin ve yarım saat dinlendirin."", ""Dinlenen hamurun üzerine yumurta sarısı sürün ve haşhaş serpiştirin."", ""Önceden ısıtılmış 180 derece fırında 30 dakika pişirin ve ılıdıktan sonra afiyetle tüketin.""]"
ebe2f877-4f16-4034-983c-30a3c1366eb6,Katmer,Turkey,"Geleneksel Türk hamur işi katmer, çıtır dışı ve yumuşak içiyle damaklarda unutulmaz bir tat bırakır",Ana Yemek,"[""1 kg un"", ""500 ml su"", ""15 gram tuz""]","[""Elenmiş unu mutfak tezgahına alın. Tuz ve azar azar eklediğiniz ılık su ilavesiyle hamuru toparlanana kadar yoğurun."", ""Elastik bir kıvam alması için uzun süre yoğurduğunuz hamuru, altı eşit parçaya ayırın."", ""Yuvarladığınız hamur toplarını, orta kısmını geçecek kadar ayçiçek yağı içerisinde 12 saat kadar bekletin."", ""Tatlının kaymağı için; sütü derin bir tencerede kaynatın. İrmik eklediğiniz kaynar sütü, lapa bir karışım elde edene kadar kısık ateşte pişirin. Tatlı yapımında kullanmak üzere bir kenarda soğutun."", ""Uzun bir süre oda sıcaklığında ve ayçiçek yağında bekleyen hamur bezelerini, kenar kısımlarını inceltmek için merdane yardımıyla açtıktan sonra hamurları mutfak tezgahına vurarak baklava yufkası incel"", ""Hamurları dört bir taraftan dikdörtgen şeklini alacak şekilde katlayın. İç kısımlarına toz şeker, hazırladığınız kaymak ve boz fıstık serpiştirin."", ""Kare şeklini alacak şekilde karşılıklı kenarlarından tutarak kapadığınız katmerleri, tereyağıyla yağlanmış fırın tepsilerine tek tek yerleştirin."", ""Önceden ısıtılmış 180-200 derece fırında 6-8 dakika kadar pişirdiğiniz katmerleri servis tabaklarına alın."", ""Üzerlerine toz Antep fıstığı serpiştirdikten sonra arzuya göre dondurma eşliğinde servis edin.""]"
ce66bc77-cdc4-4209-847c-e3e4f54142f3,Portakal Soslu Yeşil Salata,Turkey,Portakal sosunun ferahlığıyla buluşan taze Akdeniz yeşilliklerinden oluşan hafif ve lezzetli bir salata,Salata,"[""2 paket Akdeniz yeşilliği"", ""3 yemek kaşığı zeytinyağı"", ""4 yemek kaşığı taze sıkılmış portakal suyu"", ""1 adet portakal kabuğu rendesi"", ""1/2 adet limon kabuğu rendesi"", ""1/2 çay kaşığı tuz""]","[""Bir kasede zeytinyağı, portakal suyu, portakal kabuğu rendesi, limon kabuğu rendesi ve tuzu karıştırın."", ""Üzerine kıyılmış taze nane ekleyip son kez karıştırın."", ""Hazırlamış olduğunuz sosu yeşilliklerin üzerine gezdirip karıştırın ve servis edin.""]"
65dd0eac-84c9-4943-b6f5-7918c5303ecf,Biberli Ekmek,Turkey,"Lezzetli biberli ekmek, pratik malzemelerle hazırlanan harika bir atıştırmalıktır",Börek & Hamur İşi,"[""1 çay bardağı ılık su"", ""1 çay bardağı ılık süt"", ""1 çay bardağı sıvı yağ"", ""1 tatlı kaşığı toz şeker"", ""1 tatlı kaşığı kuru maya"", ""1 tatlı kaşığı tuz"", ""3-3,5 su bardağı un (aldığı kadar)""]","[""Hamuru hazırlayıp mayalanmaya bırakın."", ""1 saat mayalanan hamurdan mandalina büyüklüğünde parçalar koparıp elinizle açtırın."", ""Çatalla orta kısımlarına delikler açın. Böylece ortası kabarmayacak."", ""Tepsiye dizip üzerine lor peynirli karışımı ekleyin. Üzerine ayrıca susam serpebilirsiniz."", ""Önceden ısıtılmış 200 derecelik fırında 15 -20 dakika kadar kontrol ederek pişirin. Afiyet olsun.""]"
b901d8b0-5d42-45f1-8101-f9e9d20370c5,Güveçte Levrek Kavurma,Turkey,Zeytinyağında arpacık soğanlarla harmanlanmış levrek filetolarının güveçte pişirilerek hazırlanan lezzetli ve pratik bir balık yemeği,Balık & Deniz Ürünleri,"[""400 gram fileto levrek balığı"", ""3 yemek kaşığı zeytinyağı"", ""100 gram arpacık soğan"", ""10 adet kültür mantarı"", ""1 adet büyük boy domates"", ""2 adet orta boy yeşil biber"", ""2 yemek kaşığı soya sosu"", ""1 yemek kaşığı tereyağı"", ""1/2 çay kaşığı taze çekilmiş tane karabiber"", ""1/2 tatlı kaşığı pul biber"", ""1 tatlı kaşığı kekik""]","[""Balığı temizleyip, kılçık ve kafa kısmını çıkarttıktan sonra elde ettiğiniz fileto levrek balığını küçük küpler halinde kesin."", ""Sarımsak ve arpacık soğanların kabuklarını soyun. Üzerini nemli bir bezle silip, arzuya göre sap kısımlarını çıkarttığınız mantarları ortadan ikiye kesin."", ""Kabuğunu soyduğunuz domatesi küp şeklinde doğrayın. Uç kısımlarını aldığınız yeşil biberleri iri iri kesin. Sarımsakları ince ince dilimleyin."", ""Bir tavada kızdırdığınız zeytinyağında dilimlenmiş sarımsak ve bütün haldeki arpacık soğanları 2-3 dakika kadar soteleyin."", ""Küçük küpler halinde kestiğiniz levrek filetoyu katıp, soteleme işlemini yüksek ateşte sürdürün."", ""Sırasıyla; doğranmış mantar ve yeşil biberleri ilave edin. Taze çekilmiş tane karabiber ve soya sosunu ekleyin."", ""Kendi suyu ile kavurmaya lezzet verecek domates küpleri, pul biber ve kekiği kattıktan sonra pişirme işlemini 5 dakika kadar sürdürün."", ""Küçük parçalara ayırdığınız tereyağını güveç kabına aldığınız levrek kavurma üzerine yerleştirin. Önceden ısıtılmış 200 derece fırında 15 dakika daha pişirdiğiniz balığı sıcak olarak servis edin. Sevd""]"
55be55a5-9387-40b2-ae08-d98fdf1ca1c3,Fındıklı Kırmızı Galette,Turkey,"Fındıklı kırmızı galette, çıtır hamuru ve lezzetli iç malzemesiyle hafif bir atıştırmalık veya tatlı alternatifidir",Et Yemekleri,"[""2 su bardağı yulaf unu (herhangi bir un da olabilir)"", ""4 yemek kaşığı soğuk su"", ""80 gram tereyağı"", ""2,5 yemek kaşığı Hindistan cevizi şekeri"", ""1/2 su bardağı çiğ fındık (çekilmiş)"", ""4-5 adet yaban mersini (üzeri için)"", ""1 çay kaşığı tarçın""]","[""Unu şekeri tarçını ve tereyağını hızlıca yoğurun. Yoğururken içerisine soğuk suyu damlalar halinde ekleyin. Birden bocalamayın."", ""Yoğurulan hamuru yuvarlayıp dinlenmesi için buz dolabına koyun. 30 dakika bekleyin."", ""Dinlenen hamuru yağlı kağıt üzerinde yavaşça açın. Açtığınız hamurun içine ve dışına parçalandığınız fındıkları serpiştirin."", ""İçerisine meyveleri dizip dışarıda kalan hamuru içeri doğru kıvırın. Meyvelerin üzerine balı gezdirin."", ""200 derecede 20 dakika pişirin ve afiyetle tüketin. Üzerinde pudra şekeri yok, şekil olsun diye Hindistan cevizi unu serptim. Afiyet olsun.""]"
fb757f10-2b46-4c25-af48-3cccb963102d,Quarklı Çilekli Milföy,Turkey,Taze çilek ve kremsi quark ile hazırlanan hafif ve lezzetli milföy tatlısı,Ana Yemek,"[""4 adet milföy yaprağı (kare)"", ""2 yemek kaşığı pudra şekeri"", ""2 tatlı kaşığı bal"", ""10 adet çilek""]","[""Milföyleri ikili birleşik hallerinde yağlı kağıt serilmiş tepsiye yerleştirin. Üstlerini çatalla delin ve pudra şekerini süzgeç yardımı ile gezdirin. Milföyleri kızarıp kabarana kadar 180 derecelik sı"", ""Pişen milföyleri oda sıcaklığına gelene kadar dinlendirin."", ""Quark'ı bir kasede bal ile karıştırın. Çilekleri iri parçalar halinde doğrayın."", ""Soğuyan milföyleri bıçakla enlemesine ortadan ikiye açın, quarklı karışımı yayın , çilekleri serpin ve kapatın."", ""Servisten önce üzerine dilerseniz tekrar pudra şekeri serpebilirsiniz. Afiyet olsun.""]"
bbf82e91-a6e5-4c7f-a6f1-8a9c3f32b89e,Brownie Tadında Kakaolu Un Helvası,Turkey,"Brownie tadında kakaolu un helvası, çikolata severlerin bayılacağı pratik ve lezzetli bir tatlı",Tatlı,"[""1.5 su bardağı şeker"", ""1.5 su bardağı süt"", ""2 su bardağı elenmiş un"", ""2 yemek kaşığı kakao"", ""2 yemek kaşığı tereyağ"", ""0.5 çay bardağı sıvı yağ""]","[""Şerbeti için süt ve şekeri karıştırarak bir kenarda bekletiniz."", ""Yağları tencerede erittikten sonra üzerine unu eleyerek ekleyip sürekli karıştırarak un renk alana kadar kavurmaya devam ediniz."", ""Un istedigimiz kıvama ulaştıktan sonra şerbeti ekleyip karıştırmaya devam ediniz."", ""Sonrasında kakaoyu ekleyip serbet çekene kadar karıştırınız."", ""Soğuduktan sonra şekil verilip tercihe göre dondurma ile ya da Hindistan cevizi ile servis ediniz.""]"
ecece0af-e6d2-45f5-8cdb-460a1f9ed459,Karamelli Tavuk Göğsü,Turkey,"Tereyağında karamelize edilmiş tavuk göğsü, kremsi ve tatlı bir sosla buluşuyor",Tavuk Yemekleri,"[""1 litre süt"", ""125 gram tereyağı veya margarin"", ""1 su bardağı un"", ""1 su bardağı toz şeker"", ""1 paket vanilya""]","[""Bir tencereye tereyağını alın ve unu ekleyerek kokusu çıkana kadar kavurun."", ""Yavaş yavaş sütü ilave edin ve bir yandan karıştırın."", ""Sütün tamamını ilave ettikten sonra şekeri ekleyin."", ""Kıvam aldıktan sonra ocaktan alın ve ara ara karıştırarak soğumasını bekleyin."", ""Muhallebi soğuduktan sonra içerisine vanilya ilave edin ve pürüzsüz bir kıvam alana kadar çırpıcıyla karıştırın."", ""Muhallebiden 1 su bardağı kadar ayırın ve kalanları kaselerin yarısını dolduracak şekilde bölüştürün."", ""Geniş bir tavada şekeri kısık ateşte yakmadan eritin."", ""Şeker eriyip hafif karamel rengi aldığında tereyağını ekleyin ve karıştırın."", ""Tereyağı eridiğinde ılık sütü ilave edin ve ocağın altını kapatın. Sürekli karıştırarak sütü karışıma iyice yedirin."", ""Karamel sosu bir kaseye alın ve içine ayırdığınız muhallebiyi ekleyin."", ""Bir çırpıcıyla iyice karıştırın."", ""Soğumuş tavuk göğsünün üzerine karameli muhallebiyi dökün ve yayın."", ""Bir süre daha dinlendirdikten sonra üzerine ceviz veya fındık serperek servis edebilirsiniz. Afiyet olsun!""]"
bd623e6f-00e7-42f1-8e46-a140c7bafc2d,Sosisli Patates Sote,Turkey,Patates ve sosislerin harmanlandığı pratik ve lezzetli bir sote yemeği,Ana Yemek,"[""2 adet patates"", ""2 adet uzun sosis"", ""1 adet kapya biber"", ""1 adet çarliston biber"", ""1/2 tatlı kaşığı tuz"", ""1 su bardağı sıvı yağ (kızartmak için)""]","[""Patatesleri soyup minik küpler halinde doğrayalım ve tuzlayalım. Kızgın yağa atalım."", ""Onlar kızarırken sosisleri ince halka şeklinde doğrayalım. Biberleri de küp şeklinde doğrayalım. Biberleri bir tavaya alalım, 2 kaşık sıvı yağ ile kavuralım."", ""Kızarmaya başlayınca sosisi ekleyelim, 3-4 dakika da birlikte soteleyelim. Ocağı kapatalım."", ""Kızaran patatesleri ekleyip sosisli biberler ile harmanlayalım. Servis tabağına alıp afiyetle yiyebiliriz.""]"
a0c10b01-fa8d-45c2-a798-d2736ef9046a,Kanat Izgara,Turkey,Baharatlı tavuk kanatlarının mükemmel lezzeti için pratik ve hızlı tarif,Ana Yemek,"[""750 gram tavuk kanadı"", ""1 çay kaşığı zerdeçal"", ""1 çay kaşığı toz kırmızı biber"", ""1 tatlı kaşığı nar ekşisi"", ""1 yemek kaşığı bal"", ""1 çay kaşığı karabiber"", ""1/2 çay kaşığı kekik"", ""1 adet büyük boy rendelenmiş domates"", ""1 tatlı kaşığı salça"", ""1 çay kaşığı tuz"", ""4-5 yemek kaşığı zeytinyağı""]","[""Sos için gerekli olan tüm malzemeleri bir kabın içerisine alın."", ""Ardından güzelce karıştırın."", ""Kanatları ilave edip güzelce harmanlayın."", ""Üzerine streç film ile örtüp en az 2 saat buzdolabında dinlendirmeye bırakın."", ""Kanatları uygun bir fırın kabına sırayla dizin. Önceden ısıtılmış 200-220 derece fırında nar gibi kızarana kadar 20-25 dakika pişirin. Ardından çıkarıp sıcak sıcak servis edin. Afiyetler olsun.""]"
97c68ab6-987c-4a54-88f6-1145a6ba0981,Hünkar Çorbası,Turkey,"Osmanlı mutfağından lezzetli ve doyurucu bir çorba olan Hünkar Çorbası, patlıcanın et suyuyla buluştuğu eşsiz bir tattır",Çorba,"[""3 adet patlıcan"", ""1 litre et suyu veya tavuk suyu"", ""2 yemek kaşığı un"", ""1 su bardağı yoğurt"", ""1 adet yumurta sarısı"", ""1 tatlı kaşığı tuz"", ""1 tatlı kaşığı karabiber"", ""1 yemek kaşığı tereyağı"", ""1 adet soğan""]","[""Öncelikle patlıcanları közlüyoruz, kabuklarını soyup iyice eziyoruz."", ""Tencereye tereyağını ve soğanı koyup, soğanlar pembeleşene kadar kavuruyoruz ve patlıcanları ekleyip karıştırıyoruz."", ""Sırasıyla un, sarımsak, tuz ve karabiber koyup, tavuk veya et suyu ekliyoruz."", ""Patlıcanlar iyice pişince, bir kasede yoğurt ve yumurta sarısını iyice çırpıp, yavaşça karıştıra karıştıra çorbanın içine ekliyoruz."", ""Bu şekilde 5 dakika kadar kaynatıp ocaktan alıyoruz. Afiyet olsun.""]"
20a1fe59-878c-45b7-83b7-f915000008aa,Tam buğday Unlu Pide,Turkey,Tam buğday unuyla hazırlanan sağlıklı ve lezzetli ev yapımı pide tarifi,Börek & Hamur İşi,"[""2 su bardağı tam buğday unu"", ""1/2 su bardağı beyaz un"", ""1 paket instant maya"", ""1/2 çay bardağı ılık su"", ""1 tatlı kaşığı tuz"", ""1 su bardağı su""]","[""Mayayı çeyrek çay bardağı ılık su ile karıştırıp 15 dakika bekletin."", ""Un ve suyu karıştırıp 5 dakika yoğurun. Üzerine tuzu ekleyin 5 dakika daha yoğurun."", ""Sonrasında mayayı da ekleyip 5 dakika daha yoğurun. Hamurun üstünü bir bez ile kapatıp 45 dakika dinlendirin."", ""Dinlendirdiğiniz hamuru yuvarlayıp yağlı kağıt serdiğiniz tepsiye alın."", ""Hamuru tepsiye yayıp üstünü kapatıp 30 dakika daha dinlendirin."", ""30 dakika sonunda pidelere tırnakla şekil verip üstüne bulamacı veya 1 yumurta sarısını sürün."", ""Üzerini çörek otu, susamla süsleyebilirsiniz."", ""Kurumaması için fırının içine ısıya dayanıklı bir kap ile su ekleyin."", ""Önceden ısıtılmış 220 derece fansız alt üst ayar fırında kontrol ederek 15-20 dakika arası pişirin. Afiyet olsun.""]"
aa614dab-2971-481a-a554-b1f34189c1cc,"Alfredo Soslu, Tavuk Etli Pizza",Turkey,Creamy Alfredo sauce pizza topped with tender chicken pieces. A rich and satisfying Italian-inspired delight,Et Yemekleri,"[""100 ml krema"", ""1 çay kaşığı karabiber""]","[""Alfredo Soslu, Tavuk Etli Pizza"", ""Alfredo sos için sos tenceresinde tereyağını eritin. Üzerine rendelenmiş sarımsakları ekleyip hafif soteleyin. Krema ve karabiberi ekleyip karıştırmaya devam edin."", ""1-2 taşım kaynattıktan sonra gravyer peynirini ekleyip karıştırın ve ocaktan alın. Soğumaya bırakın."", ""Ekmek hamurunun üzerine biraz un serperek merdane yardımıyla tepsi büyüklüğüne göre açın. Pizza tepsisini yağlayıp unlayın. Üzerine hamuru yayın."", ""Alfredo sosu üzerine sürün. Kaşar peynirinin yarısını serpin. Tavuk etlerini yerleştirin. Dilimlediğiniz kırmızıbiberi serpin ve önceden ısıtılmış 180 derece fırında 20 dakika pişirin."", ""Fırından almaya yakın ince kıyılmış maydanozu ve fesleğeni de serptikten sonra kalan kaşar peynirini de ilave edip tekrar fırına verin. Kaşar peyniri eriyip kızarınca fırından çıkarın ve sıcak servis yapın.""]"
4440acc0-2aad-4405-9977-0dea44e00907,Mercimek Çorbası,Turkey,"Lezzetli ve doyurucu mercimek çorbası, soğuk kış günlerinde içinizi ısıtacak",Çorba,"[""1,5 su bardağı mercimek"", ""1 adet orta boy soğan"", ""1 adet orta boy patates"", ""9,5 su bardağı sıcak su"", ""1 yemek kaşığı tereyağı"", ""1,5 tatlı kaşığı tuz"", ""1 tatlı kaşığı pul biber"", ""1 çay kaşığı karabiber""]","[""Soğanları küp küp kesip tencerede kavuralım."", ""Patatesleri küp küp kesip 5 dakika tencerede kavuralım."", ""Mercimekleri 3-4 defa yıkayalım nişastaları iyice çıksın."", ""Mercimekleri tencereye alalım."", ""Sıcak suyumuzu ekleyelim."", ""Baharatlarını koyup kısık ateşte 20 dakika pişirelim."", ""20 dakika sonunda tereyağı koyup blenderla çekelim çorbamızı. Afiyet olsun""]"
3bed6743-d9f6-4505-8b22-1707520bdd93,Bruschetta,Turkey,"Taze domates ve mozzarella ile hazırlanan klasik İtalyan başlangıcı, zeytinyağıyla lezzetlendirilmiş bruschetta",Ye,"[""100 gram mozzarella peyniri (süt damlası da olur)"", ""10 adet cherry domates"", ""1 yemek kaşığı zeytinyağı"", ""1 çay kaşığı tuz"", ""1 yemek kaşığı balzamik sirke""]","[""Domatesleri ortadan kesin."", ""Domatesler ile peyniri kaseye alın. Nane yapraklarını ayıklayıp bıçak ile doğrayın."", ""Tuzunu, zeytinyağını, ezilmiş sarımsağı ve balzamik sirkeyi ekleyip karıştırın. Ekmeğin üzerine koyup servis yapın."", ""Bruschetta tarifiniz hazır. Afiyet olsun!""]"
1dc714a3-de80-4001-b5cf-d3a1572ef450,Ev Yapımı Kakaolu Puding,Turkey,"Kremamsı dokusu ve zengin kakao aromasıyla ev yapımı kakaolu puding, hem çocukların hem de yetişkinlerin bayılacağı bir tatlı",Ye,"[""1 litre süt"", ""3 yemek kaşığı un"", ""2 yemek kaşığı nişasta (mısır veya buğday nişastası)"", ""2 tepeleme yemek kaşığı kakao"", ""1 bardak şeker"", ""1 adet vanilya""]","[""Bütün malzemeleri tenceremize koyup karıştırıyoruz."", ""Hepsini karıştırdıktan sonra ocağı orta ateşte yakıp kaynayana kadar karıştırıyoruz."", ""Göz göz olup kaynamaya başlayınca altını kapatıyoruz ve ilk sıcağı çıkınca yani 5 dakika sonra vanilyayı da ekleyip iyice eriyene kadar çırpıyoruz."", ""Sonra istediğiniz kaselere doldurup, soğuyunca üzerini dilediğiniz gibi süsleyip servis edebilirsiniz. Afiyet olsun.""]"
803a29e2-d2e3-41c9-974d-64d74a41bd99,Karaköy Poğaçası,Turkey,"Karaköy'ün meşhur poğaçası, çıtır dışı ve yumuşacık içiyle damaklarda unutulmaz bir tat bırakır",Ye,"[""1 su bardağı ılık süt"", ""200 gram tereyağı"", ""1 tatlı kaşığı yaş maya"", ""1 çay kaşığı tuz"", ""1 tatlı kaşığı toz şeker"", ""2,5 su bardağı un"", ""1/2 su bardağı sıvı yağ""]","[""Uygun bir yoğurma kabına 2,5 su bardağı unu alalım ve ortasını açalım."", ""1 su bardağı ılık süt ve 1 tatlı kaşığı yaş mayayı ilave edip karıştıralım."", ""Karışımın üzerine yarım su bardağı sıvı yağ 200 gram terayağı, 1 çay kaşığı tuz ve 1 tatlı kaşığı toz şekeri ilave edip ele yapışmayan yumuşak bir hamur elde edene kadar yoğuralım."", ""Yoğurduğumuz hamurdan 12 adet yumak yapalım. Merdane yardımıyla orta kalınlıkta uzun bir şekilde açalım."", ""İçerisine peynir koyup hamurun iki tarafını büzüp ters çevirelim."", ""Hazırladığımız poğaçaları yağlı kağıt serilmiş fırın tepsisine dizelim. Üzerine örtü ile kapatıp 1 saat dinlendirelim."", ""Ardından önceden ısıtılmış 180 derecelik fırında pişirelim. Afiyet olsun.""]"
7cbf1e99-87a0-47dc-b0c4-c03dac7b1186,Kavunlu Roka Salatası,Turkey,"Taze kavun ve rokanın mükemmel uyumu, nar ekşisi ve fındık ile zenginleştirilmiş ferahlatıcı bir yaz salatası",Salata,"[""1 yemek kaşığı fındık içi"", ""2 yemek kaşığı nar ekşisi"", ""Etimek Tatlısı Tarifi"", ""Damla Çikolatalı Kurabiye"", ""Tatlı Tarifleri Spoonful Mozaik Pasta Çikolatalı Sufle İrmik Helvası Fırın Sütlaç Profiterol Revani Magnolia"", ""Kahvaltılık Tarifler Pancake Krep Pişi Kuymak Kaygana Kahvaltılık Sos Menemen Muhlama Yumurtalı Ekmek Omlet"", ""Omlet""]","[""Yıkamış olduğumuz rokalarımızı iri iri doğruyoruz. Servis tabağına alıyoruz."", ""3 dilim kavun kesiyoruz ve küp küp doğruyoruz."", ""Kavunları da rokamızı aldığımız servis tabağına alıyoruz. Kaşık yardımı ile roka ve kavunu güzelce karıştırıyoruz."", ""Nar ekşisini gezdiriyoruz."", ""Sırasıyla fındık içi, çekirdek içi ve küp küp doğradığımız kaşar peynirini ekliyoruz. Salatamızı servis edinceye kadar buzdolabına kaldırıyoruz. Afiyet olsun.""]"
22cc921f-1b93-4c93-a019-47737980e978,Domatesli Soya Soslu Makarna,Turkey,Domatesin ferahlığı ve soya sosunun derinliğiyle harmanlanan pratik ve lezzetli bir makarna tarifi,Pilav & Makarna,"[""1 paket Barilla Kalın Tortiglioni"", ""1 silme yemek kaşığı salça"", ""1 büyük su bardağı domates suyu"", ""2 adet büyük boy sarımsak"", ""1 silme yemek kaşığı tereyağ"", ""1 çay kaşığı sirke"", ""1 çay kaşığı soya sos"", ""1 çay kaşığı (silme) tuz"", ""1 çay kaşığı pul biber""]","[""1 litre sıcak su ile makarnayı haşlayın."", ""Sarımsakları soyun ve çok küçük parçalar olacak şekilde doğrayın."", ""Şeker sirke ve soya soyunu ekledikten sonra biraz kaynatın."", ""Makarnaları ilave edip karıştırın. Ardından sıcak sıcak servis edin. Afiyetler olsun!""]"
78f3f80b-f1e0-4c00-8cf9-263529d4a313,Karadut ve Çilekli Galette,Turkey,"Taze meyvelerin ferahlatıcı lezzetiyle hazırlanan, çıtır hamurlu ve gösterişli bir Fransız usulü tart",Et Yemekleri,"[""190 gram un"", ""115 gram tereyağı"", ""50 gram toz şeker"", ""60 ml soğuk su"", ""1/2 çay kaşığı tuz""]","[""Una tuz ve şekeri ekleyin. Robotta küçük küplere böldüğünüz soğuk tereyağını ekleyip çevirin."", ""Un sarı renk aldığında suyu ekleyin."", ""Hamura şekil verip streç filme sarın ve dinlenmesi için buzdolabına kaldırın. 1 saat kadar dinlendirin."", ""Dinlenen hamuru 4-5 mm kalınlığında açın. Hamuru yağlı kağıt serdiğiniz tepsinin üzerine yerleştirin."", ""Dutları temizleyin ama yıkamayın. Saplarını dilerseniz çıkarabilirsiniz. Çileklerin iyice kurulandığından emin olun. İkiye bölün."", ""Meyvelerinize portakal kabuğu rendesini ve suyunu, nişasta ve şekeri ekleyip karıştırın."", ""Açtığınız tart hamurunun ortasına meyveleri kenarında boşluk kalacak şekilde yerleştirin."", ""Önceden 190 derecede ısıtılmış fırında üzeri kızarıncaya 25-30 dakika kadar pişirin. Çıkarıp oda sıcaklığında bir müddet dinlendirdikten sonra afiyetle tüketin.""]"
44fae807-493f-4876-a06a-1dd9d8ee5238,Kapuska (Lahana Yemeği),Turkey,"Lezzetli ve doyurucu bir Türk klasik olan Kapuska, taze lahananın sebzelerle harmanlanmış hali",Sebze Yemekleri,"[""1/2 adet lahana"", ""1 adet orta boy havuç"", ""1 adet kapya biber"", ""2 adet orta boy kuru soğan"", ""100 mililitrezeytinyağı"", ""300 mililitreiçme suyu"", ""1 tatlı kaşığı tuz""]","[""Öncelikle lahana ortadan ikiye kesilir ve bir parçası gelişi güzel dilimlenip güzelce yıkanır."", ""Öte yandan kuru soğan, kapya biber ve havuçlar küp küp doğranıp tencereye alınır."", ""Üzerine zeytinyağı eklenip orta ateşte kavrulmaya bırakılır."", ""Hafif kavrulan sebzelerin üzerine yıkadığınız lahanalar, pirinç, tuz ve suyu eklenip orta ateşte kontrol edilerek 40-45 dakika pişirilir. Afiyet olsun!""]"
91445c91-c93e-4643-8414-06640066c6a6,Yumurtasız Glutensiz Bisküvi,Turkey,Pratik ve sağlıklı yumurtasız glutensiz bisküvi tarifi. Ayranlı harcıyla hafif ve lezzetli bir atıştırmalık,Kahvaltı,"[""1 su bardağı ayran"", ""1 su bardağı mısır unu"", ""1 su bardağı yulaf unu"", ""1/2 su bardağı keten tohumu"", ""3 yemek kaşığı zeytinyağı"", ""1 paket karnıyarık otu (toz)"", ""1/2 su bardağı su""]","[""Önce karnıyarık otu tozunu yarım su bardağı oda sıcaklığındaki su ile karıştıralım."", ""Ardından tüm malzemeleri bir kaseye alalım, karnıyarık otlu sosumuzu da (karnıyarık otu + su) kaseye ekleyelim. Hepsini karıştırıp yumuşak bir hamur yapalım."", ""Elimizle yuvarlak ve yassı şekil verip, susam keten tohumu ya da ay çekirdeği ile süsleyerek önceden ısıttığımız 180 derece fırında ortalama 20-25 dakika bisküvilerimiz kuruyana kadar pişirelim.""]"
c14ca1de-2fe0-4b77-9034-55db76ada586,Frambuazlı Çikolata Dolgulu Tartolet,Turkey,"Frambuazlı çikolata dolgulu tartolet, çıtır hamurun içinde eriyen çikolata ve ferahlatan frambuazların mükemmel uyumu",Tatlı,"[""100 gram tereyağı ya da margarin"", ""1/2 çay bardağı sıvı yağ"", ""1 çay bardağı pudra şekeri"", ""1 paket vanilya"", ""1/2 çay kaşığı kabartma tozu"", ""2-3 su bardağı un""]","[""Öncelikle ele yapışmayan kıvamında hamuru yoğurun."", ""Ceviz büyüklüğünde bezelere ayırın fırın kabına bardaktan yardım alarak şeklini verin."", ""Çatal uçlarını hamurlarınıza batırın, kabarmaması için. Fırında 170 derecede 15 dakika kontrollü pişirin."", ""Sütün içine bütün malzemeleri ekleyerek karıştırın. Orta ateşte sürekli karıştırarak pişirin."", ""İlk sıcaklığı çıktıktan sonra kremayla kıvamını ayarlıcaz. Azar azar ekleyerek çırpıcıyla çırpın."", ""Soğutma işlemini sürekli karıştırarak yapın. Üzerinin tutmaması için."", ""Benmari usulü erittiğiniz frambuazlı çikolatanızın içine süt kremasını ekleyin karıştırın."", ""Tartoletlerın içine önce çikolatayı sonra sıkma torbasına yerleştirdiğimiz kremayı şekil vererek ekleyin."", ""Üzerine fındıkla vs süsleyebilirsiniz. Afiyet olsun.""]"
d3ee7581-341b-494a-9f86-9d82a30685d2,Zeytinyağlı Lahana Sarması,Turkey,"Zeytinyağının eşsiz aromasıyla harmanlanmış, pirinç ve baharatlarla doldurulmuş lahana yapraklarından oluşan lezzetli ve sağlıklı bir Türk mutfağı klasiği",Sebze Yemekleri,"[""1 adet olgunlahana (sarmalık)"", ""1 su bardağı pirinç"", ""2 adet büyük boy soğan"", ""1/2 su bardağı zeytinyağı"", ""1/2 su bardağı domates püresi"", ""1 yemek kaşığı domates salçası"", ""1 yemek kaşığı kuru nane (ben 2 ye yakın kullandım)"", ""1 yemek kaşığı tuz""]","[""Pirinçleri yıkayın ve süzülmesi için süzgece alın."", ""Soğanları yemeklik doğrayıp yayvan bir tavada zeytin yağında kavurmaya başlayın."", ""Karamelize olmaya başlayan soğanlara pirinci de ekleyip arada karıştırın."", ""Domates püresi ve salçayı ilave edin."", ""Yeşillikleri doğrayın, nane ve tuz ile birlikte tavaya ilave edin."", ""Tavanın kapağını kapatarak soğumaya bırakın."", ""Lahanayı yapraklarına ayırıp, her yaprağı kaynar suda hafif yumuşayana kadar (sarılabilecek yumuşaklığa gelinceye kadar) haşlayın."", ""Haşlanan yaprakların sert kısımlarını kesip, arıyın. Kullanacağız."", ""Ayırdığınız sert kısımları kesip sarmaları pişireceğiniz tencerenin dibine döşeyin."", ""Yapraklarınızın boyutlarına göre içlerine harç koyup sarın. Ve kapanma yeri aşağıya gelecek şekilde tencereye döşeyin."", ""Son olarak sarmaların üzerinbir tabak koyup, bu tabağı geçmeyecek seviyeye gelinceye kadar su ekleyin. 35- 40 dakika pişmeye bırakın."", ""Sarımsaklı yoğurt hazırlayın. Sos tenceresinde biraz zeytinyağı ve naneyi yakın."", ""Sarmalarınızı servis tabağına alıp yoğurt ve yağ ile donatıp servis edin. Afiyet olsun.""]"
43edff52-af69-4b5a-b9f4-8816b1f09538,Kalp Pasta,Turkey,Sevdiklerinizi mutlu edecek şeklinde hazırlanmış lezzetli ve gösterişli kalp pasta tarifi,Tatlı,"[""200 gram tereyağı"", ""100 gram toz şeker"", ""300 gram un"", ""1 adet yumurta""]","[""Hamurun malzemelerinin hepsini sırasıyla bir yoğurma kabının içine koyup yoğuruyoruz."", ""Bir steç filme sarıp yarım saat buzdolabında dinlendiriyoruz."", ""Hamurumuz dinlendikten sonra ikiye bölüyoruz."", ""Fırın kağıdın üstüne hamuru koyup tekrar fırın kağıt koyup hamurumuzu yeterli büyüklükte merdane ile açıyoruz."", ""Başka bir fırın kağıdına çizdiğimiz kalbi kesiyoruz."", ""Açtığımız hamurun üstüne koyup etraflarını ve içindeki kalbi dikkatlice kesiyoruz. Fırın tepsisine dikkatlice aktarıyoruz."", ""180 derecelik önceden ısıtılmış fırında hafif kızarana kadar pişiriyoruz. Ayırdığımız diğer hamura da aynı işlemi uyguluyoruz."", ""Kalan hamurlar ile küçük kalpler yapın."", ""Soğuduktan sonra pudra şekerini, limon suyunu ve gıda boyası bir kapta karıştırın."", ""Soğuyan minik kalplerin üzerine gezdirin ve donmasını bekleyin."", ""Kreması için: Kremaları, şekeri ve krem şantiyi bir kabın içine ekleyip sertleşene kadar mikser ile çırpıyoruz."", ""En son içine labne peyniri ekleyip karıştırıyoruz."", ""Bir sıkma poşetine kremamızı ekliyoruz."", ""Soğumuş olan kalp kurabiyemizin ilk katına kremamızı her tarafına sıkıyoruz."", ""İkinci kalp kurabiyeyi üzerine yerleştiriyoruz ve tekrar kremayı her tarafına sıkıyoruz.""]"
8f7c877c-ce62-4d4c-adf0-0a8fb706a8dd,Fasulye Turşusu,Turkey,Lezzetli ve pratik fasulye turşusu tarifi. Kolay hazırlanışı ve ferahlatıcı tadıyla sofralarınızın vazgeçilmezi olacak,Sebze Yemekleri,"[""500 gram fasulye"", ""1 yemek kaşığı sirke"", ""2 dilim limon"", ""1 yemek kaşığı kaya tuzu""]","[""Fasulyeleri yemeklik gibi ayıklayıp kaynar suya atıyoruz. Rengi değişmeden biraz kaynattıktan sonra bir tepsiye yayarak soğumasını bekliyoruz."", ""Aralarına sarımsakları da ekleyerek kavanoza dolduruyoruz. Bu aşamada isterseniz aralarına acı biber ekleyebilirsiniz."", ""Kavanozunuzu doldurduktan sonra üzerine tuzu sirkeyi ve limonu ekleyerek su ile dolduruyoruz."", ""Ağzını sıkıca kapatıp 2 hafta güneş görmeyen bir yerde bekledikten sonra servis edebilirsiniz. Afiyet olsun.""]"
fba6fa86-ba41-471d-8317-d0352d2bfc7e,Fit Soğuk Çay,Turkey,"Ferahlatıcı ve sağlıklı bir içecek olan fit soğuk çay, baharatların ve hibiskusun mükemmel uyumuyla hazırlanır",İçecek,"[""1 adet çubuk tarçın"", ""2-3 adet karanfil"", ""1 yemek kaşığı hibiskus"", ""1/2 adet elma"", ""2-3 adet çilek"", ""1 litre su""]","[""Elma, çilek, hibiskus, tarçın ve karanfili demliğe alın ve tamamını kaynar su ile doldurun."", ""Yaklaşık 5-6 dakika demleyin."", ""Şişe ya da sürahiye çayı süzün ve önce dışarıda sonra buzdolabında soğumaya bırakın."", ""Buz kalıplarına 1'er adet yaban mersini ve su koyarak dondurun."", ""Soğumuş çayı ve sodayı bardakta karıştırın."", ""Meyveli buz ve taze nane ile servis edin.""]"
13b3fa2b-5b59-4681-b44e-c367ae19c8e3,Sodalı Pişi,Turkey,"Hafif ve kabarık sodalı pişi tarifi, çay saatleri için ideal bir atıştırmalık",Ana Yemek,"[""1 adet yumurta"", ""1/2 su bardağı süt"", ""1 çay kaşığı tuz"", ""1/2 paket kabartma tozu"", ""3,5 su bardağı un""]","[""Un hariç diğer malzemeleri derince bir yoğurma kabına alın ve karıştırın."", ""Unu yavaş yavaş ilave ederek, hafif ele yapışan bir hamur elde edene dek yoğurun. Kullandığınız un miktarı markaya göre farklılık gösterebilir."", ""Hamuru merdane ile, un serpilmiş tezgahta, yarım santim inceliğinde açın ve bir çay bardağının ağız kısmıyla, yuvarlak yuvarlak kesin."", ""Yağı bir tavaya alın, güzelce kızdırın ve hamurlarınızı arkalı önlü, güzelce kızarana dek pişirin."", ""Ardından bir servis tabağına alın ve ılık olarak servis edin.""]"
8d65e029-22b3-4d5d-8f64-f42a834652da,Kolay İmam Bayıldı,Turkey,"Lezzetli ve pratik bir klasik Türk yemeği olan Kolay İmam Bayıldı, az malzemeyle hazırlanabilen doyurucu bir seçenektir",Ana Yemek,"[""3 adet patlıcan"", ""1 adet soğan"", ""3 adet domates"", ""1 adet kapya biber"", ""2 adet çarliston biber"", ""3 yemek kaşığı zeytinyağı""]","[""Soğan, sarımsak, domates ve biberleri küçük küçük doğrayıp pilav tenceresinin altına yerleştirin."", ""Patlıcanların yalnızca 3 şeritlik kısmını soyun, tencerenin alt kısmına gelecek kısmı soymuyoruz."", ""Sebzeleri tencerenin içine alın."", ""Patlıcanları da garnitürlerin üzerine yerleştirip yağ, tuz ve karabiberi ekleyip, kapağını kapatarak kısık ateşte pişmeye bırakalım."", ""Yaklaşık 40 dakika kısık ateşte patlıcanları çevire çevire pişirin, su eklemesi yapmayın. Afiyet olsun.""]"
a0a0136b-663a-4a99-b6ee-dd282bf13e99,Bal Kabaklı Bowl,Turkey,"Sağlıklı ve lezzetli bir kahvaltı veya atıştırmalık seçeneği olan bu bal kabaklı bowl, kremsi dokusu ve besleyici özelliğiyle gününüze enerji katacak",Sebze Yemekleri,"[""1 su bardağı bal kabağı püresi"", ""1/2 adet avokado (donmuş)"", ""1 adet muz"", ""1 tatlı kaşığı tarçın""]","[""Tüm malzemeleri buz kırabilen bir mikserden geçiriniz."", ""Kasenize alıp üzerini dilediğiniz gibi süsleyebilirsini. Afiyet olsun.""]"
f633c0e8-d0ef-4f1a-a80b-e2b799161632,Arpa Şehriyeli Hindi Sote,Turkey,"Arpa şehriye ile harmanlanmış lezzetli hindi sote, pratik ve doyurucu bir ana yemek seçeneği",Ana Yemek,"[""300-400 gram kuşbaşı hindi eti (göğüs ya da but)"", ""4 yemek kaşığı süt"", ""1 çay kaşığı tuz"", ""1 yemek kaşığı sıvı yağ (pişirmek için)""]","[""Kuşbaşı doğranmış hindilerimizi bir kaba alıyoruz. Üzerine sütü ve tuzu ilave edip karıştırdıktan sonra en az yarım saat dinlenmesi için buzdolabına koyuyoruz."", ""Derin tavamıza 1 yemek kaşığı yağ ekliyoruz. Tavamız ısındıktan sonra dinlenmiş olan hindilerimizi tavaya koyup soteliyoruz."", ""Hindiler sotelenirken domates sulu arpa şehriye pilavımız için kuru soğanı, sarımsakları, maydanozları ve taze soğanı küçük küçük doğrayıp hazırlıyoruz."", ""Sotelenmiş hindileri bir tabağa alıyoruz. Arpa şehriye pilavı için aynı tavaya tereyağı ve soğanları ekleyip yumuşayana kadar kavurup ardından sarımsakları ekleyip tuzu koyup birkaç kez karıştırıyoruz"", ""Arpa şehriyeyi tavaya ekleyip renk alana kadar kavuruyoruz."", ""Hafif renk aldıktan sonra üzerine domates püresini, toz şekeri ve 1 bardak suyu ilave ediyoruz. Arpa şehriyelerin pişip yumuşamasını bekliyoruz. Bu sırada kalan 1 bardak suyu da yavaş yavaş ekliyoruz."", ""Arpa şehriyeler suyu çekip piştikten sonra içerisine doğranmış taze soğanı ve maydanozları ekliyoruz birkaç kez karıştırıp ocağın altını kapatıyoruz."", ""Pilavı tabağa koyuyoruz üzerine sotelediğimiz hindileri koyuyoruz. İsterseniz yanına isterseniz pilavın içine karıştırarakta servis edebilirsiniz. Nefis kokusuyla ve lezzetiyle servise hazır afiyet ol""]"
cc35a069-4e9d-4bc0-b4db-2a3f39f0b984,Alinazik Makarna,Turkey,Kıymalı ve yoğurtlu lezzetli bir makarna tarifi,Pilav & Makarna,"[""1 paket burgu makarna"", ""400 gram dana kıyma"", ""1 adet kuru soğan"", ""2 adet sivri biber"", ""4 yemek kaşığı zeytinyağı"", ""1 tatlı kaşığı tuz"", ""1 çay kaşığı pul biber"", ""1 çay kaşığı karabiber"", ""1 yemek kaşığı domates salçası"", ""1 su bardağı sıcak su"", ""2 yemek kaşığı tereyağı"", ""5 adet patlıcan (közlenmiş)"", ""1 su bardağı makarna suyu (sıcak)"", ""3 yemek kaşığı süzme yoğurt (oda sıcaklığında)"", ""1 yemek kaşığı maydanoz (kıyılmış)""]","[""Kıymayı derin bir tavada rengi kahverengi olana kadar kavurun."", ""Üzerine ufak küp doğranmış soğanı, biberleri, zeytinyağını ve baharatları koyup kavurmaya devam edin."", ""Son olarak salçayı koyup kokusu çıkana kadar kavurun ve sıcak su ekleyip kısık ateşte suyunu çekene kadar pişirin."", ""Filiz Burgu Makarna'yı kaynar bol tuzlu suda haşlayın. Haşlama suyundan bir su bardağı ayırın ve süzün."", ""Büyük bir tavada tereyağını eritin, sarımsakları ve doğranmış köz patlıcanları ekleyip 2 dakika soteleyin."", ""Tavaya sıcak makarna suyunu koyun ve suyu çekene kadar pişirip ocaktan alın."", ""Sıcak patlıcanlı karışıma azar azar oda sıcaklığındaki süzme yoğurdu ekleyip yedirin."", ""Son olarak sıcak makarnayı ekleyip patlıcanlı karışımla harmanlayın ve sıcak olarak servis tabağına alın."", ""Üzerine kıymalı sostan koyun, hafifçe maydanoz serpip servis edin. Afiyet olsun.""]"
3a4d0476-4050-48e1-9d65-8608179f0f16,Humus,Turkey,"Orta Doğu'nun en sevilen mezelerinden olan humus, kremsi dokusu ve zengin lezzetiyle sofralarınıza lezzet katacak",Ye,"[""1 su bardağı haşlanmış nohut"", ""3 yemek kaşığı tahin"", ""2 yemek kaşığı limon suyu"", ""2 yemek kaşığı zeytinyağı"", ""1 çay kaşığı kimyon"", ""1 çay kaşığı tuz"", ""2 yemek kaşığı içme suyu""]","[""Haşlanmış nohutları kabuklarından ayırıyoruz ve mutfak robotuna aktarıyoruz."", ""Haşlanan nohutların üzerine tüm malzemeleri ekleyip homojen olana kadar çekiyoruz"", ""Bu noktada tat kontrolünü yaparak tuz ve su ayarlaması yapılır. (Katı bir yapısı varsa biraz daha su eklemesi yapılır.)"", ""Tüm malzemeler güzel bir kıvam alınca düz bir servis tabağına alınarak üzerine bir tatlı kaşığı yardımıyla yuvarlak şekiller verilir."", ""Zeytinyağı ve limonla servis edilir.""]"
d56a8481-3c5e-4c9d-a489-c5b3a2ce7d97,Süt Şerbetli Un Helvası,Turkey,"Süt şerbeti ile ıslatılmış un helvası, tereyağı ve zeytinyağı ile hazırlanan geleneksel bir tatlıdır",Tatlı,"[""1 su bardağı un (250 gr)"", ""2 yemek kaşığı tereyağı"", ""2 yemek kaşığı zeytinyağı"", ""1/2 su bardağı ceviz içi (iri parça lanmış)"", ""1 paket dolmalık fıstık"", ""2 büyük su bardağı süt (600 ml)"", ""6 yemek kaşığı şeker""]","[""Önce tereyağı eklenir ve bir iki kez karıştırılır. Ardından zeytinyağı eklenir. (Zeytinyağını sevmeyenler sıvı yağ ekleyebilir.)"", ""Unu eklenip, yaklaşık 15 dakika kavrulur."", ""Süt ve şeker bir yerde karıştırılara şeker eritilir."", ""Süt, kavrulmuş una kepçe yardımcıyla azar azar ilave edilir. (Bu aşamada sıçramalar çok oluyor dikkat etmeniz gerekir.)"", ""Kaşığın tersi ile bastırarak şerbet iyice yedirilir."", ""Altı kapatıldıktan sonra dinlenmesi için ağzı kapalı 10-15 dakika bekletilir. Afiyet olsun.""]"
cb297522-4b55-4217-a5be-a6b9c9b0c2ac,Üzümlü & Cevizli Fit Kurabiye,Turkey,Sağlıklı ve lezzetli üzümlü cevizli fit kurabiye tarifi. Tam buğday unu ve doğal tatlandırıcılarla hazırlanan bu kurabiyeler hem besleyici hem de doyurucu,Tatlı,"[""2 adet yumurta"", ""2 - 2,5 su bardağı tam buğday unu"", ""3-3,5 su bardağı bal (pekmez ya da agave)"", ""3 yemek kaşığı tereyağı"", ""3 yemek kaşığı zeytinyağı"", ""3 yemek kaşığı nişasta"", ""1 paket kabartma tozu"", ""1 su bardağı kuru üzüm"", ""1/2 su bardağı ceviz içi""]","[""Un, ceviz ve üzüm dışındaki tüm malzemeleri karıştırıyoruz. Unu kontrollü olarak ekliyoruz miktar az da olsa değişebilir, yumuşak kıvamlı bir hamur elde edeceğiz."", ""Üzüm ve cevizi de ekleyip biraz daha yoğurduktan sonra istediğimiz şekli veriyoruz ve yağlı kağıt serili tepsiye diziyoruz."", ""Önceden ısıtılmış 180 derece fırında üstleri hafif kızarana kadar pişiriyoruz. Afiyet olsun!""]"
e697c71a-10bf-4cc0-b84e-f9ece877c4d1,İskoç Yumurtası,Turkey,"Kıyma ile kaplanmış ve kızartılmış yumurtalardan oluşan lezzetli İskoç Yumurtası, hem pratik hem de doyurucu bir atıştırmalıktır",Ye,"[""5 adet yumurta"", ""250 gram kıyma"", ""1 çay kaşığı karabiber"", ""1 çay kaşığı pul biber"", ""1 çay kaşığı nane""]","[""Yumurtalar haşlanır. Bu sırada kıyma, baharatlar,karıştırılır."", ""Haşlanan yumurtaların kabukları soyulur ve her bir yumurta köfte harcıyla kaplanır."", ""Son olarak hazırladığımız yumurtalar galeta ununa bulanır kızartılır. Afiyet olsun."", ""Haydari için: Beyaz peynir ezilir, dereotu ince kıyılır. Tereyağında nane kızdırılarak ılınması için bekletilir."", ""Yoğurt,beyaz peynir, dereotu, naneli tereyağı, ezilmiş sarımsak, tuz eklenerek karıştırılır. Afiyet olsun""]"
b6af8393-f854-4d9f-af95-ee7f899c0a9e,Rulo Elmalı Kurabiye,Turkey,"İçindeki kırmızı elma parçacıklarıyla harmanlanmış, çıtır çıtır rulo elmalı kurabiyeler. Mükemmel çay saati ikramı!",Ye,"[""100 gram tereyağı (oda sıcaklığında bekletilmiş)"", ""1 çay bardağı ayçiçek yağı"", ""4 yemek kaşığı yoğurt (suyu süzdürülmüş)"", ""1 adet yumurta"", ""4 yemek kaşığı pudra şekeri"", ""1 paket kabartma tozu"", ""1/2 tatlı kaşığı taze sıkılmış limon suyu"", ""4,5-5 su bardağı un""]","[""Birazdan içleri pişerken fışkırana kadar dolacak olan kurabiyelerin iç harcını hazırlamak için; kabuğunu soyduğunuz elmaları dört eşit parçaya böldükten sonra çekirdekli kısımlarını çıkartın."", ""Elma dilimlerini rendenin ince kısmıyla rendeleyip tavaya alın. Esmer şeker ve ince çekilmiş ceviz içi ilavesiyle kısık ateşte suyunu çekene kadar pişirin. Son olarak tarçını ekleyin ve ocaktan alıp s"", ""Oda sıcaklığında beklettiğiniz tereyağı, ayçiçek yağı, yoğurt, yumurta ve pudra şekerini derin bir karıştırma kabına alın."", ""Elinizle karıştırdığınız malzemelere elenmiş kabartma tozu, taze sıkılmış limon suyu ve elenmiş unu azar azar ekledikten sonra yumuşak bir hamur elde edene kadar yoğurun."", ""Toparlanan hamuru üç eşit parçaya bölüp hafifçe unlanmış bir mutfak tezgahı üzerinde merdane yardımıyla yaklaşık 30 cm. çapında, yuvarlak şeklinde açın."", ""Açtığınız her bir hamur parçasını pizza dilimleyici ya da keskin bir bıçak yardımıyla sekiz eşit parçaya bölün."", ""Hamurların geniş kısımlarına pişirip soğuttuğunuz elmalı iç harçtan yayın. Her birini ileri doğru ittirerek rulo şeklinde sarın. Uç kısımlarını hafifçe bastırarak kapatın."", ""Rulo kurabiyeleri yağlı kağıt serili fırın tepsisine aralıklı olarak yerleştirin. Önceden ısıtılmış 170 derece fırında, üzerleri hafif bir renk alana kadar pişirin."", ""Fırından alıp oda sıcaklığında soğuttuğunuz kurabiyeleri, üzerlerine pudra şekeri eledikten sonra sevdiklerinizle paylaşın.""]"
24beb087-ce18-447b-9efa-56da02e2f3e7,Izgara Tadında Somon,Turkey,"Lezzetli ve pratik ızgara somon tarifi, limon suyu ve tuzla harmanlanmış mükemmel bir akşam yemeği",Ye,"[""2 dilim somon (300'er gram)"", ""1/2 adet limon suyu"", ""1 çay kaşığı tuz"", ""2 yemek kaşığı zeytinyağ""]","[""Somonlarımızı marine ediyoruz ve dolaba alıyoruz."", ""Dinlenen balıklarımızı dolaptan çıkarttıktan sonra iyice ısınan döküm tavamızda bir yüzü 2-3 dakika diğer yüzü de 2-3 dakika kızartıp tabağa alıyoruz."", ""Aynı marinasyonlu balıklarımızı yanında patates soğan defne yaprağı ilavesiyle fırındada yapabilirsiniz."", ""Yanında bol yeşillikli bir salata ile harika sağlıklı ve pratik menümüz hazır. Afiyet olsun.""]"
7c17064d-8663-4549-a88b-54a738c0ff50,Glutensiz Pancake,Turkey,"Sağlıklı ve lezzetli glutensiz pancake tarifi, sadece 3 malzemeyle hazırlanır",Ye,"[""1 adet yumurta"", ""1 adet orta boy muz"", ""4 yemek kaşığı glutensiz yulaf ezmesi"", ""3 yemek kaşığı laktozsuz süt"", ""1/2 çay kaşığı karbonat""]","[""Bütün malzemeleri rondodan pürüzsüz bir kıvam alana kadar geçirin."", ""Karışımı bir fırça yardımıyla yağladığınız pancake tavasına azar azar dökerek, ön ve arka yüzü pişene kadar kızartın."", ""Üzerini taze çilek, sevdiğiniz meyveler ve kuru yemişlerle süsleyin. Afiyet olsun!""]"
f8e619bb-98ab-461c-9808-cff0cc109b30,Makarna Tarifleri,Turkey,Lezzetli makarna tarifleriyle damak zevkinize hitap edin,Pilav & Makarna,"[""Damla Çikolatalı Kurabiye"", ""Pastane Poğaçası"", ""Kahvaltılık Tarifler Pancake Krep Pişi Kuymak Kaygana Kahvaltılık Sos Menemen Muhlama Yumurtalı Ekmek Omlet"", ""Omlet"", ""Damla Çikolatalı Kurabiye"", ""Pastane Poğaçası"", ""Omlet""]","[""Oldukça kolay ve pratik bir şekilde hazırlanan makarnalar, mutfaktaki kurtarıcınız oluyor. Burgu, fiyonk, kalem, boru, spagetti ve erişte gibi pek çok şekle ve birbirinden farklı tatlara sahip olan makarnalar etli ve sebzeli soslarla buluşup sofralarınızı şenlendiriyor. Ocakta ya da fırında pişirebileceğiniz makarna tariflerini, ister öğle yemeği isterseniz de akşam yemeği için hazırlayabilirsiniz. Hem doyurucu hem de lezzetli makarna tarifleri arasından dilediğinizi seçin ve sevdiklerinizle birlikte afiyetle yiyin!"", ""Hep aynı salçalı makarna tarifini yapmaktan sıkıldıysanız, Evde yapabileceğiniz pratik ama farklı yemekler keşfetmek istiyorsanız bu makarna soslarını değerlendirerek rengarenk sofralar kurabilir, nefis ana yemeklere imza atabilirsiniz: Makarna Sosu Tarifleri"", ""Lazanya, makarna hamuruyla yapılan, genellikle bolonez sosu ile birlikte fırında pişirilen İtalyan mutfağına ait nefis bir lezzet. Damak zevkimize uygunluğuyla artık bizden biri olan lazanyayı tam kıvamında yapmak için püf noktaları da bizden: Lazanya"", ""Pratik hazırlanan bir yemek olmasına rağmen makarna hep çok bulaşık çıkarır. Süzgeci, pişirme tenceresi, sos tenceresi derken yaptıktan sonra bir de bulaşık yıkama derdi başlar. Oysa ki tek bir tencerenin içerisinde hem sosu hazırlamak hem de makarnayı pişirmek mümkün: Demleme Domatesli Makarna"", ""Her türlü ana yemeğin yanına yakışan, pilavdan rol çalan ve tereyağıyla bizleri mest eden erişte bu haliyle en sevdiğiniz yemeklerden birine dönüşecek. 10 dakikada hazırlayıp yiyebileceğiniz bu pratik erişte tarifine hemen şans verin: Tereyağlı Erişte""]"
abd9efdb-8632-4c6c-b05c-89527bff3ca2,Patatesli Muska Börek,Turkey,"Fırınlanan patatesli muska böreği, içine doldurulan kaşar peyniri ve baharatlarla harika bir lezzet sunuyor",Ye,"[""4 adet patates"", ""1 su bardağı rendelenmiş kaşar peyniri"", ""1 çay kaşığı toz kırmızı biber"", ""1/2 çay kaşığı sarımsak tozu"", ""1-2 tatlı kaşığı tuz (tadına bakarak kontrollü ekleyin)"", ""3 adet yufka"", ""1/2 su bardağı süt"", ""1/2 su bardağı zeytinyağı""]","[""Patatesleri kabuklarıyla birlikte yıkadıktan sonra tencereye alıp üzerini geçecek kadar soğuk su ekleyin. Patatesler iyice yumuşayana kadar haşlayın."", ""Patatesler soğuduktan sonra kabuklarını soyup rendenin iri tarafıyla rendeleyin. Kaşar peynirini de içine rendeleyin ve baharatlarını, tuzunu ekleyip harmanlayın."", ""Süt ile zeytinyağını bir kasede karıştırın."", ""Yufkaların her birini dört parmak genişliğinde şeritler halinde kesin."", ""Yufkadan bir şerit alıp boydan boya sütlü yağ karışımı ile bir kaşık veya fırça kullanarak biraz ıslatın."", ""Yufka şeridinin başına 2 tatlı kaşığı patates koyun, bir sola bir sağa kapatarak üçgen şeklini verin. Yufkalar bitene kadar bunu tekrarlayın. Börekleri yağlı kağıt serdiğiniz tepsiye dizin."", ""Süt ve yağ karışımınız kaldıysa içine bir kaşık yoğurt ekleyip çırpın. Kalmadıysa yoğurdu biraz süt ve yağ ile sulandırın :) Bu karışımı böreklerin üzerine sürün. Haşhaş tohumu serpin."", ""Börekleri önceden ısıttığınız fırına atın. Üzerleri ve altı güzelce kızarana kadar pişirin. Yaklaşık 40 dakika sürüyor benimkilerin pişmesi."", ""Pişen börekleri fırından alıp sıcak sıcak servis edin.""]"
4304f88a-b3ea-42c1-becd-b5c56403d815,Ev Yapımı Acılı Ketçap,Turkey,"Ev yapımı acılı ketçap ile doğal ve lezzetli bir sos hazırlayın. Taze malzemelerle hazırlanan bu ketçap, market satın alımlarından çok daha lezzetli",Et Yemekleri,"[""1,5 kilogram domates"", ""100 gram soğan (yarım büyük boy)"", ""30 gram zeytinyağı (3 yemek kaşığı)"", ""45 gram esmer şeker (3 yemek kaşığı)"", ""20 gram sirke (2 yemek kaşığı)"", ""10 gram tuz (1 tepeleme tatlı kaşığı)"", ""70 gram domates salçası (1 tepeleme yemek kaşığı)"", ""20 gram mısır nişastası (3 tepeleme tatlı kaşığı)"", ""1 çay bardağı su (nişastayı açmak için)"", ""1 tatlı kaşığı (tepeleme) acı toz biber (veya 1 yemek kaşığı acı sos)""]","[""Soğanı ince piyazlık doğrayın orta kısık ateşte çelik tencerede eklediğiniz zeytinyağında 10 dakika karıştırarak kavurun."", ""Ardından küp doğradığınız domatesleri, ezilmiş sarımsağı, şeker ve sirkeyi ekleyin. 1 saat kısık ateşte kapağı kapalı pişirin."", ""Pişirdiğiniz sosu blenderden çekin. Çektikten sonra ince bir süzgeçle süzüp püresini alın. Domates püresini tekrar ocağa alıp hafif sulandırılmış salçayı ekleyin ve kısık ateşte pişirin."", ""Kaynamaya başladığında suda açtığınız nişastayı karıştırarak ekleyin. 2-3 dakika sürekli karıştırarak kaynatın. Son olarak tuzunu ekleyin. Acılı ketçap için acı eşiğinize göre toz biber ekleyin."", ""Önce oda sıcaklığında ardından buzdolabında soğutun. Buzdolabında 1 haftayı geçirmemek kaydıyla saklayıp kullanabilirsiniz."", ""Ketçabın fazlasını buzdolabı poşeti veya sıkma torbasına porsiyonlayıp derin dondurucuda daha uzun süre saklayabilirsiniz.""]"
332863c7-d816-4158-bf8d-2d231fd76d0d,Sarımsaklı Ekmek,Turkey,"Sarımsaklı ekmek, tereyağı ve sarımsağın muhteşem uyumuyla hazırlanan pratik ve lezzetli bir atıştırmalıktır",Börek & Hamur İşi,"[""1 tepeleme yemek kaşığı tereyağı"", ""Etimek Tatlısı Tarifi"", ""Damla Çikolatalı Kurabiye"", ""Tatlı Tarifleri Spoonful Mozaik Pasta Çikolatalı Sufle İrmik Helvası Fırın Sütlaç Profiterol Revani Magnolia"", ""Kahvaltılık Tarifler Pancake Krep Pişi Kuymak Kaygana Kahvaltılık Sos Menemen Muhlama Yumurtalı Ekmek Omlet"", ""Omlet""]","[""Oda ısısında olan tereyağ ve rendelediğimiz kaşar peyniri bir kaseye alalım."", ""Sarımsakları ezip kaseye ekleyelim. İnce doğradığımız maydanozları da ekledikten sonra karıştıralım."", ""Ekmeklerin üzerine karışımı sürelim fırına verelim."", ""Üzeri pişince fırından alalım. Afiyet olsun.""]"
d1f4dae6-9cea-426a-9549-e81e61b29213,Pratik Fırın Sütlaç,Turkey,Fırında karamelize kıvamı ile enfes lezzet sunan pratik sütlaç tarifi,Tatlı,"[""1 litre süt"", ""250 gram toz şeker"", ""2 silme tatlı kaşığı nişasta (mısır veya buğday nişastası)"", ""1 adet vanilya"", ""2 silme tatlı kaşığı pirinç unu"", ""1 su bardağı pirinç""]","[""Suyu pirincin üstünü biraz geçecek şekilde ocağa alın."", ""Pirinç suyunu çekmeye başlayınca sütü ve şekeri biraz karıştırıp ocağa alın ve ısınmaya bırakın."", ""Suyunu çeken pirinci, sütün içine aktarın ve birlikte pişmeye bırakın."", ""Bu esnada vanilya, pirinç unu ve nişastayı bir çorba kasesinde şöyle bir harmanlayıp üzerine sütü ilave edip kasede karıştırın ve ocaktaki sütlaca karıştırın."", ""Kıvam almaya başlayınca ocağın altını kapatıp kaselere doldurun. 240 derecelik fırında 10 dakika pişirmek yeterli. Afiyet olsun.""]"
bda9da5d-009e-49ad-9696-f1aec775d0a9,Sicilyano Mezesi,Turkey,"Akdeniz'in ferhat lezzetlerini sofranıza taşıyan, köz sebzelerin tazeliğiyle harmanlanmış Sicilya usulü bir meze",Meze,"[""5 adet közlenmiş patlıcan"", ""4 adet közlenmiş kırmızı biber"", ""1/2 adet limon suyu"", ""2-3 yemek kaşığı zeytinyağı""]","[""Közlenmiş biber ve patlıcanı çatal yardımı ile ezdim."", ""Üzerine ince ince kestiğim yeşillikleri ekledim."", ""Ardından diğer malzemeleri ekleyip karıştırdım. Afiyet olsun.""]"
f7d78f57-4eff-416a-a505-b19f3dc0fc60,Chialı Çörek Otlu Çubuk,Turkey,Lezzetli ve sağlıklı chialı çörek otlu çubuk tarifi. Hem pratik hem de besleyici bir atıştırmalık,Ana Yemek,"[""1.5 bardak un"", ""1 tatlı kaşığı kabartma tozu"", ""1 yemek kaşığı elma sirkesi"", ""1 çay kaşığı tuz"", ""2 yemek kaşığı chia tohumu"", ""2 yemek kaşığı çörek otu"", ""1 çay kaşığı zencefil"", ""1 çay kaşığı zerdeçal""]","[""Tüm malzemeleri karıştırıp yoğuruyoruz."", ""Ceviz büyüklüğünün yarısı kadar parçalar koparıp şekil veriyoruz."", ""Önceden ısıtılmış 200 derece fırında kızarana kadar pişiriyoruz. Afiyet olsun.""]"
401ed10e-3b02-47e2-a537-b71ef6544ef1,Yulaflı Fit Kurabiye,Turkey,Sağlıklı ve lezzetli yulaflı fit kurabiye tarifi. Az malzemeli ve kolay hazırlanan bu kurabiyeler hem doyurucu hem de besleyici,Tatlı,"[""1 adet olgun muz"", ""1 su bardağı yulaf ezmesi"", ""Etimek Tatlısı Tarifi"", ""Damla Çikolatalı Kurabiye"", ""Tatlı Tarifleri Spoonful Mozaik Pasta Çikolatalı Sufle İrmik Helvası Fırın Sütlaç Profiterol Revani Magnolia"", ""Kahvaltılık Tarifler Pancake Krep Pişi Kuymak Kaygana Kahvaltılık Sos Menemen Muhlama Yumurtalı Ekmek Omlet"", ""Omlet""]","[""Muzu çatalla ezelim. Çikolatayı bıçakla doğrayalım."", ""Yulaf, muz ve çikolatayı bir kapta yoğuralım."", ""Şekil verip fırın tepsisine dizelim. 15 dakika pişirelim. Afiyet olsun.""]"
e8ab1dd9-18d3-4292-9c88-d41d6c83d34f,Kolay Lokum,Turkey,"Portakallı nefis lokum tarifimizle misafirlerinize şık lezzetler sunun. Kolay hazırlanan bu tatlı, çay saatlerinin vazgeçilmezi olacak",Tatlı,"[""3 su bardağı su"", ""3 su bardağı toz şeker"", ""1/2 çay bardağı portakal suyu"", ""1 su bardağı nişasta"", ""3 yemek kaşığı file Antep fıstığı""]","[""Tencerede su, portakal suyu, toz şeker ve nişastayı sürekli karıştırın. Koyu ve parlak bir kıvama gelince ocaktan alın."", ""Küçük boy dikdörtgen bir kaba pişirme kağıdını yerleştirin ve üzerine harcı dökün. File Antep fıstığını da ekleyip yavaş yavaş karıştırın. Üzerini düzelttikten sonra oda sıcaklığında soğutun."", ""Kıvamı sertleşince üzerine pudra şekeri serpiştirin ve kare şeklinde kesin."", ""Birbirlerine yapışmaması için her tarafını pudra şekeri ve Hindistan cevizine bulayın. Ev yapımı lokumlar hazır. Afiyet olsun!""]"
647f22a4-0e15-4833-8369-4fdafad7b3c2,Zerdeçallı Kereviz Mezesi,Turkey,"Zerdeçalın eşsiz aroması ve hardalın hafif acılığıyla harmanlanmış, ferahlatıcı ve sağlıklı bir kereviz mezesi",Meze,"[""1 adet orta boy kereviz"", ""1 çay kaşığı hardal"", ""1 tatlı kaşığı zerdeçal"", ""1 çay kaşığı tuz"", ""1 çay bardağı zeytinyağ"", ""1 adet orta boy elma"", ""1/2 adet limonun suyu""]","[""Kerevizi ve elmayı soyup rendeleyin. Kerevizin 1 sapını yapraklarıyla beraber ince ince kıyın ve rendelenmiş malzemelerin için katın."", ""Sarımsağı bir havanda biraz tuzlayıp dövün. Zerdeçal, hardal, tuz, zeytinyağı, limon suyu ve dövülmüş sarımsağı ayrı bir kapta karıştırarak sosu hazırlayın."", ""Cevizleri elinizle parçalayın ve bir tavaya koyun. 2 kaşık zeytinyağında kavurun. (Yanmamasına dikkat edin.)"", ""Kavrulmuş ceviz parçaları biraz soğuduktan sonra kerevizlerin üstüne serpin.""]"
e473891d-c70a-4afc-a9de-acc7134d4947,Peynirli Kaşık Dökmesi,Turkey,"Lezzetli peynirli kaşık dökmesi, pratik ve hızlı bir kahvaltı seçeneği",Ana Yemek,"[""1/2 su bardağı süt"", ""1/2 su bardağı yoğurt"", ""1 adet yumurta"", ""100 gram beyaz peynir"", ""30 gram rendelenmiş kaşar peyniri"", ""1 çay kaşığı tuz"", ""8 yemek kaşığı un"", ""1/2 paket kabartma tozu""]","[""Tüm malzemeleri bir kapta güzelce karıştırın."", ""Hamur hazır olduktan sonra yapışmaz bir tavanın tabanını fırçayla az yağlayın. Yağ kızdıktan sonra hamurdan birer kaşık koyun ve biraz yayın."", ""Hamurların alt tarafı kızardıktan sonra diğer yüzünü çevirip her iki yüzünü de kızartın. Afiyet olsun""]"
4759c3d2-31c2-40aa-ac8d-24077c91c2d5,Gavurdağı Salatası,Turkey,"Gaziantep mutfağının ferahlatıcı ve lezzetli mezesi olan Gavurdağı Salatası, baharatlı sosuyla damakları şenlendirir",Salata,"[""1 adet büyük boy pembe domates"", ""1 adet çarliston biber"", ""1 adet küçük boy soğan"", ""1 adet kapya biber"", ""4-5 adet ceviz""]","[""Bütün malzemeleri ince ince doğrayıp servis tabağında birleştirin."", ""En son sosunu ayrı kapta karıştırıp üzerine dökün."", ""Tüm malzemeleri karıştırıp servis edin. Afiyet olsun!""]"
7272ea7f-d4f1-44dd-a71e-9da17d9a0da0,Meksika Usulü Taco,Turkey,"Meksika mutfağının lezzetli ikonik yemeği, kıymalı lavaş taco. Pratik ve doyurucu bir öğün veya atıştırmalık",Ana Yemek,"[""4 adet lavaş"", ""4-5 yemek kaşığı zeytinyağı"", ""200 gram kıyma"", ""3-4 yemek kaşığı acı sos"", ""1 adet soğan"", ""3-4 damlalimon suyu"", ""7-8 adet çeri domates"", ""5-6 yemek kaşığı konserve mısır""]","[""Lavaşlarımı bir tabak yardımı ile daire biçimde sekil verdim ve arkalı önlü zeytinyağı sürdüm."", ""Fırın tellerine astım ve 180 derece fırında 15 dakika kadar pişirdim."", ""Bu arada kıymalı harç için gerekli malzemeleri tavada kavurdum ve soğumaya bıraktım."", ""Domatesli katman için gerekli malzemeleri rondodan geçirdim, mısırlarımı ekledim ve hazırlık aşamaları tamam."", ""Dilediğiniz gibi servis edebilirsiniz. Afiyet olsun.""]"
9f3d2906-a757-461f-a74c-c807b9b45cde,Patatesli Tepsi Kebabı,Turkey,"Patatesli Tepsi Kebabı, fırında pişen lezzetli ve doyurucu bir ana yemektir",Et Yemekleri,"[""1 adet domates"", ""1 adet soğan"", ""1 adet sivri biber"", ""1 adet kapya biber"", ""500 gram orta yağlı dana kıyma"", ""1 çay kaşığı tuz"", ""1 çay kaşığı karabiber"", ""1 çay kaşığı toz kırmızı biber"", ""1 çay kaşığı kekik"", ""1 yemek kaşığı sıvı yağ""]","[""Köftesi için; domates,soğan, sarımsak, sivri biber ve kapya biberi rondodan geçirin."", ""Bir kasede rondodan geçirdiğiniz sebzeleri, kıymayı, tuzu, karabiberi, toz kırmızı biberi, kekiği ve sıvı yağı güzelce karıştırarak yoğurun."", ""Yağlanmış yuvarlak fırın kabına kıymayı yayın."", ""Kızarttığınız patatesleri tepsinin kenarlarına güzelce dizin. Orta kısma domatesleri dizin ve 190 derece fırında 30 dakika pişirin."", ""Fırından çıkardığınız patatesli tepsi kebabını sıcak olarak servis edin, afiyet olsun!""]"
99b582b8-8b34-4c0d-b210-f56ae3db2574,Tam Buğday Ekmeği,Turkey,Evde yapımı sağlıklı ve lezzetli tam buğday ekmeği için basit tarif,Ana Yemek,"[""5 su bardağı un"", ""1,5 su bardağı ılık su (350 ml)"", ""1 tatlı kaşığı tuz"", ""1 tatlı kaşığı şeker"", ""1 paket kuru maya""]","[""Mayayı, suyu ve şekeri bir kapta karıştırıp bir miktar bekletelim."", ""Unu ve tuzu da bir kapta karıştırıp, üzerine sıvı karışımı ekleyip iyice yoğuralım. Çok katı olmaması gerekiyor hamurun."", ""2 saat kadar üzerini kapatıp mayalanması için bekleyelim."", ""Mayalanan hamuru, unladığımız tezgaha alıp yoğuralım ve daha sonrasında, yağlı kağıt serdiğimiz pişireceğimiz kaba alıp 1 saat kadar da bu şekilde üstü kapalı mayalandıralım."", ""Üzerine su sürdükten sonra 220 dereceye önceden ısıtılmış fırında 30-35 dakika kadar pişirelim. (Fırından fırına göre değişiklik gösterebilir) Afiyet olsun.""]"
2d0da2ce-f4a2-4ae0-aa6e-d7bb3899d6be,Peynirli Sandviç Bisküvi,Turkey,"Lezzetli peynirli sandviç bisküviler, pratik atıştırmalık veya çay saati için mükemmel bir seçenek",Ana Yemek,"[""2 yemek kaşığı tereyağı"", ""1 adet yumurta"", ""1 adet yumurta"", ""1 yemek kaşığı sirke"", ""1 çay kaşığı tuz"", ""2 su bardağı siyez unu""]","[""Tüm malzemeler bir kapta yoğurulur, ele yapışmayan bir hamur elde edilir. Merdaneyle inceltilir, bıçakla kesilerek şekil verilir."", ""Yağlı kağıt serili tepsiye dizilip, çatalla delikler açılır. 170 derecede 15 dakika kadar, kızarana kadar pişirilir. Arasına krem peyniri veya labne sürülür, afiyetle yenir.""]"
60ddd650-6029-4190-9ce6-3df4e4dab1a9,Havuçlu Tarçınlı Kek,Turkey,"Tarçın ve havuçun mükemmel uyumuyla hazırlanan, mis gibi kokan, yumuşacık bir kek tarifi",Tatlı,"[""3 adet yumurta"", ""3,5 su bardağı un"", ""2 su bardağı esmer şeker"", ""1/2 su bardağı toz şeker"", ""1 su bardağı (2 parmak eksik) sıvı yağ"", ""1/2 su bardağı süt"", ""3 tepeleme yemek kaşığı ceviz"", ""1 tepeleme yemek kaşığı üzüm"", ""3 adet havuç"", ""1 tatlı kaşığı tarçın"", ""1 çay kaşığı toz zencefil"", ""1/2 çay kaşığı tuz"", ""1 çay kaşığı muskat cevizi rendesi"", ""1 paket kabartma tozu"", ""1 paket karbonat"", ""1 paket vanilin""]","[""Yumurta ve şekeri iyice çırpıyoruz. Sütü ekleyip çırpmaya devam ediyoruz ve daha sonra yağı ekleyip çırpmaya devam ediyoruz."", ""Geri kalan tüm malzemeleri koyup karıştırdıktan sonra 24 cm veya 26 cm'lik, yağlanmış kalıba döküyoruz. 180 derecede pişiriyoruz. Afiyet olsun.""]"
f98f2389-1a66-45ff-8c16-b93de5d4c52a,Fıstık Ezmeli Kurabiye,Turkey,Kolay ve lezzetli fıstık ezmeli kurabiye tarifi. Çıtır dışı ve yumuşak içiyle mükemmel atıştırmalık,Tatlı,"[""140 gram fıstık ezmesi"", ""1 adet orta boy yumurta"", ""1 çay bardağı toz şeker"", ""80 gram tereyağ"", ""2,5 su bardağı un"", ""1 çay kaşığı kabartma tozu"", ""1 çay kaşığı karbonat""]","[""Karıştırma kabında fıstık ezmesini, yumurtayı, toz şekeri ve oda sıcaklığındaki tereyağını iyice birbirine karıştırın."", ""Unu azar azar ekleyerek kabartma tozu ve karbonatla birlikte yoğurmaya devam edin."", ""Hamur kıvam aldığında ceviz büyüklüğünde şekil verip yağlı kağıt serilmiş tepsiye yerleştirin."", ""Her bir hamurun üstüne büyük çatalla çizik atın ve üzerlerine yarım fıstık koyup fırına verin.""]"
0fbff182-e511-4ac0-98d3-27fdbe5d6362,Lavantalı Limonata,Turkey,"Taze limonun ferahlatıcı tadı ve lavantanın aromatik notlarıyla harmanlanmış, serinletici bir yaz içeceği",İçecek,"[""4 adet limon suyu"", ""1 yemek kaşığı kuru lavanta"", ""5 bardak su"", ""5 adet böğürtlen"", ""3 yemek kaşığı toz şeker (limonata için)"", ""1 tatlı kaşığı toz şeker (böğürtlenler için)"", ""1 yemek kaşığı su (böğürtlenler için)""]","[""Böğürtlenin renginden yararlanmak için bir cezveye böğürtleni, 1 tatlı kaşığı şekeri ve 1 yemek kaşığı suyu ekleyip yumuşayana ve suyunu bırakana kadar kısık ateşte pişiriyoruz."", ""Bir şişeye limon suyunu, lavantayı, şekeri, böğürtlen suyunu ve 5 bardak suyu ekleyip 2-3 saat buzdolabında dinlendiriyoruz."", ""Daha sonra süzüp bol buz ile servis yapıyoruz. Afiyet olsun.""]"
4d2134ba-4b0b-437a-b8d1-9aa144a5c9bd,Muzlu Çikolatalı Kek,Turkey,"Muzun doğal tatlılığı ve çikolatanın zengin lezzetiyle birleşen, yumuşacık dokulu pratik bir kek tarifi",Tatlı,"[""3 adet olgun muz (1,5 su bardağı)"", ""55 gram eritilmiş tereyağı (1/4 su bardağı)"", ""50 gram sıvı yağ (1/4 su bardağı)"", ""3/4 su bardağı esmer şeker"", ""1 adet yumurta (oda ısısında)"", ""1 paket vanilya"", ""1 çay kaşığı karbonat"", ""1/2 çay kaşığı kabartma tozu"", ""1/2 çay kaşığı tuz"", ""1 su bardağı un"", ""1/2 su bardağı kakao"", ""1 su bardağı damla çikolata""]","[""Bir kaba un, kakao, kabartma tozu, karbonat ve tuzu alıp karıştırın."", ""Ayrı bir derin kap alın, muzları içerisine koyup çatal yardımıyla iyice ezin. Ardından eritilmiş tereyağını ve sıvı yağı koyup karıştırın."", ""Daha sonra sırasıyla esmer şeker, yumurta ve vanilyayı koyup tekrar karıştırın."", ""Kuru malzeme karışımını da bu karışıma ilave edin ve damla çikolatayı ekleyip iyice karıştırın. Yağlanmış, unlanmış bir kek kalıbına alın."", ""Üzerine, ortadan ikiye ayrılmış muz koyup damla çikolata serpiştirin. Önceden ısıtılmış 180 derecelik fırında, yaklaşık 50- 65 dakika pişirin."", ""50. dakikadan sonra bir bıçak yahut kürdan yardımıyla kontrol edip fırından alın. İyice soğuduktan sonra kalıptan çıkarıp servis yapın. Afiyet olsun.""]"
d64075b0-4eb9-4778-952b-648d7f45992c,Katkısız Fıstık Ezmesi,Turkey,Ev yapımı katkısız fıstık ezmesi tarifi. Doğal ve sağlıklı bir alternatif,Ana Yemek,"[""500 gram fıstık içi (tercihen kabuksuz)"", ""1 yemek kaşığı Hindistan cevizi yağı"", ""Etimek Tatlısı Tarifi"", ""Damla Çikolatalı Kurabiye"", ""Tatlı Tarifleri Spoonful Mozaik Pasta Çikolatalı Sufle İrmik Helvası Fırın Sütlaç Profiterol Revani Magnolia"", ""Kahvaltılık Tarifler Pancake Krep Pişi Kuymak Kaygana Kahvaltılık Sos Menemen Muhlama Yumurtalı Ekmek Omlet"", ""Omlet""]","[""Fırınımızı 250 derecede açalım ve ısınmasını bekleyelim."", ""Fırın tepsimize fıstıklarımızı serelim ve ısıttığımız fırında 5 dakika kavuralım. Bu 5 dakika içerisinde tepsiyi bir kez çıkarıp fıstıkları ters düz edelim."", ""Kavrulan fıstıklarımızı robota koyalım. Orta devirde fıstıklarımızı ufalanana kadar çekelim."", ""Bu aşamada fıstıklara Hindistan cevizini ilave edelim ve hızlı devirde bir kez daha krema kıvamına gelene kadar çekelim."", ""Fıstık ezmemiz hazır. Saklama kabına alabiliriz. Afiyet olsun.""]"
6913bed8-d497-4c1d-9865-55a650fb0e62,Çilek Rüyası,Turkey,"Lezzetli çilekli kek tarifi, yumuşacık dokusuyla damakları şenlendirir",Ana Yemek,"[""2 adet yumurta"", ""1 çay bardağı şeker"", ""1/2 çay bardağı sıvı yağ"", ""1,5 çay bardağı süt"", ""2 çay bardağı un"", ""1 paket kabartma tozu"", ""1 paket vanilin"", ""1 adet limon kabuğu rendesi"", ""1/2 çay kaşığı pembe gıda boyası (isteğe bağlı)""]","[""Yumurta ve şekeri iyice çırpın, süt ve yağı ekleyip tekrar çırpın. 1 limonu, rendenin ince tarafıyla rendeledikten sonra kek hamuruna ekleyin."", ""Kabartma tozu, vanilin ve gıda boyasını ekleyip karıştırın. Unu eleyerek yavaşça ekleyin. Bu sırada çırpıcı ile yavaşça karıştırmaya devam edin. Tart kalıbını yağlayın ve hamurunuzu kalıba dökün."", ""Önceden ısıtılmış 180 derece fırında tam 15 dakika pişirin. Keki fırından alınca soğumaya bırakın ve bu sırada pudingi pişirin."", ""Soğuyan keki kalıptan çıkartıp 1 çay bardağı süt ile ıslatın. Birkaç dakika sütü iyice çekmesini bekleyin ve sonra ılıyan pudingi orta kısmına döküp güzelce yayın."", ""Buzdolabına kaldırın, birkaç saat dinlendikten sonra süsleyip servis edebilirsiniz. Afiyet olsun.""]"
a9c44651-16a3-41e2-82f4-e8d35f713461,Kuru Domatesli Patates Köftesi,Turkey,Yumuşak patateslerin kuru domateslerle buluştuğu lezzetli köfteler. Hem pratik hem de doyurucu bir atıştırmalık,Et Yemekleri,"[""6 adet orta boy patates"", ""1 adet büyük boy soğan"", ""1 adet yumurta"", ""1 çay bardağı galeta unu"", ""8 adet kuru domates"", ""1/2 su bardağı rendelenmiş kaşar peyniri"", ""1 su bardağı sıvı yağ (kızartmak için)""]","[""Öncelikle patateslerimizi haşlayalım. Kuru domateslerimizi de kaynar suyla ıslatalım."", ""Yeşilliklerimizi yıkayalım."", ""Domates kurusunu ve yeşillikleri incecik kıyalım."", ""Yoğurma kabına patatesleri, soğanı, kaşarı rendeleyelim."", ""Diğer malzemeleri de katıp güzelce yoğuralım."", ""Köftelerimizi hazırlayıp ısınmış yağımızda arkalı önlü kızartalım."", ""Bol yeşilliklerle servis yapabilirsiniz. Afiyet olsun.""]"
e86435ab-5a1b-43ce-a5e1-c5c869c32854,Yalancı Doyuran Pasta,Turkey,"Pratik ve lezzetli Yalancı Doyuran Pasta, az malzemeyle hazırlanan hızlı bir tatlı seçeneğidir",Tatlı,"[""1,5 paket petibör bisküvi"", ""1 yemek kaşığı eritilmiş tereyağı"", ""1 çay bardağı pudra şekeri"", ""1 su bardağı süt"", ""1 paket vanilin"", ""2 yemek kaşığı kakao""]","[""Pötibör bisküvileri rondodan geçirin veya güzelce ufalayın. (Toz halinde olması önemli)"", ""Yağı, sütü, kakaoyu, şekeri ve vanilini koyup yoğurun. Bu aşamada kıvama göre süt veya pötibör ekleyebilirsiniz."", ""Güzel bir hamur elde edince, streç film serili tezgahın üzerine alın ve elinizle hamura silindir şeklini verin."", ""Buzlukta 2-3 saat bekletin."", ""Buzdolabından pastayı almaya yakın, çikolatayı benmari usulü eritin ve soğumaya bırakın."", ""Pastayı dilimleyin, önce sosa sonra dilediğiniz ceviz veya fıstığa bulayın."", ""Çay veya kahvenizin yanında sevdiklerinize servis edin. Afiyet olsun.""]"
c6f46904-1651-4d9b-9e6a-90e021a4f001,Otlu Yoğurtlu Kabak Sıyırma,Turkey,Fırınlanmış kabakların yoğurt ve zeytinyağıyla buluştuğu lezzetli ve pratik bir meze,Sebze Yemekleri,"[""2 adet kabak"", ""3 yemek kaşığı süzme yoğurt"", ""3 yemek kaşığı zeytinyağı""]","[""1 diş sarımsağı iyice dövün. Bir çimdik tuz ekleyip yoğurt ile karıştırın."", ""Diğer sarımsağı rendeleyin ve biberiyenin yapraklarını ayıklayın."", ""Zeytinyağını küçük bir tavaya alın. Rendelediğiniz sarımsağı ve biberiye yapraklarını sarımsaklar kahverengi olup çıtırlaşana kadar kavurun."", ""Zeytinyağını bir kaseye süzün; kızarmış sarımsak ve biberiye yapraklarını kenara alın."", ""Kabakları patates soyucu ile geniş ve ince şeritler halinde kesin."", ""Biberiye ve sarımsak aromalı zeytinyağını bir tavaya alın. Kabakları 3-4 dakika boyunca kavurun."", ""İnce ince kıydığınız fesleğen, tuz ve karabiberi de ekleyip kabağı ocaktan alın."", ""Kabağı bir tabağa alın. Üzerine sarımsaklı yoğurt dökün. Son olarak kızarmış sarımsak ve biberiye yaprakları ile süsleyin. Afiyet olsun.""]"
3f3e0466-3e66-4734-a12d-b864e10f39cb,Şekersiz Unsuz Kurabiye,Turkey,"Sağlıklı ve şekersiz bir atıştırmalık arayanlar için mükemmel, dut kurusu ve fındıkla hazırlanan lezzetli kurabiye tarifi",Tatlı,"[""1 su bardağı dut kurusu"", ""1 yemek kaşığı kakao"", ""1 su bardağı çiğ fındık"", ""1 adet yumurta akı""]","[""Kabukları ayrılmış olan fındıkları, yüksek devirli mutfak robotunda un haline gelene kadar çekin. Un yerine fındık içi kullanın."", ""Aynı şekilde dut kurularını da şeker tanesi haline gelene kadar mutfak robotunda çekin. Şeker yerine de dut kurusu tozu hazırlayın."", ""Yumurta akı ve kakao ilavesiyle tüm malzemeyi geniş bir kap içinde özleşene kadar yoğurun."", ""Hazırladığınız hamurdan ceviz büyüklüğünde parçalar koparıp avuç içinde yuvarlayın."", ""Yağlı kağıt serilmiş fırın tepsisine aralıklı olarak dizin. Arzuya göre üzerlerine bir çatal yardımıyla bastırıp şekil verin."", ""Önceden ısıtılmış 180 derece fırında 20 dakika kadar pişirin. Soğuttuktan sonra kahvenin yanında sevdiklerinizle paylaşın.""]"
b8a3b142-1997-4c7d-8a30-b98d16992b47,Biscotti,Turkey,"İtalyan kökenli çifte pişirilmiş kurabiye biscotti, kahve ile servis edildiğinde harika bir lezzet sunar",Ana Yemek,"[""3 adet büyük boy yumurta"", ""1 su bardağı toz badem (bademleri rondodan da çekebilirsiniz)"", ""2 su bardağı un"", ""1 su bardağı esmer şeker"", ""1 tatlı kaşığı kabartma tozu"", ""1 tatlı kaşığı vanilya özü (ya da 1 paket vanilya)"", ""1/4 su bardağı tereyağ"", ""1 yemek kaşığı zeytinyağı""]","[""Toz badem, un, esmer şeker, kabartma tozu ve tuzu bir kaba alarak karıştırıyoruz."", ""Kuru karışımın üzerine soğuk tereyağını minik minik parçalar halinde ufalayarak karışıma yediriyoruz. (Malzeme karışımı toplanmayacak, panik yok)"", ""Ayrı bir kapta 3 yumurta, zeytinyağı ve vanilyayı çırpıyoruz."", ""Sıvı karışımı toz karışıma ekleyerek yoğuruyoruz. Çok katı bir hamur olmuyor azıcık ele bile yapışabilir bu yüzden panik olup ekstra un eklemeye pek gerek yok :)"", ""Hamuru unlanmış tezgaha alıp, bütün bir tost ekmeği gibi elimizle açıyoruz ve böyle 2 parça çıkıyor."", ""Bu 2 parça hamurumuzu fırın tepsimize yan yana ama birbirlerine dokundurmadan koyuyoruz."", ""Üzerine fırça yardımı ile süt sürüyoruz ve önceden ısıtılmış 180 derecelik fırınımızda altlı üstlü şekilde 25 dakika pişirip ardından fırından alıyoruz."", ""Tırtıklı bir bıçakla dilimleyip dilimleri tekrar tepsiye alıp 9 dakika kadar daha pişiriyoruz."", ""Fırından çıkan biscotti'lerimizi dinlendirip erittiğimiz çikolataya ardından şekerlemelerimize banarak yiyebiliriz, afiyet olsun :)""]"
f0a8623f-f099-4338-9060-9c501239a8d8,Bademli Pilav,Turkey,"Bademli Pilav, file bademlerin nefis aromasıyla zenginleştirilmiş, özel günlerin vazgeçilmez lezzetidir",Pilav & Makarna,"[""1,5 su bardağı baldo pirinç"", ""1/2 su bardağı file badem"", ""2 yemek kaşığı sıvı yağ"", ""2 tatlı kaşığı tereyağ"", ""1 çay kaşığı tuz (azaltıp arttırılabilir)"", ""2+3/4 su bardağı sıcak tavuk suyu (veya normal su)""]","[""Pirinçleri en az 15 dakikalığına ıslayın."", ""Kuru üzümleri, şişmeleri için sıcak su dolu bir kaseye alın."", ""1 yemek kaşığı sıvıyağı tencereye alın ve bademlerinizi kokuları çıkana hafif renk alana kadar kavurun."", ""Bademleri kenara alın. Pirinçleri süzün ve yıkama suyu berraklaşana kadar sudan geçirin."", ""1 yemek kaşığı sıvıyağı ve tereyağı tencereye koyup kızdırın."", ""Pirinçleri ekleyin ve kırmadan kavurun. Daha sonra bademleri, kuş üzümlerini, sıcak suyu, şekeri ve tuzu ekleyip tencerenin kapağını kapatın, ocağın altını kısın."", ""Suyun tamamını çektikten sonra tencereyle kapak arasına havlu kağıt koyup 15 dakika boyunca dinlendirin.""]"
3407f9dd-8578-4246-82dc-1126fca5e6a1,Pizza Pasta,Turkey,Evde kolayca yapabileceğiniz lezzetli pizza hamuru tarifi,Ye,"[""2,5 su bardağı un"", ""1 su bardağı ılık su"", ""1/2 tatlı kaşığı kuru maya"", ""1/2 tatlı kaşığı toz şeker"", ""1 yemek kaşığı zeytinyağı"", ""1 çay kaşığı tuz""]","[""Pizza hamurunu hazırlamak için öncelikle; ılık su, kuru maya ve toz şekeri, küçük bir kapta karıştırdıktan sonra mayanın aktive olması için 5 dakika kadar bekletin."", ""Elenmiş un ve tuzu derin bir kaba aldıktan sonra orta kısmını açın. Zeytinyağı ve sıvı maya karışımını da kattıktan sonra tüm malzemeyi orta kısımdan kenarlara doğru karıştırmaya başlayın."", ""Toparlanan pizza hamurunu mümkünse mermer bir tezgah üzerinde yuvarlayıp büyük bir beze haline getirdikten sonra üzerini streç filmle kaplayın ve oda ısısında mayalanması için en az 30 dakika kadar be"", ""Basit ve pratik bir pizza sosu için; domates salçası ve acı sosu ılık suyla karıştırıp kıvamını açın. Zeytinyağı ve kurutulmuş fesleğen eklediğiniz sosu karıştırın."", ""Mayalanan pizza hamurunu iki eşit bezeye ayırın. Hafif bir şekilde unlanmış mutfak tezgahı üzerinde elinizle büyüterek dikdörtgen şeklinde açın."", ""Küçük boy (18-23 cm.) kelepçeli ya da derin kek kalıbının taban kısmını kullanarak dört adet yuvarlak pizza tabanı çıkartın."", ""Tabanını yağlı kağıtla kapladığınız önceden ısıtılmış 180 derece fırında 8 dakika kadar pişirin."", ""Kalan hamurları birleştirip yeniden açın. Kek kalıbının derinlik kısmını da dikkate aldıktan sonra dikdörtgen bir hamur şeridi çıkartın."", ""Kelepçeli kek kalıbının orta kısmına genişçe kesilmiş yağlı kağıt yerleştirin, kenar kısımları da kaplamasına dikkat edin, uç kısımları kalıbın dışına çıksın."", ""Dikdörtgen hamur şeridini kalıbın iç kısmına çevreleyip uç kısımlarını bastırarak sabitleyin. Bir parmak kalınlığında hamur parçasını üstte bırakın. Pişmiş pizza katlarını yerleştirdikten sonra ona ih"", ""Ön pişirme işlemine tuttuğunuz pizza tabanlarından birini kalıbın taban kısmına yerleştirin. Üzerine hazırladığınız domates sosundan yayıp rendelenmiş kaşar peyniri serpiştirin. Sucuk dilimleri yerleş"", ""Kalan pişmiş pizza tabanlarını aynı işlemi uygulayarak sırasıyla üst üste dizin. En üst kata kalan kaşar peynirini bolca serpiştirin, sucuk dilimlerini yerleştirin."", ""Kenar kısmından sarkan hamur parçalarını tüm katları sabitleyecek ve kabarık gözükecek şekilde düzeltin."", ""Önceden ısıtılmış 180 derece fırında 20-25 dakika kadar pişirin. Fırından çıkan pizza pastayı, oda ısısında kısa bir süre soğuttuktan sonra yağlı kağıt kullandığınız için kolaylıkla kalıbından çıkartı"", ""Keskin bir bıçak yardımıyla dağıtmadan dilimleyip sıcak olarak sevdiklerinizle paylaşın.""]"
5c3b65a9-abf0-41c8-a071-5d09a080301c,Frambuaz Sosu,Turkey,"Taze frambuazların lezzetini yoğunlaştıran bu sos, tatlılarınızı süslemek için mükemmel bir seçenek",Ana Yemek,"[""300 gram frambuaz"", ""1 su bardağı su"", ""2 yemek kaşığı nişasta"", ""5 yemek kaşığı şeker""]","[""Sos tenceremize suyumuzu ve nişastamızı alalım. Nişastayı çözdürecek kadar karıştıralım."", ""Şeker ve meyvemizi de ekleyip bir daha karıştıralım ve tenceremizin altını açalım."", ""Kısık ateşte yavaş yavaş karıştırarak koyulaşana kadar pişirelim. Sos kıvamını alınca tencerenin altını kapatabiliriz. Sosumuz hazır. Afiyet olsun.""]"
a486d816-7994-4f42-bad3-f9de1c0aafb8,Zeytinyağlı Ekşili Pırasa,Turkey,"Zeytinyağının lezzetiyle buluşan, ekşili tadıyla damakları şenlendiren pırasa yemeği",Ye,"[""1 kg pırasa"", ""3 adet havuç"", ""1/2 çay bardağı pirinç"", ""1 çay kaşığı limon tuzu"", ""1/2 çay bardağı zeytinyağı"", ""3 adet küp şeker"", ""1 çay kaşığı tuz"", ""1 su bardağı sıcak su""]","[""Pırasaları ve havuçları ayıklayıp, temizledikten sonra verevli şekilde kesiyoruz."", ""Tencereye zeytinyağı koyuyoruz, havuçları ekleyip havucun rengi yağa geçene kadar kavuruyoruz. Küp şekeri de ekleyip, şeker eriyene kadar kavuruyoruz."", ""Pırasaları, yıkanmış pirinci, tuzu ve limon tuzunu koyup, suyunu ilave ederek kısık ateşte pişiriyoruz. Limon eşliğinde soğuk olarak servis ediyoruz. Afiyet olsun.""]"
471bae3a-2dac-48cf-aa13-b29d7b9df09a,Kakaolu Pastacı Kreması,Turkey,"Lezzetli ve kremsi kakaolu pastacı kreması, tatlılarınızı mükemmel hale getirmek için ideal",Ye,"[""1 adet yumurta"", ""1/2 su bardağı toz şeker"", ""1 paket vanilin"", ""1 yemek kaşığı un"", ""1 yemek kaşığı nişasta"", ""1 yemek kaşığı kakao"", ""2,5 su bardağı süt""]","[""Tencereye yumurta, tereyağı, toz şeker, vanilin, un, kakao ve nişastayı koyun."", ""Üzerine sütü ilave edin ve ocağa almadan önce homojen bir karışım olana kadar karıştırın."", ""Ocağa alın ve orta ateşte sürekli karıştırarak pişirin. Göz göz kabarmalar başladığında ve kıvam aldığında ocaktan alın."", ""Bir kaseye aktarın ve üzerine streç film değecek şekilde kapatın. Oda sıcaklığında en az 1 saat soğuduktan sonra buzdolabına koyup soğutun. Pastalarınız için kullanmadan önce mikser ile ya da tel çırp"", ""Yaş pasta kreması hazır! Pastalarınızda, dolgulu tatlılarınızda kullanıp afiyetle tüketin.""]"
5a32c257-a5a0-435c-a43a-107d37dc2c36,Glutensiz Tarçınlı Kek,Turkey,"Lezzetli glutensiz tarçınlı kek, badem sütüyle hazırlanan hafif ve sağlıklı bir tatlı seçeneği",Ye,"[""1 adet yumurta"", ""3 yemek kaşığı şeker"", ""1 çay bardağı badem sütü"", ""3 yemek kaşığı Hindistan cevizi yağı"", ""1 paket şekerli vanilin"", ""1/2 paket kabartma tozu"", ""1 tatlı kaşığı tarçın"", ""1 su bardağı badem unu"", ""1 çay bardağı keçiboynuzu unu""]","[""Yumurta ve şekeri beyaz renk alana kadar çırpın."", ""Ardından badem sütü ve Hindistan cevizi yağını ekleyerek çırpmaya devam edin."", ""Keçiboynuzu ve badem ununu da ekleyerek homojen kıvam alana kadar çırpın."", ""Tarçın, kabartma tozu ve şekerli varilini son olarak ekleyin."", ""Hindistan cevizi yağı ile yağladığınız kek kalıbı veya borcama kek karışımını dökün."", ""180 derece fırında fanlı ayarda 35 dakika pişirin."", ""Servis etmek için orman meyveleriyle süsleyebilirsiniz. Afiyet olsun.""]"
c108e3b7-fdae-4651-a634-b059665fe1c8,Fırında Kabak Tatlısı,Turkey,"Fırında pişirilen hafif ve lezzetli kabak tatlısı, şerbeti ile birlikte damaklarda unutulmaz bir tat bırakır",Ye,"[""1,5 kilogram kabak"", ""750 gram şeker"", ""1/2 su bardağı su""]","[""Bir gece önceden soyup dilimlediğiniz kabakları geniş bir tencereye yayın."", ""Üzerlerine şeker serperek kat kat tencereye sıralayabilirsiniz. Yarım bardak su ekleyin."", ""Kısık ateşte şeker eriyip su gibi olana kadar pişirin. Altını kapatın. Sabaha kadar tenceresinde bekletin."", ""Ertesi gün kabaklar yumuşayana kadar tencerenin ağzı açık şekilde kaynatın."", ""Sonrasında 180 derece fırında 15 dakika kadar suyunu çekene kadar pişirin. Afiyet olsun.""]"
81c341ca-e8cd-4e8b-b582-b41597ce7cd4,Naan Ekmeği,Turkey,"Hindistan mutfağının lezzetli ve yumuşak naan ekmeği, evde kolayca hazırlanabilir",Ana Yemek,"[""1 paket instant maya"", ""150 ml su"", ""1 tatlı kaşığı bal""]","[""Bir kapta 150 ml su, maya ve 1 tatlı kaşığı bal ya da şekeri iyice karıştırın. Üzerini streç film ile kapatıp 10 dakika dinlenmeye bırakın."", ""Yoğurma kabına 4 su bardağı unu ilave edip, unun ortasını açın. Yoğurt, zeytinyağ, tereyağ ve tuzu unun ortasına ilave edip ve iyice karıştırın."", ""Daha sonrasında karışımımza mayayı döküp iyice yoğurun. Yoğurduktan sonra hamurumuzun üzerini streç film ya da temiz bir bez ile kapatıp 1 saat kadar dinlenmeye bırakın."", ""Hamurunuz dinlenirken sarımsaklı sosu hazırlamak için bir kapta zeytinyağ, doğranmış maydanoz ve yine minik minik doğradığınız sarımsağı koyup güzelce karıştırın."", ""1 saat dinlenen hamuru, unladığınız tezgaha alıp 8 eşit parçaya bölün ve beze yapın. Sonrasında ister elinizle ister bir merdane yardımıyla bezeleri orta kalınlıkta gelişigüzel şekilde açın."", ""Açtığınız hamurları yağsız bir tavada bir tarafı baloncuk olunca çevirip diğer tarafı da pişince tabağa alacak şekilde pişirin."", ""Sonrasında pişen ekmeklerinizin bir tarafına fırça yardımı ile sosunuzdan sürüp yiyebilirsiniz . İşte bu kadar basit, afiyet olsun.""]"
273517a2-d9c5-4509-a27f-0a3f2155d69e,Elmalı Tart,Turkey,Tarçın ve şekerle harmanlanmış elma dilimleriyle hazırlanan lezzetli ve pratik bir tatlı,Ana Yemek,"[""3-4 adet elma"", ""3 yemek kaşığı toz şeker"", ""1 tatlı kaşığı tarçın"", ""1 çay bardağı ceviz içi (küçük küçük doğranmış)""]","[""Rendelenmiş elmayı tavada biraz suyunu çekene kadar pişirelim, sonra tarçınla cevizi atıp biraz daha pişirip altını kapatıp soğumaya bırakalım."", ""Tart hamuru için yoğurma kabına da un hariç malzemeleri karıştıralım. Sonra yavaş yavaş ununu ekleyerek yoğuralım. Hamurun üzerine temiz bez serip 15 dakika kadar dinlendirelim."", ""Hamurdan portakal büyüklüğünde alıp ayıralım. Geri kalan hamuru iki yağlı kağıt arasında merdane ile yayalım fırın kabımızın büyüklüğü kadar açalım (ben yuvarlak borcam kullandım)."", ""Borcamın içine açtığımız hamuru pişirme kağıdı ile beraber koyuyoruz üzerine iç harcımızı yayalım. Ayırdığımız hamuru pişirme kağıdı üzerinde merdane ile açarak ince şeritler kesip iç harcın üzerine d"", ""Önceden ısıtılmış fırında 180° de 25 dakika pembeleşene kadar pişirelim az soğuduktan sonra üzerine pudra şekeri serpelim. Afiyet olsun.""]"
aaed36eb-b501-47f5-86d2-a5f32cc1cf0e,Hurma Topları,Turkey,"Sağlıklı ve tatlı hurma topları, kakao ve fındık ile lezzetlendirilmiş pratik bir atıştırmalık",Ana Yemek,"[""10-15 adet hurma"", ""2 yemek kaşığı fındık (ceviz ya da badem de olur)"", ""1 yemek kaşığı kakao""]","[""Hurmaları 10 dakika kadar kaynar suda bekleterek yumuşamasını sağlayın."", ""Çekirdekleri çıkarın ve mutfak robotuna koyun.Üstüne kakaoyu da ekleyerek robottan geçin."", ""Üzerine fındık parçaları ekleyin."", ""Cevizden küçük parçalar koparıp elinizde yuvarlayın."", ""Fıstık, fındık ya da kakaoya bulayın."", ""Ardından servis edin. Afiyetler olsun.""]"
c9874eca-c814-4087-9499-bae823d4b0a9,Çiçek Poğaça,Turkey,Yumuşacık ve baharatlı iç harcıyla çiçek şeklinde açılan mis gibi bir poğaça tarifi,Ye,"[""1,5 su bardağı ılık süt"", ""1 çay bardağı sıvı yağ"", ""1 yemek kaşığı tereyağı"", ""1 adet yumurta akı"", ""1 paket kuru maya"", ""1 tatlı kaşığı şeker"", ""1,5 çay kaşığı tuz"", ""3-3,5 su bardağı un""]","[""Süt, yumurta akı, yağlar şeker ve maya yoğurma kabına alınır ve karıştırılır."", ""Maya eriyince tuz ve un kontrollü bir şekilde eklenir. Ele yapışmayan yumuşak bir hamur elde edilir."", ""Yarım saat mayalanmaya bırakılır. Sonrasında hamurun havasını çıkarmak için 2-3 kez daha yoğrulur. (maya korkmaması için ) Hamur iki eşit parçaya ayrılır."", ""Her biri 7 eşit parçaya ayrılıp beze yapılır. Ortasına bastırıp genişletilerek bir tatlı kaşığı peynirli harçtan konur."", ""Kenarları birleştirilir ve yuvarlanır. Diğerlerine de aynı işlem yapılır. Kelepçeli kalıba yağlı kağıt serilir. Kenarları makasla kesilir."", ""Yedi poğaça çiçek şeklinde dizilir ve yarım saat 45 dakika mayalanmaya bırakılır. Tepsi mayası çok önemli."", ""İki katına çıkınca pekmezle çırpılmış yumurta sarısı üzerilerine sürülür. Biraz Susam serpiştirilir."", ""Önceden ısıtılmış fırında alt üst ayarda 190°’de 25 30 dakika pişirilir. İlk sıcağı geçince servis yapılır. Afiyet olsun.""]"
e0ceaa1f-bd45-4924-a667-63a08736c69b,Sokak Simidi,Turkey,"Kıtır kabuğu ve yumuşak içiyle sokak lezzetini evde yapın, taze simit keyfini yaşayın",Ana Yemek,"[""4,5 su bardağı un (450 gram un)"", ""1 + 1/4 su bardağı su"", ""1/2 paket kuru maya"", ""1 yemek kaşığı şeker"", ""2 tatlı kaşığı tuz""]","[""Bir kap içerisinde ılık su, kuru maya ve şekeri eriyene kadar karıştırıp, 5 dakika oda sıcaklığında mayanın aktive olması için bekletin."", ""Unu tezgaha alın, ortasını havuz yapın. Mayalı karışımı ortasına ekleyin. Tuzu kenarlardan ekleyin. Bir çatal yardımıyla unu toparlayarak karıştırın."", ""Toparlanan karışımı ellerinizi kullanarak yuvarlak bir hamur haline getirin. Çok fazla pürüzsüz olmasına gerek yok. Üzerini streçleyip 10 dk dinlendirin."", ""Ardından tezgaha alın ve eşit bezelere ayırın. Üzerini kapatıp, 5 dakika daha böyle dinlendirin."", ""Bezeleri fitil (rulo) şeklinde uzatın. Yaklaşık iki karışlık boyuta ulaştırın. Uç kısımlarını kalın bırakmaya özen gösterin. Hamuru kalın uçlarından tutup paralel şeke getirin. Sağ elinizi yukarı, sol"", ""Derin bir kap içerisinde, su ile pekmezi karıştırın. Hazırladığınız simitleri önce pekmezli suya, ardından kavrulmuş susama bulayın. Her tarafının susamlandığına emin olun. Üzerine bir bez örtüp 5 dak"", ""İki elinizi kullanarak simit hamurlarını eşit bir şekilde düzgün yuvarlaklar haline getirin. Aralarında boşluk kalacak şekilde fırın tepsisine dizin."", ""Önceden ısıtılmış 190 derece fırında arada buhar desteği vererek yaklaşık 20 dakika pişirin. Sokak simidi hazır. Afiyet olsun!""]"
8d2d0628-53e2-4b38-a55b-924d244725f2,Soğuk Hibiskus Çayı,Turkey,"Ferahlatıcı ve lezzetli soğuk hibiskus çayı, tarçın aromasıyla tatlandırılmış harika bir içecek",İçecek,"[""1 litre su"", ""1 su bardağı toz şeker"", ""1 adet çubuk tarçın"", ""4 adet karanfil"", ""1 su bardağı hibiskus kurusu""]","[""Geniş bir tencere ya da çaydanlıkta suyu kaynatın. İçine şeker, çubuk tarçın, karanfil ve hibiskus yapraklarını atıp kısık ateşte 5 dakika kaynatın."", ""Ardından çayı süzün. Bu aşamadan sonra çayı kullanana kadar 2-3 gün buzdolabında ağzı kapalı olarak muhafaza edebilirsiniz."", ""Servis etmeden önce anjelik erik ve nektarini çok ufak küpler halinde doğrayıp, limonu da dilimleyin."", ""Geniş bir sürahinin yarısını buzla doldurun; meyveleri ekleyin, hibiskus çayını da ekleyip karıştırdıktan sonra son olarak maden suyu ilave ederek servis edin. Afiyet olsun.""]"
e0b6f031-1a2f-4a1c-9dd5-d78e7558ca32,Cool Lime,Turkey,"Serinletici ve ferahlatan Cool Lime tarifi, sıcak günlerde içinizi ferahlatmak için ideal",Ana Yemek,"[""1 adet limonun suyu"", ""1 adet limonun kabuğu"", ""1 yemek kaşığı toz şeker"", ""1 su bardağı soğuk su""]","[""İlk olarak derin bir kaseye toz şekeri, rendelenmiş limon kabuğunu ve taze nane yapraklarını alıyoruz. Malzemeleri, şeker eriyene kadar iyice karıştırıyoruz."", ""Üzerine bir adet limonun suyunu ve bir su bardağı soğuk suyu ekleyip karıştırıyoruz. İçeceği süzgeçle süzüyoruz."", ""Bardağa buz küpleri ilave ediyoruz. Üzerine içeceği ekliyoruz. Limon dilimi ve nane ile süslüyoruz. Afiyet olsun.""]"
8a3b65ee-e47f-4a2e-a7e4-244cfc3d3cf3,Ev Yapımı Kıymalı Pide,Turkey,"Ev yapımı hamurun üzerine bol kıyma ve peynirle hazırlanan, lezzet ve doyuruculuğu bir arada sunan klasik bir pide tarifi",Börek & Hamur İşi,"[""1/2 su bardağı ılık su"", ""1/2 su bardağı ılık süt"", ""1 paket kuru maya"", ""1 tatlı kaşığı toz şeker"", ""1 yemek kaşığı zeytinyağı"", ""2,5 su bardağı un (az gelirse ekleyebilirsiniz.)"", ""1 çay kaşığı tuz""]","[""Kuru mayayı, ılık süt ve ılık suyun içine dökün ve şekeri ekleyip karıştırın. 10 dakika mayanın aktive olması için bekleyin."", ""Derin bir yoğurma kabına ununuzu eleyin ve üzerine tuzu serpin. Elediğiniz unun ortasına havuz açın ve içine hazırladığınız mayayı ve zeytinyağını ekleyin. Elinize yapışmayacak kıvama gelene kadar ham"", ""Domatesi, soğanı, biberleri ve maydanozu rondodan geçirin. Üzerine domates ve biber salçasını ekleyip karıştırın."", ""Rondodan geçirdiğiniz malzemeleri kıymanın üzerine koyup, baharatları ekleyin ve yoğurun.""]"
3beec7dc-92fa-4794-abd4-33b7b79e5983,Sütsüz Un Helvası,Turkey,"Pratik ve lezzetli bir klasik, sütsüz un helvası",Tatlı,"[""1,5 su bardağı sıvı yağ"", ""3 su bardağı un"", ""1 su bardağı şeker"", ""1,5 su bardağı su"", ""Etimek Tatlısı Tarifi"", ""Damla Çikolatalı Kurabiye"", ""Tatlı Tarifleri Spoonful Mozaik Pasta Çikolatalı Sufle İrmik Helvası Fırın Sütlaç Profiterol Revani Magnolia"", ""Kahvaltılık Tarifler Pancake Krep Pişi Kuymak Kaygana Kahvaltılık Sos Menemen Muhlama Yumurtalı Ekmek Omlet"", ""Omlet""]","[""İlk olarak şerbeti hazırlayın. Bir kap içerisine şeker ve suyu alın. Şeker eriyinceye kadar karıştırın. Şerbet soğuk olacak."", ""Sıvı yağı tencereye alın ve ocağın altını yakın. Unu ekleyip kavuramaya başlayın."", ""Orta ateşte yaklaşık 20 dakika kadar rengi değişinceye kadar kavurun."", ""Rengi iyice değiştiğinde hafif sıvı bir kıvam da almaya başlayacak."", ""Helvayı kavurduktan sonra ocağın altını kısın ve hazırladığınız soğuk şerbeti azar azar dökün."", ""Topaklanmaması için bir yandan hızlı hızlı karıştırın. Şerbetini iyice çekene kadar 1-2 dakika daha pişirip ocaktan alın. Kıvamının iyice koyulaştığını göreceksiniz."", ""Sıcakken kaşık yardımıyla şekil verin servis tabağına koyun. Dilerseniz helvayı baton bir kek kalıbına döküp, dilimleyerek de servis edebilirsiniz. Afiyet olsun.""]"
561b4010-84eb-4081-882f-763e55cc2f25,Şekersiz Brownie Kurabiye,Turkey,"Şeker içermeyen, sağlıklı ve lezzetli bir atıştırmalık alternatifi",Tatlı,"[""1 çay bardağı yulaf ezmesi"", ""1 adet yumurta"", ""1 çay bardağı Hindistan cevizi tozu"", ""2 yemek kaşığı Hindistan cevizi yağı"", ""2 yemek kaşığı zeytinyağı"", ""3 yemek kaşığı kakao"", ""1 çay bardağı pekmez"", ""50 gram bitter damla çikolata""]","[""Bitter damla çikolata hariç tüm malzemeler mutfak robotuna konulur ve karıştırılır."", ""Bitter çikolata da eklenir. Karıştırılır."", ""Şekil verilen kurabiyeler 180 derece fırında 20 dakika pişirilir.""]"
2096551a-fbcc-4d36-a2f5-1c747ae1fa0e,Çilekli Chialı Kase,Turkey,"Sağlıklı ve lezzetli bir kahvaltı veya atıştırmalık seçeneği olan çilekli chialı kase, pratik yapımıyla da dikkat çekiyor",Ana Yemek,"[""3 yemek kaşığı yoğurt"", ""2 yemek kaşığı kefir"", ""4 tatlı kaşığı chia tohumu"", ""10 adet çilek""]","[""Çilekleri rondodan geçirin üzerine yoğurdu, kefiri ve 3 tatlı kaşığı chiayı ekleyin."", ""Sunum için bir kase seçin ve kalan chialarınızla üzerini süsleyin. Afiyet olsun.""]"
90f44e64-7243-49a4-b6b7-fb7602ca240f,Enginar Salatası,Turkey,"Yaz aylarının ferah lezzeti, enginar salatası ile sofralarınıza tazelik katın",Salata,"[""5 adet çanak enginar (önden haşlanmış ya da konserve)"", ""2 adet közlenmiş biber (taze ya da konserve)"", ""5 adet kornişon turşu (dilimlenmiş)"", ""4 yemek kaşığı mısır"", ""1/2 adet limonun suyu"", ""3 yemek kaşığı zeytinyağı"", ""1/2 çay kaşığı tuz"", ""1/2 çay kaşığı sumak (tercihinize göre)""]","[""Derin bir kaseye biberleri ekleyin."", ""Üzerine turşuları ve mısırları ilave edin."", ""İri küpler halinde doğradığınız enginarı ve yeşillikleri de ekleyin."", ""Limon suyu, zeytinyağı ve tuzu karıştırın."", ""Salata ile sosu birleştirin. Karıştırın.""]"
8ce2e7ed-007c-446a-a830-0c980c80ba91,Portakallı Kerevizli Fırında Somon,Turkey,"Portakal ve kerevizin ferah tatlarıyla harmanlanmış, pratik ve lezzetli fırında somon tarifi",Balık & Deniz Ürünleri,"[""400 gram somon"", ""1 adet kereviz"", ""4-5 adet arpacık soğan"", ""1 adet portakal"", ""1 tatlı kaşığı biberiye"", ""1 yemek kaşığı balzamik sirke""]","[""Tavaya 1 yemek kaşığı zeytinyağı koyulur. Üzerine arpacık soğan ve halka halka doğranmış kerevizler eklenir."", ""Yağda az sotelendikten sonra 3 yemek kaşığı kadar portakal suyu ve biberiye eklenir."", ""Kısık ateşte 10 dakika pişirilir. Suyunu çekerse az su ilavesi yapılır. Tuz ilave edilerek ocaktan alınır."", ""Fırın kabına kerevizler dizilir. Ayrı bir kasede 5 yemek kaşığı portakal suyu, balzamik sirke, sarımsaklar, tuz ve maydanozlar doğranarak karıştırılır."", ""Bu karışım somonların üzerine sürülür. Somonlar kerevizlerin üzerine yerleştirilir. Sosun kalanı üzerlerine gezdirilir. 180 derece fırında 15-20 dakika pişirilir. Afiyet olsun.""]"
a782c16c-215d-4502-986d-92ce7e3b4a69,Kahvaltılık Pankek,Turkey,Lezzetli ve pratik kahvaltılık pankek tarifimizle harika bir başlangıç yapın,Tatlı,"[""1 adet yumurta"", ""1 su bardağı süt"", ""2 yemek kaşığı toz şeker"", ""2 yemek kaşığı sıvı yağ"", ""1 su bardağı (1 yemek kaşığı fazla) un"", ""1 paket kabartma tozu"", ""1 paket vanilya""]","[""Yumurta ve şekeri köpürene kadar çırpıyoruz."", ""Sıvı yağı ekleyip çırpmaya devam ediyoruz."", ""Son olarak kuru malzemeleri eleyerek ekliyoruz."", ""Tavayı orta ateşte önceden ısıtıyoruz. Krep tavanız var ise yağlamanıza gerek yok. Normal tavada yapacaksanız eğer tavanızı yağlayın. Hamuru kepçe yardımı ile tavaya döküyoruz."", ""Hamur göz göz olup kabarmaya başlayınca diğer yüzünü çevirip pişiriyoruz.""]"
e7d9b7ac-5020-41c7-9c6f-25c8bc8777e3,Şipşak Mozaik Pasta,Turkey,"Pratik ve lezzetli şipşak mozaik pasta, hiç pişirmeden hazırlanan ferahlatıcı bir tatlıdır",Tatlı,"[""125 gram tereyağı"", ""2 su bardağı süt"", ""4 yemek kaşığı toz şeker"", ""3 yemek kaşığı kakao"", ""2 paket pötibör bisküvi""]","[""Tereyağ eritilir. Kakao, süt ve şeker eklenir."", ""Kaynayınca altı kapatılır. İçerisine bisküviler kırılıp eklenir ve karıştırılır."", ""Streç üzerine serilip düzeltilir rulo yapılır."", ""Katılaşana kadar buzlukta bekletilip kesilecek kıvama gelince çıkarılır."", ""Üzeri eritilmiş çikolata ile süslenir. Dilimleyip servis edilir. Yapacak olanlara kolay gelsin, afiyet olsun.""]"
a8e36c1e-91dc-4f7b-bf5e-23d5e1ae063d,Baklava Kurabiye,Turkey,"Pratik ve lezzetli baklava kurabiye, ceviz ve bisküviyle hazırlanır",Tatlı,"[""2 su bardağı yulaflı bisküvi (rondoda çekilmiş)"", ""1,5 su bardağı ceviz içi (rondoda çekilmiş)"", ""1 su bardağı pudra şekeri"", ""2 adet yumurta akı""]","[""Bisküvi, ceviz içi ve pudra şekerini iyice karıştırıyoruz. Üzerine yumurta aklarını ekleyip karıştırmaya devam ediyoruz."", ""Kıvam aldıktan sonra elimizle küçük yuvarlaklar yapıyoruz. (İstediğiniz şekilde bir aparat da kullanabilirsiniz). Yağlı kağıt serilmiş fırın tepsisine aralıklı bir şekilde diziyoruz."", ""180 derecede önceden ısıtılmış fırında 8 dakika pişiriyoruz. Pişen kurabiyelerimiz soğuduktan sonra eritilmiş çikolata ile süslüyoruz.""]"
3a568516-0395-4b62-b691-85880cbb24da,Mayasız 15 Dakika Poğaçası,Turkey,"Maya beklemeden, pratik ve lezzetli poğaça tarifi",Börek & Hamur İşi,"[""50 gram oda sıcaklığında tereyağı"", ""1/4 çay bardağı sıvı yağ"", ""1 tatlı kaşığı sirke"", ""1 tepeleme yemek kaşığı yoğurt"", ""1 adet yumurta"", ""1 adet yumurta beyazı"", ""1/2 paket kabartma tozu"", ""1 çay kaşığı tuz"", ""2,5 su bardağı un""]","[""İç harcı için; patatesi haşlayın ve ezerek püre haline getirin. İçine yağ, salça ve baharatları ekleyip, bir tavada 5 dakika kadar kavurun ve soğuması için bir kenara alın."", ""Hamuru için; un hariç gerekli olan tüm malzemeleri bir kaba alın ve iyice karıştırın. Ardından unu yavaş yavaş ilave ederek yoğurmaya başlayın. Ele yapışmayan, yumuşak bir hamur elde edeceksiniz."", ""Hazırladığınız hamurdan, ceviz büyüklüğünde parçalar kopartın ve elinizle çay tabağı büyüklüğünde açın. İçine bir tatlı kaşığı kadar iç harçtan koyun ve D harfi şeklinde kapatın."", ""Bu şekilde tüm hamuru ve iç harcı bitirene dek devam edin ve hazırladığınız poğaçaları yağlı kağıt serilmiş fırın tepsisine dizin."", ""Üstlerine bir fırça yardımıyla yumurta sarısı sürün ve susam serpiştirin."", ""Önceden ısıtılmış 170 derece fırında, fansız olarak, üstleri kızarana dek yaklaşık 25 dakika pişirin. Sıcak ya da ılık olarak servis edin.""]"
5d6fa6f1-9b86-42f9-bb82-a404f3ac2b80,Hurma Kasesi,Turkey,"Sağlıklı ve pratik bir atıştırmalık olan hurma kasesi, enerji verici lezzetiyle gününüze tat katıyor",Ye,"[""1 adet orta boy cennet hurması"", ""1 yemek kaşığı tahin"", ""2 adet ceviz içi""]","[""Servis yapacağımız kasenin dibine azıcık tahin dökelim."", ""Üzerine hurmamızın içini boşaltalım."", ""Hurmanın üzerine kalan tahini gezdirelim."", ""Ceviz içlerimizi istediğimiz boyutta ufalayıp, hurmanın üzerine serpiştirelim. Tatlımız hazır. Afiyet olsun.""]"
4d2a37d6-24ac-4f79-b718-1b0cdc8f302d,Fit Gofret,Turkey,"Pratik ve sağlıklı atıştırmalık lezzeti, fit gofret tarifi",Et Yemekleri,"[""4 adet pirinç patlağı"", ""140 gram bitter çikolata"", ""1 yemek kaşığı (tepeleme) fıstık ezmesi""]","[""Pirinç patlaklarını küçük parçalara bölüyoruz. Çikolatayı benmari veya mikrodalgada eritip fıstık ezmesiyle karıştırıyoruz."", ""Pirinç patlaklarına ilave edip yağlı kağıt koyduğumuz bir kalıba yayıyoruz. (İnce olsun derseniz borcam kullanabilirsiniz).""]"
3a25cbb1-298f-4beb-86ca-bd2012edfdb2,"Ezine Peynirli Pesto Soslu, Füme Etli Tost",Turkey,"Füme etin ve Ezine peynirinin zengin lezzetini, ev yapımı pesto sosuyla birleştiren pratik ve lezzetli bir tost",Et Yemekleri,"[""50 gram parmesan peyniri"", ""1 çay bardağı çam fıstığı"", ""1/2 su bardağı sızma zeytinyağı"", ""1/4 çay kaşığı tuz""]","[""Ezine peynirli pesto sos hazırlamak için; fesleğen yapraklarını tek tek ayıkladıktan sonra bol suda yıkayın."", ""Temiz bir bez üzerine aldığınız fesleğenleri, bu şekilde kurutun."", ""Çam fıstıklarını kalın tabanlı bir tavada hafif bir renk alana kadar kavurun."", ""Rondo ya da mutfak robotunda çam fıstığı, fesleğen yaprakları, sarımsak, parmesan peyniri ve sızma zeytinyağını kıvam alana kadar çekin. Arzuya göre fesleğen ya da kıvamı için zeytinyağı katın."", ""Hazırladığınız pesto sosa ezine peynirlerini ezerek ekleyin ve kıvamlı bir sos haline gelmesini sağlayın."", ""Az tuzlu peynir kullandıysanız son olarak tuz kattığınız sosu karıştırın."", ""İki dilim köy ekmeği üzerine hazırlamış olduğunuz ezine peynirli pesto sosu bolca sürün. Kurutulmuş, biberli füme etleri de altta kalacak ekmek dilimi üzerine yerleştirip kapatın."", ""Ekmeklerin üzeri kızarana kadar 3-4 dakika tost makinesinde ısıttığınız tostu, bekletmeden sıcak olarak sevdiklerinizle paylaşın.""]"
152e7ba1-d484-4542-be84-440ec719e2e6,Tahinli Kurabiye,Turkey,"Tahinli kurabiye, lezzetli ve pratik bir atıştırmalık tarifi",Tatlı,"[""1 su bardağı tahin"", ""1 çay bardağı sıvı yağ"", ""1 su bardağı pudra şekeri"", ""1,5 - 2 su bardağı un"", ""1 adet yumurta sarısı"", ""1 paket vanilya"", ""1 paket kabartma tozu""]","[""Un dışındaki tüm malzemeleri bir kabın içine alın ve karıştırın."", ""Unu yavaş yavaş, kontrollü bir biçimde ekleyin."", ""Yumuşak kıvamlı, elde dağılan bir hamur elde edin."", ""Ceviz büyüklüğünde parçalar kopararak elde şekil verin."", ""180 derecede üzeri çatlayıp biraz kızarana kadar 15 - 20 dakika pişirin. Soğuduktan sonra afiyetle tüketin.""]"
6ca7ee9f-6288-407e-bb10-1b4688cd2722,Hatay Bayram Kömbesi,Turkey,"Hatay'ın geleneksel lezzetlerinden olan bu kömbe, zeytinyağı ve tereyağı ile hazırlanan yumuşacık bir tatlıdır",Ana Yemek,"[""1/4 su bardağı zeytinyağı"", ""1/4 su bardağı süt"", ""5 yemek kaşığı tereyağı"", ""3/4 su bardağı toz şeker"", ""1/2 paket kabartma tozu"", ""3 su bardağı un"", ""1 tatlı kaşığı tarçın"", ""1 tatlı kaşığı mahlep"", ""1 çay kaşığı zencefil"", ""1/2 adet muskat cevizi rendesi"", ""1/2 çay kaşığı karanfil"", ""1 çay kaşığı yenibahar"", ""1/2 çay kaşığı damla sakızı""]","[""Damla sakızı ve karanfili havanda toz haline getirin ve diğer baharatlarla harmanlayın."", ""Süt, yağlar ve şekeri karıştırın. Unu azar azar eklerken, baharatları ve kabartma tozunu da ekleyin."", ""Ele yapışmayan kurabiye hamuru kıvamında bir hamur yapın."", ""Ufak parçalar koparıp yuvarlayın ve susama batırıp şekillendirin."", ""185 derecelik fırında, kömbeleri kızarana kadar yaklaşık 15-20 dk pişirin. Afiyet olsun.""]"
4de7a269-65bb-496b-a4b6-cc0e32ae7a16,Mantarlı Beğendi,Turkey,"Kremalı mantarların beğendi ile buluştuğu, doyurucu ve lezzetli bir klasik",Ana Yemek,"[""1 su bardağı süt"", ""500 gram kültür mantarı"", ""2 çay kaşığı tuz""]","[""Geniş bir tavaya zeytin yağını ve rendelenmiş sarımsağı alın."", ""Isınan tavaya irice dilimlenmiş mantarı ekleyin, yüksek ateşte soteleyin."", ""Pişmesine yakın 1 çay kaşığı tuz ekleyin."", ""Ayrı bir tavada tereyağını eritip unu ekleyin kavurun, sütü ekleyip kaynayana kadar pişirin kaynayınca 1 çay kaşığı tuz, 1 tutam karabiber ekleyin."", ""1 kase ince dilimlenmiş köz patlıcanı ekleyin, karıştırın ve 1 küçük kase kase kaşarı ekleyin eriyene kadar karıştırın."", ""Ayrı bir tavada tereyağını eritip unu ekleyin kavurun, sütü ekleyip kaynayana kadar pişirin, kaynayınca 1 çay kaşığı tuz, 1 çimdik karabiber ekleyin.""]"
7e344410-32e3-4007-9d6d-630f394bd5f7,Tavuk Tabanlı Fit Pizza,Turkey,Lezzetli ve sağlıklı bir alternatif olan tavuk tabanlı fit pizza ile gluten tüketmeden pizza keyfini yaşayın,Tavuk Yemekleri,"[""2 adet tavuk göğsü"", ""1/2 çay bardağı galeta unu"", ""1 tatlı kaşığı sıvı yağ"", ""1 çay kaşığı tuz"", ""1 çay kaşığı karabiber""]","[""Tavuk göğüslerini rondoda çekerek kıyma haline getirin. İçine kalan taban malzemelerini ekleyin ve yoğurup kelepçeli kalıba alın."", ""Kaşar hariç tüm üst malzemelerini ekleyin. Tereyağını da ekleyip fırına verin. Piştikten sonra kaşarı serpin, kaşar peyniri eriyince fırından alın. Afiyet olsun.""]"
7728a408-aeb0-4d60-885b-916f9058f36c,Sodalı Poğaça,Turkey,"Sodalı poğaça, pratik ve lezzetli bir atıştırmalık olup, çay saatlerinin vazgeçilmezi",Ye,"[""2 çay kaşığı (silme) toz maya"", ""200 mililitreılık süt"", ""1 çay kaşığı toz şeker"", ""1 çay bardağı zeytinyağı"", ""500 gram tam buğday unu"", ""1 tepeleme tatlı kaşığı tuz"", ""4 yemek kaşığı lor peyniri"", ""1 adet yumurta sarısı""]","[""Yoğurma kabımıza sütlü mayayı, zeytinyağını ve sodayı alıp karıştırıyoruz."", ""Kenardaki unun yarısını harca ekleyip yoğuruyoruz."", ""Harmanlanmış hamura kalan unu ve tuzu azar azar ekliyoruz. Hamuru yumuşak ama çok fazla yapışık olmayan bir kıvam alana kadar yoğuruyoruz."", ""Kıvama gelen hamura son olarak dereotunu ekleyerek iyice her yerine karışmasını sağlıyoruz."", ""Hazırlanan hamurun üzerini streçleyerek 1 saat oda ısında mayalanmasını bekliyoruz."", ""Bu arada kenarda maydanozları ve lor peynirini hazırlıyoruz."", ""Mayalanan hamuru 45-50 gramlık (yaklaşık bir mandalina boyutunda) porsiyonlara bölüp, iç harcı koyup, istediğimiz şekli verip fırın kağıdı serdiğimiz tepsimize yerleştiriyoruz."", ""30 dakikayı geçmeyecek şekilde tepside son mayalanmanın gerçekleşmesini bekliyoruz."", ""Yumurta sarısını üzerine sürdükten sonra; çörek otu, susam, ay çekirdeği gibi çeşitli tohumlarla üzerini çeşitlendirebilirsiniz."", ""Önceden ısıtılmış fırında, üzeri ve altı kızarıncaya kadar pişiriyoruz. Afiyet olsun.""]"
decfc51d-f71c-42d4-94ae-df158789269a,Frambuazlı Limonata,Turkey,"Yaz aylarının ferahlatıcı içeceği, frambuazlı limonata ile serinleyin",Ye,"[""1 adet limon kabuğu rendesi"", ""1 adet limon suyu"", ""10-15 adet frambuaz"", ""1 yemek kaşığı bal"", ""1 litre su""]","[""Nane ile bal özü çıkana kadar el ile yoğrulur."", ""Limon kabukları eklenerek yoğurulmaya devam edilir."", ""Frambuaz ve soğuk su eklenerek karıştırılır. Afiyet olsun!""]"
0dc97262-95ee-4962-a572-31b3dab27bfc,Paça Çorbası,Turkey,"Lezzetli ve doyurucu bir klasik, Paça Çorbası",Çorba,"[""1,5 litre et suyu"", ""2 yemek kaşığı (tepeleme) un"", ""1/2 çay bardağı zeytinyağı""]","[""İlk olarak zeytinyağını tencereye alıyoruz. Üzerine unu ekliyoruz, unun kokusu çıkana kadar kavuruyoruz."", ""Et suyunun tamamını ekliyoruz ve kaynamaya bırakıyoruz."", ""Ayrı bir yerde yoğurdu, rendelenen sarımsağı, yarım limon suyunu ve sirkeyi karıştırıyoruz."", ""Kaynamakta olan çorbanın içine, hazırlanan terbiyeyi yavaş yavaş döküyoruz."", ""Tuzu, didilen etleri ve limon kabuğunu ekliyoruz. 10-15 dakika kaynatıp, ocaktan alıyoruz. Paça çorbası hazır. Afiyet olsun.""]"
7c5cde7c-b0e7-4059-afcb-78f75a50b15c,Yeşil Kış Çorbası,Turkey,"Kış aylarının taze sebzeleriyle hazırlanan, hem besleyici hem de lezzetli bir çorba",Çorba,"[""1 adet alabaş turpu (ve yaprak ları)"", ""3 adet brokoli"", ""1 adet kereviz sap ı (ve yaprak ları)"", ""1 adet patates"", ""1 adet soğan"", ""1/2 yemek kaşığı tereyağı""]","[""Tüm sebzeleri tencereye doğrayıp üzerine bakliyatları ekleyiniz."", ""Malzemenin hizasında su ekleyip ocağa koyup kaynadıktan sonra altını kısarak kısık ateşte tüm malzemeler iyice kendini bırakana kadar pişiriniz."", ""Ocaktan aldıktan sonra blenderla pürüzsüz bir kıvam alana kadar çekiniz ve tuz ile tereyağını ekleyiniz.yapınız"", ""Tabağa alıp üzerini kremayla süsleyerek servis yapınız. Afiyet olsun.""]"
155342a2-e3db-461b-9935-56089fb49734,Yumuşacık Kahvaltılık Ekmek,Turkey,"Mis kokulu, pratik ve lezzetli kahvaltılık ekmek tarifimiz",Börek & Hamur İşi,"[""2 adet yumurta"", ""1 su bardağı süt"", ""1 paket kabartma tozu"", ""1 çay kaşığı tuz"", ""3 su bardağı un""]","[""Karıştırma kabına yumurta ve sütü koyun ve çırpın."", ""Tuz ve kabartma tozunu ekleyip karıştırın."", ""Unu kontrollü bir şekilde ekleyin ve karıştırın."", ""Çamur kıvamına gelince yağlanmış borcama dökün."", ""Önceden ısıtılmış fırında üzeri kızarana kadar yaklaşık yarım saat pişirin.""]"
ec3cc6e4-498b-496d-9cd5-2dfc8a65c8e1,Kremalı Mercimek Çorbası,Turkey,"Yumuşacık ve doyurucu, kış günlerinin vazgeçilmezi kremalı mercimek çorbası",Çorba,"[""1 su bardağı kırmızı mercimek"", ""1 adet havuç"", ""1 adet patates"", ""2 yemek kaşığı tereyağı"", ""1/2 çay kaşığı kimyon"", ""1 çay kaşığı tuz"", ""1/2 çay kaşığı karabiber""]","[""Kremalı mercimek çorbası için mercimek ve sebzeleri tencereye alarak yağda biraz kavurun."", ""Üzerine sıcak su ilave ederek pişmeye bırakın."", ""Pişen çorbayı blenderdan geçirin."", ""Kremayı ilave ederek bir taşım daha kaynatıp ocaktan alın."", ""Kremalı mercimek çorbası hazır. Afiyet olsun.""]"
b0201ee8-d6dd-40be-a8c9-56d5ad7ee84f,Dondurmalı Cennet Sarması,Turkey,"Antep fıstıklı tel kadayıfın, sade yağla kızartılıp dondurma ile harmanlandığı ferahlatıcı bir lezzet",Tatlı,"[""300 gram tel kadayıf (robottan geçirilmiş)"", ""4 yemek kaşığı (tepeleme) sade yağ"", ""150 gram toz Antep fıstığı"", ""100 gram toz ceviz içi""]","[""Şerbeti için; su ve şekeri bir tencerede karıştırarak kaynatın ve ardından limon suyunu ekleyip 5 dakika daha pişirin."", ""Robottan geçirdiğiniz taze kadayıfı sade yağ ile birlikte tavada renk aldırmadan kavurun. Ardından üzerine toz antep fıstığı ve cevizi ekleyip 5 dakika daha kavurun."", ""Ardından şerbeti azar azar ekleyerek ıslak bir karışım elde edin. Ardından ocaktan alıp pişirme kağıdı serili tepsiye alın. Spatula yardımıyla harcı yaklaşık 1 cm kalınlığında olacak şekilde düzleyin"", ""Bu harcı oda sıcaklığında soğumaya bırakın."", ""Servis etmeden önce harcı uzun dikdörtgen olacak şekilde keserek porsiyonlayın ve uç kısmına kesme dondurma koyup sarın."", ""Bekletmeden servis edin. Afiyet olsun!""]"
869fb5d7-a1d1-4e16-92d2-6aa9f5032b92,Pratik ve Hızlı Mercimek Köftesi,Turkey,"Lezzetli ve doyurucu mercimek köftesi, pratik yapımıyla sofraların vazgeçilmezi",Et Yemekleri,"[""1 su bardağı kırmızı mercimek"", ""2 su bardağı ince köftelik bulgur"", ""1 adet soğan"", ""1 yemek kaşığı biber salçası"", ""1 yemek kaşığı domates salçası"", ""1 adet limon suyu"", ""1 silme tatlı kaşığı tuz"", ""1 tatlı kaşığı karabiber ve pulbiber"", ""1 tatlı kaşığı kuru nane"", ""1 tatlı kaşığı kırmızı toz biber"", ""5 yemek kaşığı sıvı yağ"", ""5 su bardağı su""]","[""Kırmızı mercimeği iyice yıkayalım ve tencereye alalım. Üzerine beş su bardağı su ekleyip kaynamaya bırakalım."", ""Kaynayan ve iyice dağılan mercimeğin üzerine ince bulgurumuzu ekleyip tencerenin kapağını kapatalım."", ""Bu esnada kaba soğan, maydanoz ve dereotunu ince ince kıyalım, kenarda bekletelim."", ""Daha sonra tavada sıvı yağı kızdırıp üzerine ince ince doğradığımız yemeklik soğanı ekleyelim ve kavuralım. Soğanlar kavrulduktan sonra salçaları ekleyelim, biraz daha kavuralım ve kapatalım."", ""Mercimek ve bulgur karışımına salçalı soğanımızı ekleyelim. İki karışım birbirine özdeşleşene kadar karıştıralım."", ""İyice karıştığından emin olduktan sonra doğradığımız yeşillikleri ekleyelim ve yine iyice karıştıralım. En son tuz, baharatlar ve 1 limonun suyunu ekleyip karıştıralım. Afiyet olsun.""]"
60756654-372a-4fe4-8fbc-b414765d0d6e,Ev Yapımı Ramazan Pidesi,Turkey,"Ramazan sofralarının vazgeçilmezi, lezzetli ve pratik ev yapımı pide",Börek & Hamur İşi,"[""300 gram su"", ""500 gram un (lazım olursa biraz daha un)"", ""1 yemek kaşığı ekşi maya"", ""1 yemek kaşığı kuru maya"", ""1 adet yumurta"", ""1 yemek kaşığı tereyağı""]","[""1 yemek kaşığı dolusu kuru maya ve ekşi mayayı kapta karıştırıyoruz."", ""300 gr suyu (yaklaşık 1 buçuk bardak su) kaba ekleyip karıştırıyoruz."", ""Yavaş yavaş unu ekliyoruz hamur koyulaşıncaya kadar el çırpıcısı ile çırpıyoruz ki pütür kalmasın."", ""Daha sonra un eklemeye devam edip elle yoğurmaya geçiyoruz."", ""Hamur kıvama gelince tezgaha biraz un alıp hamuru da tezgaha alıyoruz. Hamuru yaklaşık 10 dakika tezgaha vura vura yoğuruyoruz."", ""Hamur kulak memesi kıvamına gelmeli. Hamuru yoğururken ellerimizi ıslatıp hamura hafif hafif su ekliyoruz."", ""Hamuru kaba geri aldık kapta 30 dakika bekletiyoruz."", ""30 dakika sonra elimizi ıslatıp hamuru 4 taraftan çekiştiriyoruz."", ""Kabı güzelce sarmalayıp sıcak bir yere koyuyoruz ve en az 2 saat bekletiyoruz."", ""Hamur iyice yumuşayıp kabarınca tezgaha un serpip hamuru tezgaha alıyoruz. Hafif yoğuruyoruz."", ""2 yağlı kağıt üzerine galeta unu serpiyoruz. Hamuru ikiye ayırıp beze haline getirip yağlı kağıt üzerine alıyoruz. Hafif bastırarak hamuru genişletiyoruz. (Çok inceltmeden)"", ""Bu şekilde de yaklaşık 1 saat mayalanmasını bekliyoruz. Bu sırada üzerini bir bezle örtüyoruz."", ""Pidenin üzerine sürmek için bir kasede 1 yumurta ve eritilmiş tereyağını güzelce çırpıyoruz."", ""Hamurlarımızın üzerine yumurtayı sürerek şekil veriyoruz.Son olarak üzerine susam ve çörek otu serpiştiriyoruz."", ""Fırınımızın içine fırın tepsisini ters koyup yaklaşık 200-250 derecede ısıtıyoruz. (fırın taşınız varsa kullanabilirsiniz)""]"
d886c482-2f82-4b69-b1d4-63d97f2892ae,Karamelli Pişmeyen Cheesecake,Turkey,"Pişmeden hazırlanan, karamel lezzetiyle büyüleyen pratik cheesecake tarifi",Ana Yemek,"[""20 adet kakaolu kremalı bisküvi (arasındaki krema alınacak)"", ""3 yemek kaşığı tereyağı"", ""1 paket krem peynir"", ""1 paket krema"", ""2 paket krem şanti"", ""20 adet bisküvi arasındaki krema""]","[""Önce karameli yapmakla başlayın. Toz şekeri sos tenceresinde eritin. Tereyağı ve sütü ilave edin. Bu esnada şeker çok katı olacak ama korkmayın ve devamlı spatula ile karıştırın. Tamamen eridiğinde so"", ""Daha sonra kremalarını ayırdığınız bisküvileri rondodan geçirin. Eritilmiş tereyağını bisküvilerin içine dökün ve birbirine yedirin. Yağlı kağıt serilmiş kelepçeli kalıbın tabanına bastırarak yayın."", ""Soğuyan karameli sıkma torbasına (yada poşete) alın ve buzdolabında bekletin. Ardından bir kabın içine krema için olan bütün malzemeleri ekleyip, mikserle çırpın."", ""Kremayı da bisküvi tabanının üzerine spatula ile güzelce yayın. Bu şekilde buzdolabında 15 dakika bekletin. Ardından karameli de kremanın üzerine sıkın. 1 gece buzdolabında beklettikten sonra servis e""]"
5b2ab5bb-630f-4382-ad9a-62d246dbea15,Patlıcanlı Köfte,Turkey,"Patlıcan ve kıymanın mükemmel uyumuyla hazırlanan, lezzetli ve doyurucu bir köfte tarifi",Et Yemekleri,"[""3 adet patlıcan"", ""1 kg kıyma (arzuya göre dana/kuzu karışık)"", ""2 adet soğanın suyu"", ""3 yemek kaşığı galeta unu"", ""1 tatlı kaşığı kimyon"", ""1 tatlı kaşığı tuz"", ""1 tatlı kaşığı karabiber"", ""1/2 su bardağı kızartma yağı"", ""1 yemek kaşığı salça (domates ve biber karışımı)"", ""1 tatlı kaşığı tereyağ"", ""1 yemek kaşığı sıvı yağ"", ""1 su bardağı su (arzuya göre et suyu)""]","[""Patlıcanları pijamalı olarak soyun, 12 adet ince, uzun dilim kesin ve tuzlu suya yatırın."", ""Maydanozları incecik kıyın."", ""Soğanları rendeleyip suyunu sıkın. Sarımsakları ezin."", ""Kıyma, soğan suyu, sarımsak, maydanoz, galeta unu, tuz ve baharatları 15 dakika kadar yoğurun ve dinlenmesi için 30 dakika kadar buzdolabına kaldırın."", ""Fırını 190 derecede ısıtın."", ""Patlıcanların suyunu iyice süzün ve kızdırdığınız yağda kızartın."", ""Kızaran patlıcan dilimlerinin fazla yağını kağıt havlu üzerine dizerek alın."", ""Buzdolabında dinlenen köfte harcını çıkarın. 12 eşit parçaya ayırıp yuvarlak köfte yapın."", ""Kızarmış 2 patlıcan dilimini artı şeklinde yerleştirin ve ortasına bir tane yuvarlak köfte koyun. Dilimleri köftenin üzerine doğru katlayın. Eğer patlıcanların uçları kısa gelirse bir kürdanla tutturu"", ""12 adet köfteyle aynı işlemi gerçekleştirin. Sonra patlıcanlı köfteleri bir fırın kabına dizin."", ""Tereyağ ve sıvı yağı küçük bir sahanda kızdırın. Salçayı ekleyin ve kavurun. Şalçanın kokusu çıkınca suyu ekleyin. Sos 3-4 dakika tıkırdadıktan sonra fırın kabındaki köftelerin üzerine dökün."", ""Fırın kabını önceden ısınmış fırına koyun ve 30-40 dakika kadar pişirin.""]"
88bdf1c4-4b30-4cc2-a0f0-9900809f6844,Yumurtasız Supangle,Turkey,"Yumurtasız supangle, pratik ve lezzetli bir tatlı seçeneği sunar",Kahvaltı,"[""1 litre süt"", ""2 yemek kaşığı nişasta (30 gr)"", ""1 çay bardağı un (80 gr)"", ""3 yemek kaşığı kakao (30 gr)"", ""1 su bardağı toz şeker (180 gr)"", ""2 yemek kaşığı tereyağı (40 gr)"", ""100 gram bitter çikolata (ya da sütlü)"", ""1 su bardağı soğuk su""]","[""Öncelikle bir tencereye sütümüzü alalım. Ardından nişasta, un, kakao ve şekeri katıp karıştıralım."", ""Ocağa alalım. Karıştırarak kaynayana kadar pişirelim."", ""Kaynadıktan sonra çok az daha kaynatıp ocağımızın altını kapatalım. Tereyağı ve çikolatayı katıp iyice karıştıralım."", ""5 dakika kadar ılımasını bekleyip buz gibi olan suyu ekleyerek blender ile çekelim. (Daha iyi kıvam alması için 5-6 dakika kadar çekelim)"", ""Kullanacağımız kaplara yada bardaklara paylaştıralım. Buzdolabında 5-6 saat kadar bekletip afiyetle yiyelim. Afiyet olsun.""]"
67e517e5-6b2d-4f61-8da7-3760e467214d,Tavuk Çığırtmalı Bal Kabaklı Pilav,Turkey,"Tavuk çığırtmalı bal kabağı pilavı, lezzetli ve doyurucu bir ana yemek seçeneğidir",Pilav & Makarna,"[""1 kilogram bal kabağı"", ""4 su bardağı pirinç"", ""200 gram tereyağı"", ""1 çay kaşığı tuz""]","[""Bal kabağı soyulur, içi temizlenir. Ceviz büyüklüğünde küpler halinde kesilir. Daha sonra pirinç her zamanki gibi tuzlu suda demlenir, süzülür."", ""Yağ bir tencerede ısıtılır pirinçten birazı ilave edilir. Üzerine bal kabakları dökülür ve kalan pirinçler de onun üzerine ilave edilir. Kapağı konur ve çok az derece ateşte pişirilir."", ""Üzeri için, tencereye soğan ve tavuk ilave edilir. Kızarmaya yakın ince doğranmış domates, biber, kestaneler ilave edilir ve tencerenin kapağı kapatılır, domateslerin suyu yok olana kadar pişirilir."", ""Pilavın üzerine ekleyerek afiyetle tüketebilirsiniz.""]"
d245a910-11c7-4703-98cf-53b5624a66b6,Çilek Rüyası,Turkey,"Çilekli, hafif ve lezzetli bir tatlı rüyası",Ana Yemek,"[""2 adet yumurta"", ""1 çay bardağı toz şeker (klasik çay bardağı)"", ""1 çay bardağı süt"", ""1 çay bardağı sıvı yağ"", ""3 çay bardağı un"", ""1 paket vanilya"", ""1 paket kabartma tozu""]","[""Hamuru için derin bir çırpma kabına yumurtaları kırın. üzerine şekeri ekleyin. Mikser ile 2-3 dakika iyice çırpın."", ""Daha sonra süt ve sıvı yağı ekleyin çırpmaya devam edin. Kabartma tozunu vanilyayı ve unu eleyerek koyun. Tüm malzemeleri son kez iyice çırpın."", ""27 cm'lik tart kalıbını margarin ile iyice yağlayın. Tabanını hafifçe unlayın ve hazırladığınız kek karışımını kalıba dökün."", ""Önceden ısıtılmış 170 derece fırında yaklaşık 20 dakika kadar pişirin. Kürdan ile kekin pişip pişmediğini kontrol edin."", ""Kreması için derin bir tencereye süt, yumurta sarısı, un, nişasta ve şekeri koyup iyice çırpın. koyu bir kıvam alana kadar sürekli karıştırarak pişirin."", ""Piştikten sonra içine tereyağı ve vanilyayı koyup karıştırın. Ardından soğumaya bırakın."", ""Kekinizi kalıptan çıkarın ve ters çevirin. Servis tabağına koyun."", ""Hazırladığınız kremayı kekin orta kısmına döküp spatula yardımı ile güzelce yayın. kremanın üstüne çilek dilimlerini dizin. Afiyet olsun.""]"
1f913a7d-8cbb-418c-bda9-f72441c60459,Kremalı Pancake,Turkey,Yumuşacık ve kremalı dokusuyla kahvaltıların vazgeçilmezi olacak pratik bir tarif,Ana Yemek,"[""2 adet orta boy yumurta"", ""2 yemek kaşığı toz şeker"", ""1 su bardağı sıvı krema"", ""1/2 çay bardağı tereyağı (eritilip soğutulmuş)"", ""1 paket kabartma tozu"", ""1 paket şekerli vanilin"", ""2 su bardağı un""]","[""Yumurta ve şekeri tamamen köpürene kadar çırpacağız."", ""Krema ve eritilmiş tereyağını da ekleyip, 2 dakika daha çırpma işlemine devam edeceğiz."", ""Kuru malzemeleri bir kase içinde karıştırıp elek yardımı ile sıvı karışıma ekleyeceğiz. Bundan sonra karıştırma işlemini kaşık ile yapacağız."", ""Tamamen karıştırdığımız harcı; tabanı yapışmaz bir tavada, orta ısıda, arkalı önlü pişireceğiz. Tavayı yağlamadan pişirelim. Afiyet olsun.""]"
67f1b8c0-4705-4825-ab09-81a46054c946,Karanfilli Un Helvası,Turkey,"Mis gibi karanfilli aromasıyla klasik lezzet, süt ile hazırlanan yumuşacık un helvası",Tatlı,"[""125 gram tereyağı"", ""1 su bardağı un"", ""1,5 su bardağı süt"", ""1 su bardağı toz şeker"", ""2 adet tarçınlı ve karanfilli bitki çayı""]","[""Tencereye tereyağını koyuyoruz, erimeye başlayınca unu döküyoruz ve kavurmaya başlıyoruz."", ""Diğer taraftan sütü küçük bir tencerenin içine alıp ısıtmaya başlıyoruz. Toz şekeri ekliyoruz."", ""Kaynamaya başlayınca çayları sütün içine koyup 3 dakika bekletiyoruz."", ""Kavurduğumuz un renk alınca sütü içine ilave ediyoruz. 2 dakika daha kavurup dinlenmeye alıyoruz. Afiyet olsun.""]"
33742a42-96e8-4ea1-aab1-397b013aa78d,Çarşaf Böreği,Turkey,"Mis gibi mayalı hamurdan hazırlanan, çıtır çıtır ve lezzetli çarşaf böreği",Börek & Hamur İşi,"[""6 su bardağı un"", ""1 çayılık süt"", ""1/2 paket yaş maya"", ""1 çay kaşığı şeker"", ""1 su bardağı sıvı yağ"", ""2 su bardağı su"", ""1 tatlı kaşığı tuz (azaltıp arttırılabilir)"", ""1 adet yumurta"", ""2 yemek kaşığı eritilmiş tereyağı""]","[""Şeker ve mayayı sütün içerisinde çözdürün."", ""Unu büyük bir kaseye alın ve ortasına bir havuz açın."", ""Mayalı karışımı havuza dökün, kenarlardaki unlardan alarak havuzu karıştırarak yavaş yavaş kapatın."", ""Tuzunu ekleyin ve suyu yavaş yavaş ekleyerek hamuru toparlayın."", ""Tezgaha alıp birkaç dakika yoğurduktan sonra dört bezeye bölün, bezelerin üzerine örtüp yarım saat kadar mayalanmaya bırakın."", ""Bu arada patatesleri minik küpler şeklinde kesin ve bir kaba alın. Soğanları yemeklik doğrayın, kıyma ve baharatları da ekledikten sonra harcı karıştırın."", ""Fırını 200 derecede ısıtın."", ""Mayalanan hamurları merdane yardımıyla yemek tabağı boyutunda açın ve her açtığınız hamurun altını üstünü iyice yağlayın."", ""Açtığınız her hamuru teker teker alıp elinizle çeke çeke inceltin. Bu noktada iki kişi olmak işinizi çok kolaylaştıracaktır. Hamuru alttan tutup hafif hafif çekiştirmelisiniz. Yırtıklar oluşabilir, ön"", ""Yeterince incelip büyüdüğünde, temiz bir masa örtüsü veya çarşafın üzerine yayın ve yine yağlayın."", ""İç harcı, açılmış hamurun üzerine gelişi güzel serpin"", ""Çarşafın karşılıklı iki kenarından kaldırarak, hamurun sarılmasını sağlayın."", ""Karşılıklı iki rulo oluşacak. Aynı gül böreği sararmış gibi kendi etrafına dolayın ve yağlanmış tepsiye alın."", ""Diğer hamurlara da aynı işlemi uygulayıp, tepsiye yerleştirirken bir öncekinin devamı şeklinde dolayın."", ""Hepsi bittikten sonra çırpılmış yumurta ve erimiş tereyağı karıştırıp böreğin üzerine dökün.""]"
07fc4b40-209c-4264-9f61-7b5c70d35005,Kadife Pasta,Turkey,"Yumuşacık dokusu ve zengin lezzetiyle büyüleyen, her lokmada ağızda dağılan unutulmaz bir lezzet",Tatlı,"[""100 gram tereyağı"", ""1,5 su bardağı şeker"", ""2 adet yumurta"", ""1/2 su bardağı sıvı yağ"", ""1,5 su bardağı süt"", ""1,5 yemek kaşığı limon suyu"", ""1 paket kabartma tozu"", ""1 paket vanilya"", ""1 yemek kaşığı kakao"", ""1 çay kaşığı tuz"", ""2,5 su bardağı un"", ""1/2 çay kaşığı kırmızı gıda boyası"", ""1 tatlı kaşığı sirke"", ""1 çay kaşığı karbonat""]","[""Öncelikle süt ve limon suyunu karıştıralım. 30 dakika bekletelim (süt kesilecek ekşi krema yapıyoruz. )"", ""Tereyağı ve şekeri krema kıvamına gelinceye kadar çırpalım. Yumurtalarını ekleyelim ve çırpmaya devam edelim."", ""Sıvı yağ, ekşi krema, gıda boyasını da ekleyelim ve 1 dakika çırpalım. Yavaş yavaş eklediğimiz kuru malzemeleri ekleyelim. (un, kabartma tozu, vanilya, kakao) En son karbonat ve sirkeyi ekleyelim ve ç"", ""Yağlanmış kek kalıbına dökelim önceden ısıtılmış 180 derece fırında 40-45 dakika pişirelim. Soğumaya bırakalım."", ""Kreması için; öncelikle kremayı köpük köpük oluncaya kadar çırpalım. Labneyi ekleyelim, çırpmaya devam edelim. En son krem şantiyi ekleyelim ve katı kıvam alıncaya kadar çırpalım."", ""Kremayı 30 dakika buzdolabında dinlendirelim."", ""Kekimizin kenarlarını keselim ve yuvarlayalım. ( üzeri için kırıntı yapacağız )"", ""Kekimizi 3 eşit parçaya bölelim, aralarına dinlenmiş krema eşit miktarda paylaştıralım."", ""En son kırıntı sona kalan kekleri mutfak robotundan geçirelim ve pastamızın üzerini kaplayalım. Afiyet olsun.""]"
f30823b4-a85a-4261-838a-e016cede15f2,Mürdüm Erikli Kek,Turkey,"Mürdüm eriklerinin ferahlatıcı tadıyla harmanlanmış, pratik ve lezzetli bir kek tarifi",Tatlı,"[""2 adet yumurta"", ""2 su bardağı un"", ""1 paket kabartma tozu"", ""1 paket vanilya"", ""3 adet büyük boy mürdüm eriği""]","[""Yumurtayı ve şekeri 7-8 dakika kadar mikserle çırpıyoruz."", ""Diğer malzemeleri sırasıyla karışıma ekliyoruz."", ""En son un ve kabartma tozunu eledikten sonra karışıma ekliyoruz."", ""Hepsini karıştırdıktan sonra yağlı kağıt serilmiş kalıba döküyoruz."", ""Erikleri dilim dilim doğradıktan sonra hamurun üzerine diziyoruz."", ""Kekimizi önceden ısıtılmış 150° fırında pişirip servis ediyoruz.""]"
8afe47b6-05ad-44df-971c-87107a69da6b,Kuru Erikli Zeytinyağlı Pırasa,Turkey,"Zeytinyağının lezzetiyle buluşan kuru erikli pırasa, sofralarınıza sağlık ve tat katıyor",Meze,"[""1 adet havuç"", ""1 adet soğan"", ""1 çay bardağı zeytinyağı"", ""6-7 adet kuru erik"", ""1 paket dolmalık fıstık"", ""1 adet portakal"", ""1 çay kaşığı tuz"", ""1 çay kaşığı şeker""]","[""Zeytinyağını yayvan bir tencereye alın içerisine yarım ay şeklinde doğranmış soğanları ekleyerek kavurun. Üzerine verev şekilde kesilmiş havuç ekleyerek kavurmaya devam edin."", ""Yine verev şekilde kesilmiş pırasaları ekleyin. Tuz ve şekeri ilave edin. 1 portakalın suyunu sıkarak ekleyin. Yıkadığınız kuru erikleri ve pirinci ekleyin."", ""Dilerseniz hiç su eklemeden kısık ateşte kontrollü bir şekilde(gerekirse ekleyerek) ya da pırasanın yüzeyini kaplayacak şekilde çok az su ekleyerek sebzeler güzelce yumuşayana dek pişirin."", ""Ayrı bir küçük tavada dolmalık fıstıkları renk değiştirene dek başından ayrılmadan kavurun. (Hızlıca kavruluyor , dikkat yanmasınlar!)"", ""Pişip ılınan zeytinyağlınızın üzerine güzel bir sızma zeytinyağı ve kavrulmuş fıstıkları ekleyerek servis edin.""]"
b7ace388-d501-44ff-a8c2-7a8ed16aefad,Krem Peynir Kremalı Şeftalili Kek,Turkey,Yumuşacık keki ve ferahlatıcı şeftalilerle harmanlanmış krem peynirli lezzet şöleni,Tatlı,"[""125 gram tereyağı (oda ısısında yumuşak)"", ""265 gram toz şeker (1+1/2 su bardağı)"", ""3 adet orta boy yumurta"", ""2 adet limon kabuğu rendesi"", ""40 mililitrelimon suyu (1+1/2 adet)"", ""1 su bardağı süt"", ""280 gram un (2+1/2 su bardağı)"", ""1 paket kabartma tozu"", ""1 çay kaşığı karbonat"", ""1 paket vanilin""]","[""Tüm malzemeler oda sıcaklığında olmalı. Yumuşak tereyağı mikserle kremsi olana kadar çırpılır. Toz şeker ilave edilir, çırpılır."", ""Teker teker yumurtalar eklenir, çırpılır. Limon kabuğu rendesi, limon suyu ve süt eklenerek el çırpıcısıyla karıştırılır."", ""Kuru malzemeler elenerek eklenir spatula ile karıştırılır. Kek hamuru, pişirme kağıdı serili 26 cmlik kelepçeli kalıba dökülür."", ""Önceden 180 dereceye alt üst ayarda ısıtılan fırında 40 dakika pişirilir. Kürdan batırınca kuru çıkıyorsa pişmiştir."", ""Bu sırada krema için iyice yumuşayan tereyağı çırpılır. Azar azar pudra şekeri eklenerek çırpmaya devam edilir. Taze peynir eklenir çırpılır. Limon kabuğu rendesi ve vanilin eklenip karıştırılıp buzdo"", ""Kabukları soyulup çekirdekleri çıkarılan şeftali 0.5 cm kalınlığında dilimlenir. Geniş bir tavada tereyağ eritilir. Şeftaliler eklenir."", ""Üzerine esmer şeker serpilip orta ateşte kapağı kapalı yumuşatılır. Ilınınca şeftaliler bir kaba alınır. Tavada kalan su orta ateşte çektirilerek koyulaştırılır."", ""Soğuyan kek üzerine krema yayılır. Soğuyan şeftaliler yerleştirilir. Tavadaki sos gezdirilerek servis edilir. Kalan kek buzdolabında kapağı kapalı muhafaza edilir. Afiyet olsun.""]"
bb674549-fd90-4a40-a23d-14752682bde9,Fırında Lahmacun,Turkey,"Evde kolayca yapabileceğiniz, lezzetli ve pratik fırında lahmacun tarifi",Ana Yemek,"[""1.5 su bardağı ılık su"", ""1 tatlı kaşığı şeker"", ""1 tatlı kaşığı yaş maya"", ""1 tatlı kaşığı tuz"", ""3.5 su bardağı un"", ""2 adet orta boy domates"", ""1 adet orta boy yeşil biber"", ""250 gram kıyma"", ""1 adet soğan"", ""1 çay kaşığı karabiber"", ""1 çay kaşığı kimyon"", ""1 çay kaşığı pul biber""]","[""Şeker, süt ve maya karıştırılarak 15 dakika bekletilir."", ""Karışıma azar azar un ve tuz eklenerek yoğrulur ve en az 30 dakia dinlenmeye bırakılır."", ""Bu sırada kıyma hariç tüm iç malzemesi robot ve ya rondodan geçirilir."", ""İç malzemesine kıyma da eklenerek karıştırılır ve 15 dakika kadar buz dolabında bekletilir."", ""Dinlenen hamur 7 eşit parçaya ayrılır ve her bir beze un serpiştirilerek incecik açılır."", ""İç malzemesi hamurun kenarlarında boşluk kalmayacak şekilde yayılır."", ""Önceden ısıtılmış 230 derece fırında 8 dakika pişirilir. Afiyet olsun.""]"
d2914516-d461-4b32-b090-ceb4f9045786,Żurek (Jurek) Çorbası,Turkey,"Geleneksel Polonya çorbası olan Żurek, çavdar unu ve fermente edilmiş ekmekle hazırlanan eşsiz tadıyla öne çıkar",Çorba,"[""500 ml su"", ""1 su bardağı çavdar unu"", ""2 adet defne yaprağı"", ""2-3 adet tane karabiber""]","[""Çorbanızın hazırlıklarına mayalı un karışımı ile başlayın. Orta büyüklükte bir kavanoz içerisine ölçülere dikkat ederek önceden haşlanmış ve soğutulmuş suyu ekleyin."", ""Daha sonra ise un, defne yaprağı, sarımsak ve karabiberi de ekleyip güzelce karıştırın."", ""Kavanozun üzerini ise hava geçiren bir bez ya da tülbent ile kapatın. Yaklaşık 4-5 gün mayalanmasını bekledikten sonra ise, Zurek çorbasının yapımına başlayabilirsiniz.""]"
dfcfedc8-9def-4b17-a3f4-73e633b6ccba,Zeytinyağlı Yaprak Sarma,Turkey,"Zeytinyağının ve taze malzemelerin buluştuğu, lezzetli ve geleneksel bir Türk tatlısı",Meze,"[""500 gram asma yaprağı"", ""2 adet orta boy soğan"", ""2 yemek kaşığı domates salçası"", ""1 tatlı kaşığı biber salçası"", ""1/2 çay bardağı zeytinyağı"", ""1 çay kaşığı karabiber"", ""1 çay kaşığı kırmızı toz biber"", ""1/2 çay kaşığı tarçın"", ""1 tatlı kaşığı pul biber"", ""2 tatlı kaşığı nane"", ""1 yemek kaşığı nar ekşisi"", ""1 tatlı kaşığı tuz"", ""2 su bardağı pirinç""]","[""Öncelikle tenceremize yağı koyup minik doğradığımız soğanları da ekleyerek biraz kavuruyoruz."", ""Ardından salçamızı, baharatları, nar ekşisini ve tuzu ekleyerek karıştırıp bir süre daha kavuruyoruz."", ""Daha sonra yıkayıp süzdüğümüz pirinçleri ekleyip, karıştırıp bir su bardağı kadar su ekliyoruz. 5 dakika kadar suyunu çekmesini sağlıyoruz ve sarma içimiz hazır."", ""Şimdi sarma işlemine geçebiliriz. İster ince ister kalın, tamamen zevkinize göre sarıp tencereye diziyoruz."", ""İlk olarak 2 su bardağı kadar su ekleyip limonlarını dizip pişmesi için ocağa koyuyoruz."", ""Pişirdikten sonra servis edebilirsiniz. Afiyet olsun.""]"
83847e81-6c19-4530-83b5-06785003fd4d,Tavuk Nugget,Turkey,"Ev yapımı tavuk nuggetlar, yoğurt marine ile daha lezzetli ve yumuşak dokulu",Ye,"[""4 adet tavuk göğsü"", ""1/2 su bardağı yoğurt"", ""1 çay kaşığı tuz"", ""1 çay kaşığı karabiber""]","[""Yoğurt ve baharatları bir karıştırma kabına alın ve karıştırın."", ""İçerisine nugget büyüklüğünde parçalara bölünmüş tavuk parçalarını ekleyin ve güzelce yedirin."", ""Üzerini streçleyerek oda sıcaklığında 10-15 dakika bekletin ya da vaktiniz varsa buzdolabında 1-2 saat bekletebilirsiniz."", ""Bir tencereye yeteri miktarda sıvı yağ ekleyin. Güzelce kızdırın."", ""Pankoyu genişçe bir kaba alın; dinlenmiş ve sosu iyice çekmiş tavuk parçalarını her yerini kaplayacak şekilde pankoya bulayın."", ""Yağ iyice kızdığında tavukları tencereye alın her iki tarafı da altın rengini alıncaya dek kızartın."", ""Kızartma işlemi tamamlandıktan sonra tavukları bir kağıt peçete ya da tel ızgara üzerine alıp fazla yağının süzülmesini sağlayın."", ""Üzerine ekstra tuz ve dilediğiniz baharatlardan bu aşamada sıcakken tekrar ekleyin. Afiyet olsun.""]"
71aac80f-ffc7-464c-bcc7-d6aa433ab215,Fırınlanmış Çıtır Nohut,Turkey,"Fırında çıtırlaşan nohutlar, sağlıklı ve lezzetli atıştırmalık alternatifi",Ye,"[""400 gram haşlanmış nohut"", ""2 yemek kaşığı zeytinyağı"", ""1 çay kaşığı tuz"", ""1 çay kaşığı karabiber"", ""1 çay kaşığı toz sarımsak"", ""1 çay kaşığı kimyon"", ""1 çay kaşığı zerdeçal"", ""1 çay kaşığı hardal tohumu""]","[""Fırını 200C’ye ayarlayın."", ""Nohut, zeytinyağı ve baharatları bir kapta iyice karıştırın."", ""Yağlı kağıt serili fırın tepsisine alın, ısınan fırında yaklaşık 20-25 dakika pişirin.""]"
fdbf5969-edbd-49d9-9c7e-a156e81ce882,Kerevizli Bal Kabağı Çorbası,Turkey,"Kremalı ve besleyici kerevizli bal kabağı çorbası, soğuk günlerde içinizi ısıtacak lezzetli bir başlangıç",Çorba,"[""750 gram bal kabağı"", ""1 paket Hindistan cevizi sütü"", ""1 adet kereviz"", ""1 çay kaşığı muskat cevizi rendesi"", ""1 çay kaşığı karaman kimyonu"", ""1 adet soğan"", ""3 adet acı biber"", ""1 bardak su"", ""1 çay kaşığı (silme) tuz"", ""1 tatlı kaşığı karabiber"", ""1 çay kaşığı kişniş tozu"", ""1 çay kaşığı zerdeçal"", ""1 adet besbase""]","[""Küp şeklinde doğradığınız bal kabağı, kereviz, soğan ve rende sarımsağı bir bardak su, tuz, karabiber, muskat rendesi, zerdeçal ve kişniş tozunu ekleyerek yaklaşık 20 dakika yumuşayıncaya kadar haşl"", ""El blenderı yardımıyla püre haline getirin."", ""Hindistan cevizi sütünü ekleyin ve karıştırın. Baharatlarını ilave edin. Çorbanız çok kıvamlı ise biraz sıcak su ekleyin. Tekrar ocağa alın. Besbaseyi ekleyin. Besbase yada macis bitkisi muskat ceviz"", ""İnce kıyılmış kereviz yaprağı ve dilerseniz kurutulmuş acı biberi ekleyip düşük ısıda bir taşım kaynatın. Servis yaparken üzerini maydanoz yapraklar ile süsleyin.""]"
7025e72b-ec5f-4744-9a99-cf65fe2921e4,Unsuz Şekersiz Puding,Turkey,"Sağlıklı ve lezzetli unsuz şekersiz puding tarifi. Fındık, süt ve kakao ile hazırlanan pratik bir tatlı",Ana Yemek,"[""15 adet fındık"", ""1 su bardağı süt"", ""1 yemek kaşığı kakao"", ""3 tatlı kaşığı bal"", ""1 yemek kaşığı Hindistan cevizi""]","[""İlk önce fındıkları robotta un haline gelene kadar çektiriyoruz."", ""Sonra bal hariç tüm malzemeleri orta ateşte kıvam alana kadar pişiriyoruz."", ""Piştikten sonra bal ekliyoruz."", ""Hazır olan pudingimizi kasemize döküp üstünü istediğimiz gibi süslüyoruz. Dilerseniz dolapta soğutabilir, dilerseniz de sıcak sıcak yiyebilirsiniz. Afiyet olsun.""]"
c9588f51-988a-4948-99c2-25ec10e7d7fe,Simit Kebabı,Turkey,"Simit kebabı, ince bulgur ve dana kıymasıyla hazırlanan lezzetli bir Türk mutfağı özelidir",Börek & Hamur İşi,"[""1 su bardağı ince bulgur"", ""1 su bardağı ılık su"", ""700 gram dana kıyma (tek çekim kebaplık zırh kıyması)"", ""2 çay kaşığı tuz"", ""1,5 çay kaşığı karabiber"", ""1 yemek kaşığı toz kırmızı biber"", ""1,5 tatlı kaşığı nane""]","[""Geniş bir yoğurma kasesinde bulguru ılık suyla karıştırın ve bulgurlar hafif şişene kadar bekleyin."", ""Bulgurlar şiştikten sonra spatula yardımıyla havalandırdıktan sonra kıyma, tuz, karabiber, kırmızı toz biber, nane ve rendelenmiş sarımsağı ekleyip kıymaı çok ezmeden yoğurmaya başlayın."", ""Hazırladığınız bulgurlu kıyma harcını ıslattığınız şişlere ince ve eşit olacak şekilde köfteler halinde hazırlayın ve pişirme kağıdı serili fırın tepsisine yerleştirin."", ""200 derece ısıtılmış fırında 25 dakika pişirin. Soğanlı sumak ve taze ekmekle servis edin, afiyet olsun!""]"
de66fdbb-4436-47d0-93c6-e0fb326fe682,Ispanaklı Yumurta,Turkey,"Lezzetli ve besleyici ıspanaklı yumurta, pratik bir kahvaltı veya akşam yemeği seçeneği",Sebze Yemekleri,"[""3 adet yumurta"", ""500 gram ıspanak (ayıklanmış ve temizlenmiş)"", ""1 adet orta boy soğan"", ""3 yemek kaşığı zeytinyağı"", ""1 tatlı kaşığı salça"", ""2 yemek kaşığı zeytinyağı"", ""1 çay kaşığı taze çekilmiş tane karabiber"", ""1 çay kaşığı tuz""]","[""Ispanağı yıkayın ve süzgece alarak fazla suyundan arındırın. Tavanıza yağınızı ve küp doğranmış soğanı alarak kavurun. Soğanlar pembeleşince salçayı ekleyip kavurmaya devam edin."", ""Ardından küçük parçalara ayrılmış ıspanakları ekleyerek pişirin. Suyunu çekene kadar kavurun."", ""Yumurtaları ekleyip kapağı kapalı olarak 5 dakika daha pişirin."", ""Ardından sıcak sıcak servis edin. Afiyetler olsun.""]"
b28471c8-b96a-4b2f-a7fc-8b1a5560248a,Pazılı Tuzlu Kek,Turkey,"Fırınlanan tuzlu kek, içindeki taze pazı ve lezzetli baharatlarla harika bir atıştırmalık veya kahvaltılık seçeneği",Tatlı,"[""3 adet yumurta"", ""1 çay bardağı sıvı yağ"", ""3 yemek kaşığı yoğurt"", ""1/2 çay kaşığı tuz"", ""2 su bardağı un"", ""1 paket kabartma tozu"", ""200 gram beyaz peynir (ufalanmış)"", ""1 adet kapya biber (doğranmış)"", ""5 adet kurutulmuş domates (doğranmış)"", ""3 yemek kaşığı dilim lenmiş siyah zeytin"", ""1 çay kaşığı pul biber"", ""1 adet yumurta sarısı (üzeri için)"", ""3 yemek kaşığı susam (üzeri için)""]","[""Geniş bir karıştırma kasesinde yumurtayı krema kıvamına gelene dek çırpın."", ""Sıvı yağ, yoğurt ve tuz ekleyip karıştırmaya devam edin."", ""Un ve kabartma tozunu da ekleyip kek harcını tekrar çırpın."", ""Ufalanmış olan beyaz peynirleri kek harcına ekleyin."", ""Doğranmış kapya biber, kuru domates,dilimlenmiş siyah zeytin ve pul biberi de karışıma ekleyin, güzelce hamura yedirin."", ""Son olarak temizlenmiş, doğranmış pazı yapraklarını harca ekleyin ve karıştırın."", ""Karışımı 24-26 cm çapında yağlanmış kelepçeli kalıba aktarın ve üzerini düzeltin."", ""Üzerine yumurta sarısı ve susam serpiştirip üzeri kızarana kadar 185 derece fırında 45-50 dakika pişirin."", ""Oda sıcaklığına gelen tuzlu kekinizi dilimleyerek sevdiklerinizle afiyetle tüketin.""]"
d4572f2c-0403-4c2a-8fd9-44ab57a489a0,İki Malzemeli Sufle,Turkey,"Sadece iki malzemeyle hazırlanan bu pratik sufle, çikolata tutkunları için mükemmel bir tatlı seçeneği",Ana Yemek,"[""4 yemek kaşığı çikolata kreması"", ""2 adet yumurta"", ""1 tatlı kaşığı tereyağı"", ""1 yemek kaşığı kakao""]","[""Sufle kaplarını yağlayalım ve isteğe bağlı içersine kakao dökelim."", ""Yumurtanın sarısını ve beyazını ayıralım, beyazını kar gibi olana kadar çırpalım."", ""Yumurta sarısını çırpalım, 4 yemek kaşığı çikolata kremasını ilave edip karıştırmaya devam edelim."", ""Kar gibi oluncaya kadar çırptığımız yumurta beyazını yumurtalı çikolata kremalı karışıma yavaş yavaş, köpük halini söndürmeden ilave edelim ve karıştıralım."", ""Sufle harcımızı yağladığımız ve kakao döktüğümüz kaplara üstünde 2 parmak boşluk kalacak şekilde paylaştıralım."", ""Önceden ısıttığımız 200 derecelik fırında 10-15 dakika pişirelim. Sufleleri sevdiklerimizle paylaşalım. Afiyet olsun!""]"
22119365-ad78-4fac-ab0d-b5ffb4686ce3,Cevizli Revani,Turkey,"Cevizli Revani, cevizin lezzetiyle birleşen yumuşacık ve şerbetli bir tatlıdır",Tatlı,"[""4 adet yumurta"", ""1 su bardağı şeker"", ""1 su bardağı yoğurt"", ""1 su bardağı sıvı yağ"", ""1 su bardağı irmik"", ""1 su bardağı un"", ""1 çay kaşığı karbonat"", ""1 paket vanilya"", ""1 adet portakal kabuğu rendesi""]","[""Önce şerbeti kaynatın ve koyulaşana kadar orta ateşte kaynatmaya devam edin. Koyulaşınca ocaktan alın ve şerbeti soğutun."", ""Fırını 180 derece alt üst ayarda açıp ısıtın. Yumurta ve şekeri güzelce çırpın."", ""Sonra sıvı yağ ve yoğurdu döküp mikserle birkaç saniye çırpıp mikseri kaldırın. Unu, irmiği, kabartma tozunu, vanilyayı ve karbonatı eleyerek ekleyin, sonra ceviz ve portakal rendesin, ekleyip bir kaş"", ""Yağlanmış kek kalıbına dökün ve tezgaha üç kere vurun, hava kabarcıkları olmasın."", ""Fırında içi güzel pişene kadar pişirin, fırından almadan kürdan testi yapın. Fırından çıkan kekin ilk sıcaklığı çıkınca soğuk şerbeti dökün, şerbeti çekince tatlınızı kalıbından ters çevirerek çıkartı"", ""İster kremayı çırparak hazırlayıp üzerine katman olarak dökerek ister sade servis edebilirsiniz. Afiyet olsun.""]"
808a35ed-3511-479b-b29b-274413cf82cd,Domates Ezmesi,Turkey,Ev yapımı domates ezmesi ile yemeklerinize zengin bir lezzet katın,Sebze Yemekleri,"[""4 adet domates"", ""1 adet soğan"", ""2 adet kapya biber"", ""3 adet yeşil biber"", ""1 yemek kaşığı domates salçası"", ""1 yemek kaşığı biber salçası"", ""2 tatlı kaşığı kuru nane"", ""2 tatlı kaşığı sumak"", ""1 tatlı kaşığı tuz"", ""1 tatlı kaşığı karabiber"", ""1 tatlı kaşığı isot (arzuya göre)"", ""4 yemek kaşığı zeytinyağı"", ""2 yemek kaşığı nar ekşisi (arzuya göre)""]","[""Domates, yeşil biber, kırmızı kapya biber, soğan ve sarımsakları iri iri doğrayın ve rondoda çekin."", ""Püre haline gelen sebzeleri süzgeçten 10 dakika süzün."", ""Sebzeleri derin bir kaba alın ve üzerine biber ve domates salçasını ekleyin."", ""Tuz, karabiber, nane, isot, sumak, nar ekşisi, zeytinyağını da ekleyin ve karıştırın."", ""Son olarak kıyılmış maydanozu da ekleyin."", ""Domates ezmesini bir servis tabağına alın. Afiyet olsun!""]"
5d836f8f-6998-4a20-bc3d-fd200f0bd818,Pirinç Çorbası,Turkey,"Lezzetli ve doyurucu pirinç çorbası, hem pratik hem de çok sevilen bir başlangıç",Çorba,"[""3 yemek kaşığı zeytinyağı"", ""1 yemek kaşığı tereyağı"", ""4 adet orta boy domates (ya da 4 su bardağı domates konservesi)"", ""2 yemek kaşığı domates salçası (biber de kullanabilirsiniz)"", ""1 çay bardağı pirinç"", ""1,5 litre sıcak tavuk suyu (normal su da olur)"", ""1 çay kaşığı tuz"", ""1/2 çay kaşığı taze çekilmiş tane karabiber""]","[""Tencereye önce yağı, ardından sarımsakları ekleyin ve hafif kokusu çıkana kadar kavurun. Salçayı da ekledikten sonra kavurmaya devam edin."", ""Domatesleri de ekleyin ve kavurmaya devam edin."", ""Tavuk suyunu da dahil edin. Pirinçleri, tuz ve karabiberi bu aşamada ekleyin, fokurdayana ve pirinçler pişene kadar kadar kaynatın."", ""Dereotu ve pul biber ile sunabilirsiniz. Afiyet olsun!""]"
af016a7c-7aad-4b12-8a74-469e4ed05cc2,Kremalı Gelin Pastası,Turkey,"Yumuşacık ve lezzetli kremalı gelin pastası, misafirlerinizin favorisi olacak",Tatlı,"[""4 adet yumurta"", ""1 su bardağı (2 parmak eksik) şeker"", ""1 su bardağı un"", ""1 paket kabartma tozu"", ""1 paket vanilya""]","[""Şeker ve yumurtalar köpük olana dek çırpılır. Ardından un, kabartma tozu ve vanilin elenerek eklenir. Büyük dikdörtgen borcama yağlı kağıt serilmiş ve yayarak borcama yerleştirilir. Önceden ısınmış 19"", ""Kreması için şeker, un, süt, nişasta tencereye alınıp kaynatılır. Koyulaşınca altı kapatılıp diğer malzemeler eklenir ve iyice çırpılır."", ""Daha sonra kek fırından çıkarılır, ilk sıcağı gidince kürdan ile delikler açılıp iki bardak süt dökülür. Daha sonra krema da ılıyınca nazikçe üstüne döşenir. Üzerine bolca Hindistan cevizi serpilip en""]"
4f99b585-8edb-4920-98d6-c780b66c5ac4,Tarte Tatin,Turkey,"Ters pişirilen klasik Fransız elmalı tarta, karamelize elmalarla harika bir lezzet sunar",Ana Yemek,"[""3 çay bardağı un"", ""1 çay bardağı toz şeker"", ""125 gram yumuşamış tereyağı"", ""1 çay kaşığı kabartma tozu"", ""1 paket vanilin"", ""1/2 su bardağı su (kontrollü ekleyin)"", ""4 adet elma""]","[""Hamur için tereyağ ve toz şekeri derin bir kaba alıp karıştırın."", ""Üzerine kabartma tozu, vanilya ve unu ekleyip yoğurun. Yavaş yavaş suyu ekleyip kıvamını ayarlayın. Ele yapışmayan bir hamur yoğurun. Hamuru streçleyip buzdolabında 30 dakika dinlendirin. Elmaları soy"", ""Karamel için tereyağını eritin üzerine şekeri ekleyip eriyene kadar kısık ateşte karıştırın."", ""Karameli kalıba dökün."", ""Üzerine elmaları dizin."", ""Tart hamurunu merdane yardımıyla açın. Elmaların üzerine yerleştirin. Çatal yardımıyla delikler açın. Önceden ısıtılmış 180 derecelik fırında 40 dakika pişirin."", ""Tarte tatin tarifiniz hazır. Afiyet olsun.""]"
593ba3e0-9a3b-4872-8304-cfe1ba7d4f53,Tencerede Ekmek,Turkey,"Tencerede kolayca hazırlayabileceğiniz, pratik ve lezzetli bir ekmek tarifi",Börek & Hamur İşi,"[""4 su bardağı un"", ""1/2 paket maya"", ""1 tatlı kaşığı tuz"", ""1,5 su bardağı ılık su""]","[""Tüm malzemeleri karıştırıp hamuru hazırlayalım. Hamuru yoğurup 1 saat mayalandıralım."", ""Mayalanan hamuru tezgahta birkaç dakika elimizle açıp ekmek şeklini verelim ve tencereye un serpip hamuru koyalım."", ""Tencerede yarım saat kadar daha bekletip tekrar mayalandıralım."", ""200 derece ısıda tencerenin kapağını kapatıp 20 dakika kapağı açıp 200 derece ısıda yaklaşık 30 dakika iyice kızarana kadar pişirelim. Afiyet olsun.""]"
74fda3b5-eb66-49d0-be6e-3c7e412bed71,Şekersiz Muzlu Toplar,Turkey,"Sağlıklı ve pratik, şeker ilavesiz lezzetli atıştırmalıklar",Ana Yemek,"[""3 yemek kaşığı irmik"", ""1 çay bardağı süt"", ""1 adet olgun muz"", ""1 tatlı kaşığı bal""]","[""Süt ve irmiği orta ateşte lapa olana kadar pişirip, keten tohumu unu, çatalla ezdiğimiz muz ve balı ekleyip hamur haline getirelim."", ""Hamurdan ceviz büyüklüğünde toplar yapıp ortalarına fındık koyalım."", ""Ardından toplarımızı keyfimize göre haşhaş, ceviz, fıstık veya kakaoya bulayalım."", ""Süslediğimiz toplarımızı buzdolabında ortalama yarım saat beklettiktten sonra servis yapalım.""]"
d27392fc-d59d-4762-8b74-49cc97536a30,Dalgona Kahvesi,Turkey,"Hızlı ve gösterişli bir kahve deneyimi için Dalgona Kahvesi, köpüklü yapısıyla göz dolduruyor",İçecek,"[""2 silme yemek kaşığı gr anül kahve"", ""2 silme yemek kaşığı toz şeker"", ""2 silme yemek kaşığı sıcak su""]","[""İki kaşık granül kahveyi kasemize alalım."", ""İki kaşık şekerimizi kahvemizin yanına ekleyelim."", ""Kahve ve şekerin yanına iki kaşık sıcak suyumuzu dökelim."", ""On beş- yirmi dakika karıştıralım."", ""Bir bardağa süt ve buz ekleyelim. Hazırladığımız krema kıvamında karışımı bardağımıza ekleyelim. Kahveniz hazır bile.""]"
ec540c01-42a8-4155-8a73-520147e35632,Kahveli Granola Çıtırları,Turkey,"Kahve aromalı, çıtır bir atıştırmalık için pratik ve lezzetli bir tarif",İçecek,"[""6 yemek kaşığı gr anola"", ""2 tatlı kaşığı Hindistan cevizi yağı"", ""1 çay kaşığı kahve"", ""4 tatlı kaşığı bal"", ""1 çay kaşığı vanilya"", ""1 paket bitter çikolata (kaplama için)""]","[""Bitter çikolata hariç tüm malzemeleri karıştırıp, ceviz büyüklüğünde toplar yapalım."", ""Yağlı kağıt serilmiş bir tabağa koyup 30 dakika buzlukta bekletelim."", ""Bitter çikolatayı benmari usulü eritip tüm topları kaplayarak aynı şekilde tabağa koyup buzdolabında 1 saat bekletelim ve servis edelim. Afiyet olsun.""]"
293cc9a3-7667-46dc-813a-1a6be0f8b00e,Sebze Yemekleri,Turkey,"Sebzelerin tazeliğini ve lezzetini bir araya getiren, pratik ve doyurucu bir tarif",Sebze Yemekleri,"[""Soğuk Çay""]","[""Zeytinyağlıların en sevileni yaprak sarmayı hazırlamak üzere mutfaktan bekleniyorsunuz! Tam kıvamında iç harcı, lezzeti yerinde asma yapraklarıyla buluşuyor, ölçüleri şaşmayan bu tarifle yaprak sarmalar kalem gibi incecik sarılabiliyor. Buyursunlar: Zeytinyağlı Yaprak Sarma"", ""Ev yemeklerinin en sevileni karnıyarık, en lezzetli haliyle karşınızda! \""Bugün ne pişirsem?\"" diye düşündüğünüz anlarda aklınıza hemen bu tarif gelsin. Çünkü o, fazla yağ çekmiyor, tam kıvamında pişiyor ve asla dağılmıyor. Aranan o nefis tarif bulundu: Karnıyarık"", ""İçinde bolca soğan ve zeytinyağı kullanılan, hem doyurucu hem de hafif yemek tarifleri arayanlar için en ideal seçenek olan taze fasulye yemeğini hazırlamak üzere mutfaktan bekleniyorsunuz. Taze fasulyelerin kılçıkları ayıklansın, hemen başlayalım: Taze Fasulye"", ""Pratik yemek tarifleri arayanlar için tam bir kurtarıcı olacak, az malzemeyle kısa sürede kolayca yapılacak bir tarif hazırlayalım hadi! Bol proteinli mantarlar başrolde olsun, mantarları kararmadan pişirmenin püf noktaları da bizden gelsin. Buyursunlar: Mantar Sote"", ""Mutfağımızın en sevilen yemeklerinden patlıcan musakka, tıpkı annenizin hazırladığı kadar lezzetli bir haliyle burada sizi bekliyor. Yanına gelen pilav ve cacıkla nefis bir akşam yemeği menüsüne dönüşüyor. \""Hangi yemeği hazırlasam?\"" diye düşünenler hemen buraya: Patlıcan Musakka""]"
b277f86a-e855-42ca-ad8d-3cb839b9a06b,Tam Kıvamında Profiterol,Turkey,Kıvamında hamuru ve krema dolgusuyla favori tatlılardan profiterol,Ana Yemek,"[""2 yemek kaşığı (silme) tereyağı"", ""1 su bardağı su"", ""1 su bardağı un"", ""3 adet yumurta""]","[""Katı yağı ve suyu tencereye alalım, yağ eriyince unu ekleyerek karıştıralım. Katılaşmaya başlayacak. Kaşıkla sürekli hamuru karıştıralım ki topaklanmasın. 3 dakika pişirdikten sonra soğumaya alalım."", ""Soğuduktan sonra yumurtaları tek tek içine kıralım ve yumurtaları iyice yedirelim. Hamuru sıkma torbasına alalım."", ""Daha sonra hazırladığımız hamuru yağlı kağıt serdiğimiz tepsiye sıkalım. (İstediğiniz büyüklükte kaşık yardımıyla da koyabilirsiniz.)"", ""180 derece fırında pişirmeye bırakalım. Tatlı fırında kabarırken asla fırının kapağını açmayalım. Aksi takdirde istediğimiz lezzete ulaşamayız."", ""20-25 dakika kontrollü bir şekilde pişirelim. Bu arada kremasını tüm malzemeleri ekleyerek pişirelim."", ""Pişirdiğimiz topları bıçakla keselim ve hazırladığımız kremayı içine dolduralım. Servis edeceğimiz kaba alalım."", ""Çikolata sosu için bütün malzemeleri tencereye alıp karıştırarak pişirelim. Soğurken ara ara karıştıralım ki kabuk tutmasın. Servis tabağına aldığımız profiterollerin üzerine çikolata sosu döküp servi""]"
dff9f715-9bb1-4e98-b9c1-ac133d9ec9e1,Esmer Bulgurlu İç Pilav,Turkey,"Sağlıklı ve doyurucu, esmer bulgurun lezzetini ön plana çıkaran pratik bir iç pilav tarifi",Pilav & Makarna,"[""2 su bardağı esmer bulgur"", ""3,5 su bardağı sıcak su"", ""1 tatlı kaşığı tereyağı"", ""3 yemek kaşığı zeytinyağı"", ""1 adet küçük boy soğan"", ""1 yemek kaşığı dolmalık fıstık"", ""2 yemek kaşığı kuş üzümü"", ""1 çay kaşığı tuz"", ""1 çay kaşığı karabiber"", ""1 çay kaşığı tarçın"", ""1 çay kaşığı nane"", ""1/2 çay kaşığı yenibahar""]","[""Esmer bulgurları sıcak su ile iyice yıkayıp süzülmeye bırakalım."", ""Soğanları ve sarımsağı küçük küçük doğrayalım."", ""Tereyağını pilav tenceresinde eritelim ve 3 yemek kaşığı zeytinyağını içerisine ekleyelim."", ""Kızaran yağa soğanları ve sarımsakları ekleyip kavuralım. Renk almaya başlayınca dolmalık fıstıkları ilave edelim."", ""Fıstıklar kavrulunca içerisine tuz ve esmer bulguru ekleyip bir iki dakika kavuralım."", ""Sırasıyla karabiber, yenibahar, tarçın ve naneyi ekleyip kavurmaya devam edelim."", ""Sıcak suyu eklemeden hemen önce kuş üzümlerini koyup karıştıralım ve ardından sıcak suyu ekleyip tencerenin kapağını kapatalım."", ""Pilavı 4-5 dakika kadar orta ateşte daha sonra kısık ateşte suyunu çekene kadar pişirelim."", ""Üzerini bir bezle örterek pilavı demlenmeye bırakalım."", ""Dinlenen pilavımız servise hazır.""]"
f6176df5-5f11-4906-b6bc-a86778eb054a,Elma Sirkeli Sumaklı Soğan Turşusu,Turkey,"Elma sirkesi ve sumakla harmanlanan bu pratik soğan turşusu, yemeklerinize ferahlatıcı bir dokunuş katıyor",Ana Yemek,"[""3 adet kırmızı soğan"", ""1 yemek kaşığı sumak"", ""1,5 su bardağı elma sirkesi"", ""1 çay kaşığı kimyon tohumu"", ""1 çay kaşığı tane karabiber"", ""3 tatlı kaşığı kaya tuzu (iyotsuz)""]","[""Kırmızı soğanları yarım halka kesin."", ""Steril edilmiş bir kavanozun tabanına tuz, tane karabiber ve kimyon tohumu serpiştirin."", ""Soğanın yarısını koyduktan sonra sumağı da ekleyerek aynı işlemi uygulayarak kavanozu doldurun."", ""Üzerini geçecek kadar elma sirkesi ekledikten sonra kapağını kapatın ve buzdolabında en az 8 saat bekletin."", ""Bekledikçe lezzeti daha güzelleştiği için 5 gün bekletmenizi tavsiye ederiz. Afiyet olsun!""]"
4a75733b-af3f-425e-b7ca-facef10a8df9,Krepella,Turkey,"Pratik ve lezzetli Krepella tarifi, kahvaltıların ve tatlı saatlerin vazgeçilmezi",Ana Yemek,"[""2 adet yumurta"", ""1 çay bardağı şeker"", ""1 bardak süt"", ""6 yemek kaşığı un"", ""1 paket vanilya"", ""2-3 yemek kaşığı çikolata kreması""]","[""İlk olarak krebi yapıyoruz ve çok ince olacak şekilde pişiriyoruz."", ""Teflon tavada her pişen krebi mutlaka bir tabağa alıp, üzerini bir havlu ile örtüyoruz. Pişirmeyi bitirdikten sonra yumuşak kalması lazım."", ""Sonra tüm krepleri üst üste alıp, bir tahta üzerinde 1 cm kalınlığında şerit halinde kesiyoruz."", ""Kestikten sonra porsiyonlara ayırıp, her krep üzerine kahvaltılık çikolatayı benmari şeklinde eritip döküyoruz."", ""Üzerini dilediğiniz meyveler ile süsleyip servis edebilirsiniz. Afiyet olsun.""]"
45b69abe-a751-4ba2-87b2-a0b998cf0c6b,Lokmalık Tuzlu Kurabiye,Turkey,"Tereyağı ve yoğurtla hazırlanan, çay saatlerinin vazgeçilmezi lezzetli ve pratik tuzlu kurabiye",Tatlı,"[""125 gram tereyağı (8,5 yemek kaşığı)"", ""1 çay bardağı sıvı yağ"", ""2 yemek kaşığı yoğurt"", ""1 yemek kaşığı elma sirkesi"", ""1 yemek kaşığı toz şeker"", ""1 tatlı kaşığı tuz"", ""1 paket kabartma tozu"", ""3 su bardağı un""]","[""Un hariç tüm malzemeyi karıştırma kabına alalım."", ""Elimizde güzelce yoğuralım."", ""En son yaklaşık 3 su bardağı kadar unu kontrollü bir şekilde ekleyelim."", ""Ele yapışmayan yumuşak bir hamur elde edelim."", ""Fındık büyüklüğünde bezeler koparıp yuvarlayalım. Yağlı kağıt serili tepsiye dizelim."", ""Üzerine yumurta sarısı sürüp susam ve çörek otu dökelim."", ""180 derece fırında yaklaşık 20 dakika pişirelim. Afiyet olsun.""]"
6f7fa267-dfa3-4e47-b203-238824d19cfb,Sağlıklı Brownie,Turkey,"Muzun doğal tatlılığıyla lezzetlenen, sağlıklı ve pratik bir brownie tarifi",Ana Yemek,"[""3 adet küçük boy olgun muz"", ""1/2 su bardağı badem unu"", ""1/3 su bardağı kakao"", ""1/2 su bardağı Hindistan cevizi yağı"", ""1/2 su bardağı bitter çikolata""]","[""Muzları ez, üstüne badem unu, kakao, Hindistan cevizi yağı ve ufak parçalara ayrılmış bitter çikolata ekleyin. İyice karıştırın."", ""Fırın kağıdı koyduğunuz bir kaba düzleştirerek dökün ve 175 derecede önceden ısıtılmış fırında 30-35 dakika pişirin. Afiyet olsun.""]"
32511f23-84a0-43a5-8e63-8759fbf58fc7,Bitter Çikolata Soslu Fit Kek,Turkey,"Sağlıklı malzemelerle hazırlanan, bitter çikolata soslu lezzetli ve fit bir kek tarifi",Tatlı,"[""2 adet yumurta"", ""120 gram hurma (12 adet)"", ""2 yemek kaşığı zeytinyağı"", ""150 ml süt (1 büyük çay bardağı)"", ""1 yemek kaşığı kakao"", ""1 paket vanilin"", ""1 paket kabartma tozu"", ""1,5 su bardağı un""]","[""Hurmaların çekirdeklerini ve iyice yumuşayana kadar sıcak suda bekletin. Robotta püre haline getirin."", ""Kek için yazan malzemeleri sırayla ekleyip karıştırın. 180 derecede önceden ısıttığınız fırında pişirin (bu kalıpta 35 dakikada pişti.) Kek piştikten sonra soğusun ve sosu öyle hazırlayın."", ""Sütü kaynatın ve ocaktan alın. Kırdığınız bitter çikolatayı hemen içine ekleyip iyice karıştırarak eritin. Sos puding kıvamında olacak."", ""Soğuyan keke sıcak sosu dökün. Fındık kırıklarıyla süsleyin. Görseldeki şekilde 22 küçük dilim çıktı, 1 dilimi sadece 78 kalori. Afiyetler olsun!""]"
d8913556-228b-495b-86be-d0b3fa84dd62,Kolay Supangle,Turkey,"Çikolatalı ve lezzetli supangle tarifimiz, pratik yapılışıyla tatlı krizlerinizi anında bastıracak",Ana Yemek,"[""1 litre süt"", ""3 yemek kaşığı kakao"", ""3 yemek kaşığı un"", ""5,5 yemek kaşığı toz şeker"", ""2,5 yemek kaşığı tereyağı"", ""2 adet yumurta sarısı"", ""1 adet vanilin"", ""100 gram bitter çikolata"", ""1/2 su bardağı buzlu su""]","[""Süt, şeker, kakao, yumurta sarısı, un ve vanilinin hepsini önce birleşene kadar tencerede karıştırıyoruz."", ""Birbiriyle özdeşleşen malzemeleri ocağa koyup muhallebi kıvamına gelene kadar sürekli olarak karıştırıyoruz."", ""Kıvama gelen supangleyi ocaktan alıyoruz, bu esnada içine çikolata ve tereyağını alıp karıştırıyoruz. Mikser yardımıyla ılınıncaya kadar çırpmaya devam ediyoruz."", ""En son buzlu suyumuzu döküp 3-4 dakika çırpıyoruz. İstediğiniz kaselere bardaklara döküp bir 4-5 saat buzdolabında kendine gelmesini bekleyelim. Afiyet olsun.""]"
ed4202b1-9f84-4640-8410-6a32798b5324,Muz Kremalı Pasta,Turkey,"Muzun tatlılığını ve kremin yumuşaklığını bir araya getiren bu pratik pasta, misafirleriniz için harika bir seçenek",Tatlı,"[""2 adet yumurta (kalıp büyükse 3 yumurta)"", ""1 su bardağı şeker"", ""2,5 yemek kaşığı kakao"", ""2 su bardağı un"", ""1 su bardağı süt"", ""1 su bardağı sıvı yağ"", ""1 paket vanilya"", ""1 paket kabartma tozu""]","[""Yumurta ve şekeri köpük olana kadar çırpıyoruz. Süt ve sıvı yağı ekleyip diğer katı malzemeleri de eleyerek hamuru kabımıza döküyoruz."", ""Önceden 180 derece de ısıttığımız fırında 30 dakika pişiriyoruz. Fırından çıkan kekin ilk sıcağı geçince 1 su bardağı sütle ıslatıyoruz."", ""Krema için pudingi tarifteki sütten az yani 2,5 su bardağı süt ile pişiriyoruz. (Muhallebi gibi olması için.)"", ""Ocaktan alınca içine margarin muz ve Hindistan cevizi ekleyip blenderdan geçiriyoruz."", ""Son olarak çikolata sosumuz için çikolata ve margarin hariç tüm malzemeleri tenceremize alıp pişiriyoruz."", ""Ocaktan alıp içine çikolata ve margarini ekliyoruz. Soğuyan kremayı kekin üzerine döküp yarım saat dolapta bekletiyoruz."", ""Daha sonra çikolata sosunu da dökerek en az 4 saat buzdolabında dinlenmeye bırakıyoruz. Afiyet olsun.""]"
cff8d989-8b64-4b5a-a054-a0c9f6eebfd9,Böğürtlenli ve Limonlu Kek,Turkey,"Böğürtlenlerin ferahlatıcı tadıyla limonun tazeliğini birleştiren, pratik ve lezzetli bir kek tarifi",Tatlı,"[""1 su bardağı toz şeker"", ""3 adet yumurta"", ""1 su bardağı süt"", ""1 su bardağı sıvı yağ"", ""1 paket kabartma tozu"", ""1 paket vanilin"", ""2 su bardağı elenmiş un"", ""1 adet limon kabuğu rendesi (ve suyu)"", ""1 çay bardağı damla çikolata""]","[""Derin bir kaba yumurta ve şekeri alalım."", ""Köpük köpük olana kadar çırpalım."", ""Karışımın üzerine 2 su bardağı elenmiş un, kabartma tozu ve vanilini ekleyelim. Kalan malzemeleri de ekleyelim."", ""Yağlanmış kek kalıbına karışımı dökelim."", ""Üzerine böğürtlenleri ekleyip 180° ayarlanmış fırında üzeri kızarana kadar pişirelim. Afiyet olsun.""]"
847ac779-6655-463b-8f7a-28d42ade50ea,Limon Soslu Kurabiye,Turkey,"Taze limonun ferahlatıcı tadıyla harmanlanmış, lezzetli ve pratik bir kurabiye tarifi",Tatlı,"[""125 gram tereyağı"", ""1 adet yumurta"", ""1/2 su bardağı nişasta"", ""1/2 su bardağı pudra şekeri"", ""3 su bardağı un (kontrollü ekleyin)"", ""1 adet limonun kabuğu"", ""3 yemek kaşığı limon suyu"", ""2 yemek kaşığı haşhaş"", ""1 paket vanilya"", ""1 çay kaşığı kabartma tozu""]","[""Tüm malzemeleri karıştırma kabına alıp yoğuralım. Un miktarı yumurtanın büyüklüğüne ve unun kalitesine göre değişebilir, o sebepten unu kontrollü ekleyelim. Oklava ile hamuru tezgahta açıp istediğimiz"", ""Tepsiye dizip 170 derece fansız ayarda üzeri kızarmadan 15 dakika civarı pişirelim. Fırından çıkan kurabiyeleri soğumaya bırakalım."", ""Bir kaseye 5 kaşık pudra şekeri koyalım. Yavaş yavaş limon suyu ekleyelim. Akışkan ve pürüzsüz bir kıvam alana kadar karıştıralım. Küçük bir sıkma torbasına alıp ucunu çok küçük keselim. Soğuyan kurab""]"
66fe6096-316c-49aa-a883-37e022074bed,Kızarmış Fırın Sütlaç,Turkey,"Fırında kızaran şerbetli pirinç tatlısı sütlaç, hem çocukların hem de büyüklerin bayılacağı lezzette",Tatlı,"[""5 su bardağı süt"", ""3/4 su bardağı toz şeker"", ""1 çay bardağı pirinç"", ""2 su bardağı su (pirinci haşlamak için)"", ""1 adet yumurta sarısı"", ""2 yemek kaşığı buğday nişastası"", ""1 paket vanilin"", ""1 su bardağı su (nişastayı açmak için)"", ""1/2 paket krema""]","[""Soğuk süt ve toz şekeri geniş bir tencereye alın. Bir çırpma teliyle toz şeker eriyene kadar karıştırdıktan sonra ocağa alın. Kısık ateşte kaynamaya bırakın."", ""Bol suda yıkadığınız pirinçleri; ayrı bir tencerede, 2 su bardağı suyu ekleyerek orta ateşte suyunu çekene kadar haşlayın. Vanilini, toz şeker eriğinde süte ekleyin."", ""Vanilini toz şeker eriğinde süte ekleyin. 1-2 dakika kadar kaynayan şekerli süte haşlanmış pirinçleri ilave edin."", ""Yumurta sarısını, buğday nişastası ve 1 bardak su ilavesiyle ayrı bir kabın içerisine alıp pürüzsüz hale gelinceye kadar karıştırın."", ""Yumurta sarısının kesilmemesi için; kısık ateşte kaynamakta olan süt karışımından alıp nişastalı karışımı ılıştırın."", ""Hazırladığınız yumurta sarılı karışımı sütlaç tenceresine azar azar katıp hızlıca karıştırın. Kremayı ekleyin."", ""Kıvam alan sütlacı, ısıya dayanıklı porsiyonluk güveç kaplarına eşit ölçüde boşaltın."", ""Sütlaç kaselerini, derin bir fırın tepsisine aralıklı olarak dizin. Kapların yarısına gelecek kadar soğuk suyu, sütlaçlara değdirmeden tepsiye alın."", ""Fırına verdiğiniz sütlaçları, önceden ısıtılmış 200 derece fırında sadece üst ayarda üzeri kızarıncaya kadar pişirin. Afiyet olsun.""]"
5e736a41-3a70-4038-b0c0-e74008ac3525,Börülce Yemeği,Turkey,"Sıcacık börülce yemeği, doyurucu ve lezzetli bir sofranın vazgeçilmezidir",Ana Yemek,"[""1 su bardağı börülce fasulye"", ""1 adet kuru soğan"", ""2 adet yeşil biber"", ""1 adet havuç"", ""4 yemek kaşığı zeytinyağı"", ""1 yemek kaşığı domates salçası"", ""5 su bardağı sıcak su"", ""1 çay kaşığı tuz"", ""1 çay kaşığı toz kırmızı biber"", ""1 çay kaşığı karabiber""]","[""Börülce yemeği için bir gece öncesinden suda beklettiğiniz börülceleri süzün ve bir tencereye alıp üstlerini geçecek kadar su doldurun. Tencerenin kapağını kapatın ve börülceler yumuşayana dek, kaynam"", ""Başka bir tencereye yağı alın ve yağ kızdıktan sonra ince ince doğardığınız soğanları tencereye alıp, pembeleşene dek kavurun. Ardından doğradığınız biberleri ve havucu da ilave edip güzelce kavurun."", ""Salçasını da ekleyip 3-4 dakika daha kavurduktan sonra suyunu ilave edin ve pişmiş olan börülcelerin suyunu süzdükten sonra onları da tencereye ekleyin."", ""Baharatlarını da ilave edin, güzelce karıştırın ve tencerenin kapağını kapatıp, yaklaşık 20 dakika kadar pişmeye bırakın."", ""Börülce yemeği hazır. Sıcak ya da ılık olarak servis edebilirsiniz.""]"
bd9b1d70-5502-4a5a-8237-3ec491710a88,Ispanaklı Borcam Pastası,Turkey,"Ispanaklı borcam pastası, pratik ve lezzetli bir atıştırmalık alternatifidir",Tatlı,"[""3 adet yumurta"", ""1 su bardağı şeker"", ""1 su bardağı süt"", ""1,5 çay bardağı sıvı yağ"", ""2-3 su bardağı un"", ""2 paket kabartma tozu"", ""2 paket vanilin"", ""4 paket krem şanti"", ""1 su bardağı süt (krem şanti için)""]","[""Önce ıspanakları güzelce yıkayıp haşlayalım."", ""Yumurta ve şekeri çırpalım. Daha sonra süt ve yağı ekleyelim. En son un, kabartma tozu ve vanilini ekleyelim."", ""Haşlanan ıspanakları rondodan geçirelim. Daha sonra yaptığımız kek hamurunu da ekleyip geçirelim."", ""Yağladığımız borcama karışımı döküp fırına atalım. Üstü iyice kızarana kadar fırında pişirelim."", ""Pişen keki ters çevirip ikiye keselim. Hazırladığımız krem şantiyi önce içine daha sonra da üstüne yaydıralım."", ""2-3 saat dolapta bekletelim. İstediğiniz süslemeyle servis edebilirsiniz. Afiyet olsun.""]"
e551cb29-b0cf-40ae-8708-51ef736872b7,Rafine Şekersiz Mini Biscotti,Turkey,"Sağlıklı ve pratik, rafine şekersiz mini biscotti tarifi",Ana Yemek,"[""1,5 su bardağı tam buğday unu"", ""1/2 çay bardağı Hindistan cevizi yağı"", ""4 yemek kaşığı elma suyu konsantresi"", ""4 yemek kaşığı çiğ badem"", ""4 yemek kaşığı kuru üzüm"", ""1/2 çay bardağı su""]","[""Bademler ve üzümler minik parçalara bölünür."", ""Kabın içerisine tüm malzemeler eklenir ve yoğurulur."", ""Hamur dört beş parçaya ayırıp her bir parçaya silindir şekli verilip minik minik kesilir."", ""Yağlı kağıt serili tepsiye dizilir, yaklaşık 40 adet çıkıyor."", ""Önceden ısıtılmış 170 derece fırında yaklaşık 20 dakika pişirilir."", ""Fırından çıktıktan sonra soğumaya bırakılır.""]"
57a8ce8a-cf70-48de-9503-d5f8977d2463,Ev Yapımı Yoğurt,Turkey,Ev yapımı yoğurt ile sağlıklı ve lezzetli bir başlangıç,Ana Yemek,"[""1 litre süt"", ""1 yemek kaşığı yoğurt"", ""Etimek Tatlısı Tarifi"", ""Damla Çikolatalı Kurabiye"", ""Tatlı Tarifleri Spoonful Mozaik Pasta Çikolatalı Sufle İrmik Helvası Fırın Sütlaç Profiterol Revani Magnolia"", ""Kahvaltılık Tarifler Pancake Krep Pişi Kuymak Kaygana Kahvaltılık Sos Menemen Muhlama Yumurtalı Ekmek Omlet"", ""Omlet""]","[""Sütün tamamını derin bir tencerenin içine alın ve orta ateşte sütü ısıtmaya başlayın."", ""İki taşım kaynatın. (Bir kere kaynadıktan sonra bir kaşık yardımıyla karıştırın. Tekrar kaynamasını bekleyin ve tekrar karıştırın.)"", ""Kaynadıktan sonra altını kapatın ve ılınmaya bırakın."", ""Mayalamak için ayırdığınız 1 kaşık yoğurdun üzerine ılıyan sütten iki kaşık ekleyin ve krema kıvamına gelene kadar çırpın."", ""Ilıyan sütünüze serçe parmağınızla bakın. Parmağınızı içinde 5 saniye tutabilecek sıcaklığı ulaştıysa sütünüz hazır demektir."", ""Hazırladığınız krema kıvamındaki yoğurdu, sütün içine ilave edin ve tahta kaşıkla karıştırın."", ""Üzerini kapattıktan sonra birkaç tane havluya sararak kapalı fırında 6-7 saat mayalandırın. (Fırın çalışmayacak.)"", ""6-7 saat sonra fırından çıkardıktan sonra üzerine bir peçete veya temiz bir bez kapatarak buzdolabında bir gece bekletin."", ""Daha sonra yoğurdunuz yemeye hazır. Afiyet olsun.""]"
481fbb31-948e-4cba-8de4-d6bc03a1ceeb,Kurabiyeli Ponçik,Turkey,"Kurabiyeli ponçik, lezzetli kurabiye parçalarıyla zenginleştirilmiş, yumuşacık ve çikolatalı bir tatlıdır",Ye,"[""80 mililitreılık süt"", ""50 gram toz şeker"", ""2 adet yumurta"", ""50 gram tereyağı (eritilmiş)"", ""1 tatlı kaşığı instant maya"", ""300 gram un""]","[""Hamur için ılık süt, toz şeker, yumurta, erimiş tereyağı, maya ve bir tutam tuz karıştırın. Karışıma unu ekleyip pürüzsüz yumuşak bir hamur yoğurun. Bu işlem için stand mikseri de kullanabilirsiniz."", ""Hamurun altını ve üstünü hafifçe unlayıp derin bir kaseye alın ve üstünü örtüp 45-60 dakika kadar mayalayın."", ""Mayalanan hamurun havasını alın ve 6 eşit parçaya bölün. Her bir parçanın ortasına bir kare çikolata koyun ve yuvarlayıp tekrar mayalanması için yağlı kağıt serili tepsiye yerleştirip üstlerini nemli"", ""Kurabiye katmanı için gereken tüm malzemeyi bir kasede pürüzsüz olana kadar yoğurun."", ""Hazırladığınız hamuru iki yağlı kağıt arasında yarım santimden daha ince bir kalınlıkta merdane ile açın. Hamurunuz bu aşamada yumuşarsa 10 dakika dolapta bekletmeniz yeterli olacaktır."", ""Hamurların üstünü örtecek boyutta yuvarlaklar kesip hamurların tepesine yerleştirin ve hafifçe bastırarak sabitleyin. Kurabiye hamurlarına çizikler atarak dilediğiniz şekli verebilirsiniz."", ""Hazırladığınız hamurları önceden ısıtılmış 160 derecelik fanlı fırında kabarıp kenarları renk alana kadar yaklaşık 20 dakika pişirin."", ""Kurabiyeli ponçikleri ilk sıcaklığı çıktıktan sonra ılık olarak servis edin. Afiyet olsun.""]"
41c1baf5-f9e1-436e-956f-7db6aabcaac2,İncirli Pestil,Turkey,"Taze incirlerin, şeker ve dövülmüş fındıkla harmanlanıp güneşte kurutulmasıyla yapılan geleneksel ve lezzetli bir tatlı",Ye,"[""1 kilogram incir"", ""1/2 su bardağı şeker"", ""1 su bardağı dövülmüş fındık""]","[""İncirleri temizleyip başlarını kesin."", ""Bir tencereye alıp üzerini geçinceye kadar su ekleyin."", ""Yarım su bardağı şeker ilave edin, biraz daha kaynamaya bırakın."", ""Şekerle bütünleşip güzelce piştikten sonra ocaktan alın."", ""Biraz ılıdıktan sonra, pürüzsüz bir hal alıncaya kadar blenderdan çekin."", ""Sonrasında içerisine ister fındık ister ceviz koyabilirsiniz. Ben fındık tercih ettim."", ""Bir yağlı kağıt üzerine karışımı döküp inceltin, tepsiye yayın. Bekletin. Afiyet olsun.""]"
a5e2d499-3a76-4c81-bdcf-76e7abbc447a,Labneli Bienenstich Pastası,Turkey,Yumuşak keki ve kremsi labne dolgusuyla bilinen klasik Alman pastası,Tatlı,"[""1/4 su bardağı Sütaş Tereyağı (eritilmiş)"", ""1/4 su bardağı süt (ılık)"", ""2 su bardağı un"", ""1,5 çay kaşığı instant maya"", ""1 yemek kaşığı toz şeker"", ""1/4 çay kaşığı tuz"", ""1 paket vanilin"", ""2 adet yumurta"", ""1 tatlı kaşığı bal""]","[""Mayalı kek için önce kuru malzemeleri karıştırın. Ardından teker teker sıvı malzemeleri ekleyerek yumuşak dokulu bir hamur yoğurun."", ""Hamuru üzeri kapalı bir şekilde ılık bir yerde 1 saat kadar mayalayın."", ""Mayalanan hamuru kelepçeli bir kalıba alın ve havasını çıkararak yaydırın. Çatal ile hamur delerek bu işlemi daha kolay yapabilirsiniz."", ""Hamurun üzerini örtün ve tekrar mayalanması için 25 dakika daha bekleyin. Bu esnada fırını fanlı, alt, üst 175 derecede ısıtmaya başlayın."", ""Mayalanan keke yumurta sarısı sürün ve fırına koyun. Üzeri kızarıp sertleşinceye kadar yaklaşık 25 dakika pişirin. Fırından çıkan keki oda sıcaklığına gelene kadar dinlenmeye bırakın."", ""Krema için, sütün bir kısmını şeker ile orta boy bir tencereye kaynamaya bırakın. Kalan süt ile yumurta sarıları un ve nişastayı pürüzsüz olana kadar karıştırın."", ""Kaynayan süt ve şeker karışımını azar azar yumurtalı karışıma yedirin ve karışımı tekrar tencereye döküp koyulaşana kadar sürekli karıştırarak pişirin. Son olarak vanilini ekleyin."", ""Pişen kremayı düz bir kaba alın ve üzerine temas edecek şekilde streç filmle kaplayıp buzdolabında tamamen soğuyana kadar bırakın."", ""Soğumuş kremayı derin bir kaba alın ve mikser ile yumuşayana kadar çırpın. Bu aşamadan sonra kaşık kaşık Sütaş Labne ekleyip çırpmaya devam edin. Pürüzsüz ve kabarık bir hal alana kadar bu işememe dev"", ""Pralin için, şeker ve suyu orta boy bir tavaya koyun ve karamel rengi alana kadar bekleyin. Şeker renk almaya başlayınca bademleri ekleyin ve pürüzsüz ve koyu bir renk alana kadar karıştırarak pişirin"", ""Pişen karamelli bademleri yağlı kağıt ya da silikon bir mat üzerine alın ve oda sıcaklığına gelene kadar soğutun. Soğuyan karamelli bademleri kırıp blendere alın ve sıvı bir hal alana kadar blenderden"", ""Honeycomb için, şeker ve balı derin bir kapta ocağa alın ve hafif karamel rengi alana kadar kaynatın. Kaynayan karışıma dikkatlice karbonatı ekleyip hızlı hızlı karıştırın ve ocaktan alın."", ""Karışımı yağlı kağıt ya da silikon may üzerine alın ve oda sıcaklığına gelene kadar soğutun. Soğuyan karışımı ufak parçalara kırın ve süslemek için bekletin."", ""Soğuyan mayalı keki ortadan ikiye bölün taban kısmına pralin sürün ve tekrar kelepçeli kalıba geri alın."", ""Pralinin üzerini tamamen kaplayıp, kalın bir katman olacak şekilde kremayı serin ve üzerini kekin üstü ile kapatıp hafifçe bastırın.""]"
b866e1aa-e480-40b3-92eb-448781a6718f,Elmalı Cevizli Cupcake,Turkey,"Elmalı ve cevizli lezzetli cupcaketler, pratik ve hızlı bir tatlı alternatifi",Ye,"[""2 adet yumurta"", ""1 su bardağı süt"", ""1/2 su bardağı sıvı yağ"", ""3/4 su bardağı toz şeker"", ""2 adet elma"", ""10 adet ceviz içi"", ""1 tatlı kaşığı tarçın"", ""1 tatlı kaşığı kabartma tozu"", ""1 paket vanilin"", ""2 su bardağı un""]","[""Yumurta ve şeker iyice köpürtülür. Süt ve sıvıyağ eklenir çırpılır. Elma rendenin iri gözünde rendelenir fazla suyu sıkılır."", ""Cevizler ufalanır ve tarçın ile harcın içine eklenir."", ""Un, kabartma tozu ve vanilya da ilave edilir. Bütün malzemeler karıştırılır. Cupcake kabına aktarılır.Cupcake kalıplarına azar azar harçtan koyulur. 180 derecede fanlı ayarda pişirilir. Ardından fırın""]"
6345f3d1-6333-4e49-810d-88a9101838b4,Kilis Usulü Zeytinyağlı Sarma,Turkey,"Kilis'in lezzetli ve zeytinyağlı sarması, sofralarınızı şenlendirecek",Ye,"[""1,5 su bardağı baldo pirinç"", ""1 adet büyük boy soğan"", ""1 adet kırmızı biber"", ""1 adet yeşil biber"", ""1/2 yemek kaşığı biber salçası"", ""1/2 yemek kaşığı domates salçası"", ""1 çay bardağı zeytinyağı"", ""1 tatlı kaşığı pul biber"", ""1,5 çay kaşığı karabiber"", ""1 çay kaşığı tuz"", ""1 adet limon"", ""1/2 kilogram asma yaprağı""]","[""1.5 bardak pirinç yıkanıp,süzülür ve kaba alınır."", ""Üzerine minik minik doğranmış soğan, biberler, rendelenmiş sarımsak, salça, zeytinyağ ve baharatlar ilave edilir."", ""Güzelce harmanlanır. Bir gece önceden suda beklettiğimiz yapraklara 1 tatlı kaşığı kadar harç konur ve sıkıca sarılır."", ""Tencerenin dibine yaprakların sapları ve birkaç yaprak parçası dizilir, sarmalar yerleştirilir."", ""Üzerini yarım parmak kadar geçecek sıcak su konur (Yaklaşık 2 su bardağı sıcak su)."", ""Üstüne porselen tabak ya da dolma taşı yerleştirilerek ocağa alınır."", ""İlk 10 dakika orta ateşte 25 dakika kadar da kısık ateşte ağzı kapalı bir şekilde pişirilir."", ""Pişmeye yakın 1 adet limon suyu ilave edilir. 5 dakika daha pişirilip servis tabağına alınır. Afiyet olsun.""]"
cb6c6a65-7976-4c6c-a83f-d485448baeff,Karnı Dilik,Turkey,"Pratik ve lezzetli bir klasik, karnı dilik sofralarınızı şenlendirecek",Ye,"[""400 gram kıyma"", ""1,5 çay kaşığı tuz"", ""1 çay kaşığı karabiber"", ""1 çay kaşığı pul biber"", ""1 adet soğan (küp doğranmış)"", ""3 adet patlıcan"", ""3 adet kabak"", ""3 adet domates (dilimlenmiş)"", ""5 adet sivri biber"", ""1 adet kapya biber (küp doğranmış)"", ""20 adet arpacık soğan"", ""1,5 su bardağı salçalı sos""]","[""Kıyma, tuz, karabiber ve doğranmış maydanozu bir kaba alın, yoğurun. Üzerine küp doğranmış soğanı da ekleyip yoğurmaya devam edin. Cevizden biraz büyük köfteler hazırlayın."", ""Patlıcanı ve kabağı yelpaze şeklinde kesin ve tepsiye dizin. Aralarına dilimlenmiş domates ve köfteleri yerleştirin. Üzerine küp doğranmış kapya biber, sivri biber ve arpacık soğanları ekleyin."", ""Salçalı sos için; sıcak su ve 2 yemek kaşığı salçayı bir yerde karıştırın. Son olarak salçalı sosu da ekleyip önceden ısıtılmış 185 derecelik fırında 45 dakika pişirin. Afiyet olsun.""]"
b58103ec-6455-42d0-ac8d-d49a9a959399,Oreo Milkshake,Turkey,"Vanilyalı süt ve Oreo bisküvilerle hazırlanan bu kremsi milkshake, tatlı krizlerinizi anında giderecek",Ye,"[""2 su bardağı süt"", ""1/2 çay kaşığı vanilya özütü"", ""8 adet oreo bisküvi""]","[""Oreo bisküvileri mutfak robotunda iri kırıntılar haline getirin."", ""Süt, vanilyalı dondurma, vanilya özütüyle bisküvi kırıntılarını blenderda karıştırın."", ""Hazırladığınız milkshake karışımını büyük bardaklara aktarın."", ""Üzerlerine birer adet oreo bisküvi yerleştirip diğerlerini iri kırıntılar halinde serpiştirdikten sonra bekletmeden sevdiklerinizle paylaşın.""]"
fc94539d-8927-4ca9-9f4a-d9dd63383768,Avokado & Hellimli Bruschetta,Turkey,Taze avokado ve tuzlu hellimle hazırlanan lezzetli bir İtalyan atıştırmalığı,Ye,"[""1 adet avokado"", ""2 yemek kaşığı limon suyu"", ""5 yemek kaşığı zeytinyağı""]","[""Avokadonun kabuklarını soyup, çatalla ezin."", ""Limon suyu, zeytinyağı, tuz ve karabiber ile karıştırın."", ""Hellim peynirini küp küp kesin. Kızgın tavada yada ızgarada kızartın."", ""Kızarmış ekmek üzerine fırça ile zeytinyağı sürün ardından avokado püresini yayın."", ""En üstte kızarmış hellim parçalarını ekleyin ve afiyetle yiyin.""]"
fbf1b693-7d10-4a28-83ea-4e9e0dec0d65,Limonlu Cheesecake,Turkey,"Taze limon aromasıyle harmanlanmış, tam buğdaylı bisküvi tabanlı lezzetli ve pratik bir cheesecake",Ana Yemek,"[""1,5 paket tam buğdaylı bisküvi"", ""100 gram tereyağı"", ""800 gram labne"", ""1 su bardağı şeker (+2 yemek kaşığı)"", ""2 tepeleme yemek kaşığı un"", ""1 paket vanilya"", ""1 paket krema"", ""3 adet yumurta""]","[""Bisküvi ve tereyağını karıştırıp kelepçeli kabın içine yayıyoruz."", ""Bir kapta labneyi güzelce pürüzsüz olana denk çırpalım. Daha sonra şekeri ekleyerek çırpmaya devam edelim."", ""Peşine un ve vanilyayı ekleyerek çırpmaya devam edelim. Daha sonra kremayı ekleyelim."", ""En son olarak tek tek yumurtayı ekleyelim ama fazla çırpmamaya dikkat edelim çünkü yumurtanın havası sönmesin."", ""Daha sonra tüm kenarlarını folyo ile kapladığımız kalıbımıza, bisküvilerin üstüne dökelim."", ""Kalıbın yanına su dolu kap koyalım. 160 derece alt üst fırında 40 -45 dakikadan itibaren kontrollü olarak pişirin."", ""Ortası hafif oynayan, kenarları pişmiş kıvamda olacak. Kelepçeyi hafif oynatarak pişme kıvamını görebilirsiniz."", ""Piştikten sonra ise fırını ayarını kapatıp, fırının kapağını hafif açık bırakıp yavaşca chessecake'imizin yavaşça soğuması bekliyoruz."", ""Limon suyu ,su ve şekeri ocakta ısıtalım. Şekerini kontrollü olarak ekleyelim."", ""Daha sonra nişastayı azıcık su ile sulandırıp limonlu su karışımımıza ekleyelim."", ""Kaynayınca nişastayı ekleyelim ve en son ise isteğe göre zerdeçal koyup sosumuzu tamamlayalım ve ılıyan cheesecake üzerine ılık sosumuzu döküp dolaba atıp en az 7 saat bekletelim. Afiyet olsun.""]"
75726436-18a5-4c05-ad1d-3759a47e8480,Hatay Usulü Babagannuş,Turkey,"Hatay'ın lezzetli mezesi babagannuş, közlenmiş patlıcan ve biberlerin harmanlanmasıyla hazırlanan nefis bir başlangıçtır",Ana Yemek,"[""2 adet orta boy bostan patlıcanı"", ""2 adet kapya biber"", ""1 adet soğan"", ""1 adet orta boy domates"", ""2 yemek kaşığı zeytinyağı"", ""1/2 adet limonun suyu"", ""2 yemek kaşığı nar ekşisi (isteğe bağlı)"", ""1 çay kaşığı tuz""]","[""Tüm sebzeleri közleyin. Közlediğiniz patlıcanları bıçak ile ince ince doğrayın."", ""Közlenmiş kapya biberi de doğrayıp ekleyin."", ""Soğan ve domatesi de kabuğunu soyup küp küp doğrayın."", ""Zeytinyağını, limon suyunu, nar ekşisini ve tuzunu ekleyip karıştırın."", ""Hatay usulü babagannuş tarifiniz hazır. Afiyet olsun.""]"
571e72db-4b5f-4dd7-8687-bef8d7e9529d,Sütlü Un Helvası,Turkey,"Tereyağı ve sıvı yağ ile unun kavrulup süt ile buluştuğu, mis gibi kokan klasik bir tatlı",Tatlı,"[""1 su bardağı (2 parmak eksik) sıvı yağ"", ""2 yemek kaşığı tereyağı (100 gram kadar)"", ""2 su bardağı un"", ""2 su bardağı şeker"", ""2 su bardağı süt"", ""1 su bardağı tahin (isterseniz)""]","[""Bir kapta süt ve şekeri eriyinceye kadar karıştırıyorum, pişirmiyorum."", ""Tencereye yağları koyuyorum eriyince unu ekliyorum rengi koyulaşana kadar kısık ateşte kavuruyorum."", ""Rengi istediğiniz gibi olunca sütlü şerbeti ekliyorum, kısık ateşte tüm şerbeti çekene kadar karıştırıyorum."", ""Hazır tahinli yapmak isteyenler bu aşamada tahin ekleyip güzelce karıştırsınlar. Afiyet olsun.""]"
371da68a-209c-44ca-ad07-6483aba27d19,Airfryer'da Çipura,Turkey,"Airfryer'da çipura, pratik ve lezzetli bir balık yemeği tarifi",Ana Yemek,"[""2 adet çipura"", ""1 adet limon"", ""2-3 yemek kaşığı zeytinyağı""]","[""Temizletip aldığınız çipuralarınızı yıkayıp suyunu süzdürün."", ""Küçük bir kasede yağ, tuz ve baharatları karıştırın. Çipuraların içine ve dışına yağı fırça yardımıyla sürün. Limonu dilimleyip iç kısmına yerleştirin. Airfryer haznesine çipurayı alın. Balık pişirme"", ""Airfryer'da çipura tarifiniz hazır. Afiyet olsun.""]"
440445c1-f041-4675-8047-77a1777284a2,Patlıcan Çığırtma,Turkey,"Patlıcan ve biberin zeytinyağıyla kızartılarak hazırlanan, lezzetli ve pratik bir Türk mezesi",Sebze Yemekleri,"[""3 yemek kaşığı zeytinyağı"", ""3 adet patlıcan"", ""3 adet yeşil biber"", ""2 adet domates"", ""2 su bardağı sıvı yağ (sebzeleri kızartmak için)""]","[""Patlıcan çığırtma için patlıcanları alacalı soyup, parmak şeklinde kesin. Tuzlu suda bir süre bekletin ve acılığının gitmesini sağlayın."", ""Kuruladığınız patlıcanları kızdırdığınız yağda kızartın."", ""Biberleri de aynı şekilde kızartın."", ""Ayrı bir tavaya zeytinyağı ekleyip yağ ve sarımsağı kavurun."", ""Küp küp doğranmış domatesleri ekleyip suyunu çekene kadar pişirin."", ""Patlıcan ve biberi domatesli karışıma ekleyin."", ""Patlıcan çığırtma tarifiniz hazır. Afiyet olsun!""]"
7fb7ca28-02e4-49c4-a824-5c28046ee585,Samsun Atom,Turkey,"Samsun'un meşhur lezzeti Atom, pratik yapımıyla göz dolduran ferah bir tatlı",Ana Yemek,"[""150 gram yumurta beyazı"", ""300 gram toz şeker"", ""30 mililitresu""]","[""Samsun atom için yumurta beyazı, şeker ve suyu derin bir tencereye alın ve orta ateşte sürekli çırparak 8- 10 dakika köpürtün. Karışımı stand mikserine ya da farklı bir kaba alıp tamamen soğuyup, sert"", ""Yağlı kağıt serilmiş tepsiye yuvarlak formda olacak şekilde sıkın."", ""Atomları 125 derecelik önceden ısıtılmış, fansız fırında sertleşene kadar yaklaşık 1-1.5 saat pişirin."", ""Fırından çıkan Samsun atomları oda sıcaklığına geldikten sonra servis edebilirsiniz. Afiyet olsun!""]"
d28f1556-676d-452d-b48b-a3f24359fc0a,Tavuklu Patates Salatası,Turkey,"Lezzetli ve doyurucu tavuklu patates salatası, pratik ve sağlıklı bir seçenek",Salata,"[""2 adet patates"", ""1 adet tavuk göğsü"", ""2 adet büyük boy salatalık"", ""2 tatlı kaşığı hardal"", ""1 yemek kaşığı mayonez""]","[""Patatesleri küp küp doğrayıp haşlayın."", ""Tavuğu haşlayın ve didikleyin."", ""Salataları soyup küp küp doğrayın. Maydanozu kıyın."", ""Hepsini derin bir kaba alıp yoğurdu, hardalı, mayonezi, tuzu da ekleyip karıştırın."", ""Üzerini ben yıldız uçlu duy kullanarak süzme yoğurt ve mısır ile süsledim. Afiyet olsun.""]"
f8a9d929-ccda-4b9e-baab-fce74c7c4a79,Muzlu Puding,Turkey,"Kremamsı vanilyalı puding ile olgun muzların mükemmel uyumu, pratik ve lezzetli bir tatlı",Ana Yemek,"[""2 adet muz"", ""1 litre süt"", ""2 çay bardağı vanilyalı toz şeker"", ""4 yemek kaşığı nişasta"", ""2 adet yumurta sarısı"", ""1 yemek kaşığı tereyağı"", ""1 paket kakao""]","[""Süt, nişasta, yumurta sarısı, şeker ve tuzu karıştırma kabına alarak tel çırpıcı ile çırpın. Ardından karışımı pişirin. Tereyağını ekleyin."", ""Ayrı bir yerde robotta muzları tamamen ezin ve hala fokurdamakta olan pudinge muz püresini ekleyerek tekrar çırpın."", ""Kaplara pudingi paylaştırın ve ara katına bisküvileri yerleştirin. Son olarak kakao serpin ve buzdolabında yaklaşık 3 saat dinlendirin.""]"
dcb93758-a78c-4c1b-8dad-f13891a98768,Çikolata Parçalı Muzlu Kek,Turkey,"Muzun doğal tatlılığı ile çikolatanın birleştiği, pratik ve lezzetli bir kek tarifi",Tatlı,"[""2 adet olgunmuz"", ""1 yemek kaşığı bal"", ""1 yemek kaşığı tahin"", ""1 adet yumurta"", ""1 su bardağı tam buğday unu"", ""1 paket vanilya"", ""1 paket kabartma tozu"", ""4-5 adet ceviz içi""]","[""Muzları bir kapta iyice ezelim."", ""Yumurta, bal ve tahini; muzla birleştirelim."", ""Un ve kabartma tozu ekleyelim."", ""Ceviz içlerini ve çikolata parçalarını ekleyelim."", ""Fırın kağıdı serili tepsiye yayalım."", ""180 derece 25 dakika pişirelim. Afiyet olsun.""]"
a8b60c23-93fc-46da-a817-27cd5df1f171,Piliç Topkapı,Turkey,Zeytinyağı ve karabiberle harmanlanmış kemiksiz tavuk kalçalarının lezzetli ve pratik tarifidir,Tavuk Yemekleri,"[""4 adet kemiksiz tavuk kalça"", ""0.5 çay bardağı zeytinyağı"", ""1 çay kaşığı karabiber"", ""1 tatlı kaşığı kırmızı toz biber"", ""1 silme tatlı kaşığı tuz""]","[""Piliç topkapı için geniş bir kabın içine zeytinyağını ve baharatları koyup güzelce karıştırın ve açılmış tavuk butlarını bu karışıma güzelce buladıktan sonra üstlerini streç filmle örterek yaklaşık 30"", ""Yapışmaz tabanlı bir tencereye 2 yemek kaşığı zeytinyağını alın, kuş üzümlerini ekleyin ve dolmalık fıstıkları renkleri dönene dek kavurun."", ""Ardından küp küp doğradığınız kuru soğanı da ilave edin ve soğanlar pembeleşene dek kavurmaya devam edin. Pirinci süzüp bol suyla yıkayın ve soğanların üstüne ekleyip 2 dakika kadar kavurun."", ""Baharatları da ilave ettikten sonra 1 bardak sıcak suyu ekleyin."", ""Tencerenin kapağını kapatın ve ocağın altını kısıp, iç pilav suyunu çekene dek yaklaşık 8 dakika kadar pişirin."", ""Tavuk butlarından birisini alın derisi altta kalacak şekilde yayın, üstüne hazırladığınız iç pilavdan koyun. Sarma gibi sardıktan sonra açılmaması için kenarlarından kürdan yardımı ile birleştirerek k"", ""Bir kasede sosu için gerekli olan; su, zeytinyağı ve salçayı karıştırdıktan sonra, fırın kabına yerleştirdiğiniz tavukların üstüne gezdirin."", ""Diğer tavukları da bu şekilde hazırlayarak bir fırın kabına yerleştirin. Piliç topkapı hazır. Önceden ısıtılmış 200 derece fırında yaklaşık 30 dakika kadar pişirin ve ardından sıcak sıcak servis edin.""]"
c30a3282-f548-4897-a3fb-5beb051cab38,Karamelli Kek,Turkey,"Karamelli kek, tatlı krizlerinizi anında giderecek, lezzetli ve pratik bir tarif",Tatlı,"[""2 adet yumurta"", ""1/2 su bardağı süt"", ""1/2 su bardağı sıvı yağ"", ""1,5 su bardağı un"", ""1 paket kabartma tozu"", ""1 tatlı kaşığı vanilya aroması"", ""1 su bardağı şeker"", ""250 mililitrekrema"", ""1 tatlı kaşığı damla çikolata (arzuya göre)""]","[""Öncelikle karameli hazırlamak için şekeri bir tavaya alıp karamel haline getirin."", ""Dikkatli bir şekilde kremayı ekleyip karıştırın. Karamel eriyene kadar pişirin."", ""Tuzu da ilave edip ateşten alın ve soğumaya bırakın."", ""Kek için sıvı malzemeleri (yumurta, süt, sıvı yağı, vanilya ve karamel sosunu) bir kapta çırpın."", ""Un ve kabartma tozunu eleyerek karışıma ekleyin. Pürüzsüz bir kıvam olana kadar karştırın."", ""Yağlanmış baron kek kalıbına aktarın."", ""Önceden ısıtılmış 180 derecelik fırında yaklaşık 35-40 dakika pişirin.""]"
ce29004d-a82b-49a5-863f-b44878ad2205,Karamelli Etimek Tatlısı,Turkey,"Pratik ve lezzetli Karamelli Etimek Tatlısı, karamelin tadıyla büyüleyen bir tatlıdır",Tatlı,"[""3 paket etimek"", ""4 su bardağı toz şeker"", ""5 su bardağı su"", ""8 su bardağı süt"", ""5 yemek kaşığı un"", ""4 yemek kaşığı buğday nişastası"", ""1 su bardağı toz şeker"", ""2 paket vanilya"", ""1 yemek kaşığı tereyağı""]","[""Öncelikle şeker tavada karamelize edilir. Üzerine sıcak su ilave edilir. Bu aşamada şeker sertleşecektir. Karamelize şeker eriyene kadar kaynatılır ve ocağın altı kapatılır. İlk sıcağı çıkana"", ""Tencereye süt, un, nişasta, şeker konur, karıştırılarak pişirilir. Piştikten sonra tereyağ ve vanilyalar eklenip çırpılır."", ""Alt taban için etimekler şerbete arkalı önlü batırılıp kare borcama dizilir."", ""Kremanın üçte biri etimeklerin üzerine dökülüp yayılır. Aynı şekilde 2. ve 3. kat tamamlanır. Afiyet olsun.""]"
047df66b-082d-44e8-be77-5b0cf479bf87,4 Malzemeli Donut,Turkey,"Sadece üç malzemeye sahip, hızlı ve pratik bir donut tarifi",Ana Yemek,"[""2 adet yumurta beyazı"", ""1 çay kaşığı kabartma tozu"", ""80 gram sütlü çikolata""]","[""İlk olarak yumurta beyazını kabartma tozuyla kar beyaz olana kadar çırpalım."", ""Çikolatamızı benmari usulü eritelim ve yumurtaya yavaş yavaş ekleyerek karıştıralım."", ""Kaşıkla yağlı kağıt serilmiş tepsiye yuvarlak şekilde karışımdan bırakalım."", ""Önceden ısıtılmış 170 derece fırında 8-10 dakika pişirelim."", ""Fırından çıkarttığımız kurabiyelerin üzerine fıstık ezmesi sürerek diğerini üzerine kapatalım. Afiyet olsun.""]"
869704fe-0deb-4afd-9e4f-64348ba5f369,Ekmek Pizza,Turkey,Bayat ekmekleri lezzetli ve pratik bir pizzaya dönüştürün,Börek & Hamur İşi,"[""1 adet bayat ekmek (yatay olarak iki eşit parça ya bölünmü"", ""4 adet orta boy domates"", ""2 yemek kaşığı domates salçası"", ""2 silme tatlı kaşığı fesleğen"", ""1 çay kaşığı kekik"", ""2 çay kaşığı tuz"", ""1 yemek kaşığı tereyağı (oda sıcaklığında bekletilmiş)""]","[""Pizza sosunu hazırlamak için; kabuklarını soyduğunuz domatesleri iri küpler halinde doğrayın."", ""Domates salçası, kekik, fesleğen ve tuz ilave ettiğiniz domates küplerini mutfak robotunda püre haline getirin."", ""Hazırladığınız sosu, yatay olarak kestiğimiz ekmeklerin üzerine sürün. Kenarlarına da biraz oda sıcaklığında bekletilmiş tereyağı dokundurmayı unutmayın."", ""Sırayı bozmayacak şekilde; mozzarella peyniri, sucuk, salam, jambon dilimleri, rendelenmiş kaşar peyniri ve doğranmış siyah zeytini ekmek dilimleri üzerine serpiştirin."", ""Önceden ısıtılmış 200 derece fırına sürün ve üstündeki kaşar peyniri kızarmaya başlayana kadar (hafif renk değiştirecek) pişirin."", ""Daha sonra dışarı çekip üzerine ufaladığınız beyaz peyniri serpiştirin ve tekrar fırına sürün. Beyaz peynir eridiğinde pizzanız olmuş demektir."", ""Bayat ekmek dilimlerini değerlendirerek hazırladığınız ekmek pizzaları, sevdiklerinizle birlikte afiyetle yiyebilirsiniz.""]"
fa1bdb27-88ea-4745-b77f-6d09dee65283,Pryanik Kurabiye,Turkey,"Rus mutfağından gelen, baharatlı ve lezzetli Pryanik kurabiye tarifi",Tatlı,"[""1 su bardağı süt"", ""3/4 su bardağı un"", ""1 su bardağı toz şeker (tepeleme)"", ""3 tepeleme yemek kaşığı kakao"", ""1/2 çay bardağı sıvı yağ"", ""4 adet kakule"", ""3 adet karanfil"", ""1 çay kaşığı toz zencefil"", ""1 çay kaşığı toz tarçın"", ""1/2 adet rendelenmiş muskat cevizi"", ""1 adet yumurta sarısı"", ""1 paket kabartma tozu"", ""1 çay kaşığı karbonat"", ""1 yemek kaşığı limon suyu"", ""2 su bardağı un (tepeleme)""]","[""Sütü bir taşım kaynatın."", ""Kurabiye harcını yapacağınız derin bir kaba; şekeri ve 3/4 su bardağı unu koyun. Üzerine sıcak sütü ekleyip koyulaşana kadar karıştırın."", ""Kakule, karanfil, tarçın, zencefil ve muskatı bir havanda döverek birleştirin. Eleyerek harca ekleyin."", ""Kakaoyu, sıvı yağı ve yumurta sarısını da harca ekleyip pürüz olana kadar karıştırın. Karışıma kalan unun yarısını tahta bir kaşıkla yedirin."", ""Karbonata limon suyu ekleyip aktifleştirin ve kabartma tozuyla bitlikte harca ekleyip karıştırın."", ""Kalan 2 su bardağı unu kontrollü olarak ekleyin ve pürüzsüz az yapışkan bir harç olana kadar eklemeye devam edin."", ""Harcı, unlanmış tezgaha alın. Üzerini biraz unla unlayıp merdane yardımı ile yarım santimetre kalınlığında açın."", ""Bir kesici ya da bardak yardımı ile hamuru kesin. Kurabiyeleri fırın kağıdı serilmiş bir tepsiye alın."", ""Bu işleme hamur bitene kadar devam edin. Kurabiyelere yapışan fazla unu fırça ile silkeleyin."", ""Kurabiyeleri 200 derecelik fanlı fırında 10 dakika pişirin ve oda sıcaklığında soğuyana kadar bekletin."", ""Dış kaplaması için yumurta beyazı, pudra şekeri ve limon suyunu pürüzsüz olana kadar çırpın."", ""Soğuyan kurabiyelerin tüm yüzeyini kaplayın ve tekrar tepsiye alın. Bu işlemi eldiven giyip elinizle kolaylıkla yapabilirsiniz."", ""Kurabiyeleri oda sıcaklığında 1 gece ya da ılık fırında bir saat bekletip dışı kuruduktan sonra servis edebilirsiniz."", ""Kurabiyelerinizi hava almayan bir kapta haftalarca bayatlamadan saklayabilirsiniz. Afiyet olsun.""]"
99e2ea00-0b9d-46ef-82da-9e7c10032a2f,Yeşil Zeytin Salatası,Turkey,"Ferahlatıcı ve pratik yeşil zeytin salatası, yoğurt ve labne ile harmanlanarak sofralarınıza lezzet katıyor",Salata,"[""1 su bardağı süzme yoğurt"", ""1 su bardağı labne"", ""1 adet limon kabuğu rendesi"", ""100 gram dilim lenmiş yeşil zeytin"", ""1 su bardağı haşlanmış mısır"", ""1 adet kapya biber (közlenmiş)"", ""3 adet ceviz""]","[""Yoğurt, labne ve limon kabuğu rendesini bir kapta karıştırın. Servis tabağına alın ve kaşık yardımıyla yayın."", ""Diğer kalan malzemeleri de üzerine ekleyerek servis edin.""]"
546806fb-9f44-4155-82d1-d33d8176a0a6,Ev Yapımı Pizza,Turkey,Lezzetli ve pratik ev yapımı pizza tarifimizle misafirlerinize unutulmaz bir lezzet sunun,Ana Yemek,"[""5 su bardağı un"", ""4 yemek kaşığı zeytinyağı"", ""1 paket instant maya"", ""1 yemek kaşığı toz şeker"", ""1 tatlı kaşığı tuz"", ""2 su bardağı ılık su""]","[""Unu yoğurma kabına alın, ortasını havuz şeklinde açın ve tüm kuru malzemeleri ekleyip,suyu yavaş yavaş ilave ederek hamuru yoğurun."", ""Ele yapışmayan yumuşak kıvamlı bir hamur elde edin."", ""Hamurun üzerini bez ile kapatıp, 30 dakika kadar mayalanmaya bırakın."", ""Mayalanan hamuru karıştırarak havasını alın. Tezgahın üzerine un serpip hamuru tezgaha alın."", ""Hamuru 3 eşit parçaya bölüp beze yapın ve üzerini bezle örtüp 10 dakika kadar daha mayalandırın."", ""Mayalanan hamurun altına mısır unu serperek,merdane ile açın. Dilerseniz pizza tepsisi boyutunda açabilirsiniz."", ""Pizza tepsiniz yoksa yuvarlak fırın tepsisi boyutunda açabilirsiniz. İncelttiğiniz hamuru fırın tepsisine alın."", ""Kabarması için çatal ile her tarafına delikler açın. Önceden ısıtılmış 200°lik fırında 10 dakika pişirelim."", ""Pizzanın ön pişmesi olurken, pizza sosunu hazırlayın."", ""Bir kapta domates rendesi, sarımsak,ketcap ve baharatları ekleyip iyice karıştırın."", ""Az pişmiş olan pizza hamurunu fırından çıkarıp, domates sosu üzerine sürün."", ""Sırası ile mozzarella peyniri, sucuk, biber, hellim peynir, soğan halkası ,zeytin ve mısırı da ekleyip tekrardan fırına verin."", ""15 dakika daha pişirin. Alt tabanı muhakkak pişmesini sağlayın. Pişmezse pizzanız çıtır olmaz."", ""Tüm malzemeler iyice piştikten sonra fırından çıkarıp, sıcak servis edebilirsiniz. Afiyet olsun.""]"
eb25f92c-950e-4f95-936f-387fd1a606e2,Bayat Ekmek Pizzası,Turkey,Bayat ekmekleri lezzetli bir atıştırmalığa dönüştüren pratik ve ekonomik bir tarif,Börek & Hamur İşi,"[""2 adet domates"", ""1 adet kuru soğan"", ""3 adet yeşil biber"", ""100 gram margarin veya tuzsuz tereyağı"", ""1 tatlı kaşığı karabiber ve pulbiber"", ""1 tatlı kaşığı kekik""]","[""Bütün sebzeleri dığrayabildiğiniz kadar küçük küçük doğrayın.."", ""Bir kaba aldığınız kaşar lorunun içine tereyağını ekleyip elinizde güzelce birbirine karışmasını sağlayın."", ""Diğer malzemeleri ve baharatlarınıda ekleyip tekrar karıştırın."", ""Dilimlediğiniz ekmeklerin üzerine kalın bir şekilde sürün."", ""200 drece fırında üzerleri hafif kızarana kadar pişirin. Ardından çıkarıp servis edin. Afiyetler olsun!""]"
56099382-84b0-438b-825d-019ebc9afc76,Yulaflı Kurabiye,Turkey,Sağlıklı ve doyurucu atıştırmalık için pratik yulaflı kurabiye,Tatlı,"[""2,5 su bardağı yulaf ezmesi"", ""3/4 su bardağı kabak çekirdeği içi"", ""3/4 su bardağı kuru üzüm"", ""100 mililitreeritilmiş tereyağı"", ""100 mililitrepekmez"", ""1 adet yumurta"", ""1 çay kaşığı tarçın""]","[""Tüm malzemeleri birbirine yapışacak kıvama gelene kadar fazla ezmeden yoğurun."", ""Yağlı kağıt serilmiş tepsi üzerine, elinizle ya da herhangi bir kalıpla ince olarak ve bastırarak şekil verin."", ""Önceden ısıtılmış 180 dereceli fırında kızarana kadar pişirin."", ""Soğuduktan sonra servis yapın. Afiyet olsun.""]"
4032259e-e099-45e3-9383-173e7df2757a,Sebzeli Pilav,Turkey,"Renkli sebzelerle zenginleştirilmiş, lezzetli ve besleyici bir pilav",Pilav & Makarna,"[""30 gram kabak"", ""30 gram havuç"", ""50 gram renkli dolmalık biber"", ""100 gram fileto tavuk göğsü"", ""1 adet yumurta"", ""1 yemek kaşığı tereyağı"", ""250 gram pirinç pilavı (ya da haşlanmış pirinç)"", ""1 tatlı kaşığı soya sosu""]","[""Kemik ve deri kısımlarından arındırılmış fileto tavuk göğsünü küçük parçalar halinde doğrayın."", ""Uç kısımlarını alıp kabuklarını soyduğunuz kabak, havuç ve renkli dolmalık biberleri minik küpler halinde kesin."", ""Tereyağını geniş tabanlı bir tavada eritin. Fileto tavuk göğüsü parçalarını yüksek ateşte kavurun."", ""Doğradığınız karışık sebzeleri katıp hafif bir renk alana kadar tavuklarla birlikte kavurun. Yumurtayı kırıp aralarda karıştırarak pişmesini sağlayın."", ""Önceden hazırlayıp soğuttuğunuz demlenmiş pirinç pilavını tavaya alın. Tüm malzemeyi karıştırarak yüksek ateşte pişirme işlemini kısa bir süre daha sürdürün."", ""Soya sos ve arzu ettiğiniz baharatları kattıktan sonra sıcak ya da ılık olarak sevdiklerinizle paylaşın.""]"
f859a5dc-33fe-466c-8998-816411d46342,Fırında Tavuklu Fasulye Diblesi,Turkey,"Pirinç, tavuk ve taze fasulyenin harmanlandığı lezzetli ve doyurucu bir fırın yemeği",Tavuk Yemekleri,"[""1,5 su bardağı pirinç"", ""250 gram tavuk göğsü"", ""500 gram taze fasulye"", ""1 adet kuru soğan"", ""4 yemek kaşığı zeytinyağı"", ""3 su bardağı sıcak su (+1 çay bardağı daha)"", ""1 adet domates"", ""1 tatlı kaşığı salça""]","[""Taze fasulyeleri yıkayın ve temizledikten sonra küçük küçük doğrayın."", ""Kuru soğanı minik minik doğrayın ve bir tavaya aldığınız 3 yemek kaşığı zeytinyağında pembeleşene dek kavurun."", ""Salçayı da ekleyip, salçanın kokusu çıkana kadar kavurun."", ""Domatesi de küp küp doğradıktan sonra soğanlara ilave edip, 1-2 dakika kadar daha kavurun."", ""Üstüne 1 çay bardağı sıcak suyu ve fasulyeleri de ekledikten sonra 5 dakika kadar pişmeye bırakın."", ""Ayrı bir tavada 1 yemek kaşığı zeytinyağında, küp küp doğradığınız tavukları soteleyin."", ""Üstüne baharatları ekleyin ve yıkanmış pirinci de ilave edin."", ""2-3 dakika daha kavurduktan sonra, pirinçli tavuklarla fasulyeleri genişçe bir fırın tepsisinde birleştirip, karıştırın."", ""Tepsiye 3 su bardağı sıcak suyu da ekledikten sonra, önceden ısıtılmış 200 derece fırında, yemeğiniz suyunu çekene dek yaklaşık 20 dakika kadar pişirin."", ""Fırından aldıktan sonra, üstünü kapatıp 10 dakika kadar demlendirin ve ardından servis edin. Afiyet olsun.""]"
c266c763-3a6b-4dac-8cd1-537ffd6c2de3,Pratik Cool Lime,Turkey,"Yaz aylarının ferahlatıcı serinliği, pratik limonata ile bir tık uzağınızda",Ana Yemek,"[""3 adet limon"", ""5 yemek kaşığı şeker (bal da olur)"", ""1,5 litre soğuk su""]","[""Nane yaprakları ayıklanır ve yıkanır. Limonların kabukları rendelenir. Suları sıkılır."", ""Nane, limon kabuğu ve şeker el yardımıyla 3-4 dakika ovulur. Aromalarının geçmesi sağlanır. Su ve limon suyu eklenir, şeker eriyene kadar karıştırılır."", ""Sonra ince bir süzgeçten veya tülbentten geçirilip süzülür. İçeceğimiz hazır. Buz eklenir. Soğuk servis yapılır. Afiyet olsun.""]"
d7d07623-d2f9-40e3-8e20-edff67fde9c0,Çikolata Kremalı Damla Çikolatalı Muffin Kek,Turkey,"Çikolata kreması ve damla çikolata ile zenginleştirilmiş, yumuşacık muffin kek tarifi",Tatlı,"[""3 adet yumurta"", ""1 su bardağı toz şeker"", ""1 su bardağı süt"", ""1 su bardağı sıvı yağ"", ""3 yemek kaşığı kakao"", ""2 yemek kaşığı çikolata kreması"", ""1 paket vanilya"", ""1 paket kabartma tozu"", ""2,5 su bardağı un"", ""1 küçük boy kase damla çikolata (üzeri için)""]","[""Yumurta ve şekeri mikser ile çırpalım. Üzerine sırası ile süt, sıvı yağı, kakao, çikolata kreması ekleyerek çırpmaya devam edelim."", ""Un, kabartma tozu ve vanilya eleyerek ekleyelim. Muffin kaplarına 2 yemek kaşığı ekleyerek dökelim."", ""Üzerlerine damla çikolata ekleyelim ve 200 derecede ısınmış fırında 30 dakika kontrollü şekilde pişirelim."", ""Kürdan testi yaparak fırından çıkaralım. Afiyet olsun.""]"
dba361fb-9c65-4a33-9168-1cdcd05d50d5,Sandviç Ekmeği,Turkey,"Ev yapımı, yumuşacık sandviç ekmeği tarifimizle lezzetli sandviçler hazırlayın",Ana Yemek,"[""1 su bardağı ılık su"", ""1 su bardağı ılık süt"", ""2 yemek kaşığı tereyağı"", ""1 paket instant maya"", ""1 tatlı kaşığı tuz"", ""1 tatlı kaşığı toz şeker"", ""2-3 yemek kaşığı sıvı yağ (hamuru top lamak için)"", ""4-4,5 su bardağı un""]","[""Sandviç ekmeği için maya, şeker ve sıvılar karıştırılır. Tuz un eklenip yoğrulur. Unun miktarı kontrollü bir şekilde eklenir, böylece ele yapışmayan ve orta yumuşaklıkta bir hamur elde edilir."", ""Hamur, sıvı yağ eklenerek iyice yoğrulur ve homojen bir kıvam alana kadar devam edilir. Sonrasında hamur, kapaklı bir kap içerisine koyularak mayalanmaya bırakılır."", ""Mayalanma süreci tamamlandıktan sonra hamurun içindeki hava çıkarılır ve tekrar yoğrulur. Hamur, 12 eşit parçaya ayrılır ve her bir parça yuvarlanır."", ""Her parça pasta tabağı boyutuna genişletilir. Hamurun içe doğru kıvrılmasıyla rulo şekli verilir. Kenarlar iyice yapıştırılarak şekil sabitlenir."", ""Hazırlanan rulolar, geniş aralıklarla tepsiye yerleştirilir ve ikinci bir mayalanma sürecine bırakılır. Yarım saat veya 45 dakika boyunca mayalandıktan sonra, üzerlerine yağ, su ve yoğurt karışımı sür"", ""İsteğe bağlı olarak yumurta sarısı da kullanılabilir. Ancak, bu adım opsiyoneldir ve kişisel tercihlere bağlıdır."", ""Ekmekler, önceden ısıtılmış bir fırında, alt-üst ayarda 200 derecede yaklaşık yarım saat boyunca pişirilir. Hamurun üzeri güzelce kızarana kadar beklenir."", ""Pişirme tamamlandıktan sonra, sandviç ekmekleri soğuduktan sonra istediğiniz şekilde servis edilebilir. Afiyet olsun!""]"
6d5cdff6-71e5-4218-8fe7-09ed8f0a1144,Çilekli ve Çikolata Parçacıklı Kurabiye,Turkey,"Taze çilekler ve çikolata parçacıklarıyla lezzetlenen, pratik ve nefis bir kurabiye tarifi",Tatlı,"[""1 adet yumurta"", ""1/2 su bardağı zeytinyağı"", ""2 yemek kaşığı limon suyu"", ""1/3 paket stevia"", ""2 yemek kaşığı Hindistan cevizi şekeri"", ""1/2 paket kabartma tozu"", ""1 paket vanilya"", ""1 su bardağı un (+ 3/4 su bardağı kadar daha)"", ""3/4 su bardağı çilek (doğranmış)"", ""1/3 su bardağı bitter çikolata (doğranmış)""]","[""Tüm sıvı malzemeleri ve kullandığınız tatlandırıcı çeşidini iyice çırpın."", ""Un, kabartma tozu ve vanilyayı ekleyin, iyice bütünleştirin."", ""Sırayla çilek ve çikolata parçalarını ekleyip, hamur içine eşit dağılacak şekilde nazikçe karıştırın."", ""Hamurdan pinpon topu boyutlarında parçalar alıp yuvarlayın, hiç üzerilerine bastırmadan, yağlı kağıt serili fırın tepsisine yerleştirin."", ""Üstleri hafifçe kızarana kadar 15-20 dakika, 180 derecelik fırında pişirin."", ""Soğuyunca hemen dilediğiniz gibi servis edebilirsiniz. Afiyet olsun.""]"
29fd9497-a164-4f9e-9e47-67722892ac5a,Tam Buğdaylı Pankek,Turkey,Tam buğday unu ile hazırlanan sağlıklı ve lezzetli pankek tarifi,Tatlı,"[""1 adet yumurta"", ""200 mililitresüt"", ""1/2 adet limon kabuğu rendesi"", ""1 paket kabartma tozu"", ""1 paket vanilin"", ""6 silme yemek kaşığı tam buğday unu""]","[""Yumurtayı bir kasenin içine kırın ve çırpın. Üzerine sütü ilave edip karıştırın."", ""Karışıma limonun kabuğunu rendeleyip karıştırmaya devam edin."", ""Tam buğday ununu önce 4 çorba kaşığı eleyerek karışıma ilave edin."", ""Karışım boza kıvamına gelene kadar kalan unu ilave etmeye devam edin. Un miktarı kıvama göre daha az ya da daha çok olacak şekilde ayarlanabilir."", ""Boza kıvamına gelen karışıma son olarak kabartma tozu ve şekerli vanilini ilave ederek karıştırın."", ""Tavayı ocağa alın ve altını yakıp ısınmasını bekleyin. Isınan tavayı tereyağı/ zeytinyağı ile çok hafif yağlarsanız karışımın yapışmasını önleyecektir."", ""Bir kepçe ile karışımdan tavaya dökün. Karışımın üstünde kabarcıklar oluşmaya başlayacak ve üzeri matlaşacaktır."", ""Tavayı hafifçe hareket ettirdiğinizde üzerindeki sıvı kıvam katılaşmış bir görünüm alacaktır. Bu aşamada diğer tarafını çevirebilirsiniz."", ""Diğer tarafının da piştiğini bir maşa ile kontrol edin."", ""Piştikten sonra pankeki tabağa alıp kalan karışımdan bir kepçe ile aldığınız miktardaki pankeklere de sırasıyla aynı işlemleri uygulayın."", ""Pankekleriniz artık hazır. İster tatlı, ister tuzlu, ister tek başına tüketebilirsiniz. Afiyet olsun.""]"
d1895180-397e-4260-b4ac-a59eae0875bd,Lavaştan Kolay Gözleme,Turkey,Lavaşları kaşar peyniri ile doldurup tereyağında kızarana kadar pişirerek hazırlanan pratik ve lezzetli bir atıştırmalık,Börek & Hamur İşi,"[""4 adet lavaş"", ""200 gram kaşar peyniri (Dilediğiniz bir çeşit)"", ""1 yemek kaşığı tereyağı""]","[""Lavaşı tezgahın üzerine alın. Kare kesilmiş kaşar peynirlerini ya da dilediğiniz farklı bir peyniri içerisine yerleştirin."", ""Zarf şeklinde katlayın."", ""Tavanızı yağlayın ve ısıtın. Fırça yardımıyla gözlemeleri yağlayın. Dilerseniz tereyağı da kullanabilirsiniz. Katlama yüzeyi aşağıya gelecek şekilde gözlemeleri tavaya alın."", ""Arkalı önlü şekilde yaklaşık 6-8 dakika pişirin. Ardından sıcak sıcak servis edin. Afiyetler olsun.""]"
847fffc7-5f1b-49fa-aaf7-74442ceb4daa,Limon Sıkacağında İçli Köfte,Turkey,Limon sıkacağında pratik ve lezzetli içli köfte yapımının sırrı,Ye,"[""1,5 su bardağı ince bulgur"", ""1,5 yemek kaşığı irmik"", ""2 su bardağı sıcak su"", ""1 yemek kaşığı biber salçası"", ""2 yemek kaşığı un"", ""1 adet yumurta"", ""1 tatlı kaşığı tuz"", ""1 çay kaşığı karabiber"", ""1 çay kaşığı kırmızı toz biber""]","[""Harcı hazırlayacağınız tavayı ısıtın ve zeytinyağını ilave edin."", ""Soğanları pembeleşinceye kadar kavurun."", ""Kavrulan soğana kıymayı ilave edin ve kıyma suyunu salıp geri çekinceye kadar karıştıra karıştıra pişirmeye devam edin."", ""Cevizleri ekleyin ve karıştırın."", ""Baharatları ve salçayı ekleyin. En son kıyılmış maydanozu ekleyip ocaktan alın.""]"
ec19116e-7786-4c4c-a092-2a959600eb7f,Soslu Patates Salatası,Turkey,"Lezzetli ve pratik soslu patates salatası, sofralarınıza ferahlık katıyor",Ye,"[""2-3 adet patates"", ""1 adet havuç"", ""1 adet mor soğan"", ""7-8 adet kornişon turşu"", ""2 yemek kaşığı mısır (tercihen)""]","[""Patatesleri küpler halinde doğrayın ve üzerini geçecek kadar su ekleyip haşlayın. Yumuşadığı zaman süzün ve uygun bir kaseye alın. Soğuduğunda diğer malzemeleri ilave edin."", ""Sosu için gerekli malzemeleri güzelce karıştırın. Sebzelerin üzerine aktarıp harmanlayın."", ""Buzdolabında biraz soğutup veya ılıkken servis yapın. Afiyet olsun.""]"
e5c9268c-7e05-49a0-a3f1-13d5b93330c3,Labneli San Sebastian Cheesecake,Turkey,"Labne ve krem peynir ile hazırlanan, pratik ve lezzetli San Sebastian usulü cheesecake",Ye,"[""3 paket labne"", ""1 paket krem peynir"", ""2 paket krema"", ""5 adet yumurta"", ""4 silme yemek kaşığı un"", ""1,5 su bardağı toz şeker""]","[""İlk olarak peynirleri ve şekeri mikserle 3-4 dakika civarı çırptım. Çırpma süresi şekerler eriyene kadardı."", ""Ardından mikseri bırakıp elle çırpmaya geçtim. Kasenin içine yumurtaları teker teker ekleyip karıştırdım."", ""Biri karışmadan diğerini eklenmiyor."", ""Son olarak krema ve unu (eleyerek) ekleyip karıştırdım."", ""Önceden ısıttığım 210 derecelik fırında 20-24 dakika pişirdim."", ""Soğuyana kadar oda sıcaklığında dinlendirdim. 1 gün buzdolabında dinlendirilmesi tercih ediliyor. Afiyet olsun.""]"
fd37decb-aaf9-4410-98f1-256b01b597f6,Mercimek Salatası,Turkey,"Zeytinyağı ve taze otlarla harmanlanmış, doyurucu ve lezzetli bir klasik",Ye,"[""1 su bardağı yeşil mercimek"", ""1/2 adet havuç (küp küp kesilmiş)"", ""1/2 su bardağı haşlanmış mısır"", ""8-10 adet cherry domates"", ""5-6 adet salatalık turşusu (halka kesilmiş)"", ""1 çay kaşığı tuz"", ""1/2 çay kaşığı karabiber"", ""1 çay kaşığı sumak"", ""2 yemek kaşığı zeytinyağı"", ""1 yemek kaşığı limon suyu"", ""1 tatlı kaşığı balsamik sirke""]","[""Mercimekleri haşlayın."", ""Haşlanan mercimekleri bir kaseye alın ve üzerine havuçları ekleyin."", ""Üzerine turşu ve yeşillikleri ekleyin."", ""Üzerine haşlanmış mısırları ekleyin."", ""Üzerine domatesleri ilave edin."", ""Sos için; balsamik sirke, zeytinyağı, tuz, karabiber, sumak ve limon suyunu karıştırın."", ""Salata ile sosu buluşturup güzelce karıştırın.""]"
a007bf1f-d9cc-4762-a34c-2f9fff067f99,Kaşarlı Fırın Mantar,Turkey,"Tereyağında harmanlanıp fırında kaşarlarla buluşan mantarlar, lezzetli ve pratik bir başlangıç",Ye,"[""1 paket mantar (400 gr)"", ""1 yemek kaşığı tereyağı"", ""1/2 çay kaşığı tuz"", ""1/2 çay kaşığı kırmızı toz biber""]","[""Mantarların kabukları soyulur kökleri çıkartılır."", ""Köklerini omlet yapabilirsiniz."", ""Tuz, kırmızı toz biber, sarımsak karıştırılır ve içlerine sürülür."", ""Minik küp doğranmış tereyağı da eklenir."", ""Fırında 180°’de 10-15 dakika yumuşayana kadar pişirilir."", ""Sonrasında kaşar peynirleri ilave edilip eriyene kadar 4- 5 dakika tekrar fırınlanır."", ""Sotelenmiş kırmızı biberlerle servis yapılır. Afiyet olsun.""]"
3366b5f8-5183-4007-bd9b-666e04e87817,Kabartma Tozlu Yağ Çekmeyen Pişi,Turkey,"Kabartma tozu sayesinde mis gibi kabaran, yağ çekmeden pratik bir pişi tarifi",Ana Yemek,"[""1 su bardağı süt"", ""1 paket kabartma tozu"", ""1 tatlı kaşığı tuz"", ""1 adet yumurta"", ""4,5 su bardağı un""]","[""Un hariç bütün malzemeleri bir araya getirin, karıştırın."", ""Azar azar unu ilave edin."", ""Ele yapışmayan bir hamur elde edene kadar yoğurun."", ""Merdane yardımıyla hamuru açın."", ""Bardağın ağız kısmıyla yuvarlak kesin."", ""Uygun bir tava ya da tencereye sıvı yağı ekleyin ve ısıtın."", ""Hamurları dikkatlice içerisine bırakarak iki tarafı da kızarana kadar çevirerek kızartın. Afiyet olsun!""]"
9d1291f4-1b1d-443e-8b46-626ba81af391,Kahvaltılık Ekmek,Turkey,"Pratik ve lezzetli kahvaltılık ekmek, hızlıca hazırlayabileceğiniz doyurucu bir başlangıç",Ye,"[""3 adet yumurta"", ""2 yemek kaşığı tulum peyniri"", ""1 yemek kaşığı tereyağı"", ""1 çay kaşığı pul biber"", ""1 çay kaşığı karabiber"", ""1 çay kaşığı kişniş (çekilmiş)"", ""1 çay kaşığı kekik""]","[""Yapışmayan bir tavaya yağlar alınır ve eritilir."", ""İçi bıçak yardımı ile kesilen dilim ekmekler yerleştirilir."", ""Yeşillikler yıkanıp, kurutulup, ince ince kıyılır ve içerisine peynir, yumurta, baharatlar ilave edilerek çırpılır."", ""Karışım ekmeklerin boş olan yerlerine kaşık yardımı ile dökülür."", ""Pişen yüzün arkası da çevrilir ve diğer tarafı da pişince servis tabağına alınır. Afiyet olsun.""]"
bec84ac3-7f75-42d9-b4b3-29a545ec4013,Fit Topçuklar,Turkey,Sağlıklı ve doğal malzemelerle hazırlanan enerji dolu atıştırmalık topçuklar,Ye,"[""4 adet günkurusu kayısı"", ""4-5 adet hurma"", ""1 adet kuru incir"", ""2 adet ceviz"", ""3-4 yemek kaşığı yulaf ezmesi"", ""1 tatlı kaşığı kakao"", ""1 tatlı kaşığı tarçın""]","[""Kuru meyvelerin çekirdeklerini çıkartıp yumuşayana kadar ıslatın."", ""Malzemeleri macun kıvamına gelene kadar rondodan geçirin."", ""Ceviz büyüklüğünde parçalar kopartın ve Hindistan cevizi, Antep fıstığı vb. ile kaplayın."", ""Buz dolabında bir kaç saat dinlendirdikten sonra servis edin. Afiyet olsun.""]"
cb134933-6daf-458e-acb4-1e65343e2da2,Chimney Cake,Turkey,"Dış çıtır çıtır içi yumuşacık olan, üzerine şeker ve fındık gibi çeşitli malzemelerle süslenen geleneksel bir Macar tatlısıdır",Ana Yemek,"[""1/2 su bardağı süt"", ""1 yemek kaşığı kuru maya"", ""1,5 su bardağı un"", ""1/2 çay kaşığı tuz"", ""2 yemek kaşığı sıvı yağ"", ""1 adet yumurta"", ""1 yemek kaşığı toz şeker""]","[""Sütü hafifçe ılıtarak mayayı içinde çözdürün."", ""Unu eleyerek ayrı bir kaba alın ve tuzu ekleyip karıştırın."", ""Unun ortasında bir çukur açarak, sıvı yağı, yumurtayı ve şekeri ekleyin."", ""Yumuşak bir hamur elde edinceye kadar güzelce yoğurun."", ""Hamurun üzerini streç filmle kapatarak en az 45 dakika dinlendirin."", ""Bu sırada hamuru üzerine sarmak için; üç adet kağıt havlu rulosunu pişirme kağıdı ile kaplayın."", ""Fırını 190 dereceye ısıtın."", ""Dinlenen ve kabaran hamuru tekrar yoğurduktan sonra, tezgaha şeker serperek üzerinde açın."", ""Açtığınız hamuru bir parmak kalınlığında şeritler halinde kesin."", ""Kestiğiniz şeritleri, kapladığınız ruloloların her iki ucunda birer parmak boşluk bırakarak, aralarında boşluk kalmayacak şekilde ve şeritler uç uca gelecek şekilde dolayın."", ""Tüm rulolar tamamlandığında tereyağını eriterek fırça yardımıyla üzerlerine sürün."", ""Daha sonra tezgahın üzerine toz şeker ve tarçın serperek ruloları hafifçe bastırarak şeker ve tarçına bulayın."", ""Ruloları -uçlarında bıraktığınız boşluklar kabın kenarlarına oturacak şekilde- derin bir pişirme kabına yerleştirin."", ""20 dakika pişirdikten sonra dilimleyerek rulolardan çıkarın ve afiyetle tüketin.""]"
97e1b4a0-e2c6-4d66-8b6c-1ad4627922b9,Şişte Tavuk,Turkey,Zeytinyağı ve tuzla marine edilmiş tavuk göğsünün şişte lezzetli ve pratik hali,Ye,"[""1 adet tavuk göğsü"", ""2 yemek kaşığı zeytinyağı"", ""1 çay kaşığı tuz"", ""1/2 çay kaşığı karabiber"", ""1/2 çay kaşığı kekik"", ""1/2 adet bazlama"", ""8 adet mozzarella peyniri (küçük boy)"", ""8 adet kiraz domates""]","[""Tavuk göğsünü önce yatay olarak ikiye kesin ve ardından küp küp doğrayın. Bir tavada zeytinyağını ısıtığ tavukları ekleyin. Hafifçe renk aldıktan sonra tuz, karabiber ve kekik ekleyin. Pişince ocaktan"", ""Bazlamayı küp küp doğrayın."", ""Reyhan yapraklarını ayırın ve yıkayın."", ""Yaklaşık 15 cm uzunluğundan tahta şişe sırasıyla bazlama, tavuk, reyhan, domates ve mozzarella peynirini dizin. Tüm malzemeler bitinceye dek aşamaları tekrar edin. Afiyet olsun!""]"
50f44d6f-b101-42e8-9424-109edb19a439,Siyez Bulguru Pilavı,Turkey,"Sağlıklı ve lezzetli bir alternatif olan siyez bulguru pilavı, hem doyurucu hem de besleyici bir seçenektir",Pilav & Makarna,"[""1 su bardağı siyez bulguru"", ""2 su bardağı sıcak su (bulguru ıslatmak için)"", ""2 yemek kaşığı zeytinyağı"", ""1 çay kaşığı toz zerdeçal"", ""1 çay kaşığı toz kırmızı biber"", ""1 su bardağı domates suyu"", ""1 su bardağı su"", ""1/2 çay kaşığı tuz""]","[""Siyez bulgurunu bir tencereye alın, üzerine iki su bardağı kaynar su ekleyin ve 15 dakika beklettikten sonra suyunu süzün."", ""Pilavı pişireceğiniz tencereye zeytinyağı, toz zerdeçal ve kırmızı biberi koyun, orta ateşte yağı kızdırın. Doğranmış sarımsağı ekleyip hafifçe kavurun."", ""Süzülmüş bulguru tencereye alın, 1-2 dakika kadar aralarda karıştırarak kavurun."", ""Tencereye domates suyu ve suyu aktarın. Pilavın tuzunu ayarlayın. Kaynamaya başlayınca tencerenin kapağı kapalı olarak kısık ateşte suyunu çekene kadar 15-20 dakika civarında pişirin."", ""Pilav suyunu çektikten sonra ocağı kapatın ve en az 15 dakika demlendirdikten sonra servis yapın.""]"
d58e9190-645e-40a0-983c-00c9919538fd,Tavuklu Köz Patlıcanlı Yoğurt Salatası,Turkey,"Izgara tavuk ve közlenmiş patlıcanın yoğurtla buluştuğu, lezzetli ve doyurucu bir salata",Salata,"[""2 adet tavuk göğsü"", ""3 adet patlıcan"", ""1 çay bardağı arpa şehriye"", ""2 yemek kaşığı zeytinyağı"", ""4 adet kornişon turşu"", ""1 yemek kaşığı mayonez"", ""3 su bardağı yoğurt""]","[""Patlıcanları yıkayın ve üstlerine bıçakla birer delik açıp, yağlı kağıt serilmiş bir fırın tepsisine dizin. Önceden ısıtılmış 200 derece fırında közlenmeleri için yaklaşık 20 dakika pişmeye bırakın."", ""Patlıcanlar pişerken, tavuğu küçük bir tencereye alın ve üstüne geçecek kadar su koyup yaklaşık 20 dakika haşlayın."", ""Tavuk haşlandıktan sonra didikleyin ve bir kenara alın."", ""Patlıcanlar közlendikten sonra kabuklarını soyun ve küp küp doğrayıp derince bir kaba alın."", ""Üstlerine küp küp doğranmış turşuları ekleyin."", ""Zeytinyağını küçük bir tencereye alın ve arpa şehriyeleri renkleri dönene dek kavurun, üstlerine geçecek kadar su ilave edin ve suyunu çekene dek pişirin."", ""Pişmiş olan arpa şehriyeleri de patlıcanların üstüne ekleyin."", ""İnce doğranmış maydanozu da ilave edin ve didiklenmiş olan tavuğu da ekleyin."", ""Üstlerine sarımsağı rendeleyin. Yoğurdu ve mayonezi de ekledikten sonra güzelce karıştırın ve bir servis tabağına alıp servis edin.""]"
32300991-23f4-4ff0-bea8-508830443b15,Frambuazlı Yer Fıstıklı Çikolata,Turkey,"Rengarenk frambuazlar, kremsi yer fıstığı ve zengin çikolata ile birleşen bu pratik tarif, tatlı krizlerinizi anında gidermek için mükemmel bir seçenek",Tatlı,"[""1 adet orta boy yumurta"", ""1 tatlı kaşığı tereyağı veya Hindistan cevizi yağı (oda sıcaklığında)"", ""1/2 adet orta boy muz"", ""1 tatlı kaşığı bal"", ""4 yemek kaşığı buğday ruşeymi"", ""5 yemek kaşığı badem unu"", ""1 çay kaşığı (silme) karbonat"", ""4 yemek kaşığı Hindistan cevizi"", ""1 çay bardağı fıstık ezmesi"", ""70 gram bitter çikolata"", ""100 gram frambuaz"", ""1 çay bardağı badem""]","[""Öncelikle fırını 180 derecede ısıtmaya başlıyoruz. Önce sıvı malzemeleri karıştırarak hamurumuzu yapmaya başlıyoruz. Sıvılar birbirine iyice geçtikten sonra katıları ekleyeceğiz."", ""Yumurta, muz püresi, bal ve yağı güzelce karıştırarak hamurumuzu yapmaya başlıyoruz."", ""Çırptığımız karışımın içine sırasıyla kuru malzemeleri ekliyoruz. Buğday ruşeymi, badem unu, Hindistan cevizi ve karbonatı ekleyip güzelce harmanlıyoruz."", ""Hamurumuzu yağlı kağıt koyduğumuz fırın tepsisine alıp, güzelce yayıp dikdörtgen şekli veriyoruz."", ""180 derece ısınmış fırına gönderiyoruz. 12 dakika gibi bir sürede pişiyor. Fırından alıp, ortadan iki parçaya ayırıp, fıstık ezmesini bir parçanın üzerine yayıp diğer parçayı onun üzerine kapatıyoruz."", ""En üste, kalan fıstık ezmemizi ekleyip üzerine frambuaz, badem parçaları ve benmari usulü erittiğimiz bitteri gezdiriyoruz. Bu aşamadan sonra dondurucuya atıp 3-4 dakika bitterin donmasını bekliyoruz."", ""Dondurucudan alıp dilim dilim porsiyonlara ayırıyoruz. Afiyet olsun.""]"
b9c67e57-4d8a-454d-9e4a-8ac1f2f9dd05,Kremalı Tiramisu,Turkey,"Klasik İtalyan lezzeti olan kremalı tiramisu, yumuşak dokusu ve zengin tadıyla tatlı krizlerinizi bastıracak",Ana Yemek,"[""4 adet yumurta sarısı"", ""300 gram taze peynir"", ""200 gram kaymak"", ""100 gram krema"", ""125 gram toz şeker"", ""1 su bardağı gr anül kahve"", ""1 paket kedidili bisküvi"", ""2 yemek kaşığı kakao""]","[""Yumurta sarılarını şeker ile birlikte bir kapta krema olana kadar iyice çırpıyoruz."", ""150 gr taze peyniri bu karışıma ekleyip benmari usulü 10 15 dk karıştırarak pişireceğiz."", ""Pişirdiğimiz sosu soğumaya alıyoruz."", ""Soğuyan karışıma kalan 150 gr taze peynirimizi ve kaymagimizi ekleyip iyice karıştırıyoruz."", ""Ayrı bir karıştırma kapında 100 gr kremayı iyice kabartma kadar çırpıyoruz."", ""Diğer karışıma kabarttigimiz kremayı bir spatula yardımı ile ekliyoruz. yavaş yavaş söndürmeden karıştırıyoruz."", ""Kedi dillerini soğuk kahveye batırıp dikdörtgen veya büyük boy kare borcama diziyoruz."", ""Üzerine hazırladığımız kremayı döküp spatula ile üzerine kakao döküp 12 saat buzdolabında dinlendiriyoruz.Ardından dilimleyerek servis ediyoruz. Afiyetler olsun!""]"
9ecb2d8a-db5e-4875-a775-e17af679acf4,Kolay Pişi,Turkey,Pratik ve lezzetli kahvaltılık pişi tarifi,Ye,"[""1 adet yumurta"", ""1 çay bardağı yoğurt"", ""1 paket kabartma tozu"", ""5 yemek kaşığı sıvı yağ"", ""2 su bardağı un (kıvamına göre artırılabilir)"", ""2 çay kaşığı tuz""]","[""Yoğurt, yumurta, tuz ve sıvı yağı bir kaba alıp karıştıralım."", ""Un ve kabartma tozunu da ekleyip kulak memesi kıvamında yoğuralım."", ""15 dakika hamurumuzu dinlendirelim."", ""Hamurumuzu 2 parçaya bölüp her parçayı servis tabağından çok az daha büyük şekilde açalım. ."", ""Hamur ince veya çok kalın olmamalı. İster kare ister şekilli kalıplarla hamurlarımızı keselim."", ""Kızgın yağda arkalı önlü kızartıp servis edebiliriz. Afiyet olsun.""]"
417324bc-49b1-4a6a-961e-fd4407c7339a,Mercimek Ekmeği,Turkey,"Sağlıklı ve doyurucu mercimek ekmeği, hem lezzetli hem de pratik bir tarif",Sebze Yemekleri,"[""2 su bardağı kırmızı mercimek (bir gece önceden suya konup sabaha kadar bekletilecek)"", ""4 adet yumurta"", ""1/2 su bardağı zeytinyağı"", ""1 su bardağı yoğurt"", ""100 gram peynir"", ""1 yemek kaşığı çörek otu"", ""1 yemek kaşığı susam"", ""1 paket kabartma tozu""]","[""Geceden suya koyduğumuz mercimeklerin suyunu süzelim. Kabartma tozunu yoğurtla karıştırıp bir kenara alalım ve maydanozları ince ince kıyalım."", ""Mercimekleri robotta veya blenderla pütür kalmayacak şekilde çekelim. Sırasıyla bütün malzemeleri ekleyip iyice karıştıralım. Yağlanmış tepsiye dökelim."", ""Önceden ısınmış fırın da 180 derece de 35-40 dakika pişirelim (her fırının pişirme süresi farklı olabiliyor kontrollü olalım) Ardından çıkarıp soğuttuktan sonra dilimleyerek servis edelim. Afiyetler o""]"
e12af823-b09e-45c8-be89-b468fb9259a3,Vegan Waffle,Turkey,"Sağlıklı ve lezzetli, karabuğday unu ve yulafla hazırlanan pratik bir vegan waffle tarifi",Vegan,"[""1,5 su bardağı karabuğday unu"", ""1/2 su bardağı ince çekilmiş yulaf"", ""1 yemek kaşığı keten tohumu"", ""1 paket kabartma tozu"", ""1 yemek kaşığı toz şeker"", ""1 su bardağı badem sütü"", ""1 yemek kaşığı limon suyu"", ""1/4 su bardağı kanola yağı"", ""2 yemek kaşığı akçaağaç şurubu""]","[""Kullanacağınız waffle makinesi ya da alternatif olarak kullanabileceğiniz tost makinesini önceden ısıtın."", ""Badem sütü, limon suyu, kanola yağı ve akçaağaç şurubunu küçük bir kaba alın ve çırpın."", ""Sıvı malzemeler birbiri ile kaynaştı, sıra kuru malzemelerde. Karabuğday unu, ince çekilmiş yulaf, keten tohumu, kabartma tozu ve toz şekeri ayrı bir kaba aktarın."", ""Çırptığınız sıvı malzemeler ile kuru malzemeleri bir kapta karıştırın."", ""Isınan waffle makinesinin kapağını kaldırın. Yapışmaması için sprey bir yağ ile tabanını yağladığınız waffle makinesinin gözlerine hazırladığınız hamurdan bir kepçe kadar alın."", ""Kapağını kapattıktan sonra kısa sürede, hafif bir renk alana kadar pişirdiğiniz waffleları, üzerlerine pudra şekeri eleyip, arzuya göre kuru yemişler ile süsledikten sonra servis edin. Sevdiklerinizle""]"
c4a64b41-143b-4e34-87e6-18244ea8dd6d,Yumurtasız Dondurma,Turkey,Yumurtasız pratik dondurma tarifi ile keçi sütünün eşsiz lezzetini deneyin,Tatlı,"[""1 litre keçi sütü"", ""1 su bardağı toz şeker"", ""1 tatlı kaşığı salep"", ""300 gram eritilmiş bitter çikolata"", ""1 yemek kaşığı nişasta""]","[""Sütü, şeker, nişasta ve salebi bir tencerenin içerisine alın. Tel çırpıcı yardımıyla karıştırarak hafif koyu kıvamlı bir hal alana kadar pişirin."", ""Kıvam alınca ocaktan alın ve kaplara paylaştırıp buzllukta ortalama 5 saat kadar dondurun."", ""Çıkarıp dondurma makinesine aktarın. Bu aşamada içerisine eritilmiş çikolatayı da ilave edin ve makinenizi 30 dakika kadar çalıştırın."", ""İstediğiniz dondurma kıvamını alınca dondurmanız hazır! Dondurma kaşığı yardımıyla şekillendirerek servis edebilirsiniz. Şimdiden ellerinize sağlık.""]"
d47ad94c-56a8-4e40-8847-ffaa771017b6,Fit Gofret,Turkey,Sağlıklı atıştırmalık arayanlar için pratik ve lezzetli bir fit gofret tarifi,Et Yemekleri,"[""3 adet gevrek ekmek"", ""6-8 çay kaşığı fıstık ezmesi"", ""50 gram bitter çikolata""]","[""Öncelikle gevrek ekmekleri 4 eş parçaya bölelim. Daha sonra her bir gofret için 3 parça kullanacağız."", ""Her katın arasına 1 çay kaşığı kadar fıstık ezmesi sürüp diğer diğer katı üzerine kapayıp aynı işlemi yapalım. Yani 1 adet gofret için 2 çay kaşığı (hatta 1.5 da güzel olur ) fıstık ezmesi kullanalım."", ""En son benmari usulü eritilmiş çikolataya bulayıp yağlı kağıt üzerine yerleştirelim. 15 dakika buzdolabında dinlendirdikten sonra afiyetle yiyelim.""]"
2b880a56-054b-4f0a-9b91-4723948be446,Kahvaltılık Kavurma,Turkey,"Lezzetli ve doyurucu bir kahvaltı seçeneği olan bu kavurma, misafirlerinizi de etkileyecek",Kahvaltı,"[""1 kilogram kuşbaşı kuzu eti"", ""1 adet kuru soğan"", ""1 tatlı kaşığı tuz"", ""200 gram iç yağı""]","[""Kuşbaşından biraz daha küçük olarak doğranmış etleri, iyice ısıttığınız çelik bir tencereye alın. Soğanın kabuğunu soyup, yıkayın ve bütün olarak etlerin içine atın."", ""Etleri tahta bir kaşık yardımıyla 5 dakika kadar yüksek ateşte kavurun ve ardından tencerenin altını kısıp, kapağını kapatın."", ""Ara ara karıştırarak, etler suyunu salıp tekrar çekene dek yaklaşık 1 saat boyunca pişmeye bırakın."", ""Etler suyunu çektiğinde soğan da oldukça yumuşamış olacak. Yumuşamış olan soğanı dağılmamasına özen göstererek, tencereden çıkartın ve atın."", ""Suyunu çekmiş olan etlerin için iç yağını da ilave edin ve güzelce karıştırdıktan sonra, altını biraz açın ve kapağı kapalı olarak yaklaşık 10 dakika boyunca, yağlar eriyene dek pişirin."", ""Pişirme süresinin sonunda tuzunu ilave edin ve güzelce karıştırıp, ılıklaşması için bir kenara alın."", ""Bu sırada; 1,5 litrelik bir pet şişenin ağzı kısmını bıçakla kesin. Ilıklaşmış olan etleri, pet şişenin içerisine sıkı sıkı bastırarak doldurun ve ağzını streç filmle kapatın. O da sıcaklığında soğudu"", ""Et iyice donduktan sonra buzdolabından alın, pet şişeyi kesin ve kavurmanızı bütün bir rulo halinde çıkartın. İhtiyacınız kadarını dilimleyerek kullanın. Kalanını buzdolabında streç filme sararak sakl""]"
0fcf8d10-317b-4be8-8dac-33ff69708597,Bol Çikolatalı Şelale Kek,Turkey,"İçinden akan çikolata şelalesiyle damakları şenlendiren, bol çikolatalı ve lezzetli bir kek tarifi",Tatlı,"[""3 adet yumurta"", ""1 su bardağı toz şeker"", ""1 su bardağı sıvı yağ"", ""1 su bardağı yoğurt"", ""3 yemek kaşığı kakao"", ""2 su bardağı un"", ""1 paket kabartma tozu"", ""1 paket vanilya""]","[""Yumurta ve toz şekeri bir kabın içerisinde güzelce çırpın."", ""Üzerine sıvı yağ ve yoğurdu ilave ederek çırpmaya devam edin."", ""Ardından un, kakao, kabartma tozu ve vanilyayı eleyerek 2 seferde karışıma ilave edin."", ""Güzelce karıştırdıktan sonra yağlanmış kek kalıbına aktarın ve önceden ısıtılmış 175 derecelik fırında yaklaşık 45 dakika kadar pişirin."", ""Ardından kekinizi fırından alıp oda sıcaklığında soğutun. Tamamen soğuduğunda kalıptan çıkarıp ters çevirerek bir tabağa alın."", ""Sosu için Nutella, krema ve çikolatayı bir sos tenceresine aktarın ve çikolata eriyip homojen bir kıvam alana kadar karıştırın. Ardından ocaktan alın."", ""Hazırladığınız sosu kekin üzerine gezdirin. Üzerini Antep fıstığı, fındık ve Hindistan cevizi ile süsleyerek servis edin. Afiyetler olsun!""]"
16f59650-0dcf-42cb-baba-e47eb517e485,Yumuş Poğaça,Turkey,"Mis gibi kokan, içi yumuşacık poğaçalar için pratik ve lezzetli bir tarif",Börek & Hamur İşi,"[""3 su bardağı ılık süt (eğer süt yoksa ılık su koyabilirsiniz)"", ""1 su bardağı zeytinyağı"", ""1 adet yumurta"", ""1 paket instant maya"", ""1 tatlı kaşığı tuz"", ""1 yemek kaşığı toz şeker"", ""3,5 su bardağı un""]","[""İlk olarak derin bir kaba; un, kuru maya, tuz ve şekeri alıp karıştırıyoruz."", ""Daha sonra bu malzemelerin ortasında bir boşluk oluşturup ılık süt, zeytinyağı ve yumurta beyazını koyup hepsini karıştırıyoruz."", ""Üzerini streç ya da bir kapakla kapatıp sofra bezine sarıyoruz. En az yarım saat bu şekilde mayalanması için bekletiyoruz."", ""Eğer vaktiniz varsa bir saat bekletirseniz daha iyi kabarır ve yumuşak olur. Bu sürenin sonunda hamurumuza şekil veriyoruz."", ""Ben düğüm şeklinde yapıyorum. Siz normal yuvarlak yada başka şekilde de yapabilirsiniz."", ""Şeklini verdikten sonra yağlı kağıt serilmiş tepsiye yerleştiriyoruz ve üzerine yumurta sarısı sürüyoruz."", ""Fırının içine koyup fırını çalıştırmadan önce de yarım saat mayalanması için bekletiyoruz. Vakit varsa bir saat mayalanması daha iyi olur."", ""Daha sonra fırını 180 derece fansız ayarda çalıştırıp üzeri kızarıncaya kadar pişiriyoruz, benim fırınımda yarım saatte pişiyor."", ""Fırından çıkınca ister sıcak sıcak servis edebiliriz."", ""İsterseniz de ilk sıcaklığı gidince poşetleyip buzluğa atabilirsiniz."", ""Ani misafirlerinizde çıkarıp mikrodalga fırın da ısıtıncada yeni pişmiş gibi oluyor. Afiyet olsun.""]"
31f9afe1-32da-43a6-89f8-2a9e6ed61aed,Bal Kabağı Görünümlü Poğaça,Turkey,"Bal kabağı şeklindeki bu lezzetli poğaçalar, hem göz dolduruyor hem de damakları tatlandırıyor",Börek & Hamur İşi,"[""2 su bardağı ılık süt"", ""1 su bardağı sıvı yağ"", ""1 paket kuru maya"", ""1 çay kaşığı tuz"", ""2 adet yumurta beyazı (hamurun içine)"", ""2 adet yumurta sarısı (hamurun üzerine)"", ""4-5 su bardağı un (kontrollü ekleyin)""]","[""İlk önce krem çikolatamızı yağlı kağıdın üzerine tatlı kaşığıyla 20 adet porsiyonlayıp dondurucuya kaldırıyoruz."", ""Mayayı, şekeri, tuzu derin bir yoğurma kabına alıp ılık sütü ve sıvı yağı ekleyip biraz karıştırıp mayanın erimesini sağlayın."", ""Yumurta aklarını ekleyip biraz karıştırdıktan sonra tuzu ve kontrollü olarak unu eklemeye başlayın. Hamur ele yapışmayacak hale gelince un eklemeyi durdurun."", ""Hamuru güzelce toparlayıp üzerini temiz bir mutfak örtüsüyle kapatıp mayalanması için 45 dakika bekleyin."", ""Mayalanan hamuru 20 bezeye ayırıp her birinin ortasına donmuş çikolatalardan koyarak yuvarlak yapın."", ""Temiz gıdaya teması uygun bir iple yaptığınız yuvarlak hamurların etrafından çapraz bağlamalar yaparak ufak düğüm atın."", ""Fırın tepsisine aldığınız hamurlarınızın üzerine yumurta sarısı sürerek 15 dakika bekletip 180 derece önceden ısıtılmış fırına verin.""]"
bbe00141-f6c2-43d8-ad5b-eeac798a14ba,Domates Tartar,Turkey,"Taze domateslerin, ferahlatıcı salatalık ve keskin mor soğanla buluştuğu, lezzetli ve pratik bir başlangıç",Sebze Yemekleri,"[""2 adet domates"", ""1/4 adet mor soğan"", ""1/2 adet salatalık"", ""2 yemek kaşığı kapari"", ""1 tatlı kaşığı hardal"", ""2 tatlı kaşığı maydanoz""]","[""Domateslerin kabuklarını soyun, çekirdeklerini çıkartın ve ufak küpler halinde doğrayıp hafifçe tuzlayın. Bir süzgece alıp 10 dakika bekletin."", ""Soğan, salatalığın çekirdeksiz kısımları, fesleğen, maydanoz ve kaparileri de ayrı ayrı çok ufak küpler halinde doğrayın."", ""Bir kase içerisinde doğradığınız malzemeler, süzülmüş domatesler, hardal ve mayonezi nazikçe karıştırın."", ""Hazırladığınız tartarı bir çemberin içine hafifçe bastırıp tabağa alın, çemberi çıkartın. Ekşi mayalı ekmek, kavrulmuş susamlar ve zeytinyağı ile süsleyip servis edin.""]"
834abc59-1856-4262-9377-4a581e872332,Ev Yapımı Supangle,Turkey,Pratik ve lezzetli ev yapımı supangle tarifi ile misafirlerinize unutulmu bir tatlı sunun,Ye,"[""1 litre süt"", ""1 adet yumurta"", ""2 tepeleme yemek kaşığı un"", ""1 tepeleme yemek kaşığı mısır nişastası"", ""6 yemek kaşığı esmer şeker"", ""2 yemek kaşığı kakao"", ""80 gram bitter çikolata"", ""1 yemek kaşığı tereyağı"", ""1 çay bardağı soğuk su""]","[""Süt, şeker, un, nişasta, kakao ve yumurta bir tencereye alarak sürekli karıştırarak göz göz olana dek pişirin."", ""Piştikten sonra ocaktan alın içerisine tereyağ ve çikolata ekleyerek sıcağıyla erimesini sağlayın."", ""Üzerinin kabuk bağlamaması için mümkünse oda sıcaklığında soğuyana dek ara sıra karıştırın."", ""En son içerisine kıvamına göre azar azar buz gibi suyu ekleyin ve mikserle 5-6 dakika çırpın ve servis kaselerine alın."", ""Dibine kakaolu kek ekleyebilirsiniz nefis olur. Buzdolabında 4-5 saat dinlendirin üzerini dilediğiniz gibi süsleyerek servis edin.""]"
cdcf37c5-ceeb-49a9-b13f-d8611280463a,Pratik Tava Böreği,Turkey,"Yufka ve pratik malzemelerle hazırlanan, lezzetli ve hızlı bir tava böreği tarifi",Börek & Hamur İşi,"[""4 adet yufka"", ""1 çay bardağı zeytinyağı"", ""1 çay bardağı süt"", ""1 çay bardağı soda"", ""1 adet yumurta"", ""1 su bardağı lor peyniri"", ""1/2 su bardağı kaşar peyniri"", ""1 çay kaşığı tuz"", ""1 çay kaşığı pul biber""]","[""Küp küp doğranmış sucukları, rendelenmiş kaşar peyniri, lor peyniri, ince kıyılmış maydanozu ve pul biberi bir kasede karıştırarak böreğin iç harcını hazırlayalım."", ""Süt, yağ, soda ve yumurtayı başka bir kasede karıştıralım."", ""Derin ve geniş bir tavayı kısık ateşte yanan ocağa alalım. 1 adet yufkayı kenarları dışarıda kalacak şekilde tavaya yerleştirelim."", ""İkinci yufkayı parçalara ayırarak sütlü sodalı karışıma batıralım ve tavadaki yufkanın üstüne yerleştirelim."", ""Peynirli karışımdan üzerine bolca yayalım."", ""Üçüncü yufkayı da parçalara ayırarak sütlü karışıma batırıp, peynirlerin üstüne yerleştirelim."", ""Bir kat daha peynirli harç yayalım."", ""Son yufkayı da parçalara ayırarak sütlü karışıma batırıp, peynirli harcın üzerine yerleştirelim."", ""Tabandaki yufkanın tavanın dışında kalan kısımlarını böreğin üstüne kapatalım. Yapışması için sütlü harçtan en üste sürelim."", ""Tavanın kapağını kapatarak, kısık orta ateşte 15 dakika pişirelim. Sonra böreği ters çevirerek diğer yüzünü de 15 dakika pişirelim. Afiyet olsun.""]"
f4b5acde-207f-44b5-b26c-1abd81956b15,Limonlu Ev Yapımı Cheesecake,Turkey,"Taze limon aromasıyla harmanlanmış, pratik ve lezzetli ev yapımı cheesecake tarifi",Ana Yemek,"[""2 paket yulaflı bisküvi"", ""2 yemek kaşığı (tepeleme) tereyağı"", ""600 gram labne"", ""200 mililitrekrema"", ""1 su bardağı şeker"", ""2 adet yumurta"", ""1,5 yemek kaşığı (tepeleme) un"", ""1,5 yemek kaşığı (tepeleme) nişasta"", ""1 paket şekerli vanilin""]","[""Erittiğimiz tereyağı toz haline getirdiğimiz bisküvilerle tamamen yedirene kadar karıştırıyoruz, yağlı kağıt serdiğimiz kelepçeli kaba döküp bardak yardımıyla bastırıyoruz dolaba kaldırıyoruz."", ""Orta kısım için şeker ve labne peynirini iyice çırpıyoruz, krema nişasta, un ve vanilini ekleyip tamamen karışana kadar çırpmaya devam ediyoruz. En son yumurtaları tek tek ekleyip tamamen karışana kad"", ""Folyoyla alt tarafını tamamen sardığımız kelepçeli kaptaki bisküvilerin üzerine döküp kelepçeli kabı fırın tepsisine koyuyoruz. Tepsiye 2 su bardağı su koyup önceden ısıtılmış 150 derecede 1 saat pişi"", ""Sosu için bütün malzemeleri kaynatıp soğumaya bırakıyoruz. Cheesecake ve sos ılındıktan sonra sosu döküp dolapta 1 gün dinlenmeye bırakıyoruz.(3-4 saat de olabilir) Ertesi gün süsleyip servis yapıyor""]"
6b34b7b3-00db-4bfd-b11c-0fd4a378a52e,Karamelize Soğan Çorbası,Turkey,"Yavaşça karamelize edilmiş soğanların zengin tadıyla hazırlanan, sıcacık ve lezzetli bir çorba",Çorba,"[""2 adet orta boy soğan"", ""3-4 yemek kaşığı sıvı yağ"", ""1 yemek kaşığı tereyağı"", ""4 yemek kaşığı un"", ""1 çay kaşığı tuz"", ""7 su bardağı su"", ""1/2 su bardağı süt""]","[""İnce uzun doğradığınız soğanları karamelize olana kadar sıvı yağda kavurun. Soğanlar karamelize olunca tereyağını ekleyin. Tereyağı da eriyince unu ekleyip hafif kokusu çıkana kadar kavurun."", ""Suyu ekleyip çırpıcı ile hızlıca karıştırın. Tuzu ve karabiberi ekleyip ara ara karıştırarak kaynamaya bırakın."", ""Kaynayınca içerisine sütü ekleyip 10 dakika kadar kaynatın. Sonrasında ocaktan alın ve sıcak servis edin, afiyet olsun.""]"
8f39abc9-24b5-4945-8ac9-f494d72295f2,Kayısı Kompostosu,Turkey,"Yaz aylarının ferhatlatıcı serinliği, bu kolay ve lezzetli kayısı kompostosu ile sofranızda",Ana Yemek,"[""1 litre su"", ""2 adet karanfil (arzuya göre)"", ""1 adet çubuk tarçın"", ""1,5 su bardağı şeker"", ""1 tatlı kaşığı limon suyu""]","[""Kayısıları sıcak suda yıkayıp küp küp doğruyoruz. Doğradığımız kayısıyı önceden kaynattığımız sıcak suyun içine koyuyoruz ve ocağa alıyoruz."", ""Sonrasında şekeri, tarçını, zencefili ilave ediyoruz ve kaynamaya bırakıyoruz."", ""Ardından ocaktan alıyoruz. İçerisindeki baharatları çıkararak soğuk şekilde servis ediyoruz. Afiyetler olsun!""]"
cce3b04a-afb0-4b1b-ab39-d719b484f1f1,Havuçlu Kıyır Poğaça,Turkey,"Havuçlu kıyır poğaça, çay saatlerinin vazgeçilmez lezzetlerinden biri",Börek & Hamur İşi,"[""100 gram tereyağı"", ""1/2 su bardağı sıvı yağ"", ""3 yemek kaşığı yoğurt"", ""1 çay bardağı süt"", ""2 adet yumurta (birinin sarısı üzerine sürülecek)"", ""1 yemek kaşığı sirke"", ""1 tatlı kaşığı tuz"", ""1 tatlı kaşığı şeker"", ""1 adet kabartma tozu"", ""5,5-6 su bardağı un"", ""3 adet havuç""]","[""Un hariç bütün malzemeleri bir araya getirin ve güzelce karıştırın."", ""Homojen olan karışımın üzerine azar azar unu ekleyin ve güzelce yoğurun."", ""Hamurunuzun üzerine, rendelenmiş havuçları ve dereotunu ekleyerek tekrar yoğurun."", ""Bu aşamada tekrar un ilavesine ihtiyacınız olacak, kıvamına göre un ekleyin."", ""Havurdan ceviz büyüklüğünde parçalar koparıp, elinizle bastırın."", ""Arzu ederseniz içine peynir koyabilirsiniz."", ""Kenarlarından üst üste getirin ve bastırın."", ""Üzerine yumurta sarısı sürün ve çatalla uzun çizikler atın."", ""180 dereceye ayarlı önceden ısıtılmış, fansız fırında poğaçalar kabarana kadar pişirin. Afiyet olsun!""]"
a6d53a75-8773-48db-887e-40db40047010,Pratik Peynirli Poğaça,Turkey,"Lezzetli pratik poğaçalar, çay saatleriniz için harika bir seçenek",Börek & Hamur İşi,"[""1 su bardağı sıvı yağ"", ""1 su bardağı su"", ""1 su bardağı süt"", ""1 adet maya"", ""2 çay kaşığı tuz"", ""1 adet yumurta akı"", ""6-7 su bardağı un (aldığı kadar)"", ""1 adet yumurta sarısı""]","[""Hamur malzemelerimizin hepsini karıştırıyoruz. (sıvı yağ, süt, şeker, su, maya, tuz, şeker, yumurta beyazı)"", ""Daha sonra üzerine un eklemeye başlıyoruz. (yaklaşık 6-7 su bardağı) Ele yapışmayan kıvama gelinceye kadar un eklemeye devam ediyoruz."", ""Hamurumuzu tamamen yoğurduktan sonra 1 saat kadar üzerine bez serip, dinlendiriyoruz."", ""Mayalanan hamurumuzu mandalina büyüklüğü kadar yuvarlayıp içine peynir ekleyip, tepsimize diziyoruz."", ""Yuvarlak haline getirdiğimiz hamurlamızın üzerilerine bıçak yardımıyla bir düz bir yan şeklinde çizikler atıyoruz."", ""Üzerine yumurta sarısı sürüp çörek otu serpiyoruz."", ""180 derecede üzeri kızarana kadar pişiriyoruz ardından sıcaklığı 100 dereceye düşürüp, 10 dakika kadar daha pişiriyoruz. Afiyet olsun.""]"
fb48a8e0-7aae-463e-8ee3-15e51012d481,Fırında Kıymalı Kabak,Turkey,"Fırında yumuşayarak lezzetlenen kabaklar, zengin kıymalı harç ile buluşuyor",Et Yemekleri,"[""2 adet büyük boy (etli kabak)"", ""2 yemek kaşığı zeytinyağı"", ""1 adet orta boy kuru soğan"", ""250 gram orta yağlı kıyma"", ""1 adet büyük boy domates"", ""1 tatlı kaşığı biber salçası"", ""1/2 tatlı kaşığı nane"", ""1 çay kaşığı tuz"", ""1/2 çay kaşığı karabiber""]","[""Bol suda yıkadığınız kabakları, sap ve uç kısımlarını kestikten sonra alacalı şekilde soyun."", ""Keskin bir bıçak yardımıyla ortadan ikiye kestiğiniz kabakların iç kısımlarını bir kaşık yardımıyla boşaltın. Bu esnada taban kısımlarını zedelememeye ve delmemeye dikkat edin."", ""Kabakları, sıcak su dolu bir tencerede yaklaşık 5 dakika kadar haşlayın. Sonrasında bir kevgir yardımıyla suyunu süzdürüp, orta kısımları yukarıda kalacak şekilde yağladığınız fırın tepsisine alın."", ""Kıymalı iç harcı hazırlamak için; kuru soğanı küçük parçalar halinde yemeklik doğrayın. Sarımsağı ince ince kesin."", ""Kabuğunu soyduğunuz domatesi küp şeklinde doğrayın. Dereotunu incecik kıyın."", ""Zeytinyağını bir tavada kızdırın. Yemeklik doğradığınız soğan ve sarımsakları hafif bir renk alana kadar kavurun."", ""Lezzet vermesi adına tercih edebileceğiniz orta yağlı kıymayı tavaya alın. Kavrulmakta olan soğanlarla birlikte renk alıp, suyunu çekene kadar pişirin."", ""Aralarda karıştırıp pişirme işlemine devam ederek sırasıyla; doğranmış domates, biber salçası, nane, tuz ve karabiberi ekleyin."", ""Ocaktan aldığınız kıymalı iç harca ince ince kıydığınız dereotunu katıp, karıştırın. Haşladığınız kabakların orta kısımlarını kıymalı harç ile doldurun."", ""Üzerini süslemek için; domatesi yarım ay şeklinde dilimleyin. Kaşar dilimlerini ortadan ikiye kestikten sonra domateslerle birlikte kabakların üzerine yerleştirin. Fırın tepsisine sıcak suyu ekleyin."", ""Karnıyarık şeklini alan kabakları, önceden ısıtılmış 180 derece fırında 20 dakika kadar pişirdikten sonra sıcak olarak servis edin. Sevdiklerinizle paylaşın.""]"
213f7913-12d7-4cbb-baf2-575e9be9bc71,Patlıcan Musakka,Turkey,"Zeytinyağlı patlıcanların, bol kıymalı ve soslu harç ile buluştuğu, fırında pişen geleneksel ve lezzetli bir Türk yemeği",Sebze Yemekleri,"[""2 yemek kaşığı sıvı yağ"", ""1 adet orta boy kuru soğan"", ""3 adet orta boy çarliston biber"", ""4 adet orta boy patlıcan"", ""300 gram az yağlı kıyma"", ""1 yemek kaşığı domates salçası"", ""1 çay kaşığı tuz"", ""1 çay kaşığı karabiber"", ""1 çay kaşığı kimyon"", ""2 adet domates"", ""1 su bardağı su""]","[""Patlıcan musakka için ilk olarak, patlıcanların uç kısımlarını kesip, kabuklarını alacalı bir şekilde soyun. Halka halka kestiğiniz patlıcanları, acısının çıkması için bol tuzlu suda bekletin."", ""Bir tavada sıvı yağı kızdırın ve yemeklik doğradığınız soğanları ekleyip pembeleşinceye kadar kavurun. Ardından, üzerine biberi ilave edin ve kavurmaya devam edin."", ""Hazırlanan soğan ve biber karışımına kıymayı, salçayı, tuzu, karabiberi ve kimyonu ekleyip, nefis bir kıymalı harç elde edene kadar pişirmeye devam edin."", ""Küp doğradığınız domatesleri de bu karışıma ekleyip pişirmeye bırakın. Domateslerin tamamen pişmesiyle birlikte ocaktan alın."", ""Patlıcanları kızartmak için geniş tabanlı bir tavada ayçiçek yağını kızdırın. Tuzlu suda beklettiğiniz patlıcanların acısını çıkardıktan sonra, salata kurutucusu veya kağıt havlu yardımıyla iyice kuru"", ""Altın rengini alan patlıcanları kızgın yağdan çıkarın ve ayrı bir tencereye dizin."", ""Üzerine hazırladığınız nefis kıymalı harcı ekleyin."", ""Son olarak, 1 su bardağı su ilave edin ve 15 dakika boyunca pişirmeye bırakın. Bu süreç, malzemelerin birbirine geçmesini sağlayarak musakkanın lezzetini zirveye taşıyacaktır."", ""Patlıcan musakka hazır. Hazırladığınız patlıcan musakkayı sıcak olarak servis edin. Afiyet olsun.""]"
6252fc69-7f0f-4efc-a8c1-e03621471463,Bol Meyveli Hoşaf,Turkey,"Taze meyvelerin ve tarçının harmanlandığı, ferahlatıcı bir hoşaf lezzeti",Ana Yemek,"[""1 adet çubuk tarçın"", ""Etimek Tatlısı Tarifi"", ""Damla Çikolatalı Kurabiye"", ""Tatlı Tarifleri Spoonful Mozaik Pasta Çikolatalı Sufle İrmik Helvası Fırın Sütlaç Profiterol Revani Magnolia"", ""Kahvaltılık Tarifler Pancake Krep Pişi Kuymak Kaygana Kahvaltılık Sos Menemen Muhlama Yumurtalı Ekmek Omlet"", ""Omlet""]","[""Suyu tencereye alıp kaynadıktan sonra bütün malzemeleri tencereye ekleyip 10- 15 dakika yumuşayıp, şişine kadar kısık ateşte kaynatın."", ""Kaynadıktan sonra, ocaktan alıp oda sıcaklığına gelinceye kadar bekletin."", ""Buzdolabında soğutup servis edebilirsiniz. Afiyet olsun.""]"
c5fb50d8-9641-45fa-91cf-c4fe4eb32a6e,Meyveli Semizotu Salatası,Turkey,"Taze çilekler ve semizotu ile hazırlanan ferahlatıcı, nar ekşisi ve susamla zenginleştirilmiş hafif bir salata",Salata,"[""10 adet çilek"", ""1 tatlı kaşığı susam"", ""1 yemek kaşığı nar ekşisi"", ""1 adet limon""]","[""Semiz otlarının yaprak kısımlarını ayıklayın ve güzelce yıkayın. Çilekler saplarından ayırın, yıkayın ve dört parçaya ayırın."", ""Yarım avuç çiğ fındığı hafif dövün. 1 dilim beyaz peynir küçük küpler halinde doğrayın Tüm malzemeler sunum kasesine alın."", ""Sosu için 1 küçük limon suyu, 1 yemek kaşığı nar ekşisi hafif tuz ve zeytinyağı karıştırıp üzerinde gezdirin."", ""Son olarak susamlarla tarife renk verip servis edebilirsiniz.""]"
33458da1-e662-4d5a-ac67-e49b01ccbaea,Saray Sarması,Turkey,"Saray Sarması, yumuşacık ve lezzetli iç harcıyla misafirlerinizi büyüleyecek unutulmaz bir tatlıdır",Ana Yemek,"[""1 litre süt"", ""1 su bardağı toz şeker"", ""3 yemek kaşığı un"", ""2 yemek kaşığı nişasta"", ""3 yemek kaşığı kakao"", ""1 paket vanilya"", ""1 yemek kaşığı tereyağı""]","[""Şeker, nişasta, un, kakaoyu bir tencerede karıştıralım. Sütümüzü ekleyip iyice karıştıralım."", ""Ocağa alıp göz göz olana kadar pişirelim. Ocaktan alıp vanilya ve tereyağını ekleyip karıştıralım."", ""Büsküvimizi robottan geçirip tepsimize yayalım ve üzerine bastıralım."", ""Sıcak muhallebimizi üzerine dökelim ve 30 dakika soğumaya bırakalım."", ""Krem şantimizi çırpıp üzerine sürelim ve 15 dakika dolapta soğutalım."", ""Bir spatula yardımıyla yuvarlak şekilde saralım."", ""Üzerine Hindistan cevizi döküp servis edelim. Afiyet olsun.""]"
221d2b7f-d46b-4e4c-9a5a-8620674b9e81,Tel Şehriyeli Çıtır Patates,Turkey,"Haşlanmış patateslerin tel şehriye ile buluştuğu, dışı çıtır içi yumuşak lezzetli bir tarif",Ana Yemek,"[""1 su bardağı tel şehriye"", ""4 adet patates (haşlanmış)"", ""1 adet yumurta (beyazı ve sarısı ayrı kullanılacak)"", ""2 yemek kaşığı galeta unu"", ""2 çay kaşığı tuz"", ""1 çay kaşığı karabiber"", ""80 gram kaşar peyniri (küp doğranmış)""]","[""Haşlanmış patatesleri bir kaba alın ve güzelce ezin."", ""Yumurta sarısı, tuz, karabiber ve galeta unu ekleyip karıştırın."", ""Püreden ceviz büyüklüğünde parçalar koparın ve ortasına kaşar peyniri ekleyip yuvarlayın."", ""Patates toplarını önce yumurta beyazına sonra tel şehriyeye bulayın."", ""Kızgın yağda altın sarısı olana kadar kızartın ve sıcak olarak servis edin. Afiyet olsun!""]"
df3166bc-eb1e-4c07-8c4e-03a46b15f5bd,Nişastalı Kurabiye,Turkey,"Hafif ve kıtırlı nişastalı kurabiye, çay saatlerinin vazgeçilmezi",Tatlı,"[""150 gram tereyağı (oda sıcaklığında)"", ""250 gram toz şeker"", ""2 adet yumurta"", ""150 gram un"", ""150 gram nişasta (mısır veya buğday nişastası)"", ""1 paket vanilya"", ""1 paket kabartma tozu"", ""2 yemek kaşığı zeytinyağı"", ""70 gram toz fındık"", ""70 gram damla çikolata""]","[""Oda sıcaklığında beklettiğiniz tereyağı, toz şeker ve yumurtaları bir kapta mikserle çırpın."", ""Un, nişasta, vanilya ve kabartma tozunu eleyerek bu karışıma ekleyin. Malzemeler karışana kadar mikserle çırpın."", ""Mutfak robotunda toz şeklinde çekilmiş fındık, zeytinyağı ve damla çikolatayı ekleyip, yoğurun. Yumuşak bir hamur elde edeceksiniz. En az 30 dakika buzdolabında dinlendirin."", ""Hamurdan ceviz büyüklüğünde parçalar koparıp, elinizde yuvarlayın. Hamur toplarını yağlı kağıt serilmiş fırın tepsisine aralıklarla dizin."", ""Önceden ısıtılmış 170 derece fırında, üzerleri pembeleşene kadar, yaklaşık 15 dakika pişirin."", ""Fırından çıkan nişastalı kurabiyeleri, oda ısısında ılık hale gelene kadar beklettikten sonra sevdiklerinizle paylaşın.""]"
50297ca2-e3e2-4754-8df7-613a8cc1238d,Şeftalili Yaz Keki,Turkey,"Yaz aylarının taze şeftalileriyle hazırlanan, hafif ve lezzetli bir kek tarifi",Tatlı,"[""3 adet yumurta"", ""1,5 su bardağı şeker"", ""3 su bardağı un"", ""1 paket kabartma tozu"", ""1 paket vanilin"", ""1 çay kaşığı tarçın"", ""5 adet şeftali ya da nektarin"", ""1/2 su bardağı sıvı yağ"", ""1 su bardağı süt""]","[""Yumurta ve şekeri mikserle yoğunlaşıncaya ve kabarıncaya kadar çırpın."", ""Unu geniş bir kaba eleyin, üzerine kabartma tozu, tarçın ve vanilini eleyin."", ""Yumurta ve şekerli karışıma 2-3 kere de karıştırarak yedirin."", ""Kalan sıvı malzeleri ekleyin. Homojen bir karışım olana kadar çırpmaya devam edin."", ""20 cm'lik kek kalıbını yağlayıp, unlayın. Hamuru kek kalıbına dökün ve bir kaç kez dibini tezgaha vurarak içindeki kabarcıkları patlatın."", ""Şeftalileri iyice temizleyin, kurulayıp yarım daire şeklinde dilimler çıkarın."", ""Hamurun üzerine gelişi güzel çıkardığınız dilimleri yerleştirerek hamurun içerisine hafifçe gömülmesi için bastırın."", ""Önceden ısıtılmış 175 derecelik fırında 35 dakika pişirin. İşte bu kadar, afiyet olsun!""]"
c6ce5f5f-4f39-4439-bf3e-b2ee3ee0ad7a,Tahin Pekmezli Krep,Turkey,"Tahin ve pekmezin muhteşem uyumuyla hazırlanan, besleyici ve lezzetli kahvaltılık krep",Ana Yemek,"[""2 adet yumurta"", ""1/2 su bardağı süt"", ""7 yemek kaşığı tam buğday unu"", ""1 tatlı kaşığı tahin"", ""2 tatlı kaşığı pekmez"", ""1 tatlı kaşığı eritilmiş tereyağı""]","[""Yumurta ve süt iyice çırpılır."", ""Elenen un harç çırpılmaya devam ederken eklenir."", ""Harç pürüzsüz kıvama gelince tahin, pekmez ve tereyağı eklenip tekrardan karıştırılır."", ""Harç önceden ısıtılan tavaya çok kalın olmayacak şekilde dökülür."", ""Her iki tarafı kızarıncaya kadar pişirilir."", ""Dilediğiniz mevsim meyveleri, kuru yemiş, çikolatalı fındık kreması ile süslenir. Afiyet olsun.""]"
eb6250b6-ebaf-41eb-9ab2-f697e3b1194b,Yunan Usulü Kabak Kızartması,Turkey,"Dışarı çıtır içi yumuşak Yunan usulü kabak kızartması, maden sodası sayesinde hafif ve lezzetli bir atıştırmalık",Sebze Yemekleri,"[""2 adet kabak"", ""1 çay bardağı un"", ""1 şişe maden sodası (200 ml)"", ""1 çay kaşığı tuz""]","[""Kabakları yıkayın ve güzelce kurulayın. Soyacak yardımıyla uzun şeritler halinde kesin."", ""Kabak dilimlerini bir tabağa alın üzerine tuz serpin ve fazla suyunu çekmesi için ara katlarına havlu peçete koyun. Bu şekilde 10 dakika bekletin."", ""Derin bir kaseye sosu için maden sodası, un ve tuzu ekleyin, karıştırın."", ""Kabak dilimlerini önce hazırladığınız sosa batırın. Her tarafı güzelce sosa bulanmış olsun."", ""Ardından kızgın yağda kabakları arkalı önlü olarak kızartın."", ""Kızaran kabakları bir servis tabağına alın. Süzme yoğurt ve baharatlar ile sos hazırlayıp üzerini kuru nane ile süsleyebilirsiniz. Afiyet olsun.""]"
f28834a4-5688-458c-babe-8094ada9cf7b,Kozalak Kurabiye,Turkey,"Kakaolu kek ve krema ile hazırlanan, çikolata kaplı lezzetli kozalak şeklindeki kurabiye tarifi",Tatlı,"[""2 adet kakaolu kek (baton)"", ""1 paket krema (200 ml)"", ""80 gram çikolata"", ""1 paket yaprak buğday gevreği"", ""1/2 su bardağı ince öğütülmüş fındık"", ""2 yemek kaşığı pudra şekeri""]","[""Bir kaba keki iyice toz gibi olana kadar ufalıyoruz."", ""İçerisine fındığı ve pudra şekerini ekliyoruz."", ""Küçük bir tencereye aldığımız kremayı ocağın küçük kısmına alıyoruz ve ısıtıyoruz. 2-3 dakika yeterli olacaktır."", ""Isıttığımız kremaya çikolatayı da ekleyip eritiyoruz."", ""Ufaladığımız keke erittiğimiz çikolatayı ekliyoruz ve yoğuruyoruz."", ""Ceviz büyüklüğünde parçalar alıp elimizde yuvarlayıp şekil veriyoruz."", ""Sonra gevreğe sıra sıra kozalak görünümü vererek keke hafifçe bastırıyoruz. Afiyet olsun.""]"
e398716e-f485-4bb3-8e5c-8a3c722943c9,İskender,Turkey,Dilimlenmiş etin üzerine özel sos ve yoğurtla servis edilen lezzetli İskender kebabı,Ana Yemek,"[""500 gram antrikot"", ""1 su bardağı süt"", ""1 çay kaşığı bal (opsiyonel)"", ""1 adet soğan"", ""1 tatlı kaşığı toz kırmızı biber"", ""2 yemek kaşığı zeytinyağı"", ""1 silme tatlı kaşığı kekik"", ""1 çay kaşığı karabiber"", ""1 çay kaşığı tuz""]","[""İskender için et ve soğan hariç bütün malzemeleri bir araya getirin ve güzelce karıştırın."", ""Karışıma eti ve halka halka doğranmış soğanları ekleyin. Üzerini streçleyin ve buzdolabında sosu içine çekmesi için en az altı saat mümkünse bir gün bekletin."", ""Dinlenmiş soslu etin içinden etleri ayırın. Streç filmin üzerine etlerinizi dizin."", ""Sıkı sıkı sararak salam şeklini verin. Dondurucu da en az 1 gece bekletin."", ""Buzluktan çıkarın. Daha çözülmeden keskin bir bıçakla ince ince kesin."", ""Tereyağını tavaya alıp eritin ve etleri üzerine ilave edin. Suyunu salıp çekene kadar pişirin."", ""Sosu için; bir sos tavasının içine tereyağı ilave edin. Salçayı ve toz biberi güzelce kavurun, 1 su bardağı kaynamış su ilave edin. Tuzunu ve karabiberini ilave ederek bir taşım kaynatın."", ""Pidelerinizi küp küp doğrayın. Üzerine sostan gezdirerek pidelerin ısınmasını ve yumuşamasını sağlayın. Pidenin üzerine et ve üstüne tekrar bu sefer daha az miktarda olacak şekilde sos gezdirin. Arzu""]"
9c8abe28-73e5-42fc-ba9a-bff5be2eb213,Börülce Tarator,Turkey,Fermente börülcelerin zeytinyağı ve limonla harmanlandığı ferahlatıcı ve besleyici bir meze,Ana Yemek,"[""500 gram taze börülce"", ""1 adet limon suyu"", ""5 yemek kaşığı zeytinyağı"", ""2 çay kaşığı tuz""]","[""Börülce tarator için börülceyi ayıklayıp küçük parçalara bölüyoruz. Biraz su ile yumuşayana kadar haşlıyoruz."", ""İlk sıcaklığı gidince, biraz suyuyla bir kaseye alıyoruz. Ezilmiş sarımsağı, limon suyunu, zeytinyağını ve tuzu ekleyip çırpıyoruz."", ""Buzdolabında 3-4 saat dinlendiriyoruz. Deneyenlere afiyet olsun.""]"
879d11ab-6953-4cd7-8c27-8c274f380a9f,Yoğurtlu Patates Yemeği,Turkey,"Lezzetli ve doyurucu yoğurtlu patates yemeği, tavuk budu ile zenginleştirilmiş harika bir ana yemek",Ye,"[""500 gram patates"", ""2 adet tavuk budu"", ""500 gram süzme yoğurt"", ""1 su bardağı haşlanmış nohut"", ""1 adet yumurta (Yoğurdu bağlamak için)"", ""1 yemek kaşığı un (Yoğurdu bağlamak için)""]","[""Önce tavuklar yıkanıp haşlanmaya bırakılır."", ""Patatesler soyulup küp küp doğranır. Tavuklar haşlandıktan sonra tavuklar içinden alınıp tavuk suyunda patatesler çok dağılmayacak şekilde pişirilir."", ""Daha sonra tavuklar temizlenir, nohutla birlikte patateslerin içine atılır. Bu arada ocağınız çok kısık ateşte olsun."", ""Yoğurt, yumurta, un ayrı bir pişirme kabında iyice karıştırılıp ocağa alınıp kesilmemesi için kaynayana kadar karıştırılır."", ""Yoğurtlu karışıma bir kepçe kadar tavuk suyundan alınıp karıştırılır ki yemekle birleştiğinde kesilmesin."", ""En son aşamada yemeğe yoğurdu bağladıktan sonra, tuz karabiber eklenir. Suyu az gelirse göz kararı sıcak su ekleyip bir-iki dakika ocakta tutup indirilir.(Çorba kadar sulu bir yemek olmamalı)"", ""Üzerine yağla birlikte haspir (safran) kızdırılıp dökülür. Afiyet olsun.""]"
a43462e9-c5ef-4173-8e17-ef2f8e1f80de,Cevizli Tarçınlı Rulo Kurabiye,Turkey,"Ceviz ve tarçının harika uyumuyla hazırlanan, çay saatlerinin vazgeçilmezi olan rulo kurabiye tarifi",Ye,"[""125 gram tereyağı"", ""1/2 çay bardağı süt"", ""1 paket kabartma tozu"", ""1 paket vanilya"", ""3 yemek kaşığı pudra şekeri"", ""2 su bardağı un (kontrollü ekleyin, gerekirse artırın)""]","[""İlk olarak tereyağını biraz un ile kırıntı kıvamına getirin. Toz şeker, kabartma tozu ve vanilyayı ekleyin."", ""Daha sonra sütü ilave edip yoğurmaya başlayın. Kulak memesi kıvamında bir hamur elde edinceye kadar un ilave ederek yoğurun."", ""İçi için tüm malzemeleri karıştırın. Elde ettiğiniz hamuru iki eşit parçaya ayırın ve bir parçayı rulo haline getirip uzatın."", ""Avuç içiyle hamuru bastırarak enine genişletin. Cevizli ve tarçınlı iç malzemeyi uzunlamasına hamurun ortasına koyun."", ""Daha sonra hamurun eninden tutup iç malzeme ortada kalacak şekilde kapatın ve baklava şeklinde keserek tepsiye aktarın. Diğer parçaya da aynı işlemi uygulayın."", ""Önceden ısıtılmış 180 derece fırın ayarında kurabiyelerin altı kızarıp üstü hafif pembeleşinceye kadar pişirin."", ""Fırından çıkardığınız kurabiyeleri soğumaya bırakın. Üzerlerine pudra şekeri serperek servis edebilirsiniz. Afiyet olsun.""]"
a0a40fd2-a055-48a4-80fa-c00471cb8f12,Yağlı Biber Turşusu,Turkey,"Lezzetli ve pratik yağlı biber turşusu tarifi ile sofralarınıza ferahlık katın. Kolay hazırlanan bu turşu, tüm kış ailenize eşlik edecek",Ye,"[""1 kilogram yeşil biber"", ""3 adet domates"", ""1,5 yemek kaşığı kaya tuzu"", ""1/2 su bardağı zeytinyağı"", ""1/2 su bardağı üzüm sirkesi"", ""1 su bardağı su""]","[""Su, zeytinyağı sirke ve tuzu uygun bir tencereye ekleyin ve kaynatın."", ""Kaynayan sosa ikiye böldüğünüz biberleri ekleyip rengi sararana kadar kavurun."", ""Kavrulan biberlere sarımsakları ve kabuğu soyulup küp küp doğranmış domatesleri ekleyip 3 dakika kavurun."", ""Sıcak sıcak kavanozlara doldurun. Kapağı 2 geri 1 ileri yaparak kavanozu vakumlayın mutlaka yeni kapak kullanın."", ""Havlunun üstüne ters çevirip 1 gece bu şekilde bekletin. Afiyet olsun.""]"
3d6058c3-3e94-4a58-9ac2-d9d182e78e90,Yeşil Makarna,Turkey,Taze yeşil sebzelerle hazırlanan lezzetli ve besleyici yeşil makarna,Ye,"[""1/2 paket spagetti"", ""1 bardak bezelye"", ""5-6 adet kuşkonmaz"", ""5-6 adet brokoli (çiçek)"", ""100 ml krema"", ""1 yemek kaşığı parmesan"", ""1 çay kaşığı tuz""]","[""Ayıkladığınız bezelyeleri tencereye koyun ve içine su ekleyip haşlamaya başlayın."", ""Brokolilerinizi küçük parçalara bölüp yıkayın."", ""Kuşkonmazlarınızın sap kısımlarını traşlayın ve yıkayın."", ""Bezelyeler yumuşamaya yakın tencerenin içine brokolileri atın."", ""Kaynayan suya makarnalarınızı ekleyin."", ""Bezelye ve brokoli haşlanmadan 2-3 dakika önce kuşkonmazları içine atın.Ardından kuşkonmaz ve bezelyeleri buzlu suya atıp ardından bir tabağa alın. Kuşkonmazın saplarını doğrayın."", ""Tavanın altını açın . İçine tereyağ ekleyip rendelediğiniz sarımsakları koyun. Ardından bezelye kuşkonmaz ve brokolileri ekleyin 2,3 dakika soteleyin. Tuzunu karabiberini ekleyin."", ""Son olarak kremayı ekleyip karıştırıken süzdüğünüz makarnanızı karışıma ekleyip 1-2 dakika daha ocakta bekletin. Bu sırada kıyılmış fesleğenleri ekleyin."", ""Servis tabağınıza aldığınız makarnanızın üstüne parmesan peyniri rendesi ekleyip servis edin.""]"
2dcf1303-4a71-47a1-91ab-2b09517489de,Soğan Çorbası,Turkey,Kremamsı lezzeti ve sıcaklığıyla kış günlerinin en sevilen çorbalarından biri,Ye,"[""4 adet orta boy orta boy kuru soğan"", ""1 silme tatlı kaşığı zeytinyağı"", ""1 tatlı kaşığı domates salçası"", ""1 tatlı kaşığı biber salçası"", ""1 çay kaşığı (silme) karabiber"", ""1 çay kaşığı (silme) kimyon"", ""1 çay kaşığı (silme) pul biber""]","[""1 kase taneli sumağı oda sıcaklığındaki suya koyup bekletiniz."", ""Soğanları küp küp doğrayınız."", ""Doğradığınız soğanları ve zeytinyağını tencereye koyunuz. Kısık ateşte bir miktar kavurunuz."", ""Soğanlar pembeleştikten sonra domates salçası ve biber salçasını ekleyip kısık ateşe kavurunuz."", ""Suyun içerisinde beklettiğiniz taneli sumağın suyunu süzgeçten geçirerek elde ettiğiniz suyu tencereye ekleyiniz. Çorbanın koyuluğuna göre su miktarını artırabilirsiniz."", ""Kaynadıktan sonra baharatlarını ekleyiniz ve orta ateşte 15-20 dakika pişmeye bırakınız.""]"
0f9ac074-baf1-479b-9066-613ba0db55d7,Cevizli Beyaz Peynirli Ezme,Turkey,"Cevizli Beyaz Peynirli Ezme, beyaz peynirin tuzlu lezzeti ile cevizin crunch dokusunu birleştiren pratik ve lezzetli bir meze",Ye,"[""250 gram Sütaş Beyaz Peynir"", ""2 tatlı kaşığı Sütaş Tereyağı (oda sıcaklığında)"", ""3 yemek kaşığı ceviz içi"", ""1 çay kaşığı kekik"", ""2 tatlı kaşığı domates salçası""]","[""Tüm malzemeleri mutfak robotuna koyup ezme halini alana kadar çalıştırın."", ""Ekmek dilimleri üzerinde zeytin ve ceviz ile servis edebilirsiniz.""]"
dda28809-364a-429c-8784-02ca80e81a87,Pratik Peynirli Börek,Turkey,Pratik ve lezzetli peynirli börek tarifi. Az malzemeyle hızlıca hazırlanabilir,Ye,"[""2 adet yufka"", ""1 su bardağı su"", ""1/2 çay bardağı sıvı yağ"", ""1 yemek kaşığı tereyağı""]","[""Sosu için bir kasede su ve sıvı yağını karıştırın."", ""Yufkaları 4 eşit parçaya bölün. Tavayı tereyağı ile yağlayın."", ""Kestiğimiz yufkalardan ilkini serip sarkacak şekilde koyun."", ""Sostan kasık yardımıyla dökün. 3 yufka parçasını da bu şekilde yapıp peyniri koyun."", ""Diğer kalan yufkaları da sererek bir sos bir yufka seklinde yapın. Kısa sarkan yufkayı da içe doğru düzleyerek koyun ve kalan sosu dökün."", ""Güzelce arkalı önlü orta ateşte kızartın. Afiyet olsun.""]"
8f62bb07-42d3-4966-8b58-6c6379d35efa,Bal Kabaklı Muhallebi,Turkey,Bal kabağının doğal tatlılığıyla buluşan hafif ve kremsi muhallebi tarifi,Ye,"[""400 gram bal kabağı"", ""1 çay bardağı toz şeker"", ""1 çay bardağı su""]","[""Bal kabaklı muhallebi için kabağı küçük küçük doğrayarak şeker ve su ile tamamen yumuşayana kadar pişirelim."", ""Blenderdan geçirerek püre haline getirelim."", ""Muhallebi için tüm malzemeleri karıştırarak pişirin. Kaynayan muhallebiyi cuplara pay edin."", ""Soğuduktan sonra üstüne kabağı paylaştırın. Dolapta biraz dinlendikten sonra servis edebilirsiniz. Bal kabaklı muhallebi hazır. Afiyet olsun.""]"
d4a81773-42aa-4e85-9bc6-b46f518b3e53,Kremalı Mantarlı Makarna,Turkey,"Kremalı ve lezzetli mantarlı makarna, pratik ve doyurucu bir akşam yemeği seçeneği",Ye,"[""1/2 paket kalem makarna"", ""100 gram dilediğiniz mantar (yemeklik doğranmış)"", ""1/2 paket sıvı krema"", ""2 yemek kaşığı sıvı yağ"", ""1 çay kaşığı tuz"", ""1/2 çay kaşığı karabiber""]","[""Makarnaları dilediğiniz seviyede haşlayın. Ardından süzün."", ""Bir tencereye önce yağı, ardından mantarları ilave edin. Güzelce kavurun."", ""Üzerine kremayı ilave edin. Karıştırın."", ""Makarnaları ilave edin ve karıştırın. Tuzu ve karabiberi de ekleyin.""]"
72ad213d-7516-4e5e-b6e2-cca1d52f1842,Yoğurt Tatlısı,Turkey,"Nefis yoğurt tatlısı, irmik ve yoğurtun mükemmel uyumuyla hazırlanan ferahlatıcı bir lezzet",Tatlı,"[""3 adet yumurta"", ""1 su bardağı irmik"", ""1/2 su bardağı şeker"", ""1 su bardağı yoğurt"", ""1 paket vanilya"", ""1 paket kabartma tozu"", ""2 su bardağı un""]","[""Öncelikle şerbeti hazırlayalım . Suyu şekeri tenceremize alalım kaynamaya bırakalım 8 dakika kaynadıktan sonra limonu koyalım ve 3 dakika daha kaynadıktan sonra ılınmaya bırakalım."", ""Keki için yumurtayla şekeri iyice çırpalım ardından sırayla yoğurdu ekleyip çırpalım sonra irmiği çırpalım ve unu kontrollü ekleyerek kabartma tozu vanilyayı ekleyerek iyice çırpalım."", ""Orta boy Borcama dökelim ve 170 derecede pişirelim."", ""Fırından aldığımız kekin ılınmasını bekleyelim ılınan keke kürdan yada şiş yardımıyla delikler açalım ve ılık şerbetle buluşturalım. Soğuduktan sonra dilimleye biliriz. Afiyet olsun.""]"
f7a4d994-51d4-4c17-9a08-d0d698c85886,Çilekli Galetta,Turkey,"Taze çileklerle hazırlanan, lezzetli ve pratik galetta tarifi",Et Yemekleri,"[""1 adet yumurta"", ""1 yemek kaşığı bal"", ""1/2 su bardağı yulaf unu"", ""1 su bardağı buğday unu"", ""3 yemek kaşığı tereyağı (ya da zeytinyağı)""]","[""İç harcı için tüm malzemeler rondodan geçilerek ele yapışmayan bir hamur elde edilir ve 30 dakika buzdolabında bekletilir."", ""iç harç buzdolabında beklerken çilekler yuvarlak şekilde kesilir ve balla karıştırılır."", ""Hamurumuzu buzdolabından çıkarıp yağlı kağıtla yardımıyla şekil veriyoruz."", ""Üzerine çileklerin suyunu süzüp ekliyoruz kenarlarını kapatıyoruz."", ""Kenarlarına çilekten süzdüğümüz suyu sürüp fırına veriyoruz."", ""Önceden ısıtılmış 180 derece fırında 20-30 dakika pişiriyoruz. Afiyet, bal, şeker olsun.""]"
ca47042c-2aa0-4eac-9e64-e9cbe662d79d,Fırında Tavuk Kızartması,Turkey,"Fırında tavuk kızartması, yoğurt ve baharatlarla marine edilmiş tavuk parçalarının mısır unuyla çıtırlaştırılarak fırında pişirilmesiyle hazırlanan lezzetli bir yemektir",Tavuk Yemekleri,"[""4 yemek kaşığı yoğurt"", ""2 yemek kaşığı (silme) mısır unu"", ""2 tatlı kaşığı toz kırmızı biber"", ""1 tatlı kaşığı tuz"", ""1 çay kaşığı karabiber"", ""1/3 çay bardağı sıvı yağ (veya zeytinyağı)"", ""500 gram tavuk (tercihen kanat ve bacak)""]","[""Geniş bir kase içerisine yoğurt, mısır unu, toz kırmızı biber, ince ince doğramış sarımsak, tuz, karabiberi ekleyin ve karıştırın."", ""Tavukları da kasenin içine yerleştirin. Ardından yağını da ekleyip güzelce karıştırın."", ""Üzerini örterek buzdolabında en az 30 dakika, tercihen 1-2 saat kadar marine edin."", ""Buzdolabından çıkardıktan sonra üzerinde fazla sosları alarak tavuk parçalarını yağlı kağıt serdiğiniz fırın tepsisine aralıklı olarak yerleştirin. 200 derece fırında alt üst ayarını açarak, üst fırın"", ""Tavuklar iyice kızarıp çıtır çıtır olunca fırından alın, sıcak servis edin.Afiyetler olsun!""]"
1dc124e4-4a4a-48ed-8326-91e841a03bc1,Naneli Yoğurt Çorbası,Turkey,Fermente yoğurdun tazeliği ile nanelin serinletici aromasını birleştiren doyurucu bir çorba,Çorba,"[""1/2 su bardağı haşlanmış buğday"", ""1/2 su bardağı haşlanmış nohut"", ""4 yemek kaşığı süzme yoğurt"", ""1 çay kaşığı tuz"", ""1 tatlı kaşığı kuru nane"", ""2-3 su bardağı içme suyu""]","[""Naneli yoğurt çorbası için bir gece önceden ısladığımız buğdayları düdüklü tencerede 15 dakika kadar haşlıyoruz. Karıştırma kabına alıyoruz."", ""Haşladığımız nohutları da ekliyoruz."", ""Yoğurdunu ve tuzunu ekliyoruz."", ""Suyunu ve buzunu ekleyip karıştırıyoruz."", ""Çorbaya kuru naneyi de ekleyerek servis ediyoruz. Afiyet olsun...""]"
d33bbcab-e08f-42ff-8b0d-dc1299574ee7,Sarımsaklı Domates Sos,Turkey,"Lezzetli ve doğal sarımsaklı domates sosu, kışa hazırlık için ideal",Sebze Yemekleri,"[""5 kilogram domates"", ""2 yemek kaşığı tuz (azaltıp arttırılabilir)"", ""1,5 çay bardağı zeytinyağı"", ""5 yemek kaşığı sirke""]","[""Domatesleri güzelce yıkayın. Ardından yıkadığınız domatesleri rendeleyin veya rondodan geçirin."", ""Rendelemiş domatesleri genişte bir tencerenin içerisine aktarın. Tuzunu ilave edin. Orta ateşte pişirmeye başlayın."", ""Ara ara karıştırarak kıvamının hafif yoğunlaşmasını sağlayın."", ""Ayrı bir tavanın içerisine zeytinyağını ve rendelenmiş sarımsakları alın. Sarımsakları çok hafif soteleyin."", ""Zeytinyağında sotelenen sarımsakları ocakta kaynamakta olan sosunuzun içerisine aktarıp güzelce karıştırın. Birkaç taşım da bu şekilde kaynatın."", ""Ardından sirkesini de ilave edin. Güzelce karıştırıp birkaç dakika kaynattıktan sonra ocaktan alın."", ""Sosunuz henüz sıcakken önceden sterilize edilmiş kavanozlara sosu pay edin. Kapaklarını sıkıca kapatın. Kavanozlarınızı ters çevirip 2-3 saat bu şekilde dinlendirin. Ardından güneşi doğrudan almayan,"", ""Soslarınızı dilediğiniz zaman çıkarıp yemeklerinizde kullanabilir, kahvaltılarınızda sos niyetine ekmeklerinizin üzerine sürerek tüketebilirsiniz. Şimdiden ellerinize sağlık!""]"
ccd8b5aa-1b72-488d-b612-cfcfe76be5ae,Kedidilli Tiramisu,Turkey,"Kedidilli Tiramisu, basit malzemelerle hazırlanan nefis bir tatlıdır",Ana Yemek,"[""5 yemek kaşığı un"", ""3 yemek kaşığı şeker"", ""1 adet yumurta"", ""3 su bardağı süt"", ""300 gram labne""]","[""Un, şeker, yumurta ve sütü tencereye koyup hepsini karıştırın."", ""Bir çimdik tuzu da ekleyip tencereyi ocağa koyun, hızlıca karıştırarak orta ateşte pişirin."", ""Kaynamaya ve katılaşmaya başlayınca ocağı kısıp kontrollü olarak bir iki dakika daha pişirin."", ""Ocaktan aldıktan sonra eğer topaklanma varsa veya kıvamı pürüzlüyse mikser ile çırpın, bu işlem aynı zamanda kremanın hızlıca soğumasına yardımcı olur."", ""Krema soğuyunca labneyi ekleyip tekrar çırpın."", ""Borcama kedidili bisküvileri dizip kahveyle ıslatın, hepsinin tam olarak ıslanması ve yumuşaması gerekiyor, bekledikçe kahveyi çekeceği için bisküvileri bolca ıslatabilirsiniz."", ""İlk kat için ıslanan bisküvilerin üzerine kremayı dökün ve ikinci kat bisküvileri de dizerek ıslatma işlemini tekrarlayın."", ""İkinci katın da üzerini kremayla kaplayınca borcamın üstünü streçle sarıp buzdolabına koyun."", ""Buzdolabında en az 2-3 saat dinlendirin. Servis ederken üzerine kakao ekleyin.""]"
a074228c-8b87-4198-8189-972616e4fe82,Soğan Piyazı,Turkey,"Sumaklı soğan piyazı, ferahlatıcı lezzetiyle mezelerin vazgeçilmezi. Kolay hazırlanan bu tarif, sofranıza taze bir dokunuş katıyor",Ana Yemek,"[""1 adet büyük boy soğan"", ""1 tatlı kaşığı sumak"", ""1 çay kaşığı tuz"", ""3 yemek kaşığı limon suyu (isteğe bağlı)""]","[""Soğanı piyazlık doğrayın. Bir kaba alın."", ""Üzerine sumak ve tuzu ekleyip parmak uçlarınızla ovuşturun. Soğan halkalarına ayrılıp havalandırılarak sumakla özdeşleşecektir."", ""İnce kıyılmış maydanozu ve dilersiniz bir miktar limon suyunu da ekleyin ve karıştırın."", ""Soğan piyazı tarifiniz hazır. Afiyet olsun.""]"
f4647691-d6af-41ba-b222-eb7471959cf8,Çilekli Alman Pastası,Turkey,"Taze çileklerin ferahlatıcı lezzetiyle hazırlanan, hafif ve nefis bir Alman pastası",Tatlı,"[""2 adet yumurta"", ""1,5 çay bardağı şeker"", ""1 çay bardağı süt"", ""3 çay bardağı un"", ""1 çay bardağı sıvı yağ"", ""1 paket kabartma tozu"", ""1 paket vanilin""]","[""2 adet yumurta ile 1,5 çay bardağı şekeri beyazlaşana kadar çırpın. Daha sonra kalan malzemeleri ekleyerek kekin hamurunu oluşturun. Hamuru yağlamış olduğunuz tepsiye dökün."", ""Ben 30 cm çapında kelepçeli kalıp kullandım. Keki 170 derecede önceden ısıtılmış fırında, üzeri pembeleşinceye kadar pişirin. Üstü kızaran kek piştikten sonra, fırından çıkararak soğumaya bırakın."", ""Sıvı krema ve vanilya hariç tüm krema malzemelerini bir tencereye alın, koyulaşana kadar sürekli karıştırarak pişirin. Altını kapatınca vanilyayı ekleyin. Kremanın ilk sıcağı geçince sıvı kremayı ekle"", ""Kekinizi ortadan ikiye bölün ve arasına tüm kremayı yayarak dilimlediğiniz çilekleri ilave edin. Diğer parçayı da üstüne kapatın. Pudra şekeri serpip servis edebilirsiniz. Afiyet olsun.""]"
56a6ae17-0984-4112-8538-59f31ebd9d45,Çilekli Semizotu Salatası,Turkey,"Taze semizotu ve tatlı çileklerin harmanlandığı, cevizlerle zenginleştirilmiş ferahlatıcı bir yaz salatası",Salata,"[""250 gram semizotu"", ""8-10 adet çilek"", ""1/2 su bardağı ceviz içi (iri parça lanmış)"", ""1/2 su bardağı kabak çekirdeği içi (çiğ)""]","[""Küçük bir kavanoza sos malzemelerini alıp iyice çalkalayarak karıştıralım."", ""Semizotunu yıkayıp kurutalım."", ""Salata kasesine semizotunu alalım ve kavanozdaki sosu üzerine döküp karıştıralım."", ""Salatanın üzerine yıkanmış çileği bıçakla ikiye keserek yerleştirelim."", ""Elimizle peyniri üzerine ufalayalım. Cevizleri ve kabak çekirdeğini de ekleyip en son nar ekşisi gezdirip servis edelim.""]"
c79b6dda-5f0d-42b0-b171-e3649c5fa089,Havuç Salatası,Turkey,"Lezzetli ve ferahlatıcı havuç salatası, yoğurtlu sosuyla tam bir yaz klasiği",Salata,"[""2 adet büyük boy havuç (rendelenmiş)"", ""3 yemek kaşığı süzme yoğurt"", ""3 yemek kaşığı yoğurt (sulu bir kıvamda)"", ""2 yemek kaşığı zeytinyağı"", ""1 çay kaşığı tuz""]","[""Havucu rendeleyerek bir taya alın ve 2 dakika çok hafif yumuşayana kadar kavurun."", ""Bir kasenin içerisine tuz, süzme yoğurt, yoğurt ve zeytinyağını alın. İsteğe bağlı rendelenmiş sarımsak da ilave edebilirsiniz. Güzelce karıştırın."", ""Hafif sotelenmiş ve ılımış havuçlarınızı da yoğurdun üzerine alıp güzelce karıştırın."", ""Servis tabağına alın. Üzerine hafif zeytinyağı gezdirerek servis edin. Afiyetler olsun!""]"
b89e9452-b05b-468c-a687-b01b37296dcf,Ev Yapımı Çikolata,Turkey,Lezzetli ev yapımı çikolata tarifi ile damaklarda tat bırakacak özel bir lezzet hazırlayın,Tatlı,"[""100 gram sütlü çikolata (Bitter veya beyaz çikolata da kullanabilirsiniz)"", ""Etimek Tatlısı Tarifi"", ""Damla Çikolatalı Kurabiye"", ""Tatlı Tarifleri Spoonful Mozaik Pasta Çikolatalı Sufle İrmik Helvası Fırın Sütlaç Profiterol Revani Magnolia"", ""Kahvaltılık Tarifler Pancake Krep Pişi Kuymak Kaygana Kahvaltılık Sos Menemen Muhlama Yumurtalı Ekmek Omlet"", ""Omlet""]","[""Çikolatalarımızı cam kaseye koyup benmari usulü eritelim. (Ben çaydanlığın üzerine koyup o şekilde eritiyorum, dilerseniz mikrodalga fırında veya ketıl üzerine koyarak da eritebilirsiniz)"", ""Silikon kalıbımızı bir kere su ile yıkayıp erittiğimiz çikolatamızı eşit bir şekilde koyalım. (Ben kalpli kalıbımı kullandım)"", ""Dondurucuda 30 dakika bekletip kalıptan çıkarabilirsiniz. Silikon olduğu için kolaylıkla hemen çıkacaktır."", ""Havalar sıcak olduğu için biraz çabuk eriyebilir o yüzden tüketeceğiniz kadar çıkarın tavsiyem olsun."", ""Dilerseniz fazla yapıp buzdolabında muhafaza edebilir kahve sunumlarında kullanabilirsiniz."", ""Deneyeceklere afiyet olsun.""]"
963c47bc-613b-4836-8149-6012795aa916,Yalancı Baklava,Turkey,Şerbeti ile nefis olan pratik ve lezzetli bir tatlı tarifi,Tatlı,"[""4 su bardağı şeker"", ""4 su bardağı su"", ""3 damlalimon suyu""]","[""Su ve şekeri bir tencereye alın ve karıştırın. Limon suyunu da ekleyin. Kaynattıktan sonra soğuması için kenara alın."", ""Derin bir kaseye sütü ilave edin. Üzerine yumurtayı ekleyin."", ""Üzerine sıvı yağı ve sirkeyi ekleyin."", ""Unu, kabartma tozu ve nişastayı eleyerek ekleyin."", ""Güzelce yoğurduktan sonra cevizleri de ilave edin."", ""Cevizler her yere eşit dağılacak şekilde karıştırın."", ""Bir fırın tepsisine hamuru ilave edin ve bıçak ile dilediğiniz şekilde kesin."", ""180 dereceye ayarlı fansız fırında, orta rafta 45 dakika kadar altın sarısı olana kadar pişirin."", ""Soğuk şerbeti, fırından çıkan tatlı ile buluşturun ve 3-4 saat kadar dinlendirin."", ""Tabağa alın ve süsleyerek servis edin. Afiyet olsun!""]"
2f00f1ba-e6b4-4747-aff6-b4876701792a,Kadayıf Böreği,Turkey,"Tel kadayıfın lezzetli ve pratik bir yorumu olan Kadayıf Böreği, çay saatlerinin vazgeçilmez tatlarından biridir",Tatlı,"[""500 gram tel kadayıf"", ""2,5 su bardağı süt"", ""1 çay bardağı sıvı yağ"", ""1/2 çay bardağı tereyağı (eritilmiş)"", ""1 çay kaşığı tuz"", ""250 gram dil peyniri"", ""100 gram beyaz peynir""]","[""Geniş bir tepsi ya da kaseye kadayıfları aktarın. Kadayıfların üstlerine gelecek şekilde süt, sıvı yağ, tereyağı ve tuzu koyup tüm sıvıyı kadayıflar emene kadar harmanlayın."", ""Kadayıfların yarısını hafifçe yağlanmış,yapışmaz ya da altına yağlı kağıt serilmiş tepsiye alıp kenarları yüksek kalacak şekilde avucunuzla bastırın. Kadayıfların üstüne dil peyniri ve beyaz peyniri e"", ""Tüm tepsinin üstü dümdüz olana kadar kadayıfı bastırın. Bu aşamadan sonra dilerseniz böreği buzdolabında bir gece bekletebilirsiniz."", ""Önceden ısıtılmış 180 derecelik fanlı fırında böreğin üstü ve kenarları tamamen kızarana kadar yaklaşık 30-35 dakika pişirin."", ""Fırından çıkan böreği 5 dakika dinlendirin ve dilimleyip sıcak olarak servis edin. Afiyet olsun.""]"
d604442d-c27d-4121-8da1-373003fd42be,Çikolata Parçacıklı Muzlu Kek,Turkey,"Muzun doğal tatlılığı ve çikolatanın vazgeçilmez lezzetiyle birleşen bu kek, çay saatlerinin vazgeçilmezi olacak",Tatlı,"[""2 adet orta boy yumurta"", ""2 adet orta boy muz"", ""1 su bardağı (bir parmak eksik) toz şeker"", ""2 su bardağı un"", ""1/2 su bardağı tereyağı"", ""1 paket kabartma tozu"", ""1 çay kaşığı tarçın"", ""1/2 su bardağı parça çikolata""]","[""Muzları iyice ezip tarçınla karıştırıyoruz önce. Bu bir kenarda beklesin."", ""Tereyağı ile şekeri krema kıvamına gelene kadar iyice çırpıyoruz."", ""Yumurtaları teker teker ekleyerek çırpıyoruz."", ""Ezdiğimiz muzları bu noktada karışıma ekliyoruz."", ""İçine elekten geçirerek un ve kabartma tozunu ekleyip baton kek kalıbına döküyoruz."", ""Önceden ısıtılmış fırında, kürdan testi yaparak pişiriyoruz. Afiyet olsun.""]"
95de0c93-5324-49fd-99e1-745c8cb06157,Sırniki,Turkey,"Rus mutfağından gelen, lor peynirinden yapılan hafif ve lezzetli kahvaltılık pankekler",Ana Yemek,"[""1 adet yumurta"", ""6 yemek kaşığı tuzsuz lor peyniri"", ""2 yemek kaşığı toz şeker"", ""1 paket vanilin"", ""1 çay kaşığı kabartma tozu"", ""1 su bardağı un""]","[""Bir kabın içerisine lor peynirini alın. Mikser, çatal ya da ezici aparat yardımıyla birkaç dakika güzelce ezin."", ""Ardından yumurta, toz şeker, kabartma tozu ve vanilini ilave ederek güzelce ezin ve karıştırın."", ""Bu karışımın içerisine unun 3/4'ünü ilave edin. Güzelce karıştırın."", ""Geriye kalan unu yayvan bir kabın içerisine aktarın. Hazırladığınız yumuşak hamurdan kaşık ya da dondurma kaşığı yardımıyla minik parçalar koparın."", ""Yayvan kabın içerisine aktarın ve elinizle una bulayarak yuvarlak bir şekil verin. Bu işlemi tüm hamur bitene kadar uygulayın."", ""Tavanın içerisine sıvı yağı aktarın ve orta ateşte kızdırmaya başlayın."", ""Hafif kızdığında hazırladığınız minik hamurları tavaya aktarın ve şekillerini düzgün tutmaya özen göstererek, yanların da pişmesine dikkat ederek, arkalı önlü bir biçimde kızarana kadar pişirin."", ""Pişirdikten sonra birkaç dakika dinlendirin ve servis edin.""]"
eded2729-da9e-40f9-a4a6-64468706f9c6,Tavada Pırasa,Turkey,"Lezzetli ve sağlıklı bir pırasa yemeği, tavada hızlıca hazırlanabilir",Ana Yemek,"[""1/2 kilogram pırasa"", ""2 adet havuç"", ""2 adet yumurta"", ""2 yemek kaşığı mısır unu"", ""1 çay kaşığı karabiber"", ""1 tatlı kaşığı tuz"", ""2 yemek kaşığı sıvı yağ"", ""1 tatlı kaşığı tereyağı""]","[""Pırasayı yapraklarından temizleyip ince ince doğrayalım. Bol suda güzelce yıkayıp suyunu süzdürelim."", ""26 cm tavaya 2 yemek kaşığı yağ dökerek kavuralım. Üzerine rendelenmiş havuç ilave ederek kavurmaya devam edelim."", ""Ayrı bir kapta 2 yumurtayı çırpalım."", ""Üzerine 2 yemek kaşığı mısır unu, karabiber, peynir ilave edelim."", ""Kavrulmuş havuçlu pırasa ile harmanlayarak güzelce karıştıralım."", ""Yanmaz yapışmaz 26 cm çapında tavayı kızdırarak hafif yağlayalım."", ""Üzerine hazırladığımız pırasalı harcı dökelim ve alt üst yaparak her iki tarafı kızartalım. Deneyen herkese şimdiden afiyet olsun.""]"
79a4c5fd-6eb3-45e9-8f4a-bb444c53da41,Yağ Çekmeyen Mayasız Pişi,Turkey,"Yağ çekmeyen pratik pişi tarifi, mayasız hazırlanır ve çıtır olur",Ana Yemek,"[""1 adet yumurta"", ""1 çay bardağı su"", ""3 yemek kaşığı yoğurt"", ""2 yemek kaşığı zeytinyağı (ya da sıvı yağ)"", ""1 paket kabartma tozu"", ""1 yemek kaşığı üzüm sirkesi"", ""1 tatlı kaşığı tuz"", ""3,5 su bardağı un (aldığı kadar)""]","[""Yoğurma kabına un ve kabartma tozu hariç bütün malzemeleri ekleyelim."", ""Üzerine kabartma tozu ve azar azar un ilave ederek ele yapışmayan bir hamur elde edelim."", ""Pürüzsüz bir kıvam alana kadar iyice yoğurun."", ""Hafif unlu merdane yardımıyla hamuru açın."", ""Çok ince olmamasına dikkat edin. Cam bir bardak yardımıyla yuvarlaklar halinde kesin."", ""Hamur çok hızlı bir şekilde pişiyor. Bu yüzden hepsine şekil verin ondan sonra pişirelim."", ""Kızgın yağda alt üst ederek kızartın. Afiyet olsun.""]"
30a62d03-655e-479f-ba5b-4d8e65790bab,Pekmezli Un Helvası,Turkey,"Geleneksel lezzet Pekmezli Un Helvası, tatlı ve doyurucu atıştırmalık",Tatlı,"[""2,5 su bardağı su"", ""1/2 su bardağı pekmez"", ""1 çay bardağı toz şeker"", ""2 su bardağı (bir parmak eksik) un"", ""125 gram tereyağı"", ""1/2 çay bardağı sıvı yağ""]","[""İlk olarak şerbetimizi hazırlıyoruz. Su, pekmez ve toz şekeri karıştırıyoruz. Şeker eriyince bir kenara koyup bekletiyoruz."", ""Ocağa geniş bir tava veya tencere alıyoruz. İçine tereyağını koyup eritiyoruz."", ""Sonra sıvı yağ ekleyip unumuzu koyuyoruz. Unumuzu orta ateşte güzelce kavuruyoruz."", ""Yaklaşık bu işlem 10 dakika sürebilir. Unumuzun rengi dönecek ve kokusu çıkacaktır."", ""Hazırlamış olduğumuz pekmez karışımlı şerbeti, unumuzun üzerine dikkatlice yavaş yavaş yedirerek dökelim ve bu esnada karıştırmaya devam edelim. Şerbeti güzelce yedirelim."", ""Şerbeti güzelce çektikten sonra ocağın altını kapatalım ve 5 dakika dinlenmeye bırakalım. Helvamız dinlensin."", ""Dinlenen helvamızı kaşık yardımı ile servis tabağına alalım. Afiyet olsun.""]"
908bbc76-c301-4318-a748-be77d51bfe8d,Çikolata Dolgulu Pancake,Turkey,"Lezzetli çikolata dolgulu pankekler, kahvaltıların ve tatlı krizlerinin vazgeçilmezi",Tatlı,"[""2 adet yumurta"", ""2 yemek kaşığı toz şeker"", ""3 yemek kaşığı sıvı yağ"", ""1,5 su bardağı un"", ""1 su bardağı süt"", ""1 paket vanilya"", ""1/2 paket kabartma tozu""]","[""Düz bir tepsi ya da tabağa yağlı kağıt serin. Çikolatadan bir dolu tatlı kaşığı alın ve yaplı kağıt üzerinde daire şekli verin."", ""Çikolataları dondurucuya kaldırın. Yaklaşık yarım saat bekleyin. Çikolatanın tamamen donup kağıttan kolayca çıkmadı gerekir."", ""Pancake hamuru için yumurta ve şekeri çırpın."", ""Daha sonra süt, un, kabartma tozu ve vanilyayı da eleyerek ilave edin ve pürüzsüz bir kıvam alıncaya kadar çırpın."", ""Yapışmaz bir tavaya pancake hamurundan 1 yemek kaşığı dökün. Çikolatayı da hamurun üzerine yerleştirin."", ""Son olarak çikolatarın üzerini kapatacak kadar hamur alarak pancakeklerin üzerine dökün. Bir yüzü tamamen pişince öteki tarafını bir spatula yardımıyla pişirin."", ""Tüm pancakeleri bu şekilde pişirdikten sonra servis edin. Afiyetler olsun!""]"
bb3230ed-6fc9-4cac-b713-52f19ed539cc,Limon Dolgulu Cupcake,Turkey,"Taze limon dolgulu, hafif ve ferahlatan cupcaketarifi. Kefir ile nemli bir dokuya sahip bu tatlı, hem göze hem de damaklara hitap ediyor",Ana Yemek,"[""170 gram toz şeker (1 su bardağı)"", ""3 adet orta boy yumurta"", ""100 ml kefir"", ""50 ml ayçiçek yağı"", ""2 yemek kaşığı limon suyu"", ""1 yemek kaşığı haşhaş"", ""220 gram un (2 su bardağı)"", ""1 paket vanilya"", ""1 paket kabartma tozu"", ""1/2 çay kaşığı tuz""]","[""Yumurtalar ve toz şekeri yumurtaların rengi açılana kadar çırpın. Kefir, yağ, limon suyu, mavi haşhaş ve vanilyayı ekleyip karıştırın."", ""Un, kabartma tozu ve tuzu eleyerek ekleyin, karıştırın. Kek karışımını cupcake kalıplarının 3/4 ü dolacak şekilde paylaştırın."", ""Önceden alt-üst kademede 180 derecede ısıtılan fırında 10-15 dakika pişirin. Pişirme süresi fırına göre değişebilir. Keklere batırılan kürdan temiz çıkarsa pişmiş demektir. Afiyet olsun!""]"
8fcfbcb7-6ec9-4ec3-9b6a-bbdee775ce3a,Leziz Alaçatı Muhallebisi,Turkey,"Alaçatı'nın meşhur muhallebisi, tereyağının zengin lezzetiyle buluşan unutulmaz bir tat",Tatlı,"[""1 litre süt"", ""12 yemek kaşığı tereyağı"", ""1 su bardağı un"", ""9 silme yemek kaşığı toz şeker"", ""1 paket vanilin"", ""7 parça damla sakızı""]","[""Tereyağını tencerede eritin. Unu ekleyip, birkaç dakika kavurun."", ""Ancak un, yapıştığı yerden çok ayrılmamaya başladığında işlem tamamdır."", ""Sonra çırpma teli ile karıştırarak soğuk sütü ekleyin. Sütten sonra da şekeri ilave edin."", ""Kaynadıktan sonra vanilin ve damla sakızını koyun ve 2 dakika daha karıştırın."", ""Ocaktan alıp 10-15 dk mikserle çırpın. Mutlaka çırpılması gerek yoksa kıvam tutmaz. Afiyet olsun.""]"
f6785afe-c6c3-42bf-9115-1f910a784dad,Kakaolu Brownie Kurabiye,Turkey,"Çikolata severlerin vazgeçilmezi, dışı çıtır içi yumuşak kakaolu brownie kurabiye",Tatlı,"[""125 gram oda sıcaklığında tereyağı"", ""1 çay bardağı sıvı yağ"", ""1 adet yumurta"", ""1 çay bardağı pudra şekeri"", ""3 yemek kaşığı kakao"", ""1 paket vanilya"", ""1 paket kabartma tozu"", ""3 su bardağı un (un miktarı farklılık gösterebilir, kıvama göre arttırıp azaltabilirsiniz)""]","[""İlk olarak şerbet için süt ve şekeri kaynatıp,soğuması için bir kenara alalım."", ""Kurabiye hamuru için tüm malzemeler yoğurma kabına alıp, ölçülü bir şekilde un ilavesi ile yoğuralım."", ""Kıvam alan hamuru streç film ile sarıp 10-15 dakika buzdolabında dinlendirelim."", ""Daha sonra kurabiye hamurundan ceviz büyüklüğünde parçalar alıp elimizde yuvarlayalım ve hafifçe bastıralım."", ""Yağlı kağıt serilmiş tepsiye şekil verdiğimiz kurabiyeleri dizelim."", ""Önceden ısıtılmış 170 derece fırında alt-üst ayarda 25 dakika kontrollü olarak pişirelim. Afiyet olsun.""]"
7a259acc-98f9-47bc-b67b-bc8fa3185f3f,Bol Proteinli Ton Balıklı Salata,Turkey,"Yüksek proteinli ve besleyici ton balıklı salata, avokado ve çilek ile zenginleştirilmiş eşsiz lezzet",Salata,"[""1 adet yumurta"", ""1 adet avokado"", ""5-6 adet çilek"", ""1,5 paket ton balığı"", ""1 tatlı kaşığı çörek otu"", ""3 yemek kaşığı zeytinyağı"", ""1 çay kaşığı tuz"", ""1/2 adet limon""]","[""Yumurtayı bir minik cezve ya da tencerenin içerisine koyun. Üzerine su ilave ederek kaynamaya bırakın."", ""O sırada avokadonun kabuğunu dikkatli bir şekilde soyup dilimleyin."", ""Çileklerin saplarını çıkarıp dilimleyin. Temizlenmiş ıspanakları da iri iri doğrayın."", ""Bir kaseye ıspanakları koyun. Üzerine limon, zeytinyağı ve tuzu ilave edip karıştırın."", ""Yumurtayı haşladıktan sonra kabuklarını soyup ortadan ikiye bölün. Ardından tüm malzemeleri ayrı ayrı kaseye aktarıp üzerlerine biraz zeytinyağı ve çörek otu gezdirin."", ""Salatanız hazır! Afiyetler olsun!""]"
8c7dd9d8-9633-4bcb-bcdd-b6284c78df77,Çilek Soslu Pasta,Turkey,"Lezzetli çilek soslu pasta, sağlıklı malzemelerle hazırlanan hafif ve tatlı bir tatlı seçeneği",Tatlı,"[""2 adet yumurta"", ""3 yemek kaşığı hurma (alternatifi 2 büyük olgun muz)"", ""1 su bardağı ılık süt (süt ürünleri tüketmeyen su kullanabilir)"", ""1 çay bardağı zeytinyağı"", ""2-3 su bardağı yulaf unu (alternatifi tam buğday unu, glutensiz un)"", ""1,5 paket kabartma tozu"", ""1/2 çay kaşığı toz zencefil"", ""1/2 çay kaşığı tarçın""]","[""Yumurta ve hurma dolgusu köpürene kadar çırpalım."", ""Zeytinyağı ve sütü ilave edip, 1-2 dakika daha çırpmaya devam edelim."", ""Un, kabartma tozu, zencefil, tarçın ekleyelim. Spatula ile dışarıda içeriğe doğru homojen olarak karıştıralım."", ""Küçük borcam kalıbına yağlı kağıt serelim. Kek harcımızı kalıba dökelim. 175 derecede kontrollü pişirelim. (fırına göre değişkenlik gösterir yaklaşık 30-35 dakika yeterli oluyor.)"", ""Çilek sosu için: çileği püre haline getirelim.Geniş cezvede çilekleri nişasta ile 2-3 dakika pişirelim."", ""Ocağın altını kapatıp, balı ilave edip karıştıralım. Kek dinlenince sosumuzu üzerine dökelim."", ""Ben biraz daha çilek ekleyip üzerini süsledim. Afiyet olsun.""]"
67ece4ae-a8c9-4afe-9227-72f894881958,Lohusa Şekerli Paşa Lokumu,Turkey,"Geleneksel lezzet Lohusa Şekerli Paşa Lokumu, özel günlerin vazgeçilmez tatlısı. Kremsi dokusu ve şerbetli tadıyla damaklarda unutulmaz bir lezzet bırakır",Tatlı,"[""4,5 su bardağı süt"", ""1 su bardağı şeker"", ""1 su bardağı un"", ""1 paket beyaz çikolata"", ""2 yemek kaşığı tereyağı"", ""1 paket vanilya"", ""2 su bardağı su"", ""2 yemek kaşığı nişasta"", ""150 gram Hindistan cevizi"", ""5-6 adet karanfil"", ""1 adet çubuk tarçın""]","[""Tereyağını bir tencereye alıp eritin."", ""Rengindeki dönüşümü ve kokusunu gözlemleyerek unu ekleyip, kokusu çıkana kadar kontrollü olarak kavurun."", ""Sütü ekleyip topaklanmaması için unu çırparak açtırın."", ""Süt ısınmaya başlayınca şekerini, çikolatasını ve vanilyayı ekleyin. Pürüzsüz olana kadar karıştırarak kıvamını bağlayın."", ""İlk sıcaklığı geçen sütlü malzemenizi tabanına bolca Hindistan cevizi serpili borcama, her tarafına eşit gezdirerek dökün."", ""Bir spatula yardımı ile üzerini düzleştirip, soğumak üzere önce kenara daha sonra bir parça buzdolabında beklemeye alın."", ""Bu arada lohusa şekerini 2 bardak soğuk su içerisinde bir süre çözdürün."", ""Çözülmeye, rengini suya vermeye başlayan lohusa, karanfilleri ve tarçın çubuğunu ekleyin. Kontrollü ateşte ocağa alarak bir taşım kaynatın."", ""Nişastayı bir parça suda açtırın. Tarçın çubuğunu ve karanfilleri lohusa şerbetinden çıkartıp, nişastayı ekleyin. Sürekli çırparak jöle kıvamına getirin."", ""Dolaptan paşa lokumunuzun sütlü dolgusunu çıkartıp, ilk sıcaklığı geçen lohusa şekeriyle hazırladığınız dolguyu her tarafına gelecek şekilde yaydırın."", ""Yeniden buzdolabına koyup soğumaya ve tüm katmanların kesilebilir sıkılığa erişmesi için bir kaç saat dinlenmeye alın."", ""Soğuyan lohusa şekerli paşa lokumunuzu borcamınızın enlemesine bölümü boyunca iki parmak kalınlığında şeritler halinde bıçakla kesin."", ""Her şeridi alt ucundan dikkatlice kaldırarak çok gevşek olmayacak şekilde rulo sarın. Servise alın. Afiyet olsun.""]"
47f9272e-9a83-4515-ad93-b07338a5884c,Ev Yapımı Pul Biber,Turkey,Lezzetli ve aromatik ev yapımı pul biber tarifi ile sofranıza özgün tat katın,Sebze Yemekleri,"[""4 kilogram kırmızı kiraz biberi"", ""3 yemek kaşığı zeytinyağı"", ""1 tatlı kaşığı tuz""]","[""Yıkayıp güneşte kuruttuğunuz biberleri saplarından ayırın."", ""İyice kuruduğundan emin olduktan sonra blendera koyun."", ""Üzerine zeytinyağı ve tuzu ilave edin. 3 dakika kadar blenderdan geçirin."", ""İstediğiniz kıvama gelince 1 gün boyunca güneşte tekrar bekletin. Geniş bir kaba doldurup güneşte her tarafı eşit bir şekilde kuruması için ara sıra karıştırmalısınız."", ""Hazır olunca kavanozlara doldurabilirsiniz. Afiyet olsun!""]"
56a8acf8-7832-4b86-818f-524d71eb19f4,Bebe Bisküvisi,Turkey,Ev yapımı sağlıklı bebek bisküvisi tarifi. Kolayca hazırlanabilen besleyici atıştırmalık,Ana Yemek,"[""1 çay bardağı buğday unu"", ""1 çay bardağı pirinç unu"", ""1 çay bardağı yulaf ezmesi (robottan geçirip un yaptım)"", ""4 yemek kaşığı tuzsuz tereyağı"", ""3 yemek kaşığı yoğurt"", ""1 yemek kaşığı dut pekmezi""]","[""Tüm malzemeleri karıştırıp yoğuruyoruz."", ""Yuvarlak bezelere ayırıyoruz 7 parça olarak."", ""Ayırdığımız bezeleri uzun ip gibi uzatıyoruz parmak kalınlığında. 3 parmak kalınlığında keserek çatalla şekil veriyoruz."", ""Yağlı borcama diztikten sonra 180 derecelik fırında pişirin. Afiyet olsun.""]"
ffbe10d3-88ee-47ee-93ed-56ba9c7d8766,Tavuklu Molehiya,Turkey,"Geleneksel bir Kıbrıs yemeği olan tavuklu molehiya, molehiya yapraklarının eşsiz lezzetiyle hazırlanan doyurucu bir çorbadır",Tavuk Yemekleri,"[""150 gram molehiya yaprağı"", ""4 adet domates"", ""1 adet soğan"", ""1 yemek kaşığı biber salçası"", ""1 adet bulyon"", ""3 adet limon suyu"", ""1 yemek kaşığı zeytinyağı"", ""1 çay kaşığı baharat karışımı""]","[""Molehiya yapraklarını bir gece önceden ılık suda ıslı şekilde bekletin.."", ""Sudan aldığınız molehiyaları süzgeçte süzün. Sümüksü bir yapısı olduğu için molehiyayı süzdükten sonra yıkayıp suyunu elinizle sıkın."", ""Bu işlemi 4-5 kez tekrarlayın. Sümüksü kıvamının azaldığını farketmiş olacaksanız. Tüm malzemeleri doğrayın."", ""Tavaya yağı ekledikten sonra soğan ve sarımsağı da ilave edip kavurun. Ben biraz sıvı yağ biraz zeytinyağ ekledim."", ""Soğanın rengi döndükten sonra tavuklara çizik atıp tencereye ekleyin."", ""Tavukların rengi dönüp kızarmaya başladığında salçayı ekleyip tavukları kızartmaya devam edin."", ""Doğradınız domatesleri ekleyin."", ""Tavuk bulyon ve isteğinize göre baharatlarınızı da ekledikten sonra molehiyayı ilave edin."", ""Son olarak üzerini geçecek kadar su ekledikten sonra kısık ateşte 1 saat pişmeye bırakın. Pişmesine 10 dakika kala sıktığınız limonun suyunu üzerine gezdirin. Afiyet olsun.""]"
4d796301-7316-47e0-ba65-b16eb762bfca,Tahinli Yulaflı Toplar,Turkey,"Sağlıklı ve lezzetli atıştırmalık olan tahinli yulaflı toplar, sadece üç malzemeyle hazırlanabilir tatlı bir seçenektir",Ana Yemek,"[""1 çay bardağı yulaf unu (yulaf ezmesini rondodan geçirebilirsiniz)"", ""3 yemek kaşığı tahin"", ""1 yemek kaşığı kakao"", ""2 yemek kaşığı bal""]","[""Yulaf ezmesini rondodan geçiriyoruz. Yulaf unu, tahin, kakao ve balı karıştırıp yoğuruyoruz."", ""Şekil veriyoruz ve Hindistan cevizine buluyoruz."", ""Dilerseniz fındık, ceviz ile kaplayabilirsiniz. Buzdolabında dinlendirdikten sonra servis edebilirsiniz. Afiyet olsun.""]"
e5356e7a-04c7-463c-9e4d-b6161096150d,Hindistan Cevizli Fırında Sütlaç,Turkey,Fırında pişirilen hindistan cevizi ile zenginleştirilmiş geleneksel Türk tatlısı,Tatlı,"[""1 litre manda sütü"", ""40 gram pirinç"", ""40 gram nişasta"", ""200 gram şeker"", ""50 gram tereyağı""]","[""1 avuç Hindistan cevizi boneye konulur. Süt, Hindistan cevizi ve 25 gram tereyağı bir tencereye alınır ve kaynatılır."", ""Pirince üzerini bir parmak geçecek şekilde su eklenir ve kalan 25 gram tereyağı konulur, haşlanmaya başlanır."", ""Nişasta süt yardımıyla yoğun kıvamlı olacak şekilde açılır. Kaynayan sütten Hindistan cevizi kesesi alınır, şeker ve haşlanmış süzülmüş pirinçler eklenir. Son olarak bağlamak için yoğun kıvamda açılmı"", ""Bağlama işlemi gerçekleştikten sonra ocaktan alınır, kaselere aktarılır. Kaselere konulan sütlaçlar bir tepsiye dizilir, tepsinin içine buz küpleri konulur."", ""Fırınlama işlemi fırının ısısına göre 5 ya da 10 dakika sürebilir iyi takip gerektirir. Üzerinin kızarması yeterli olacaktır."", ""Fırından çıktıktan sonra soğutulur ve servis edilir. Afiyet olsun.""]"
c979e0e3-7a1d-46b5-aab3-34fab3979072,Körili Kremalı Tavuk Menü,Turkey,"Zengin baharatlarla harmanlanmış körili kremalı tavuk, damakları şenlendiren lezzetli bir ana yemek",Tavuk Yemekleri,"[""4 adet tavuk göğsü"", ""2 yemek kaşığı zeytinyağı"", ""1 çay kaşığı tuz"", ""1 çay kaşığı karabiber"", ""1 çay kaşığı kekik"", ""1 çay kaşığı toz kırmızı biber"", ""1 çay kaşığı köri"", ""1/2 paket krema (100 ml)""]","[""Tavuk marinesi için köri ve krema hariç bütün malzemeleri bir araya getirin, harmanlayın."", ""Tavuklar marine olurken makarna suyunu koyun, kaynamaya bırakın."", ""Kaynayınca içine zerdeçalı ilave edin ve makarnayı ekleyin."", ""Sevdiğiniz kıvama göre pişirdikten sonra süzgeçle süzün, krema ve baharatı ilave ederek demlenmeye bırakın."", ""Tavuk için; tavayı iyice ısıtın ve tavukları ekleyin."", ""Pişen tavukların üzerine köriyi ilave edin."", ""Ardından kremayı ekleyin. Zevkinize göre dilediğiniz miktarlarda baharatları ilave ettikten sonra 2-3 dakika daha pişirin."", ""Servis tabağınıza tavuk, makarna ve salatayı ekleyin. Sıcakken tüketin. Afiyet olsun!""]"
92b9ece5-0665-4074-a9df-8a19e6cb0041,Özbek Pilavı,Turkey,"Geleneksel Özbek usulü pilav, et ve sebzelerle zenginleştirilmiş özel bir lezzet",Ye,"[""400 gram kuşbaşı et"", ""2 su bardağı basmati pirinç"", ""1 adet büyük boy havuç"", ""1 adet büyük boy soğan"", ""1 tatlı kaşığı karabiber"", ""1 tatlı kaşığı kimyon"", ""1 çay kaşığı tuz"", ""3-3,5 su bardağı kaynar su""]","[""Etleri düdüklüye alıp yumuşacık olacak şekilde pişirelim."", ""Bu sırada ayrı yerde soğanı jülyen doğrayıp tencereye alıp yağda kavuralım. Rengi dönen soğanlara kibrit çöpü şeklinde doğradığımız havucu da ekleyelim. Kavrulan soğan ve havuca eti ve pirinci ekleyip"", ""Sonra baharatları ekleyip suyunu dökelim. Pirince göre su oranı değişebilir. Ortasına bir baş sarımsak yetiştirip kapağı kapatıp altını kısalım."", ""Suyunu çeken pilavı 15 dakika dinlendirelim. Et olduğu için mutlaka sıcak tüketelim. Dilerseniz maydanoz, kuş üzümü, fıstık veya bademle süsleyip servis edebilirsiniz.""]"
a8403ad8-a3de-4a79-80f7-d7d919b91953,Çoban Salatası,Turkey,Taze sebzelerle hazırlanan ferahlatıcı ve lezzetli geleneksel Türk salatası,Ye,"[""4 adet orta boy domates"", ""3 adet orta boy yeşil biber"", ""2 adet orta boy salatalık"", ""1 adet büyük boy kuru soğan"", ""5 yemek kaşığı zeytinyağı"", ""4 yemek kaşığı taze sıkılmış limon suyu"", ""1/2 çay kaşığı tuz""]","[""Çoban salatayı hazırlamak için; kabuklarını soyup sap kısımlarını aldığınız sulu ve orta boy domatesleri ince ince doğrayın."", ""Kabuğunu soyduğunuz salatalıkları domateslerle uyumlu olacak şekilde kesin."", ""Ortadan ikiye kestiğiniz ve çekirdeklerini çıkardığınız yeşil biberleri yarım ay şeklinde kesin."", ""Kuru soğanı küçük parçalar halinde ya da arzuya göre ince piyazlık doğrayın."", ""Maydanozu incecik kıyın."", ""Tüm malzemeyi salata kabında karıştırın. Salatanın sosu için; zeytinyağı, taze sıkılmış limon suyu ve tuzu küçük bir kapta karıştırdıktan sonra salatanın üzerine gezdirin."", ""Sosuyla harmanladığınız salatayı, sulanmaması için bekletmeden servis edin. Her türlü ana yemek yanında sevdiklerinizle paylaşın.""]"
80e97100-7df6-48b3-89cd-87935f723516,Bulgurlu Pirpirim,Turkey,"Bulgurlu Pirpirim, taze sebzelerle bulgurun buluştuğu lezzetli ve besleyici bir Türk mutfağı klassiğidir",Ye,"[""1 adet havuç"", ""1/2 adet limon"", ""1 adet soğan"", ""1 çay bardağı pilavlık bulgur"", ""1/2 çay bardağı zeytinyağı"", ""1 çay kaşığı tuz"", ""1 tatlı kaşığı domates salçası""]","[""Semizotlarını güzelce yıkayın. Kök kısımlarını kesin. Semizotlarını saplarıyla beraber iri bir şekilde doğrayın."", ""Soğanları ince ince doğrayın. Havuçları da uzun ve ince bir şekilde doğrayın."", ""Bir tencerenin içersine zeytinyağını ve soğanı aktarın. Kavurmaya başladıktan birkaç dakika sonra havuçları ilave edin."", ""Onlarda hafif sotelenince bulgur ve salçayı ekleyin. 5 dakika daha bu şekilde kavurduktan sonra doğranmış semizotunu, yarım limonun suyunu ve tuzu ilave edip güzelce karıştırın. 1 su bardağı kadar su"", ""Tencerenin kapağını kapatarak pişmeye bırakın. Bulgurlar iyice şişip semizotları da pişince ocaktan alıp servis edin. Afiyetler olsun.""]"
e0e10bcd-30ef-429b-abde-7bf4b6a1518f,Çikolatalı Tarçınlı Kurabiye,Turkey,"Çikolata ve tarçının mükemmel uyumuyla hazırlanan, ağızda dağılan lezzetli kurabiyeler",Ye,"[""150 gram tereyağı veya margarin"", ""2 adet yumurta sarısı"", ""1 çay bardağı pudra şekeri"", ""1 yemek kaşığı su"", ""1 çay kaşığı tarçın"", ""1 çay bardağı damla çikolata"", ""1 su bardağı ceviz"", ""1/2 paket vanilya"", ""1/2 paket kabartma tozu"", ""2-3 su bardağı un (aldığı kadar)""]","[""Oda sıcaklığında 150 gram margarin derin bir kabın içerisine alınır."", ""2 yumurta sarısı eklenir ve homajen bir kıvam alıncaya kadar karıştırılır. Pudra şekeri, su eklenip karıştırılır."", ""Ardından tarçın, ceviz, kabartma tozu, vanilya ve un eklenerek karıştırılır. (Unu birden boca etmeyin.) Son olarak damla çikolatayı ilave edin."", ""Yaptığınız hamuru bir streç film veya yağlı kağıt içerisine koyup rulo şeklinde sarınız. İstediğiniz incelikte, kalınlıkta yapabilirsiniz."", ""Rulo şeklinde sardığınız hamuru 1 saat buzlukta bekletin. Eğer o gün yapmayacaksanız buzlukta muhafaza edebilirsiniz."", ""Buzluktan çıkardığınız hamuru 2-3 cm aralıklarla eşit bir şekilde kesiniz."", ""Tepsiye aldığınız hamurları önceden ısıtılmış 180 derece fırına yerleştirip üzerileri hafif pembeleşinceye kadar pişiriniz."", ""20-25 dakika yeterlidir. Fakat fırından fırına da değişiklik gösterebilir. Afiyet olsun.""]"
323d5774-b78a-4204-b9a6-d8ef49980ff6,Milföylü Tavuk Baget,Turkey,"Milföy hamurunun içinde pişirilen lezzetli tavuk bagetler, çıtır dokusuyla damakları şenlendiriyor",Ye,"[""1 kilogram tavuk baget"", ""4 adet milföy hamuru"", ""1 çay kaşığı tuz"", ""1 çay kaşığı karabiber"", ""1 çay kaşığı kırmızı toz biber""]","[""Tavuk bagetleri yıkayıp tencereye alın, üzerlerini geçecek kadar su ekleyip haşlamaya bırakın."", ""Baharatları bir kasede karıştırın, haşlanan tavukların üzerine serpin. Milföy hamurlarını bir parmak kalınlığında uzunlamasına kesin ve baharata bulanmış tavuk bagetleri milföy şeritleriyle sarın."", ""Hamurların üzerine yumurta sarısı sürün, susam ve çörek otu serpin. Bagetlerin ucunu alüminyum folyo ile sarın ve yağlı kağıt serdiğiniz fırın tepsisine dizin."", ""Tepsiyi, alt-üst fanlı ayarda 160 derecede ısıttığım fırının orta bölümüne yerleştirin, üzerleri kızarana kadar pişirin.""]"
d531bfe5-d688-4ac1-ac74-ece6fd7dd1ca,Havuçlu Muhallebi,Turkey,"Taze havuçların tatlılığını kremsi muhallebiyle birleştiren, hem sağlıklı hem de lezzetli bir tatlı",Ye,"[""2 adet havuç"", ""5 yemek kaşığı şeker"", ""1 yemek kaşığı tereyağı"", ""2 yemek kaşığı tarçın"", ""1 çay kaşığı toz karanfil"", ""1 su bardağı ceviz içi (ince çekilmiş)""]","[""Bir sos tavasına rendelenmiş havuç, ceviz ve toz şekeri ilave ederek havuçlar pişene kadar karıştırıyoruz."", ""Havuçlar piştikten sonra tereyağı, tarçın ve karanfili de ilave ederek tekrar karıştırıp soğumaya bırakıyoruz."", ""Muhallebi için süt, toz şeker, un ve nişastayı karıştırdıktan sonra orta ateşe verip pişene dek karıştırıyoruz."", ""Muhallebinin soğuması için 10 dakika bekledikten sonra kaymağını alıp krema ilave ederek yeniden karıştırıyoruz."", ""Yuvarlak cam bir kaba hazırladığımız havuç karışımını yerleştirip üzerine muhallebiyi döküyoruz."", ""Ortalama 3 saat buzdolabında beklettikten sonra servis edebilirsiniz. Afiyet olsun.""]"
9852f244-551e-48a8-a05d-339b130263ad,Şekersiz Fıstık Ezmesi,Turkey,Sağlıklı ve doğal şekersiz fıstık ezmesi hazırlamanın en kolay yolu. Ev yapımı lezzet ile kahvaltılarınıza farklı bir tat katın,Ye,"[""2 su bardağı yer fıstığı"", ""Etimek Tatlısı Tarifi"", ""Damla Çikolatalı Kurabiye"", ""Tatlı Tarifleri Spoonful Mozaik Pasta Çikolatalı Sufle İrmik Helvası Fırın Sütlaç Profiterol Revani Magnolia"", ""Kahvaltılık Tarifler Pancake Krep Pişi Kuymak Kaygana Kahvaltılık Sos Menemen Muhlama Yumurtalı Ekmek Omlet"", ""Omlet""]","[""Fıstıkları orta ateşte karıştırarak yaklaşık 5 6 dakika kavurun."", ""Bez yardımıyla ve elinizle kabuklarından ayırın."", ""Robota alıp yaklaşık 5-6 dakika krema kıvamı alana kadar çekin. Afiyet olsun.""]"
c5447b97-dc5f-47c2-9e88-7f165fd5e033,Baharatlı Mercimek Çorbası,Turkey,"Lezzetli ve doyurucu baharatlı mercimek çorbası, soğuk günlerin vazgeçilmezi",Çorba,"[""1 yemek kaşığı tereyağı"", ""1 yemek kaşığı zeytinyağı"", ""1 su bardağı kırmızı mercimek"", ""2 yemek kaşığı bulgur"", ""1 çay kaşığı kırmızı toz biber"", ""1 çay kaşığı pul biber"", ""1 çay kaşığı kimyon"", ""1 çay kaşığı karabiber"", ""1 yemek kaşığı domates salçası"", ""1 adet soğan"", ""1 adet havuç"", ""1 adet kırmızı biber""]","[""Yağları tencereye koyup üzerine baharatları ekleyip kavuruyoruz."", ""Sonra salçayı da ekleyip biraz daha kavuruyoruz."", ""Havuç, soğan ve biberi doğrayıp tencereye ekleyip onları da 5 dakika kadar kavuruyoruz."", ""Sonra mercimek ile bulguru, ezilmiş sarımsağı ve tuz ekleyip üzerine suyunu koyuyoruz."", ""Kaynayıp tüm malzemeler yumuşadığında altını kapatıp blender ile pürüzsüz hale hale getiriyoruz.""]"
aa90af57-e7a1-4c8f-b9ce-f9be02c20c45,Mayasız Poğaça,Turkey,Pratik ve hızlı mayasız poğaça tarifi ile lezzetli atıştırmalıklar hazırlayın,Börek & Hamur İşi,"[""1 adet yumurta"", ""1 su bardağı süt"", ""50 gram tereyağı veya margarin"", ""3 yemek kaşığı sıvı yağ"", ""1 çay kaşığı tuz"", ""1 tatlı kaşığı toz şeker"", ""3 su bardağı un"", ""2 paket kabartma tozu"", ""1 bardak kaşar peyniri""]","[""Yumurta beyazı ile sarısını ayırın."", ""Yumurta beyazına süt, eritilmiş tereyağı, ve sıvı yağı ekleyin ve çırpın."", ""Tuz, şeker ve kabartma tozunu ekleyin karıştırın ve ardından unu azar azar ekleyerek yoğurmaya başlayın."", ""Hamur ele yapışmayan hafif sert ama yumuşak bir hamur olacak."", ""Küçük mandalina büyüklüğünde bezeler yapın, hafif bezeleri açın."", ""Ortasına kaşar peyniri koyun ve bezeleri köşelerden kapatıp yuvarlayın."", ""Fırın tepsisine dizin ve 180 derecede pişirin."", ""Poğaçaların üstü kızarana kadar pişirin. İçi pişmez ise biraz daha pişirebilirsiniz. Afiyet olsun.""]"
8160a825-5aa2-485d-8987-105ef8a854ec,Pizza Tadında Mayasız Pişi,Turkey,Pizza lezzetini mayasız pişi ile birleştiren pratik ve lezzetli bir tarif,Ana Yemek,"[""1 adet yumurta"", ""1 yemek kaşığı yoğurt"", ""1 çay bardağı süt"", ""50 gram sucuk"", ""1/2 tatlı kaşığı kekik"", ""1 çay kaşığı tuz"", ""1 paket kabartma tozu"", ""2,5 su bardağı un (310-320 g)"", ""1 çay bardağı ayçiçek yağı (kızartmak için)""]","[""Yumurta, süt ve yoğurdu bir kabın içerisine alıp çırpın."", ""Rendelenmiş kaşar peyniri, keki ve tuzu ekleyin. Sucuğu olabildiğince küçük küpler halinde kesip onu da ekleyin ve güzelde karıştırın."", ""Ardından azar azar unu ilave edip yoğurmaya başlayın, kabartma tozunu da ilave edin."", ""Ele yapışmayan tok bir hamur elde edin."", ""Hamuru yağlı kağıdın üzerine alıp hafifçe bastırın."", ""Üzerine bir kat daha yağlı kağıt serin ve merdaneyle üzerinden bastırarak hamuru açın."", ""Hamurdan bardak veya kurabiye kalıplarınızı kullanarak parçalar elde edin. Bu hamurdan 6-7 cm çapında 18 adet parça elde edebilirsiniz. Tüm hamur bitene dek parçaları kesin ve ardından üzerlerinden ha"", ""Ayçiçek yağını iyice kızdırın. Kızgın yağ içerisine pişilerden atın."", ""Bir yüzeyi iyice kızarınca ters çevirip diğer yüzünü pişirin. Toplamda 3-4 dakika içinde iki yüzü de pişmiş olacaktır."", ""Tavadan aldıktan sonra yağını süzdürüp servis edin. Afiyet olsun!""]"
ad934f17-edc5-490c-b775-fe8a9a8831e9,Orman Meyveli Tart,Turkey,"Taze orman meyveleriyle hazırlanan, çıtır hamurlu ve lezzetli bir tatlı",Ana Yemek,"[""2 adet yumurta sarısı"", ""150 gram soğuk tereyağı"", ""1/2 su bardağı pudra şekeri"", ""1/4 çay kaşığı tuz"", ""2 yemek kaşığı soğuk su"", ""2 su bardağı un""]","[""Orman meyveli tartın hamurunu hazırlamak için; elenmiş un, pudra şekeri ve tuzu mutfak robotu ya da miksere alıp hamur yoğurma aparatıyla karıştırın."", ""Küçük parçalar halinde kestiğiniz soğuk tereyağını azar azar katıp karıştırma işlemini sürdürün."", ""Son olarak yumurta sarıları ve soğuk suyu katıp bir parça daha karıştırmaya devam edin."", ""Tahta bir kaşıkla toparladığınız tart hamurunu, yatay şekilde streç filmle sardıktan sonra buzdolabında 30 dakika kadar dinlendirin."", ""Tartın kremasını hazırlamak için; derin bir kaba aldığınız yumurta sarılarını toz şeker ve mısır nişastası ilavesiyle çırpın. Toz şeker taneleri erimiş ve karışımın rengi beyaza dönük olmalı."", ""Ortadan ikiye kestiğiniz vanilya çubuğunun iç kısmında kalan çekirdekli kısmını sivri bir bıçağın ucu ile kazıyın. Soğuk sütü küçük bir tencereye aktarın. Elde ettiğiniz vanilya özü ile kısık ateşte k"", ""Çırpılmış yumurta sarılarını, kaynamakta olan süt ile azar azar karıştırıp ılıştırdıktan sonra süt tenceresine aktarın. Kısık ateşte koyu bir krema kıvamını alana kadar pişirin."", ""Ocaktan aldığınız krema karışımına azar azar tereyağı katıp, kıvam alması ve renginin berrak olması için bir çırpıcı yardımıyla karıştırın."", ""Soğuması için ayrı bir kaba aldığınız kremanın üzerini ılındıktan sonra streç filmle kapatın. Buzdolabında bekletin."", ""Dinlenen hamuru, tereyağıyla yağladığınız maksimum 27 cm.'lik bir tart kalıbına elinizle bastırarak yayın."", ""Hamurun eşit oranda pişmesi ve kabarması için tart kalıbı büyüklüğünde bir yağlı kağıt kesin ve hamurun üzerine açın. Orta kısmını ağırlık yapması ve hamura düz şeklini vermesi için nohut, kuru fasuly"", ""Önceden ısıtılmış 180 derece fırında, yaklaşık 25 dakika hafif bir renk alana kadar tart hamurunu pişirin."", ""Fırından çıktıktan sonra üzerindeki yağlı kağıt ve kuru bakliyatları alın. Aynı ısıda 5 dakika daha fırınladığınız tart tabanını fırından çıkartın, oda ısısında dinlendirin."", ""Buzdolabında soğuyan kremayı tartın orta kısmına yayın, arzuya göre krema sıkma poşeti kullanın."", ""Tartın üzerini orman meyveleriyle kaplayın. Pudra şekeri eledikten sonra dilimleyerek sevdiklerinizle paylaşın.""]"
f1d3e618-bc8b-4b9b-a86a-7e0fc714a0e9,Çilekli Semizotu Salatası,Turkey,"Taze çileklerin ve semizotunun ferahlatıcı lezzetiyle cevizin çıtırlığı birleşen bu salata, yaz aylarının vazgeçilmezi",Salata,"[""250 gram çilek"", ""1 su bardağı ceviz içi"", ""3 yemek kaşığı zeytinyağı"", ""1 tatlı kaşığı tuz"", ""1 adet limon suyu""]","[""Önce çilekleri halka halka doğrayıp, isteğe göre sunum kasemizin tabanına dizelim."", ""Ardından sosu için küçük bir kasede zeytinyağı limon tuz ve 1 su bardağı cevizin yarısını ekleyelim karıştıralım."", ""Ayrı bir kapta ayıklayıp yıkadığımız semizotunun üzerine cevizli sosu ekleyip karıştıralım."", ""En son geriye kalan çilekleri ekleyip karıştıralım ve sunum kasemize ekleyelim."", ""Üzerine kalan cevizi ekleyip dilediğiniz gibi süsleyerek servis edebilirsiniz. Afiyet olsun.""]"
ee860ad9-224a-4972-95f0-8bf550fbc8b6,Bal Kabaklı Kadayıf,Turkey,"Bal kabağının tatlılığı ile kadayıfın çıtırlığının buluştuğu, geleneksel lezzet",Tatlı,"[""1 su bardağı sıvı yağ"", ""250 gram kadayıf"", ""500 gram bal kabağı"", ""300 gram toz şeker"", ""200 mililitresüt kreması"", ""1 su bardağı ceviz içi (Arzuya göre Antep fıstığı da kullanabilirsiniz).""]","[""Kabağı iri küpler halinde doğrayın, üzerine toz şeker serpip 2-3 saat suyunu bırakınycaya kadar bekletin. Süre sonunda ocağa alın orta ateşte iyice yumuşayıncaya kadar pişirin. Suyunu süzün, blender'd"", ""Kadayıftan bir tutam alıp kahve fincanı tabağına alarak elinizle tabağın şekline göre eşit şekilde yayın, elinizle hafifçe bastırın."", ""Sığ bir tavaya sıvı yağı alın ve aşırı olmamak üzere kızdırın. Şekil verdiğiniz kadayıfı bozmadan tavaya alın ve her iki tarafı aynı şekilde altın sarısı olana kadar kızartın. Yağını iyice süzdürüp ta"", ""Derin bir kapta kremayı yoğunlaşana kadar mikserle çırpın, püre haline gelen kabağı ve kremayı yıldız uç takılmış sıkma torbasına doldurun. 1 kat kadayıf üzerine kabak püresi, krema ve ceviz olacak şe""]"
56ef972f-ad44-4c2f-99b4-fa27377925d5,Etli Krep,Turkey,"Lezzetli etli krepler, hem doyurucu hem de pratik bir öğün seçeneği sunar",Et Yemekleri,"[""1 su bardağı süt"", ""1 su bardağı su"", ""2 adet yumurta"", ""2 su bardağı un"", ""1 çay kaşığı tuz""]","[""Düdüklü tencereyi ocağa alın ve altını açın, tencere ısındıktan sonra içine etleri atın. Normal bir kapakla kapatın ve etler suyunu salıp tekrar çekene dek bu şekilde ara ara kavurun."", ""Mantarları doğrayın ve suyunu çekmiş olan etlere ilave edin. Biraz kavurduktan sonra ince ince doğradığınız kuru soğanı ve biberleri de ekleyin,yağını da ilave edin ve biberler yumuşayana dek kavurun."", ""Domateslerin kabuklarını soyun ve küp küp doğrayın. Biberler iyice yumuşayınca domatesleri ilave edin. baharatlarını da ekleyin. 1 su bardağı kaynar suyu da ekleyin, karıştırın ve düdüklü tencereyi ka"", ""Düdük öttükten sonra altını kısın ve bu şekilde yaklaşık 20 dakika kısık ateşte pişmeye bırakın."", ""Etler pişerken krebi hazırlayın. Krep için gerekli olan tüm malzemeleri bir kapta güzelce çırpın. Boza kıvamında bir karışım elde edeceksiniz"", ""Bir tavaya her seferinde 1 tatlı kaşığı kadar sıvı yağ alın ve hazırladığınız krep karışımından bir kepçe dökün. Alt- üst çevirerek her iki tarafını da güzelce pişirin."", ""Bu şekilde tüm krep hamurunu bitirin. 8 adet krep elde edeceksiniz."", ""Kreplerden birisini servis tabağına alın. Tam ortasına pişmiş olan etli harçtan yaklaşık 2 yemek kaşığı kadar koyun ve krebinizi bohça şeklinde kapatıp tersini çevirin."", ""Üstüne dilerseniz hazırladığınız sostan gezdirin, maydanozla süsleyin ve sıcak sıcak servis edin.""]"
4d618b81-1b8d-4a50-b5e8-0dee83a4782c,Renkli Patates Salatası,Turkey,Renkli tatlı patateslerin lezzetli ve göz alıcı sunumuyla hazırlanan eşsiz bir salata tarifi,Salata,"[""1 kilogram tatlı patates (renkli)"", ""Etimek Tatlısı Tarifi"", ""Damla Çikolatalı Kurabiye"", ""Tatlı Tarifleri Spoonful Mozaik Pasta Çikolatalı Sufle İrmik Helvası Fırın Sütlaç Profiterol Revani Magnolia"", ""Kahvaltılık Tarifler Pancake Krep Pişi Kuymak Kaygana Kahvaltılık Sos Menemen Muhlama Yumurtalı Ekmek Omlet"", ""Omlet""]","[""Patatesleri hepsi aynı boyutta olacak şekilde doğrayıp tencereye alın. Üzerini geçecek kadar su ekleyip kapağını kapatarak 15 dakika haşlayın."", ""Kabuklarını soyarak renklerine göre ayırın. Ezici yardımıyla ezin."", ""Streç film ile kapladığınız silikon kalıba renklerine ve istediğiniz sıraya göre aktarıp kaşık ile bastırın."", ""Dikkatli bir şekilde ters çevirin. Streç filmi çıkarın ve dilimleyin."", ""Nar taneleri serperek servis edin.""]"
9c91c39d-9997-4ee8-8c6c-bce644eb4a7c,Etli Kaşarlı Pide,Turkey,"Lezzetli etli kaşarlı pide, evde kolayca hazırlayabileceğiniz harika bir lezzet",Börek & Hamur İşi,"[""3 su bardağı ılık süt"", ""1 çay bardağı sıvı yağ"", ""1 paket yaş maya"", ""1 yemek kaşığı tuz"", ""2,5 su bardağı un (Alabildiği Kadar)""]","[""Öncelikle eti haşlayıp bir kaba alalım. Domatesi, biberi, soğanı, sarımsağı ufak ufak doğrayalım."", ""Haşlanmış ete ilave edelim sonra yağ, salça ve baharatı ekleyip karıştıralım. Kenara alalım."", ""Sütü ılıtıp malzemeleri koyalım, yumuşak bir hamur yoğurup, mayalanması için bekletelim. Mayalandıktan sonra pide sekli verip yumurta sarısı sürelim."", ""Pişmeye yakın rendelenmiş kaşar peyniri serpip, biraz daha pişirelim. Fırından aldıktan sonra kenarlarına tereyağı sürerek servis edebilirsiniz. Afiyet olsun.""]"
5fa8ee15-949b-44d0-8898-62e1726bc6aa,Çörçil,Turkey,"Serinletici ve ferahlatan bir içecek olan Çörçil, limon suyu ve tuzun mükemmel uyumuyla hazırlanır",Ana Yemek,"[""1/2 adet limon suyu"", ""1/2 çay kaşığı tuz"", ""3-4 adet buz""]","[""Çörçil için bardağa limon suyunu ve tuzu ekleyip kaşıkla karıştırıyoruz."", ""Buz tanelerini ekliyoruz."", ""En son maden suyunu ekliyoruz."", ""Çörçil hazır. Afiyet olsun.""]"
dfaedd1a-cc8d-47a6-b3c0-f07a8546dba9,Tavada Panda Kek,Turkey,Sevimli panda şeklinde hazırlanan lezzetli tavada kek tarifi,Tatlı,"[""1 adet yumurta"", ""3/4 çay bardağı şeker"", ""1/2 çay bardağı süt"", ""1/4 çay bardağı sıvı yağ"", ""3/4 su bardağı un"", ""1/2 paket kabartma tozu"", ""1/2 paket vanilya""]","[""İlk olarak her kekte olduğu gibi yumurta ve şeker çırpılır."", ""Süt ve sıvı yağ da eklendikten sonra çırpılmaya devam edilir.."", ""En son olarak un, kabartma tozu ve vanilya da eklenerek karıştırılır."", ""Bütün malzemeler tereyağı ile yağlanmış ve unlanmış 15-17 çaplarında tavaya dökülür."", ""Tava ile ocak arasına 4 kat olacak şekilde alüminyum folyo konulur. (Kekin ani yanmasını önlemek için.)"", ""Piştikten sonra panda şeklinde süslenerek servis edebilirsiniz. Afiyet olsun.""]"
7faf61fe-6d9c-47c6-8052-0002c730cf5f,Mandalinalı Bamya,Turkey,"Mandalina suyunun ferahlığıyla harmanlanmış, lezzetli ve pratik bir bamya yemeği",Ana Yemek,"[""1/2 kilogram bamya (ayıklanmış)"", ""1 adet soğan (küp doğranmış)"", ""3 adet mandalina suyu"", ""1 adet limon suyu"", ""2 çay kaşığı tuz"", ""1 adet küp şeker"", ""5-6 yemek kaşığı zeytinyağı""]","[""Zeytinyağını tavaya döküp soğanları kavuruyoruz."", ""Ayıkladığınız bamyaları ekliyoruz."", ""Mandalina suyunu, limon suyunu, tuzunu ve şekeri ekleyip bamyalar yumuşayana kadar kısık ateşte pişiriyoruz."", ""Sıcak ya da soğuk olarak servis yapabilirsiniz. Afiyet olsun.""]"
b4c394e3-8520-49be-9870-3b290fba7293,Kremalı Limonlu Kek,Turkey,"Taze limonun ferahlatıcı aromasıyla bezeli, yumuşacık dokulu kremalı kek. Misafirlerinizi büyüleyecek pratik bir tatlı",Tatlı,"[""3 adet yumurta"", ""1 su bardağı toz şeker"", ""2 su bardağı un"", ""1 büyük çay bardağı sıvı yağ"", ""1 büyük çay bardağı süt"", ""1 paket kabartma tozu"", ""1 paket vanilya"", ""2 adet limon kabuğu rendesi"", ""200 mililitrekrema"", ""2 yemek kaşığı pudra şekeri""]","[""Yumurta ve toz şeker iyice çırpılır."", ""Limon kabuğu rendelenir. Yumurta ve şeker karışımının üzerine süt, sıvı yağ, limon kabuğu rendesi ve vanilya eklenerek 1 dakika çırpılır."", ""Un, kabartma tozu elenerek karışıma eklenir. Spatula yardımıyla karıştırarak karışıma yedirilir."", ""Yağlı kağıt serili baton kek kalıbına karışım dökülür. 180 derecede pişirilir."", ""Üzeri için 200 gram krema ve 2 yemek kaşığı pudra şekerini, birlikte kıvam alana kadar çırpıp buzdolabına kaldırın. Soğuyan keki dilimledikten sonra kremayı dilimin üzerine dökün. Afiyet olsun.""]"
bde9f646-93d1-4569-a783-d6945bdceafb,Zeytinyağlı Barbunya,Turkey,"Zeytinyağlı barbunya, Türk mutfağının en sevilen ve lezzetli zeytinyağlı yemeklerinden biridir. Taze barbunyaların zeytinyağı, soğan ve patatesle birlikte pişirilmesiyle hazırlanan bu yemek, hem doyurucu hem de sağlıklı bir seçenektir",Meze,"[""1 kilogram barbunya"", ""2 adet orta boy soğan"", ""1 adet patates"", ""1 adet havuç"", ""1 tatlı kaşığı toz şeker"", ""1 tatlı kaşığı tuz"", ""1 yemek kaşığı biber salçası"", ""1 yemek kaşığı domates salçası"", ""1 çay bardağı zeytinyağı""]","[""Barbunyalar akşamdan suya ıslanır. (taze barbunyalar ayıklanıp direkt uygulanır)"", ""Ertesi gün kaynar suda bir taşım kaynatılıp suyu süzülür."", ""Bir tencerede minik minik doğranan soğan, sarımsak zeytinyağının yarısı ile kavrulur."", ""Salçalar da eklenip biraz kavrulduktan sonra içine havuç, patates ve barbunyalar da eklenip biraz daha kavrulur."", ""Sonra üzerine çıkacak kadar su,tuz ve toz şeker de katılıp pişmeye bırakılır."", ""Pişince üzerine kalan zeytinyağı gezdirilip ocaktan alınır. Afiyet olsun.""]"
8a9f91d3-2b7d-41f9-829c-f7fdaef5e1ae,Çikolatalı Rulo,Turkey,"Lezzetli çikolatalı rulo keki, çay saatlerinin vazgeçilmezi olacak",Tatlı,"[""3 su bardağı un"", ""1 paket instant maya"", ""1/3 çay kaşığı tuz"", ""2 silme yemek kaşığı toz şeker"", ""100 gram margarin"", ""1 çay bardağı ılık süt"", ""1 adet yumurta akı"", ""1 adet yumurt sarısı"", ""2-3 yemek kaşığı kakaolu fındık kreması (arzuya göre artırılabilir)""]","[""Unu eleyip maya ile karıştırın."", ""Tuz, toz şeker, margarin, ılık süt ve yumurta akını ekleyip iyice yoğurun."", ""Hamuru merdane ile 2-3 mm kalınlığında, yuvarlak olarak açın."", ""Üçgen olarak kestiğiniz hamurların içine kakaolu fındık kreması sürün ve geniş kenarından başlayarak rulo şeklinde sarın."", ""Üzerlerine yumurta sarısı sürün ve önceden ısıtılmış 180 derece fırında yaklaşık 15-20 dakika pişirin. Afiyet olsun.""]"
1e893081-2b20-464f-a867-3bd78f901f67,Ev Yapımı Çıtır Simit,Turkey,"Evde kolayca yapabileceğiniz, dışı çıtır içi yumuşak lezzetli simit tarifi",Börek & Hamur İşi,"[""5 su bardağı un"", ""1/2 su bardağı zeytinyağı"", ""2 yemek kaşığı esmer şeker"", ""1 çay kaşığı tuz"", ""1 yemek kaşığı kuru maya"", ""2,5 su bardağı su""]","[""Unu yoğurma kabına aldım ortasını havuz gibi açtım ve su, tuz, şeker, maya ve yağı ekledim."", ""Ele yapışmayacak bir kıvam alana kadar yoğurdum."", ""Yarım saat kadar mayalanmasını bekledim."", ""Daha sonra ceviz büyüklüğünde bezeler alarak her bir bezeyi elimle ince uzun şeritler haline getirdim."", ""Her bir simit için 2 adet şeriti yan yana koyup uçlarından kıvırdım."", ""Daha sonra önce tahin, şu ve pekmez karışımına ardından susama batırdım."", ""Fırın tepsisine koyun ve fırında pişirin. Afiyet olsun.""]"
e913aa48-67d7-47fd-af44-9dbd7f42c285,Tam Buğdaylı Hamburger Ekmeği,Turkey,Evde kolayca hazırlayabileceğiniz sağlıklı ve lezzetli tam buğdaylı hamburger ekmeği tarifimiz,Ana Yemek,"[""2,5 su bardağı tam buğday unu"", ""1/2 paket kuru maya"", ""1/2 çay bardağı ılık süt"", ""1/2 çay bardağı ılık su"", ""1/2 tatlı kaşığı şeker"", ""1/2 tatlı kaşığı tuz"", ""1 tatlı kaşığı bal""]","[""Bir kasede ılık su, ılık süt, şeker ve mayayı iyice karıştırın, sıvı karışımınız hazır."", ""Maya çözünürken geniş bir kaba tam buğday ununu alın, sıvı karışıma balı da ekleyip karıştırın ve tam buğday ununun üzerine ekleyin."", ""Önce spatula ile karıştırın, kıvam aldığında tuzu da ekleyip yoğurmaya başlayabilirsiniz. Ele yapışmayacak bir halde olması için un yetersiz gelirse az az ekleyebilirsiniz."", ""İyice yoğurduğunuz hamurun üzerini streç filmle kapatıp fırında, ya da üzerini bezle örterek dışarıda yaklaşık 1 saat mayalanmaya bırakın."", ""1 saat sonunda kontrol edin, eğer yeterince mayalanmış ve kabarmış görünmüyorsa yarım saat daha bekleyebilirsiniz."", ""Hazır olan hamuru 6 eşit parçaya bölün, her bir parçayı tezgahta elinizle açıp tekrar yuvarlayarak birleştirin ve avucunuzun içinde yuvarlak şekil verip pişirme tepsisine alın. Tepside üzerini temiz b"", ""Ekmeklerin üzerine yoğurt sürüp susam, çörekotu ve keten tohumunu serptikten sonra 180 dereceye ayarladığınız fırına koyun ve yaklaşık 25 dakika kontrol ederek pişirin."", ""Üzeri hafif kızardığında ekmekleriniz pişmiştir."", ""Çıkarttığınızda daha yumuşak olması için tepsinin üzerini nemli bir bezle örtüp 15 dakika soğumasını bekletebilirsiniz. Afiyet olsun.""]"
86c6664f-42d0-44f2-a10a-c0421086a445,Lavaş Pizza,Turkey,"Pratik ve lezzetli lavaş pizza, çeçil peyniri ve yoğurt ile hazırlanan hızlı bir atıştırmalık",Ana Yemek,"[""2 adet tortilla (lavaş)"", ""1 yemek kaşığı yoğurt"", ""200 gram çeçil peyniri"", ""50 gram tulum peyniri (dilediğiniz kadar)"", ""2 adet biber"", ""1 adet soğan"", ""2 adet domates""]","[""Öncelikle biberlerimizi, soğanlarımızı ve sucuklarımızı kestikten sonra yağsız bir tavada öldürelim (tavaya biraz su koyarsanız yapışmaz)."", ""Sonrasında birinci lavaşı alalım üzerine yoğurdu sürüp tepsi tabanına gelecek şekilde ters çevirelim (tabandaki lavaşın kurumasını engeller ve gerçek pizza hamuru tadı verir) ve ters çevirdikten sonra"", ""İkinci lavaşımızla üzerini kapatalım. İkinci lavaşımızın üzerine salçayı serelim."", ""Malzemelerimizden ilk önce tulum peynirini, sonrasında öldürdüğümüz biber, karamelize ettiğimiz soğan ve sucukları dilediğimiz gibi dizelim."", ""Malzemelerin üzerini çeçil peyniriyle tekrar kapattıktan sonra son olarak domateslerimizi dizip yağlı kağıt serdiğimiz fırın tepsimizi önceden 170 derece de fansız ayarda ısıttığımız fırında 23-30 dak""]"
1e798d27-6fb3-4e49-989b-5fe9addbf9e6,Mantarlı Et Sote,Turkey,Lezzetli mantar ve etin harmanlandığı pratik ve doyurucu bir sote tarifi,Et Yemekleri,"[""4 yemek kaşığı zeytinyağı"", ""1 yemek kaşığı tereyağı"", ""1 adet soğan (yemeklik doğranmış)"", ""2 adet yeşil biber (yemeklik doğranmış)"", ""2 adet kapya biber (yemeklik doğranmış)"", ""400 gram dana eti (kuşbaşı doğranmış)"", ""300 gram mantar (ince kesilmiş)"", ""1 tatlı kaşığı domates salçası"", ""1 adet domates (küp doğranmış)"", ""4 yemek kaşığı zeytinyağı"", ""3 çay kaşığı tuz"", ""1 çay kaşığı karabiber"", ""1 çay kaşığı kimyon"", ""1 adet pul biber""]","[""Yağları tavaya alın. Soğanları ekleyin ve kavurmaya başlayın. Biberleri de ekleyin."", ""Biberler biraz piştikten sonra mantarları ekleyin."", ""Etler renk alana kadar sebzelerle birlikte kavurun."", ""Domates salçasını ve salçayı ekleyin. Baharatları da ekleyin. Bir süre daha, sebzeler ve etler yumuşayana kadar pişirin."", ""Sebze ve etler piştikten sonra ocaktan alabilirsiniz. Mantarlı et sote hazır. Afiyet olsun!""]"
ace08a42-81e7-4fee-8790-f91c8c4ca75f,Fıstıklı Çatlak Kurabiye,Turkey,"Fıstıklı çatlak kurabiye, dışı çıtır içi yumuşak dokusuyla damaklarda unutulmaz bir tat bırakır",Tatlı,"[""3/4 su bardağı toz fıstık"", ""3/4 su bardağı pudra şekeri"", ""1 çay bardağı Hindistan cevizi"", ""1 silme yemek kaşığı un"", ""1 adet yumurta beyazı""]","[""Üzerine kullanacağımız pudra şekeri hariç malzemeleri bir kaba alıp yoğuruyoruz. (Ele yapışan bir kıvamı oluyor.)Dolaba koyup yarım saat bekletiyoruz."", ""Ceviz büyüklüğünde parçalar koparıp yuvarlayarak pudra şekerine buluyoruz. Önceden ısıtılmış 160 derece fırında yaklaşık 12-13 dakika pişiriyoruz."", ""Çatlayınca altını kontrol edin hafif kızarınca kapatın pişmesini bu şekilde anlayabilirsiniz. Afiyet olsun.""]"
c88aeff5-5adf-46a4-ae6e-049440d3cf2a,Kremalı Misket Köfte,Turkey,"Kremalı mantar sosu içinde sunulan, lezzetli ve doyurucu misket köfteler",Et Yemekleri,"[""400 gram kıyma"", ""2 adet orta boy soğan"", ""250 gram sarıkız mantarı (taze)"", ""1 adet yeşil köy biberi"", ""200 ml krema"", ""1/2 su bardağı beyaz şarap (ya da su)"", ""1 çay kaşığı muskat cevizi rendesi"", ""1 tatlı kaşığı kişniş"", ""1 çay kaşığı tuz"", ""1 çay kaşığı karabiber"", ""1 yemek kaşığı zeytinyağı"", ""1 yemek kaşığı tereyağı""]","[""Mantarları yıkamadan bir fırça yardımıyla temizleyin."", ""Kıymaya tuz, karabiber, kişniş, kıyılmış maydanoz ve 1 kaşık kıyılmış taze kekik ekleyip yoğurun."", ""Ufak toplar haline getirip 1 kaşık zeytinyağı eklediğiniz demir döküm tavada kızartın. Pişen köfteleri kenara ayırın."", ""Aynı tavada ince dilimlediğiniz soğanları soteleyin. İnce dilimlediğiniz yeşil ve kırmızı biberleri ekleyin ve karıştırın."", ""Büyüklüklerine göre ikiye ve dörde böldüğünüz sarıkız mantarlarını ekleyip bir iki dakika soteleyin."", ""Tuz, karabiber, muskat cevizi rendesi ve köfteleri ekleyin. Beyaz şarabı ilave ettikten sonra düşük ısıda yemeği 10-15 dakika pişirin."", ""En son kremayı ekleyip karıştırın. 1-2 dakika sonunda tencerenin altını kapatın. İnce kıyılmış maydanozu ekleyin ve taze kekik yaprakları ile süsleyip sıcak sıcak servis edin.""]"
4888109e-f8ec-4cd1-8b62-c40efa05d962,Hünkar Beğendi,Turkey,"Osmanlı saray mutfağından kalma, lezzetli dana kuşbaşı ve patates püresi ile sunulan klasik bir Türk yemeği",Ana Yemek,"[""500 gram kuşbaşı dana eti"", ""1 adet soğan"", ""1 su bardağı rendelenmiş domates"", ""1 tatlı kaşığı domates salçası"", ""2 yemek kaşığı zeytinyağı"", ""1 tatlı kaşığı tuz""]","[""Yemeklik doğradığımız soğanları tencereye zeytinyağı ile birlikte alalım. Soğanlar pembeleşince üzerine domates sos ve salçayı ekleyelim."", ""Üzerine düdüklü tencerede 20 dakika pişirdiğimiz kuşbaşı etleri ekleyelim. 2 su bardağı sıcak suyu da ekledikten sonra etleri kısık ateşte pişmeye bırakalım."", ""Beğendisi için patlıcanları ocakta ya da fırında közleyelim. Közlenen patlıcanları soğuduktan sonra uzunlamasına ikiye bölelim ve bir kaşık yardımıyla içini alalım. Küp küp doğrayalım."", ""Bir tencerede un ve tereyağını kavuralım, sütü de kontrollü olarak ilave edelim. Pürüzsüz bir karışım elde edene kadar karıştıralım ve patlıcanları ilave edelim."", ""Üzerine muskatı da rendeledikten sonra 2 dakika daha pişirelim. Karışımın kıvamını süt ilave ederek istediğiniz gibi ayarlayabilirsiniz."", ""Beğendiyi bir servis tabağına alalım, üzerine etleri yerleştirelim. Dilerseniz üzerine ince kıyılmış maydanoz da serpiştirebilirsiniz""]"
d48253bb-74b8-4c21-8479-6d06aed0a592,Fit Biscotti,Turkey,"Sağlıklı ve lezzetli fit biscotti tarifi, kahvenin yanına mükemmel eşlikçi",Ana Yemek,"[""200 gram yulaf unu (dilediğiniz başka unlardan da olur)"", ""3 yemek kaşığı zeytinyağı (Hindistan cevizi yağı da olur)"", ""1/2 çay kaşığı karbonat"", ""1 adet elma"", ""15 gram kuru üzüm"", ""3 adet günkurusu kayısı"", ""3 adet hurma"", ""1 çay kaşığı tarçın"", ""1 yemek kaşığı tahin""]","[""Öncelikle elma yıkanır ve rendelenir."", ""Üzerine zeytinyağı ve su eklenir."", ""Daha sonra kuru yemişler ve kuru meyveler iri kıyım kesilir ve kaba eklenir."", ""Un yavaş yavaş eklenir ve ele yapışmayan güzel bir hamur elde edilir."", ""Hazır olan hamur yağlı kağıt serili fırın tepsinine alınır ve iki parmak kalınlığında uzun dikdörtgen şekli verilir ve 180 derece de 10 dakika ön pişirme yapılır."", ""Ön pişirme yaptıktan sonra fırından çıkartılır ve biraz ılınıp kesilecek kıvama geldikten sonra dilimlenir ve tekrardan 180 derecelik fırında 10-12 adakika daha pişirilir."", ""Pişen biscottileri fırından alıp benmari usulü erittiğimiz çikolataya batırarak üzerine Antep fıstığı,fındık parçacıklar, Hindistan cevizi vs ne şekilde isterseniz süsleyebilirsiniz. Afiyet olsun!""]"
f8d78bcd-a9f1-4e05-8b53-62a471ea305e,Cevizli Banana Bread,Turkey,"Muzun tatlılığını cevizin çıtırlığıyla birleştiren bu pratik tarif, çay saatlerinin vazgeçilmezi olacak",Ana Yemek,"[""4 adet olgun muz"", ""2 adet yumurta"", ""3 yemek kaşığı tereyağı"", ""3/4 su bardağı şeker"", ""2 su bardağı un"", ""1 paket kabartma tozu"", ""1 çay kaşığı tarçın""]","[""Yumurta ve şekeri mikserle uzun süre krema kıvamına gelene kadar çırpın. Tereyağını eriterek ilave edin. 3 adet muzu da ezerek karışıma ilave edin."", ""Ayrı bir kapta un, kabartma tozu ve tarçını karıştırıp bir tutam da tuz ekleyin. İki karışımı yavaş yavaş birbirine ekleyip karıştırın ve cevizleri ekleyin ."", ""Baton kek kalıbını yağlayın. Kalan muzu ikiye bölerek tabana yerleştirin. Harcı kalıba dökün ve yayın. 180 derece fansız fırında güzelce kabarıp kızarana kadar pişirin. Çikolata kreması ve süt ile afi""]"
f5b1bed6-a466-4dd7-8d4b-36919cae8737,Gingerbread,Turkey,"Zencefilli kurabiye, baharatlı aroması ve yumuşak dokusuyla klasik bir tatlıdır",Ye,"[""3 su bardağı un"", ""1/2 tatlı kaşığı tuz"", ""1 yemek kaşığı toz zencefil"", ""2 tatlı kaşığı toz tarçın"", ""6 yemek kaşığı tereyağı"", ""3/4 su bardağı toz şeker"", ""1 adet yumurta"", ""1 paket vanilya"", ""1/2 su bardağı pekmez""]","[""Gingerbread kurabiye için yağ ve şekeri krema kıvamına gelene kadar çırpın."", ""Daha sonra içerisine yumurtayı ekleyerek çırpma işlemine devam edin."", ""Pekmezi ve en son kuru malzemeleri ekleyerek iyice yoğurup hamuru toparlayın."", ""Ardından hamurunuzu merdane yardımıyla açın. İnce açtığınız hamuru istediğiniz kalıplarla şekil vererek kesin."", ""Yağlı kağıt serili tepsiye dizdiğiniz hamurları 170 derecelik fırında 10 dakika pişirin. Çıkarıp oda sıcaklığında dinlendirdikten sonra servis edin. Afiyetler olsun!""]"
4a21fbf3-4f4f-4663-b6fe-3a789cc3fcea,Damla Sakızlı Muhallebi,Turkey,"Damla sakızının benzersiz aromasıyla zenginleştirilmiş, kremsi dokulu geleneksel bir tatlı. Bu muhallebi, damla sakızının ferahlatıcı lezzetiyle damaklarda unutulmaz bir tat bırakıyor",Ye,"[""2 yemek kaşığı tereyağı"", ""1 su bardağı un"", ""1 litre süt"", ""1,5 su bardağı toz şeker"", ""3-4 adet damla sakızı"", ""1 yemek kaşığı Antep fıstığı tozu (süslemek için)"", ""1 yemek kaşığı fındık kırığı (süslemek için)""]","[""Tereyağını eritip unu ekleyerek kavurunuz."", ""Sütü ekleyip kıvam alıp kaynanana kadar karıştırınız."", ""Ardından şeker ve dövülmüş damla sakızını ekleyip altını kısıp 2-3 dakika karıştırarak pişiriniz."", ""Altını kapatıp mikserle 2-3 dakika çırpınız."", ""Daha sonra kuplara pay edip dolapta dinlendiriniz, üzerini süsleyerek servis yapınız. Afiyet olsun.""]"
944a55f9-6b84-4ccd-9914-13d8ba1ac1b2,Çilekli Turta,Turkey,"Taze çileklerin ferahlatıcı lezzetiyle hazırlanan, çıtır hamurlu ve nefis çilekli turta tarifi",Ana Yemek,"[""200 gram tereyağı"", ""3/4 su bardağı toz şeker"", ""2 adet yumurta (L boy)"", ""1/2 paket kabartma tozu (tepeleme 1 çay kaşığı)"", ""1 paket vanilin"", ""3-3,5 su bardağı un""]","[""Hamur için ayrılan tüm malzemeler yoğrulup ele yapışmayan, yumuşak kıvamda bir hamur elde edin. İki eşit parçaya ayırıp hızlı soğuması için yassı form verin."", ""Buzdolabı poşetine koyup ağzını hava almayacak şekilde kapatın. Buzdolabında 20 dakika dinlendirin. Daha sonra hamurlardan birini alın ve kalıbınızın boyutuna göre açın. Ben 25 cmlik küçük borcam teps"", ""Kalıbınızın tabanını yağlayıp unladıktan sonra hamuru kalıba yerleştirin. (videoyu izlemenizi tavsiye ederim) Tabanına hamuru yerleştirdikten sonra bir çatal yardımıyla kabarmaması için üzerine delikl"", ""Şimdi iki aşamalı kör pişirme yapacağız. Önce hamurun üzerine pişirme kağıdı yerleştirip üzerine bakliyat dökün. Önceden ısıtılmış 175 derece fırında 10 dakika pişirin."", ""Daha sonra bakliyatları ve pişirme kağıdını kaldırıp 10 dakikada tabanını pişirin. Bu sayede taban hamuru hafiften pişip kabuk tutacak."", ""Kör pişirmeyi tamamladıktan sonra üst hamurunu da dolaptan çıkarıp diğer hamurdan daha ince olacak şekilde açın."", ""Ben hamura halka şekli verdikten sonra iç içe geçirip zincir şeklini verdim."", ""Üst hamurunu şekillendirdikten sonra turtaya kolay yerleştirebilmek için 5 dakika dolapta bekletin. O arada iç harcını hazırlayabilirsiniz."", ""İç harcı için, doğranmış çileklerin üzerine 3 yemek kaşığı pudra şekeri, 1 yemek kaşığı nişasta ekleyip karıştırın."", ""Alt tabanın üzerine iç harcını yerleştirin. Ardından üst hamurunu yerleştirip üzerine yumurta sarısı sürün. Önceden ısıtılmış 175 derece fırında üzeri kızarana kadar pişirin. Afiyet olsun.""]"
cf768d91-7405-4fab-94d5-d5adcadfad01,Dolma ve Sarma Tarifleri,Turkey,Lezzetli dolma ve sarma tarifleri için özel seçkiler,Ana Yemek,"[""Etimek Tatlısı Tarifi"", ""Damla Çikolatalı Kurabiye"", ""Tatlı Tarifleri Spoonful Mozaik Pasta Çikolatalı Sufle İrmik Helvası Fırın Sütlaç Profiterol Revani Magnolia"", ""Kahvaltılık Tarifler Pancake Krep Pişi Kuymak Kaygana Kahvaltılık Sos Menemen Muhlama Yumurtalı Ekmek Omlet"", ""Omlet""]","[""İncecik kabak çiçekleri, iç harcı ile buluşup harika bir uyum yakalıyor. Bu tarifle kabak çiçeği dolmasının lezzeti sofranıza taşıyabilirsiniz. Tarifi için: Kabak Çiçeği Dolması"", ""Kıymalı biber dolması, Türk mutfağının en sevilen ve lezzetli geleneksel yemeklerinden biri. Kıymalı biber dolması tarifi arayışındaysanız, size tam ölçülü bir lezzet sunuyoruz. Hem pratik hem de doyu"", ""Kıyma, pirinç ve baharatlarla harmanlanır, ardından asma yapraklarına sarılır ve lezzetli bir sosla pişirilir. Etin doyuruculuğu ile yaprak sarmaların hafifliği mükemmel bir denge oluşturur. En iyisi""]"
a363335f-c411-4ea8-971d-450e4aee449c,Puf Poğaça,Turkey,Hafif ve lezzetli puf poğaça tarifi ile misafirlerinize unutulmaz bir ikram sunun,Börek & Hamur İşi,"[""1 su bardağı ılık su"", ""1 su bardağı ılık süt"", ""1 su bardağı sıvı yağ"", ""1 adet yumurta"", ""1 paket instant maya"", ""4 tatlı kaşığı toz şeker"", ""2 tatlı kaşığı tuz"", ""4 su bardağı un""]","[""Mayayı ve şekeri ılık suda eritelim. Ardından tüm sıvı malzemeleri (süt, yumurta, sıvı yağ) ekleyelim."", ""Toz şeker, tuz ve unu da ekleyerek iyice yoğuralım."", ""Oda sıcaklığında üstünü kapatarak en az 10 dakika ama mümkünse 30 dakika kadar bekletelim."", ""Şekil verip fırın tepsisine dizelim. 200 derecede ısıtılmış fırında 20 dakika kadar pişirelim. Afiyet olsun.""]"
343fa604-2512-45b1-ad36-33e9d5c68f11,Ev Yapımı Cocostar,Turkey,Sağlıklı ve lezzetli atıştırmalık Ev Yapımı Cocostar tarifimizle tanışın!,Ye,"[""3 yemek kaşığı yulaf"", ""50 gram Hindistan cevizi tozu"", ""1 yemek kaşığı bal"", ""80 gram bitter çikolata"", ""1 adet muz (Küçük boy)""]","[""Muzu, yulafı ve Hindistan cevizini blenderdan geçirip, benmari olarak erittiğimiz çikolataya bandırıyoruz."", ""Topları servis tabağına alıyoruz.Çikolatayı süzmek için topları çatalla alabilirsiniz."", ""Buzlukta bir saat bekletince, servise hazır hale geliyor.""]"
57173499-4a50-4e23-837d-8c2560554706,Karidesli Kabak Spagetti,Turkey,"Lezzetli ve sağlıklı bir alternatif olan karidesli kabak spagetti, pratik yapımıyla sofralarınızı şenlendirir",Ye,"[""250 gram karides"", ""1 adet büyük boy kapya biber"", ""1 adet sivri biber"", ""1 adet çarliston biber"", ""4 yemek kaşığı sıvı yağ"", ""1 adet orta boy soğan"", ""1,5 yemek kaşığı salça"", ""1/2 su bardağı su"", ""4 adet kabak""]","[""Öncelikle tavaya koyduğunuz sıvı yağa ince kıyım doğranmış soğanları ve sarımsağı koyarak kavurmaya başlayın."", ""Ardından yine ince kıyım doğranmış biberlerimizi ekleyerek kavurun. Soğan ve biberler ölene kadar kavurma işlemine devam edin."", ""Kavrulan biberlere karidesi ekleyip yaklaşık 10 dakika kadar daha soteleyin."", ""Sotelenen karidesinize baharatları ve salçayı ekleyerek karıştırın ardından yarım bardak suyu ekleyin. Birkaç dakika daha soteleyin."", ""Kabaklarınızı spagetti şeklinde doğrayın ( ince,uzun). Doğradığınız kabakları az sıvı yağ ile ayrı bir tencerede spagetti makarna gibi görünecek şekilde öldürün."", ""Yumuşayan kabaklara karides sotenizi ekleyip 1-2 dakika daha pişirin."", ""Karidesli kabak spagetti servise hazır. Afiyet olsun.""]"
a1c30cf4-b614-4375-92be-48b69d0b1d82,Pastane Tadında Ekler,Turkey,"Pastanelerdeki gibi lezzetli, yumuşacık ve pratik bir ekler tarifi",Tatlı,"[""2 su bardağı su"", ""2,5 su bardağı un"", ""100 gram tereyağı"", ""3 adet yumurta"", ""1 yemek kaşığı şeker""]","[""Tencereye suyu koyalım, içine tereyağını ve şekeri koyup erimesini bekleyelim."", ""Sonra unu döküp kavuralım ve bütün hale gelince ocaktan alıp soğumaya bırakalım."", ""Soğuyunca yumurtaları tek tek ekleyip çırpalım, hazırladığımız hamuru sıkma torbasına alıp fırın tepsisine ince uzun şekilde sıkalım."", ""180 derece fırında 30 dakika pişirelim."", ""Kremasını yaparken sütü ve şekerin yarısını kaynatalım. Diğer yandan yumurta ve şekerin yarısını ayrı bir kapta çırpalım."", ""Nişasta ,un,suyu yumurta karışımına ekleyip çırpalım. Kaynamakta olan sütü kepçe yardımıyla damla damla yumurta karışımına dökelim. Sonra karışımı süte yavaş yavaş dökerek ekleyelim."", ""Krema pıt pıt atana kadar karıştırarak pişirelim. Çikolata,vanilya, tereyağı ekleyip ocaktan alalım."", ""Kremamızı bir kaba alalım, üzerine streç film kapatım 1 gece dolapta bekletelim."", ""Pişen hamurları ortadan keselim, arasına kremayı sıkalım üstüne çikolatayı sürelim ve tatlımız hazır. Afiyet olsun.""]"
abfa203c-31dc-4b5a-8494-9f4972c4a1c8,Tavuklu Kabak Sarma,Turkey,"Lezzetli ve sağlıklı bir akşam yemeği seçeneği olan tavuklu kabak sarma, sebzelerin tazeliği ile tavuğun zengin lezzetini bir araya getirir",Tavuk Yemekleri,"[""2 adet kabak"", ""2-3 adet biber"", ""1 adet domates"", ""2 tatlı kaşığı domates salçası"", ""1 çay bardağı su"", ""1 su bardağı kaşar peyniri (rendelenmiş)""]","[""Kabakları ince ince dilimleyin, yağ sürün ve tuz serpip 200 derece fırında pişirin, kızartarak da yapabilirsiniz."", ""İç malzemesi için tavukları minik minik doğrayın ve tavaya alıp suyunu çekene kadar pişirin."", ""Tavuklar suyunu çekince biraz zeytinyağı ekleyip biberleri atın."", ""Biberler de kavrulunca domates, dereotu ve baharatları ekleyin 5 dakika sonra ocağı söndürün."", ""Tezgaha yağlı kağıt veya streç film serin, kabak dilimlerini dizin ve içine tavuk sotenizi yayın."", ""Kabaklarınızı streç film/yağlı kağıt yardımıyla sarın."", ""Dağılmaması için kürdan batırıp, kesin."", ""Yağlı kağıt serili fırın kabına alın. Üzerine 2 tatlı kaşığı salçayı sulandırın ve tuz ekleyip gezdirin."", ""Üzerlerine birer tutam kaşar peyniri koyun."", ""230 derece fırında kaşar peynirler kızarana kadar pişirin. Afiyet olsun.""]"
b897a574-d617-4b26-86a2-0505857bd49e,Sütlü Makarna,Turkey,"Pratik ve lezzetli sütlü makarna, hem çocukların hem de büyüklerin bayılacağı bir tarif",Pilav & Makarna,"[""1/2 paket boncuk makarna"", ""1 yemek kaşığı tereyağı"", ""1 yemek kaşığı zeytinyağı"", ""1 su bardağı süt"", ""1 yemek kaşığı krem peynir"", ""100 gram kaşar peyniri"", ""1 çay kaşığı tuz""]","[""Kaynamış suyun içine makarnaları ekleyip yumuşayana kadar haşlayın. Makarnayı suyundan süzün."", ""Tencereye tereyağını ve zeytinyağını ekleyin. Haşlanmış makarnayı ekleyip sütü tencereye dökün."", ""Tuzu, krem peyniri, rendelenmiş kaşar peyniri ekleyip karıştırın."", ""Sütlü makarna tarifiniz hazır. Afiyetler olsun!""]"
e3f7fd83-97fa-4011-9db9-7843c2105911,Mereng (Beze),Turkey,"Hafif ve lezzetli bir atıştırmalık olan mereng, birkaç malzemeyle kolayca hazırlanabilir",Ye,"[""2 adet yumurta beyazı (55-60 gram)"", ""1/4 çay kaşığı tuz"", ""1/2 su bardağı toz şeker (80 gram)"", ""1 tatlı kaşığı limon suyu (3 ml)"", ""1 çay kaşığı mısır nişastası (3 gram)"", ""1 paket vanilin (5 gram)""]","[""Öncelikle toz şekeri blender veya kahve öğütücüsü ile inceltin."", ""Yumurta aklarını temiz cam kaseye alın. Mikserin düşük ayarında biraz köpürtün. Tuz ekleyip çırpın."", ""Azar azar şeker serperek çırpmaya devam edin. Renginin parlaklaştığı ve ters çevirince akmadığı zaman; limon suyu, mısır nişastası (elenmiş) ve vanilin ekleyip çırpın."", ""Kolay çalışmak için; pişirme kağıdının kenarlarına biraz mereng sürüp fırın tepsisine yapıştırın. Sıkma torbasının uç kısmına yuvarlak duy takın ve gıda boyasını kürdanla çizgi şeklinde çekin. Merengi"", ""Önceden 110 dereceye alt üst ayarda ısıtılan fırında 55 dakika - 1 saat arası pişirin. (Fırına göre 5-10 dakika daha gerekebilir).(Pişerken fırın kapağı hiç açılmamalı)."", ""Sürenin sonunda fırını kapatın. Fırın içinde 2 saat kadar bırakın. Fırın kapağını aralayın ve merengi tamamen soğuyana kadar bırakın. Afiyet olsun.""]"
9538e86f-0605-4308-9de0-46adc17ee2b4,Fit Manolya Tatlısı,Turkey,"Sağlıklı ve lezzetli bir alternatif olan fit manolya tatlısı, yulaf unu ve süt ile hazırlanır",Ye,"[""6 yemek kaşığı yulaf unu"", ""500 mililitresüt"", ""1 paket vanilin"", ""1 paket diyet bisküvi"", ""2 yemek kaşığı bal"", ""10 adet çilek""]","[""Süt, yulaf unu ve vanilini puding kıvamında olana kadar kısık ateşte pişirin."", ""Biraz soğuduktan sonra bal ilavesi yapın."", ""Diyet bisküviyi rondoda çekin."", ""Çilekleri dilimleyin ve malzemeleri kuplarınıza sırasıyla dizin. Afiyet olsun.""]"
9a6ff0e8-9cdd-4dd8-be16-5d3e795ef765,Avokado Tost,Turkey,Kremamsı avokado ve yumurtayla hazırlanan lezzetli ve doyurucu bir kahvaltı seçeneği,Ana Yemek,"[""1 adet avokado"", ""2 adet yumurta"", ""1 tatlı kaşığı tuz-karabiber"", ""4 damlalimon suyu"", ""1 çay kaşığı kırmızı toz biber"", ""7 adet kiraz domates""]","[""Avokadoyu ikiye bölün ve çekirdeğini çıkarın. Avokadoyu limon suyu, tuz ve karabiberle karıştırın. İki dilim ekmeğe eşit bir şekilde yayın."", ""Bir tencerede suyu kaynatın. O sırada yumurtaları ayrı ayrı küçük kaselere kırın."", ""Su kaynadıktan sonra ocağın altını biraz kısın. Ve daha sonra kaynayan suya bir çatal yardımı ile girdap oluşturun. Yumurtayı yavaşça girdabın ortasına kaydırın ve 4 dakika pişirin."", ""Ardından ekmeğe önce avokado püresini, sonrasında poşe yumurtaları yerleştirin. Afiyet olsun.""]"
707b7702-c6da-41ae-a9fd-fe035911afe9,Yumurtasız Fırın Sütlaç,Turkey,Yumurtasız pratik fırın sütlaç tarifi ile lezzetli ve kolay bir tatlı deneyimi,Tatlı,"[""2 tepeleme yemek kaşığı nişasta"", ""1 litre süt"", ""1 su bardağı toz şeker"", ""3 yemek kaşığı pirinç"", ""2 su bardağı su"", ""1 çay kaşığı vanilya (isteğe bağlı)""]","[""Pirinçleri yıkayıp kısık ateşte 2 bardak suyla pişiriyoruz."", ""Sütün 1/2 bardağını nişastayı açmak için ayırıyoruz."", ""Kalan sütü pirinçlere ekliyoruz, kaynayınca şekeri ekliyoruz."", ""Ardından nişastayı sütle açıp yavaş yavaş sürekli karıştırarak ekliyoruz."", ""Vanilyayı da ekleyip altını kısıyoruz. Kıvamı biraz koyulaşınca kapatıyoruz (yaklaşık 10 dk sürdü, süte ve nişastaya bağlı süre değişebilir)."", ""Kaselere paylaştırıp kaseleri tepsiye diziyoruz. Tepsiye kenardan soğuk su döküyoruz."", ""Fırının üst rafında önceden ısıtılmış 250 derecede kızarana kadar pişiriyoruz. (Varsa sadece üst ısıtma ayarı daha iyi olur). Afiyet olsun.""]"
c8499a05-6fbe-4e7a-a3c7-d117f43ac322,Üzümlü Çikolatalı Kurabiye,Turkey,"Tereyağlı ve şerbetli hamurun içine katılan üzüm parçaları ve çikolata damlalarıyla hazırlanan, çay saatlerinin vazgeçilmezi lezzetli bir kurabiye",Tatlı,"[""120 gram tereyağı (8 yemek kaşığı)"", ""120 gram şeker (3/5 su bardağı)"", ""1 adet portakal kabuğu rendesi"", ""1 adet yumurta"", ""1 paket kabartma tozu"", ""280 gram un (2,5 su bardağı)"", ""1 su bardağı kuru üzüm"", ""1 paket sütlü çikolata"", ""1/2 su bardağı ceviz"", ""1/2 çay kaşığı tuz""]","[""Tereyağı, şeker, portakal kabuğu rendesini krema gibi olana kadar çırpıyoruz."", ""Kuru üzümleri kaynar suda 10 dakika bekletiyoruz."", ""Krema gibi olan karışıma 1 yumurta ekliyoruz."", ""Un, kabartma tozu, tuz ayrı bir yerde karıştırıp yumurtalı karışıma ekliyoruz, sadece toparlanana kadar yoğuruyoruz fazla yoğurmayın"", ""Son olarak üzümleri, küçük parçalanmış sütlü çikolatayı, cevizi ekliyoruz."", ""Küçük toplar şeklini verip tepsiye diziyoruz 180 derecede 12-13 dakika pişirmeniz yeterli."", ""Fırından çıktıktan sonra yumuşak olmaları sorun değil durdukça sertleşecektir ekstra pişirmeyin. Afiyet olsun.""]"
6aff64ec-6668-44d4-b561-ed904a9fbee3,Çikolata Parçalı Kurabiye,Turkey,"İçine erimiş çikolata parçacıkları serpiştirilmiş, çıtır kenarlı ve yumuşacık bir klasik kurabiye",Tatlı,"[""120 gram oda sıcaklığında tereyağı (8 yemek kaşığı)"", ""50 gram esmer şeker (1/4 su bardağı)"", ""60 gram toz şeker (1/3 su bardağı)"", ""1 tatlı kaşığı vanilya özü (veya 1 vanilin)"", ""1 adet yumurta"", ""230 gram un (1+2/3 su bardağı)"", ""1/2 tatlı kaşığı karbonat"", ""1/2 çay kaşığı tuz"", ""175 gram çikolata parça ları (1 su bardağı)""]","[""Fırınınızı fanlı ayarda, 180 derecede ısıtmaya başlayın. İki adet fırın tepsisine yağlı kağıt yerleştirin. Bir kapta un, karbonat ve tuzu harmanlayın."", ""Bir çırpma kabında tereyağ, esmer ve toz şekerleri kremsi bir kıvam alana kadar varsa makinanızın pedal aparatıyla yoksa normal çırpma teliyle çırpın. Vanilyayı ekleyip yine çırpın."", ""Yumurtayı ekleyin ve sadece karışana kadar çırpıp hemen kapatın. Unlu karışımı ekleyin, çırpın ve hamur haline gelir gelmez durdurun."", ""En son çikolata parçalarının bir kısmını ekleyin ve elinizle hamura karıştırın. Hamurdan 30 ar gram (1 yemek kaşığı) tartarak yuvarlayabilirsiniz."", ""Tepsilerinize aralarında çok az boşluk kalacak şekilde yuvarlakları dizin (kesinlikle hamurun tepesine elinizle bastırmayın) ve kalan çikolata parçacıklarından üzerilerine iliştirip fırında yaklaşık 1"", ""Kesinlikle pişmediğini zannederek daha fazla pişirmeyin, tepside soğurken sertleşecek. Fırından çıktıktan 15 dakika sonra bir bardak soğuk süt eşliğinde tadına varın. Afiyet olsun.""]"
0e35d418-f9c4-4feb-86ce-892060ea34cb,Limonlu Basit Kek,Turkey,Ferahlatıcı limon aromasıyla pratik ve lezzetli bir kek tarifi,Tatlı,"[""4 adet yumurta"", ""1 su bardağı şeker"", ""1 su bardağı sıvı yağ"", ""1 su bardağı süt"", ""2 su bardağı un"", ""1 adet vanilya"", ""1 adet kabartma tozu"", ""1 adet limon kabuğu rendesi"", ""1 çay bardağı limon suyu""]","[""Derin bir kapta yumurta ve şeker mikser ile köpük köpük olana kadar iyice çırpalım."", ""Süt ve sıvı yağ, limon suyu ekleyip çırpma ya devam edelim."", ""Un, kabartma tozu ve vanilya ve limon kabukları ekleyelim ve karıştıralım."", ""Kullanılacak kek kabı yağlandıktan sonra keki kaba dökelim. 170 derecede önceden ısıtılmış fırında 30-40 dakika pişirelim."", ""Kürdan yardımıyla pişip pişmediğini kontrol edelim. Pişince çıkarıp soğutalım. Ardından dilimleyerek servis edelim. Afiyetler olsun!""]"
f4613b90-4d81-48bd-be92-91a97f335b62,Ağzı Açık,Turkey,"Pratik ve lezzetli bir atıştırmalık olan Ağzı Açık, hem göze hem damağa hitap eder",Ana Yemek,"[""3 su bardağı Akalp Un"", ""2 yemek kaşığı yoğurt"", ""1 adet yumurta"", ""1 çay kaşığı tuz"", ""1/2 su bardağı su (oda sıcaklığında)""]","[""Ağzı açık hamuru için; unu, yumurtayı, ılık suyu, yoğurdu ve tuzu bir kaseye ekleyin."", ""Güzelce yoğurun ve 20 dakika dinlendirin."", ""Hafifçe unladığınız tezgahta, hamuru gözleme hamurundan biraz daha kalın olacak şekilde açın ve yuvarlak bir kaseyle şekiller çıkarın."", ""İç harcı için; soğanı, sarımsağı, kıymayı, unu, yumurtayı ve biber salçasını bir kasede karıştırın. Pul biber, tuz ve karabiberi de ekleyin. Üzerini kapatarak buzdolabında 10 dakika dinlendirin."", ""Çıkardığınız yuvarlak hamurların üzerine fırçayla çok az su sürün, birer tatlı kaşığı kıymalı harcı ekleyin ve ince bir katman olacak şekilde yayın. Kenarlarında hafif boşluk kalmalı. Su, kıymalı harc"", ""Kenarlarındaki hamurları parmak uçlarınızla kıymanın üzerine doğru kıvırın."", ""Sıvı yağını tencerede ısıtın ve hamurları, kıymalı tarafı alta gelecek şekilde yağın üzerine bırakın. Kıymalı tarafın altta olması hızlı pişip, hamurdan ayrılmamasını sağlar."", ""Çevirerek hamurların her tarafını altın sarısı olana dek kızartın. Yağdan aldığınız ağzı açıkları limon ve maydanozla servis edebilirsiniz. Afiyet olsun!""]"
d3267b3d-284d-4c90-94cb-b067772e328a,Pratik Muffin Börek,Turkey,Yufka ve sebzelerle hazırlanan pratik ve lezzetli muffin börek,Börek & Hamur İşi,"[""2 adet yufka"", ""1/2 paket mantar"", ""1 adet havuç"", ""1 adet soğan"", ""1 tatlı kaşığı tuz"", ""1 tatlı kaşığı karabiber"", ""1 tatlı kaşığı zerdeçal"", ""2 adet yumurta"", ""2 yemek kaşığı yoğurt"", ""3 yemek kaşığı zeytinyağı""]","[""Öncelikle böreğin iç harcıyla başlıyoruz."", ""Mantar, havuç ve soğanı küp küp doğruyoruz. 1-2 yemek kaşığı zeytinyağıyla kavuruyoruz."", ""Baharatları karabiber, zerdeçal, tatlı toz biberi ve tuzu ekleyelim."", ""İç harç piştikten sonra böreğin yumuşaklığını veren sosuna geçelim. Bir kaba yumurta, soda, yoğurt ve zeytinyağı ekleyip karıştıralım."", ""Yufkaları elimizle Ufak parçalara bölelim ve sosa batırıp muffin kalıbına yerleştirelim."", ""Alt taban için 3 parça aynı işlemi tekrarlayıp bir yemek kaşığı iç harcan'dan böreğe ekleyelim."", ""üzerine tekrar ufak parçalara böldüğümüz ve sosa batırdığımız yufkaları 3 kat olacak şekilde böreğin üzerini kapatalım."", ""2 yufka bitene kadar bu işlemi yapmaya devam edelim. Kalan sosu böreklerin üzerine pay edelim."", ""En son üzerilerine çörek otu veya susam ekleyelim. 180 derecede 30 dakika üzeri kızarana kadar pişirelim. Afiyet olsun.""]"
ef51dc4e-3737-40e9-952a-f47ccde4f726,Haşhaşlı Çörek,Turkey,"Mis gibi kokan, yumuşacık hamuruyla çay saatlerinin vazgeçilmezi lezzetli haşhaşlı çörek",Ana Yemek,"[""10 su bardağı un"", ""1 yemek kaşığı kuru maya"", ""1 tatlı kaşığı şeker"", ""2 tatlı kaşığı tuz"", ""1 su bardağı haşhaş"", ""1 su bardağı sıvı yağ"", ""4 su bardağı su""]","[""Maya, şeker ve 1 çay bardağı suyu karıştırıp 5-10 dakika mayanın aktifleşmesi için bekleyelim."", ""Üzerine unu eleyelim ve tuzu ilave edelim."", ""Azar azar su ilave edelim ve ele yapışan yumuşak kıvamlı bir hamur elde edelim. Üzerini streçle kaplayalım ve havlu örtelim. 1 saat mayalanmaya bırakalım."", ""Tezgaha biraz yağ dökelim ve elimizi yağlayalım. Hamuru yağlı tezgaha dökelim ve elimizle büyük bir dikdörtgen olacak şekilde açalım."", ""Üzerine, hazırladığımız haşhaşla sıvı yağ karışımını dökelim ve her yerine yayalım. Dörde bölelim ve parçaları üst üste koyalım."", ""Biraz daha elimizle genişleterek açalım ve her bir parçası, işaret ve başparmağımız arası uzunlukta olacak şekilde ortadan ikiye keselim."", ""Böldüğümüz bir parçanın kısa olan kenarını, şerit olacak şekilde uzun keselim."", ""İki tarafından ters yönde buralım ve tepsinin kısa kenarına yerleştirelim. Diğerleri için de aynı şekilde yapıp tüm tepsiyi dolduralım."", ""Üzerine yumurta sarısı sürelim ve ortadan ikiye keselim. 100 derecede ısıttığımız fırını kapatalım ve tepsiyi fırına yerleştirelim."", ""20 dakika mayalanması için bekleyelim. Ardından tepsiyi fırından çıkarıp fırını 180 dereceye ayarlayalım."", ""Isınmış olan fırına tepsimizi yerleştirelim ve yaklaşık 40 dakika, üzeri kızarana kadar pişirelim. Afiyet olsun.""]"
5651747c-f889-4782-a108-f0dd84580482,Kremalı Pırasa ve Patates Çorbası,Turkey,"Kremalı pırasa ve patates çorbası, lezzetli ve doyurucu bir başlangıç",Çorba,"[""3 yemek kaşığı Sütaş Tereyağı"", ""200 mililitre Sütaş Krema"", ""1 adet kuru soğan"", ""2 adet pırasa (beyaz kısımları)"", ""2 adet orta boy patates"", ""1 litre tavuk suyu (veya sebze suyu)"", ""1 tatlı kaşığı tuz""]","[""Derin bir tencereye Sütaş Tereyağı'nı alın. Ufak doğranmış soğan, pırasa ve sarımsağı, tuzu da ekleyerek yumuşayana kadar, renk aldırmadan kavurun."", ""Patatesleri ve tavuk suyunu ekleyin, orta ateşte patatesler yumuşayana kadar pişirin."", ""Çorbayı pürüzsüz hale gelene kadar blenderden geçirin."", ""Son olarak Sütaş Krema'yı ekleyip karıştırın ve bir taşım kaynatın."", ""Çorbayı sıcak ya da ılık olarak servis edebilirsiniz. Dilerseniz servis esnasında üzerini krema ve dereotuyla süsleyebilirsiniz. Afiyet olsun.""]"
9c54d61c-5b7b-4269-b72e-e947b262891e,2 Yumurtalı Sodalı Kek,Turkey,"Sodanın yumuşattığı, pratik ve lezzetli kek tarifi",Tatlı,"[""2 adet yumurta"", ""1 su bardağı toz şeker"", ""1/2 su bardağı sıvı yağ (ya da zeytinyağı)"", ""1/2 su bardağı süt"", ""1 çay bardağı soda"", ""1 paket kabartma tozu"", ""1 paket vanilin"", ""2,5 - 3 su bardağı un""]","[""Yumurtayı bir kabın içerisine kırın ve çırpın."", ""Üzerine toz şeker ilave ederek çırpmaya devam edin."", ""Süt, soda ve sıvı yağ ilave ederek çırpmaya devam edin."", ""Vanilyayı ve kabartma tozunu ilave edin. Unu da azar azar eleyerek harca ekleyin ve çırpın."", ""Harcınız ne çok akışkan ne de çok koyu olmalı. Orta koyulukta bir harç elde edin."", ""Ardından kek harcınızı yağlanmış kek kalıbına aktarın."", ""180 derecede önceden ısıtılmış fırında yaklaşık 30 dakika kadar pişirin. Soğuduktan sonra kek kalıbından çıkarın ve dilimleyerek servis edin. Afiyetler olsun!""]"
8525c46a-18af-4974-8d54-f74ca6a540c8,Kavurmalı Kaşarlı Pide,Turkey,"Fırında çıtır çıtır pişen, bol kaşarlı ve lezzetli kavurma ile hazırlanan harika bir pide tarifi",Börek & Hamur İşi,"[""1,5 su bardağı un"", ""2 çay kaşığı instant kuru maya"", ""1 tatlı kaşığı toz şeker"", ""3/4 su bardağı su""]","[""Hamur için un, maya ve şekeri stand mikserine koyun ve kanca ucunu takın."", ""Azar azar su ekleyip hamur oluşana kadar yoğurun, son olarak tuzunu ekleyin ve üzerini örtüp 30 dakika mayalandırın."", ""Mayalanan hamuru fırın tepsisinin çaprazı boyunda merdane ile açın."", ""Hamuru tepsiye yerleştirin ve hamurun ortasına kaşarın yarısını serin."", ""Üstüne küp doğranmış kavurmaları koyun ve son olarak yine rendelenmiş kaşar ekleyip pidenin kenarlarını ortaya doğru katlayıp uçlarını birleştirin."", ""Pideyi 220 derecelik, sıcak fanlı fırında her yeri kızarana kadar yaklaşık 15 dakika pişirin."", ""Fırından çıkan pidenin kenarlarına tereyağı sürüp sıcak olarak servis edin.""]"
dfbb3f3e-687b-428a-b669-1785e6e16827,Kakaolu Kek,Turkey,"Mis gibi kokan, yumuşacık dokusuyla herkesin favorisi olacak pratik kakaolu kek tarifi",Tatlı,"[""3 adet yumurta"", ""1 su bardağı toz şeker"", ""1 su bardağı sıvı yağ"", ""1 su bardağı süt"", ""1/2 çay bardağı maden suyu"", ""3 su bardağı un"", ""1/2 çay bardağı kakao"", ""1 paket kabartma tozu"", ""1 paket vanilya""]","[""Kakaolu kek yapımı için yumurtaları ve toz şekeri derin bir kapta, bir mikser yardımıyla şeker eriyene kadar çırpın."", ""Ardından sıvı yağ, süt ve sodayı da üzerine ekleyip çırpmaya devam edin."", ""Kek harcına unu ve kakaoyu azar azar ilave edin. Kabartma tozu ve vanilini de ekledikten sonra spatula yardımıyla, pürüzsüz bir harç elde edene kadar karıştırmaya devam edin."", ""Hazırladığınız kakaolu kek karışımını yağladığınız kek kalıbına dökün."", ""Önceden ısıtılmış 180 derece fırında 30-35 dakika kadar pişirin. İçini çekmesi için beklettiğiniz keki, ılınınca kalıbından çıkartın."", ""Üzerine pudra şekeri serperek servis edin. Kakaolu kek hazır. Afiyet olsun!""]"
fef62487-bb1e-4f24-8041-f8e791b5d086,Elmalı Fit Crumble,Turkey,"Elmalı Fit Crumble, sağlıklı malzemelerle hazırlanan hem lezzetli hem de hafif bir tatlı alternatifidir",Ana Yemek,"[""3 adet yumurta"", ""1 çay bardağı zeytinyağı"", ""1 çay bardağı süt"", ""1,5 su bardağı tam buğday unu (3-4 yemek kaşığı un)"", ""5 yemek kaşığı bal"", ""1 paket vanilin"", ""1 paket kabartma tozu"", ""1 adet yeşil elma""]","[""Önce yumurtayı çırpıyoruz. Ardından zeytinyağı, süt ve bal ekliyoruz."", ""Daha sonra un, kabartma tozu, vanilin de ekleyip çırptıktan sonra bu karışımdan 6 kaşık kenara ayırıyoruz."", ""Ayırdıktan sonra kalan keki borcama döküyoruz."", ""Borcama döktüğümuz kek harcının üstüne dilimlediğimiz elmaları koyuyoruz."", ""Ayırdığımız karışıma 3-4 yemek kaşığı un ekliyoruz. Biraz ele yapışan bir hamur oluyor."", ""Elimizle hamuru ufalıyoruz. Elmaların üstüne döküyoruz."", ""Önceden ısıtılmış fırında yaklaşık 30 dakika pişiriyoruz. Afiyet olsun.""]"
f902f3f1-64d0-4b7d-9b9a-833374b0dd0d,Mekik,Turkey,"Mekik, lezzetli ve pratik bir tatlı tarifi",Ana Yemek,"[""125 gram tereyağı (oda ısısında bekletilmiş)"", ""1 su bardağı pudra şekeri"", ""4 adet yumurta"", ""1 su bardağı un"", ""1/2 su bardağı toz badem"", ""1 paket vanilin""]","[""Mekik için geniş bir kasede pudra şekeri ile tereyağını alın ve çırpın."", ""Yumurtaları teker teker içerisine ilave edip harcınızın yumurtalarla iyice bütünleşmesini sağlayın."", ""Un, toz badem ve vanilini ekleyin, karıştırın."", ""Mekik kalıbına kaşık yardımıyla harçtan paylaştırın."", ""Üzerlerine birer tane vişne yerleştirin."", ""Önceden ısıttığınız 170 derece fırında kenarlardan ortaya doğru hafif altın rengini alana kadar, yaklaşık 25 dakika pişirin."", ""Pişen mekikleri oda sıcaklığında beklettikten sonra servis edebilirsiniz. Mekik hazır. Afiyet olsun!""]"
5deaeebd-ed77-43ab-a1e9-c5c8b2675d2e,Şeftalili Kek,Turkey,"Yumuşacık ve lezzetli şeftalili kek, çay saatlerinizin vazgeçilmezi olacak",Tatlı,"[""3 adet yumurta"", ""1 su bardağı sıvı yağ"", ""1 su bardağı toz şeker"", ""2 su bardağı süt"", ""1 paket vanilya"", ""1 paket kabartma tozu"", ""2,5 su bardağı un"", ""3 adet şeftali"", ""1 yemek kaşığı pudra şekeri (üzerine)""]","[""Şeftalili kek yapımı için derin bir kaba 3 adet yumurtayı kıralımç Üzerine 1 su bardağı toz şekeri ekleyelim."", ""Yumurta ve şekeri mikser ile köpürene kadar 3-4 dakika çırpalım."", ""Karışımın üzerine 2 su bardağı un, kabartma tozu ve vanilini ekleyip akışkan bir kıvam elde edene kadar çırpalım."", ""Kek hacını yağlanmış kek kalıbına dökelim, üzerine dilimlenmiş şeftaliyi ekleyelim."", ""180° ayarlanmış fırında üzeri kızarana kadar pişirelim, soğuduktan servis yapalım.""]"
aa76089a-42a3-482d-bf20-d306ec86990d,Elmalı Kurabiye,Turkey,"Tarçınlı elma parçacıklarıyla dolu, lezzetli ve pratik bir kurabiye tarifi",Tatlı,"[""3 adet orta boy elma"", ""1 küçük çay bardağı şeker"", ""1 tatlı kaşığı tarçın"", ""3 yemek kaşığı ceviz içi (iri çekilmiş)"", ""150 gram oda sıcaklığında margarin"", ""1 su bardağı (2 parmak eksik) pudra şekeri"", ""1 adet yumurta"", ""1 paket vanilya"", ""1 çay kaşığı (silme) kabartma tozu"", ""2.5 su bardağı un""]","[""Kurabiyenin iç harcı için elmaları soyup rendeleyelim."", ""Üzerine şeker ve tarçın ekleyip elmalar suyunu salıp çekene kadar pişirelim."", ""Suyunu çeken elmaların altını kapatıp ayrı bir kaba alıp, içine iri çekilmiş cevizi ekleyip karıştıralım."", ""Hamuru için uygun bir kabın içinde oda ısısındaki margarini, pudra şekerini, yumurtayı, vanilyayı, kabartma tozunu ve unu da yavaş yavaş ekleyerek ele yapışmayan yumuşak kıvamlı bir hamur yoğuralım."", ""Yoğurduğumuz hamuru 3 bezeye ayıralım."", ""Bezelerden birini merdane ile açmaya başlayalım. Açarken ara ara un serpelim."", ""Orta kalınlıkta açtığımız ( çok ince açmayın) hamuru su bardağının ağzıyla keselim."", ""Kestiğimiz hamurların ortasına hazırladığımız elma harcından bir tatlı kaşığı olacak şekilde koyalım ve iki kenar kısmını ortada birleştirelim."", ""Ben bu ölçülerle yaklaşık 30 adet kurabiye elde ettim."", ""Şekil verdiğimiz hamurları yağlı kağıt serdiğimiz fırın tepsimize yerleştirelim ve 175 derecede kurabiyelerin altı hafif kızarana kadar pişirelim.""]"
357417ae-b733-47bd-ab3d-fc9c588cf8d5,Kahve Ganajlı Muffin,Turkey,"Kahve ve bitter çikolatanın mükemmel uyumuyla hazırlanan, kremsi dokulu lezzetli muffinler",İçecek,"[""1/2 su bardağı krema"", ""1 tatlı kaşığı toz filtre kahve"", ""60 gram bitter çikolata""]","[""Ganaj için kremayı ısıtın, içine filtre kahveyi koyup karıştırın ve sıcakken çikolataların üzerine süzün. Çikolata eriyene kadar kahveli kremayla birlikte karıştırın. Karışımı sertleşene kadar yaklaşı"", ""Kek harcı için geniş bir kasede yumurta ve şekeri mikserle çırparak köpürtün. Sırasıyla karışıma sıvı yağı, tereyağı ve sütü de ekleyip çırpın."", ""Karışıma eleyerek un, kabartma tozu, vanilin ve tuzu ekleyin. Spatula ile karıştırdıktan sonra harcı buzdolabına kaldırın."", ""Üst katman için bir kasede un, toz şeker, kabartma tozu ve fındıkları karıştırın. Erimiş tereyağını da ekleyip çatalla harmanlayın. Karışım kırıntılı bir hal alınca sertleşmesi için buzdolabında yakla"", ""Muffinleri pişirmek için muffin tepsisi ya da kağıt kullanacaksanız öncesinde içlerini yağlayın."", ""Kalıpların yarısına gelecek kadar kek harcı koyun, ardından içine bir tatlı kaşığı kadar ganaj yerleştirin ve üzerini bir yemek kaşığı kadar daha kek harcı ile kapatın. Son olarak fındıklı karışımdan"", ""Muffinleri 180 derecelik sıcak, fanlı fırında yaklaşık 17-18 dakika pişirin. Çıkarmadan önce kürdanla içini kontrol edebilirsiniz."", ""Pişen muffinleri oda sıcaklığına gelene kadar dinlendirin, ardından servis edebilirsiniz. Afiyet olsun.""]"
b6298e08-d268-4d33-ad74-072255222c0f,Ispanaklı Vejetaryen Köfte,Turkey,"Sağlıklı ve lezzetli, ıspanaklı vejetaryen köfte ile hem doyurucu hem de besleyici bir sofra hazırlayın",Vegetarian,"[""1 su bardağı esmer bulgur"", ""2 adet yumurta"", ""2 yemek kaşığı zeytinyağı"", ""1 çay kaşığı karabiber"", ""1 çay kaşığı pul biber"", ""1 çay kaşığı kimyon"", ""1 çay kaşığı tuz""]","[""İlk önce esmer köftelik bulguru 1 çay bardağı sıcak su ile ıslatın ve 10 dakika dinlendirin."", ""Daha sonra derin bir kaba dinlendirdiğiniz bulguru, tavada sotelediğiniz yeşillikleri ilave edin."", ""Üzerine 2 yumurtayı kırın, tuz, pul biber, kimyon ve karabiberi ilave edin."", ""Ardından 2 yemek kaşığı zeytinyağını ekleyin ve karışımı iyice yoğurun."", ""Son olarak yoğurduğunuz karışımı küçük köfteler şeklinde yuvarlayın."", ""Ardından yağsız bir tavada ızgara şeklinde pişirin. Afiyet olsun.""]"
85e8760b-4894-48f1-8745-480db1494dc9,Erişteli Yeşil Mercimek Çorbası,Turkey,"Lezzetli ve doyurucu bir başlangıç olan erişteli yeşil mercimek çorbası, hem besleyici hem de pratik bir seçenektir",Çorba,"[""1 adet soğan"", ""1 adet yeşil biber"", ""1 adet kırmızı biber"", ""1 bardak erişte"", ""1 bardak yeşil mercimek"", ""100 gram kıyma"", ""1 çay kaşığı karabiber"", ""1 tatlı kaşığı pul biber"", ""1 tatlı kaşığı kuru nane"", ""1 adet limon suyu"", ""1 yemek kaşığı tuz""]","[""Öncelikle 1 su bardağı yeşil mercimeği güzelce yıkayıp 3 su bardağı su ile kaynamaya bırakın."", ""Bu arada çorbayı pişireceğiniz suyu kaynatmak için ateşe koyun."", ""Mercimek piştikten sonra süzüp bir kaba boşaltın."", ""Çorbayı pişirmeye uygun bir tencereye, yarım su bardağından bir parmak eksik sıvı yağ ekleyin."", ""Doğradığınız soğanları ekleyip pembeleşene kadar kavurun."", ""Önceden doğradığınız yeşil ve kırmızı biberlerinizi de ekleyip kavurun."", ""Üzerine 2 yemek kaşığı domates salçası, karabiber, pul biber ve naneyi ekleyip tekrar kavurun."", ""Kıymayı ekleyip sıcak suyu ilave edin. Su kaynadıktan sonra 1 su bardağı erişte ve önceden pişirmiş olduğunuz 1 su bardağı yeşil mercimeği ekleyip kaynamaya bırakın."", ""Pişen çorbaya 1 limonun suyunu ekleyip altını kapatın, servis edin. Afiyet olsun.""]"
b321f914-32fd-417e-b570-33680d2cb2cf,Kahvaltılık Sandviç,Turkey,Lezzetli ve pratik kahvaltılık sandviç ile güne harika bir başlangıç yapın,Kahvaltı,"[""2 adet yumurta"", ""Etimek Tatlısı Tarifi"", ""Damla Çikolatalı Kurabiye"", ""Tatlı Tarifleri Spoonful Mozaik Pasta Çikolatalı Sufle İrmik Helvası Fırın Sütlaç Profiterol Revani Magnolia"", ""Kahvaltılık Tarifler Pancake Krep Pişi Kuymak Kaygana Kahvaltılık Sos Menemen Muhlama Yumurtalı Ekmek Omlet"", ""Omlet""]","[""Yumurtaları birazcık süt ekleyip çırpıyoruz ve tereyağını erittiğimiz tavaya döküyoruz."", ""Yumurtayı çevirmeye yakın üstüne ekmekleri koyup çeviriyoruz."", ""Kaşar peyniri ve fümeyi de üstüne ekleyip ikiye katlıyoruz ve peynir eriyene kadar pişirmeye devam ediyoruz."", ""Peynir eriyince servis tabaklarına alıyoruz. Afiyet olsun.""]"
4b31672a-adf9-4e13-b89b-1f844e07df9d,Tencerede Sufle,Turkey,Tencerede pişen pratik ve lezzetli sufle tarifi,Ana Yemek,"[""2 adet yumurta"", ""1 çay bardağı şeker"", ""1 çay bardağı süt"", ""1 çay bardağı sıvı yağ"", ""1 su bardağı un"", ""2 yemek kaşığı kakao"", ""1 paket kabartma tozu"", ""6 adet parça çikolata""]","[""Yumurtayı ve şekeri köpürene kadar iyice çırpın. Kabartma tozu hariç tüm malzemeler harca ekleyip tekrar çırpalım."", ""En son kabartma tozunu ekleyip çok kısa çırptıktan sonra kaseler eşit bir şekilde dağıtalım."", ""Tencereye yerleştirin 5 dakika kapağı açık 5 dakika kapağı kapalı bir şekilde pişirin. Sıcakken servis edin. Afiyet olsun.""]"
c977a3da-506f-4e74-931a-2777e09231e2,Sosyete Simidi,Turkey,"Hafif ve çıtır bir lezzet olan sosyete simidi, çay saatlerinin vazgeçilmez tatlısıdır",Et Yemekleri,"[""1 su bardağı ılık süt"", ""1 su bardağı su"", ""1/2 su bardağı sıvı yağ"", ""1 tatlı kaşığı şeker"", ""1 tatlı kaşığı tuz"", ""1 paket instant maya"", ""3-4 su bardağı un (aldığı kadar)""]","[""Bütün malzemeleri yoğurun. Ele yapışmayan orta yumuşaklıkta bir kıvam olacak."", ""Yarım saat mayalandırın. Hava sıcak olduğunda daha kısa da sürebilir."", ""Sonrasında cevizden biraz daha büyük parçalar koparıp yuvarlayın. Parçaları uzatın."", ""İki parçayı birleştirip burgu yapın ve uçlarını bastırın."", ""Sonrasında pekmezli suya ardından da susama batırıp tepsiye alın."", ""Hepsine aynı işlemi yaptıktan sonra tepside mayalanmaya bırakın."", ""30-45 dakika sonra önceden ısıtılmış fırında alt üst ayarda 220 derecede 10-12 dakika pişirin."", ""Fırınınızın ayarına göre süreyi uzatıp kısaltabilirsiniz. Sıcak servis yapın. Afiyet olsun.""]"
1646caa2-bc03-4f87-84d0-1c14d7b4acfe,Potica,Turkey,"Potica, Sloven mutfağının geleneksel, ceviz içli ve tatlı mayalı hamur tatlısıdır",Ana Yemek,"[""4,5 su bardağı un (500 g)"", ""5 gram kuru maya (veya 10 g yaş maya)"", ""2 yemek kaşığı toz şeker"", ""1,5 su bardağı süt"", ""2 adet yumurta sarısı"", ""3 yemek kaşığı tereyağı (oda sıcaklığında)""]","[""Hamur için sütü ılıtın, içine şeker ve mayayı koyup eriyene kadar karıştırın. Yaş maya kullanıyorsanız on dakika kadar bekletin."", ""Unu derin bir kaba alın, ortasını açın, sütlü karışımı ve yumurta sarılılarını ekleyip yoğurmaya başlayın. Hamur toplanmaya başlayınca tuz ve yumuşak tereyağını ekleyip ele yapışmayan bir hal alana ka"", ""İç harcı için toz haline getirdiğiniz cevizlere tarçın, portakal kabuğu rendesi, limon kabuğu rendesi ve şekerden iki yemek kaşığı ayırıp ekleyin. Karışıma tereyağını ve sıcak sütü azar azar ekleyerek"", ""Mayalanan hamuru hafifçe unlanmış tezgah üzerinde merdane yardımıyla 2 milimetre kalınlığında dikdörtgen şeklinde açın. Harcı kolay sürülebilmesi için bir kaşık yardımı ile parça parça koyun. Hamurun"", ""Bir kek ya da fırın kabını hafifçe tereyağı ile yağlayın ve hamuru içine sararak yerleştirin. Hamurun açıkta kalan kısımlarını da kurumaması için yağlayıp üzerini örtün ve oda sıcaklığında iki katına"", ""Mayalanan hamura bir kürdan ve ya şiş yardımıyla içinin rahat pişebilmesi için delikler açın. 165 derecede ısıtılmış fırında 30 dakikanın ardından fırını 140 dereceye alın ve kızarana kadar bir 25-30"", ""Pişen poticayı 5 dakika dinlendirip kalıptan çıkarın ve pudra şekeri ile süsleyip sıcak, ılık ya da oda sıcaklığında servis edebilirsiniz. Afiyet olsun.""]"
8759f824-a115-4cdb-8c6e-28ed623528ba,Madeleines,Turkey,"Fransız usulü, kabarık ve vanilyalı kekler",Ana Yemek,"[""95 gram un"", ""90 gram şeker"", ""2 adet yumurta"", ""95 gram tereyağ"", ""1 çay kaşığı (silme) kabartma tozu"", ""1 çay kaşığı rendelenmiş portakal kabuğu""]","[""İlk önce elediğimiz unu, şekeri ve kabartma tozunu kaseye allıp kabaca karıştıralım. Sonra yumurtaları kırıp çırpalım."", ""Daha sonra rendelenmiş portakal kabuğunu koyup tekrar karıştıralım. En son eritilmiş tereyağını ekleyip yedirene kadar alttan yukarı doğru spatula ile karıştıralım."", ""Daha sonra hamuru bir sıkma torbasına alalım ve önceden yağladığımız unladığımız madeleines kalıplarına sıkalım. Önceden ısıtılmış 180 derecelik fırında kontrollü bir şekilde 12-15 dakika pişirelim. Ç""]"
49658ed2-5fea-4130-8938-c7498e03e45c,Dalyan Köfte,Turkey,"Dalyan Köfte, galeta unu ve rendelenmiş soğanla zenginleştirilmiş, lezzetli dana kıymadan yapılan geleneksel bir Türk mutfağı lezzetidir",Et Yemekleri,"[""1 kilogram dana kıyma"", ""2 adet soğan (rendelenmiş)"", ""1 su bardağı galeta unu"", ""2 adet yumurta"", ""1/2 su bardağı sıvı yağ"", ""2 çay kaşığı tuz"", ""1 çay kaşığı karabiber"", ""2 çay kaşığı pul biber"", ""1 adet havuç (haşlanmış)"", ""1 su bardağı bezelye (halanmış)"", ""5 adet yumurta (haşlanmış, köftenin içine dolgu için)"", ""1 yemek kaşığı domates salçası"", ""1/2 su bardağı su""]","[""Bir yoğurma kabına kıyma, soğan, yumurta, galeta unu, sıvı yağ, tuz, karabiber ve pul biberi ekleyip karıştırın."", ""İyice yoğurulan kıymayı pişirme kağıdının üzerine alın. Kıymayı rulo haline gelebilecek şekle getirin ve tam ortasına bir çukur açın."", ""Açtığınız çukurun içerisine önce bezelyelerin yarısını ve haşlanmış uzun şeritler halinde kesilmiş havuçları yerleştirin."", ""Haşlanmış, soğumuş yumurtaları da dik bir şekilde ortaya dizdikten sonra geri kalan bezelyeler ile boşlukları doldurun."", ""Kıymayı, harcı kapatacak şekilde dikkatlice rulo haline getirin ve pişirme kağıdını kapatarak yuvarlayın ve kenarlarından kapatın."", ""Üzerine bir kat daha pişirme kağıdı sardıktan sonra 200 derece fırında 45 dakika pişirin."", ""45 dakika sonunda köfteyi fırından çıkarın ve salçalı suyu köftenin üzerine, her yerine gelecek şekilde dökün ve yayın."", ""Soslanan köfteyi 15 dakika daha fırına verin."", ""Fırından çıktıktan sonra dilimleyerek servis edin.""]"
91883c96-e56f-4f43-b708-803b4a596fe9,Girit Mantısı,Turkey,"Hızlı ve pratik Girit mantarı, yufka ve lezzetli iç harcıyla sofralarınızın yıldızı olacak",Ye,"[""1/2 adet hazır yufka"", ""100 gram az yağlı kıyma"", ""1/2 adet havuç"", ""1/2 adet patates"", ""1/4 çay kaşığı tuz"", ""1/4 çay kaşığı karabiber""]","[""Mantının iç harcını hazırlamak için; havuç ve patatesi rendenin kalın kısmıyla rendeleyin. Az yağlı kıyma, tuz ve karabiber ilavesi ile harmanlayın."", ""Yarım yufkayı dört eşit, üçgen parçaya bölün. Hazırladığınız iç harcı, dört eşit parçaya ayırın."", ""Yufkaların geniş kısmına hazırladığınız iç harcı yerleştirin. Yufkanın kenar kısımlarını içe doğru katladıktan sonra sigara böreği sarar gibi sarın."", ""Zeytinyağını küçük bir tencerede kızdırın. Hazırladığınız mantıları, derin yağda renk alana kadar kızartın."", ""Kızaran mantıları bir kevgir yardımı ile kağıt havlu serili bir tabağa alın. Fazla yağını bırakmaları için 1- 2 dakika kadar bekletin."", ""Servisinde kullanmak üzere; sarımsağı rendeledikten sonra yoğurt ile karıştırın."", ""Mantıları servis tabağına yerleştirin. Üzerine sarımsaklı yoğurt gezdirin. Maydanoz yaprakları ve ince kıyılmış ince soğan ile süsledikten sonra servis edin. Sevdiklerinizle paylaşın.""]"
d3c922ee-a1d3-437d-9ab2-640ef1b803fc,El Açması Peynirli Börek,Turkey,"El açması tekniğiyle hazırlanan, lezzetli peynirli börek",Ye,"[""1 su bardağı ılık su"", ""1 su bardağı ılık süt"", ""1 çay kaşığı kuru maya"", ""3 yemek kaşığı sıvı yağ"", ""1 çay kaşığı tuz"", ""3,5-4 su bardağı un""]","[""El açması peynirli börek için sıvı malzemeleri ve mayayı karıştırın."", ""Azar azar unu ilave edip yoğurun."", ""Yarım saat hamuru dinlendirin."", ""Hamuru ceviz büyüklüğünde eş parçalara ayırın. Merdane yardımıyla açın."", ""Fırça ile yağ sürü peynir, maydanoz karışımını eşit şekilde yayın."", ""Yağlanmış fırın kabınıza yan yana dizin. Üzerine yumurta sarısı sürerek fırına verin."", ""180 derecede 30 dakika kadar kontrollü olarak pişirin. El açması peynirli börek hazır. Afiyet olsun.""]"
cd2b49e3-9885-4ce3-8a15-1714d7561878,Cevizli Tarçınlı Çikolatalı Kurabiye,Turkey,"Ceviz, tarçın ve çikolatanın mükemmel uyumuyla lezzetli bir kurabiye deneyimi",Tatlı,"[""2 adet yumurta sarısı"", ""150 gram tereyağı ya da margarin"", ""1 çay bardağı pudra şekeri"", ""1 yemek kaşığı su"", ""1 çay kaşığı tarçın"", ""1 su bardağı ceviz içi (iri çekilmiş)"", ""1 çay bardağı damla çikolata"", ""1,5 su bardağı un"", ""1/2 paket vanilya"", ""1/2 paket kabartma tozu""]","[""İlk olarak yumurta sarılarını ve oda ısısındaki tereyağını yoğurma kabına alalım güzelce karıştıralım."", ""Daha sonra pudra şekeri, su, un vanilya, kabartma tozunu ekleyerek karıştırmaya devam edelim."", ""Tarçın ve cevizi ekleyip tekrar karıştıralım. Ardından yavaş yavaş unumuzu ilave edelim. Hamurumuz ele yapışmamalı ve çok sert olmamalıdır."", ""Son olarak hamura damla çikolatayı ekleyelim ve tekrar karıştıralım."", ""Hazırlanan hamuru rulo şeklinde streç filme güzelce saralım ve buzdolabında en az 1 saat dinlendirelim."", ""Buzdolabında yeterince beklettiğimiz hamuru 2-3 cm eninde olacak şekilde keselim ve tepsimize yerleştirelim."", ""Önceden ısıtılmış fırında 15-20 dakika pişirelim. Afiyet olsun.""]"
1179a7da-b9f0-4573-9055-e5d840ee2717,Kavanoz Pastası,Turkey,Kavanozda pratik ve lezzetli bir pasta deneyimi,Ye,"[""2 adet yumurta"", ""1 çay bardağı toz şeker"", ""1/2 çay bardağı sıvı yağ"", ""1 çay bardağı süt"", ""1 çay bardağı un"", ""2 yemek kaşığı kakao"", ""1 paket kabartma tozu"", ""1 paket vanilin""]","[""Keki için yumurtaları ve şekeri çırpıyoruz."", ""İçine diğer malzemeleri de ekleyip tamamen karışana kadar çırpmaya devam ediyoruz."", ""Yağladığımız tart kalıbına döküp 170 derece alt üst ayarda pişiriyoruz."", ""Pişen keki soğumaya bırakıyoruz."", ""Kreması için krem şanti hariç bütün malzemeleri tencereye alıp kaynayana kadar pişiriyoruz."", ""Çırpma kabına alıp üzerine değecek şekilde streç kapatıyoruz ve soğumaya bırakıyoruz."", ""Soğuduktan sonra krem şantiyi ekleyip çırpıyoruz."", ""Kek soğuduktan sonra kum gibi olacak şekilde robottan çekiyoruz."", ""Kavanozların en altına toplam kekin yarısını paylaştırıyoruz."", ""Üzerine küçük doğradığımız çileklerden ekliyoruz."", ""Üzerine kremamızdan ekliyoruz."", ""Üzerine biraz daha çileklerden paylaştırıyoruz."", ""Kalan kısma kalan kek parçalarını paylaştırıyoruz."", ""En üste kakao eleyip çilek kondurup servis yapıyoruz.""]"
5ff71165-a250-4149-ab8b-24a3eb363e9b,Pişmeyen Çikolatalı Kurabiye,Turkey,"Pişmeden hazırlanan, pratik ve lezzetli bir atıştırmalık",Ye,"[""1 su bardağı yulaf ezmesi"", ""2 yemek kaşığı bal"", ""1 yemek kaşığı kakao"", ""2 yemek kaşığı şekersiz fıstık ezmesi""]","[""Yulaf ezmesini rondoda un haline getirin."", ""Fıstık ezmesi, bal ve kakaoyu ekleyip tekrar rondodan geçirin."", ""Birbirine yapışan bir kıvam alıyor. Yulaf çeşitlerine göre farklılık gösterebilir. Eğer almazsa 1-2 yemek kaşığı su ekleyin."", ""Bu karışımı iki yağlı kağıt arasında açıp bir bardak yardımıyla kesip daire şekli verin."", ""Üzerine benmari usulü eritilmiş bitter çikolatayı dökün ve meyvelerle süsleyin."", ""Buzdolabında çikolata donana kadar bekletin. Afiyet olsun!""]"
6970555a-ef07-4edb-b342-884c640a5db0,Orijinal Brownie,Turkey,"Kıvamı bol, çikolata dolu, kolayca hazırlayabileceğiniz nefis orijinal brownie tarifi",Ye,"[""3 adet yumurta (oda sıcaklığında)"", ""180 gram şeker (1 su bardağından bir parmak eksik)"", ""280 gram bitter çikolata (%60 ve yukarısı tercih ediniz)"", ""125 gram tereyağı"", ""70 gram un (1/2 su bardağı)"", ""1/2 çay kaşığı tuz"", ""1 paket vanilin"", ""1 paket kakaolu bisküvi""]","[""Fırını 165 derecede çalıştırın. 22 cm'lik kalıbın tabanını ve yanlarını tereyağı ile yağlayın, tabanından dışarıya doğru sarkacak şekilde bir yağlı kağıt yerleştirin."", ""Bir tencerede tereyağını eritin, ocaktan alıp içine çikolataları ekleyin ve spatula ile çikolatalar eriyene kadar karıştırın."", ""Yumurta ve şekeri çırpın. (2-3 dakika) İçine yavaşça erimiş tereyağlı çikolatayı akıtarak çırpmaya devam edin. (3 aşamada yaptım)"", ""Un, vanilya ve tuzu ekleyin, sadece karışana kadar çırpın."", ""Fırında pişirin. Afiyet olsun.""]"
72946c12-0c55-45ce-bea5-ea9c6e39e024,Sağlıklı Muhallebi,Turkey,"Müslili ve ballı sağlıklı muhallebi, pratik ve lezzetli bir atıştırmalık alternatifi",Tatlı,"[""4 yemek kaşığı müsli (kırmızı meyveli)"", ""1 çay bardağı süt"", ""1/2 tatlı kaşığı bal""]","[""2 ayrı tencereye katmanlar için gerekli malzemeleri koyun ve kıvam alana kadar karıştırın."", ""Pütürlü yapıyı sevmiyorsanız daha pürüzsüz bir kıvam elde etmek için rondodan geçirebilirsiniz. Sırayla kuplara paylaştırın."", ""Soğumaya bırakın ve dondurularak kurutulmuş çilekle son dokunuşu yapın. Afiyet olsun!""]"
2cfa9bff-fbb1-4b15-8376-b1637eaa2a77,Kestaneli Tart,Turkey,"Kestaneli tart, lezzetli ve pratik bir tatlı seçeneğidir",Ye,"[""2 su bardağı un"", ""100 gram tereyağı"", ""3 yemek kaşığı pudra şekeri"", ""1 adet yumurta"", ""1 yemek kaşığı su"", ""2 yemek kaşığı kakao""]","[""Elenmiş unu kakao ile karıştırıp derin bir karıştırma kabına alın. Orta kısmını açıp oda sıcaklığında beklettiğiniz tereyağı, yumurta, pudra şekeri ve suyu ekleyin."", ""Orta kısmından kenarlara doğru karıştırmaya başladığınız tart hamurunu kıvam alıp toparlanana kadar yoğurun."", ""Toparlanan hamuru altı eşit parçaya bölüp hafifçe unlanmış mutfak tezgahı üzerinde, küçük yuvarlaklar halinde açın."", ""Hamurları, tart kalıplarına yayın. Kenar kısımlarını hafifçe bastırıp kalıbın şeklini almasını sağlayın. Bir çatal yardımıyla hamurların üzerine küçük delikler açın."", ""Hamurların eşit oranda pişmesi, kabarması için tart kalıbı büyüklüğünde yağlı kağıtlar kesin ve hamurların üzerine açın. Orta kısımlarını ağırlık yapması ve hamura düz şeklini vermesi adına nohut, kur"", ""Önceden ısıtılmış 180 derece fırında, yaklaşık 25 dakika hafif bir renk alana kadar pişirin."", ""Fırından çıkardığınız hamurların üzerindeki ağırlık ve yağlı kağıtları alın. Aynı ısı aralığında 5 dakika daha fırınlayıp orta kısımlarının da hafif bir renk almasını sağlayın. Fırından çıkartıp oda ı"", ""Üzeri için; kestane şekeri ve şekersiz çiğ kremayı mutfak robotunda püre haline getirin."", ""Oda ısısında dinlenen tart hamurları üzerine delikli bir patates ezici ya da özel bir aparat yardımıyla hazırladığınız kremayı sıkın. Üzerlerine pudra şekeri eleyip sevdiklerinizle paylaşın.""]"
4ac807d8-ccfe-4d03-94eb-c843826b8b28,Çikolatalı Poğaça,Turkey,"İçinden çikolata akan, lezzetli ve pratik bir poğaça tarifi",Ye,"[""1,5 su bardağı ılık su"", ""1 paket kuru maya"", ""1 yemek kaşığı toz şeker"", ""4 su bardağı un""]","[""Çikolatalı poğaça için maya, su ve şekeri karıştırın. Azar azar unu ilave ederek yoğurun. 30 dakika mayalandırın."", ""Mandalina büyüklüğünde parçalar koparın."", ""Elinizle açın ve içine çikolatayı sürün. Tekrar yuvarlanıp fırın tepsisine dizin."", ""Yumurta sarısı sürüp fırın tepsisine dizin."", ""Önceden ısıtılmış 180 derecelik fırında pişirin. Çikolatalı poğaça hazır. Afiyet olsun.""]"
b7462490-ba7d-4327-b380-9c8eb82da0e1,Nane Reçeli,Turkey,"Ferahlatıcı ve lezzetli bir tatlı alternatifi olan nane reçeli, kahvaltıların ve tatlıların vazgeçilmezi",Ye,"[""1 su bardağı toz şeker"", ""2,5 su bardağı su"", ""1 yemek kaşığı limon suyu""]","[""Nane yapraklarını saplarından tek tek ayıklayın ve bol suda yıkayın."", ""Bir süzgecin üzerine alıp fazla suyunun süzülmesini sağlayın."", ""Suyu süzülüp kuruduktan sonra bir kabın içine alın, üzerine toz şeker ilave edip, güzelce ovun."", ""Ovduktan sonra üzerini kapatıp 1 gece buzdolabında dinlendirin."", ""Ertesi gün çıkarıp tencerenin içerisine alın. Üzerine su ilave edin."", ""Orta ateşte kaynatmaya başlayın."", ""Yapraklar iyice yumuşamaya başladığında içerisine limon suyu ilave edip, kıvamının daha yoğun olmasını sağlayın."", ""Yoğun bir kıvamı olduğunda ocaktan alın ve oda sıcaklığında birkaç saat dinlendirin. Aralarda karıştırın."", ""Soğuduktan sonra ağzı sıkıca kapalı cam bir kavanozun içine aktarıp dilediğiniz zaman keyifle tüketin.""]"
9c962f01-866c-4a7c-a919-eae793e953cc,Bal Kabağı Tatlısı,Turkey,"Tahin ve cevizin lezzetli uyumuyla hazırlanan, pratik ve besleyici bir bal kabağı tatlısı",Tatlı,"[""1,5 su bardağı toz şeker"", ""1/2 su bardağı tahin"", ""1/2 su bardağı ceviz içi""]","[""Dilimlenmiş kabakları bol su ile yıkıyoruz. Kaynatacağımız geniş tencereye alıp, şekeri üzerilerine seriyoruz. Tencerenin kapağını kapatıyoruz."", ""En az 3 saat, mümkünse geceden sabaha bekletiyoruz."", ""Ocağımızı önce kısık ayarda açıp 5 dakika sonra orta ateşe geçiyoruz. Kapağı tam kapatmıyoruz aksi takdirde taşabiliyor."", ""Kabaklarımız yumuşayana kadar kaynatıyoruz. Ekstra su eklemeye gerek kalmıyor."", ""Tahin ve cevizle servis edebilirsiniz. Afiyet olsun.""]"
8977528c-dd1b-4c3c-8b9f-de5545fc4f22,Çikolatalı Nişastalı Kurabiye,Turkey,Ağızda dağılan lezzetli çikolatalı nişastalı kurabiye tarifi,Ye,"[""1 su bardağı un"", ""1,5 su bardağı pudra şekeri"", ""400 gram mısır nişastası"", ""250 gram margarin"", ""2 adet yumurta"", ""1 paket vanilin"", ""100 gram damla çikolata""]","[""Nişasta hariç tüm malzemeleri yoğurma kabına alalım."", ""Biraz yoğurduktan sonra nişastayı kıvam alana kadar ekleyelim."", ""Kıvam aldıktan sonra küçük parçalar halinde yuvarlayalım."", ""Son olarak üzerine damla çikolatayı yerleştirelim."", ""180 derecelik fırında üzeri çatlayana, altları pembeleşene kadar pişirelim. Çıkarıp dinlendirdikten sonra afiyetle yiyebilirsiniz.""]"
3d409b22-6cc3-40aa-9f8c-69fd542e148a,Domatesli Milföy Tart,Turkey,"Domatesli Milföy Tart, pratik ve lezzetli bir atıştırmalık veya başlangıç olarak idealdir",Sebze Yemekleri,"[""4 adet domates"", ""1 çay kaşığı tuz"", ""3 yemek kaşığı krem peynir"", ""1 adet pembe domates (bütün dilim lenmiş)"", ""8 adet cherry domates (ikiye bölünmüş)"", ""6 adet kokteyl domates (ikiye bölünmüş)""]","[""Domatesleri ve sarımsağı fırın kabına alıp üzerine zeytinyağını ve tuzu gezdirin."", ""200 derece fırında 20 dakika fırınlayın."", ""Piştikten sonra domateslerin kabuklarını soyup bir kaseye alın."", ""Bütün sarımsağı da elinizle sıkıp kaseye aktarın."", ""Üzerine tuz, karabiber, taze fesleğen ve kekikle tatlandırıp blenderdan geçirin."", ""Milföy hamurlarını birleştirin ve pişireceğiniz kalıp büyüklüğünde açın."", ""Hamuru kalıba yerleştirdikten sonra çatalla minik delikler açın, üzerine pişirme kağıdı ve ağırlık yerleştirip, 190 derecede 10 dakika ön pişirme yapın."", ""Ön pişirme yaptığınız hamurun tabanına krem peynir sürün."", ""Üzerine hazırladığınız domates sosu gezdirin ve domates dilimlerini dizin."", ""Üzerine kekik serpiştirip 185 derece fırında 20 dakika pişirin."", ""Oda sıcaklığında 10 dakika dinlendirdikten sonra dilimleyerek servis edin. Afiyet olsun!""]"
