id,name,country,description,category,ingredients,instructions
3cb88a3d-8c54-494e-beea-fc256745f1f2,Glutensiz Kek,Turkey,"Lezzetli ve hafif glutensiz kek tarifimiz, özel günleriniz için mükemmel bir tercih",Tatlı,"[""3 adet yumurta"", ""1 su bardağı toz şeker"", ""1 çay bardağı süt"", ""1 çay bardağı sıvı yağ"", ""2 yemek kaşığı kakao"", ""2 su bardağı glutensiz un"", ""1 paket vanilin"", ""1 paket kabartma tozu""]","[""Yumurta ve şekeri derin bir kapta 5 dakika çırpın."", ""Süt ve sıvıyağı karışıma ekleyip çırpmaya devam edin."", ""Kuru malzemeleri de ekleyip spatula yardımıyla karıştırın. Karışımı yağlanmış baton kalıba dökün. Önceden ısıtılmış 170 derecelik fırında 40 dakika kontrollü pişirin."", ""Glutensiz kek tarifiniz hazır. Dilimleyerek servis yapabilirsiniz. Afiyet olsun.""]"
d6b4715d-09f7-4f6c-9db0-834492573e88,Unsuz Mercimek Çorbası,Turkey,"Sağlıklı ve doyurucu unsuz mercimek çorbası, az malzemeyle kolayca hazırlanır",Çorba,"[""2 su bardağı sarı mercimek"", ""1 adet orta boy soğan"", ""1 adet havuç"", ""7 su bardağı sıcak su"", ""1 tatlı kaşığı tuz"", ""1 çay kaşığı karabiber"", ""1 çay kaşığı zerdeçal (arzuya göre)""]","[""Soğanı kabaca doğrayıp zeytinyağında kavuralım, daha sonra doğranmış havuçları ekleyelim."", ""Karıştıralım, sonrasında sıcak suyu ekleyip kapağı kapatalım, 25-30 dakika kaynamaya bırakalım."", ""Daha sonra blenderdan geçirelim, işte bu kadar. Afiyet olsun.""]"
f6db8efb-84e2-43a3-9643-e9811ab7404f,Ev Yapımı Lahmacun,Turkey,"Geleneksel Türk mutfağının lezzetli ve pratik lahmacun tarifi, evde kolayca hazırlanabilir",Ana Yemek,"[""20 yemek kaşığı un"", ""2 su bardağı su"", ""3 çay kaşığı tuz"", ""1 çay kaşığı şeker"", ""200 gram kıyma"", ""2 adet soğan"", ""1 yemek kaşığı biber salçası"", ""1 yemek kaşığı sirke"", ""1 çay bardağı pul biber"", ""1 çay kaşığı karabiber"", ""0.5 çay bardağı sıvı yağ""]","[""1,5 çay kaşığı tuz hamura, geriye kalan 1,5 çay kaşığı tuz iç harcın içine girecek. Ununuzu bir kaba alıp içine tuz, un ve şekeri koyun; 2 bardak suyu da azar azar ekleyip hamuru yoğurun."", ""Soğan ve maydanozu robottan 9 basımlık geçirin (Robotun düğmesine 1 saniye basılı tutup bırakın, bu işlemi 9 kere tekrarlayın. Soğan suyunu komple bırakmamış olur)."", ""Soğanı çektikten sonra tüm malzemeleri yoğurma kabına alıp güzelce yoğurun. Bezelerinizi unlayarak açın kürdan kalınlığı yeterli olacaktır."", ""Uzun bir sunum tahtanız varsa üstüne biraz un serpip fırındaki tepsiyi çıkarmadan tepsinin üzerine kaydırın. Çok zorlandıysanız eğer tepsinizi çıkartarak devam edin."", ""Lahmacunu 8-9 dakika kadar pişirin. Fırında farklılık gösterebilir, kontrol ederek devam edin. Soğan, maydanoz, yağ, limon karışımı yaparak içine koyup yiyebilirsiniz. Afiyet olsun.""]"
973737a4-3f10-4fe2-9e82-bc4def61fcf4,Ispanaklı Fettuccine,Turkey,Cevizli ve zeytinyağlı lezzetli ıspanaklı fettuccine makarna tarifi,Et Yemekleri,"[""5-6 adet ceviz"", ""1 yemek kaşığı zeytinyağı"", ""1 paket fettucine makarna""]","[""Ispanak, zeytinyağı ve ceviz robotta çekiliyor."", ""Aynı anda makarna bir tencerede haşlanıyor."", ""Robotta çektiğimiz karışım bir tavaya alınıyor, ardından üzerine haşlanan makarna ekleniyor."", ""üzerine yarım bardak süt ekleniyor."", ""Kısık ateşte 5 dakika karıştırılıyor. Hazır. Afiyet olsun.""]"
c768c0f4-0987-4d4e-ae5f-94cff6cf1e60,Haşhaşlı Limonlu Muffin,Turkey,"Haşhaşın lezzeti ve limonun tazeliğiyle buluşan, hafif ve nefis muffinler",Ana Yemek,"[""325 gram buğday unu"", ""1 paket kabartma tozu"", ""3 yemek kaşığı haşhaş tohumu"", ""1/4 çay kaşığı tuz"", ""200 gram süzme yoğurt"", ""60 ml süt"", ""150 gram esmer şeker"", ""125 gram tereyağı (oda sıcaklığında bekletilmiş)"", ""2 adet yumurta"", ""1 adet taze sıkılmış limon suyu ve rendelenmiş kabuğu""]","[""Kuru malzemeleri bir kapta harmanlayın. Öncelikle un ve kabartma tozunu birlikte eleyin. Daha sonra tuz ve haşhaş tohumlarını ekleyin."", ""Ayrı bir kapta da ıslak malzemeleri karıştırın. Tereyağı yumuşamış olmalı. Mikser kullanabilir veya çırpma teliyle karıştırabilirsiniz."", ""Kuru malzemelerin olduğu kabın ortasına bir çukur açın ve ıslak malzemeleri döküp bir spatula yardımıyla iyice karıştırın. Homojen bir hamur elde edene dek yavaşça karıştırmaya devam edin."", ""Hazırladığınız muffin hamurunu on iki adet muffin kağıdına doldurun. Ne az ne çok, tam kağıtların hizasına kadar."", ""Muffinleri fırınlamadan önce pişirme kabını birkaç kere sertçe tezgaha vurun ki muffinlerin içinde hava kaldıysa çıksın ve iyice kaplarına yerleşsinler."", ""Muffinleri önceden ısıtılmış 190 derece fırında yaklaşık 25 dakika kadar pişirin. Bu sırada fırının kapağını açmayın."", ""Üzeri için; pudra şekeri ve taze sıkılmış limon suyunu (gerekirse ekstra sıcak su da ekleyebilirsiniz yoğunluğunu nasıl istediğinize göre) bir kasede çırparak hazırda bulundurun."", ""Haşhaşlı ve limonlu muffinler fırından çıkıp soğuduktan sonra üzerlerine kaşık veya fırça yardımıyla bu karışımı sürün. Rendelenmiş limon kabuğuyla süsledikten sonra sevdiklerinizle paylaşın.""]"
9d888e5d-85eb-4e4c-aa6e-4f2d67d8d869,Hindistan Cevizli Raw Cheesecake,Turkey,"Hindistan cevizli raw cheesecake, pişirmeden hazırlanan ferahlatıcı ve lezzetli bir tatlı alternatifidir",Ana Yemek,"[""100 gram yulaflı bisküvi"", ""50 gram eritilmiş tereyağı"", ""10 gram kakao""]","[""Öncelikle bisküviyi robottan geçirin. Kakao ve eritilmiş tereyağı ile bisküviyi karıştırın. 15 cm cheesecake kalıbı ve ya benim gibi tekli kalıp da kullanabilirsiniz. Kalıbınıza yağlı kağıt serin. Bis"", ""Bu sırada bir kabın içinde labne, Hindistan cevizi rendesi ve pudra şekerini karıştırın. Bir kenara ayırın. Başka bir kapta krem şanti ve sütü çırpın. Krem şanti kıvam alınca, Hindistan cevizi rendesi"", ""Bir spatula ile alttan üste doğru kremşantiyi söndürmeden karıştırın. Tamamen karışınca derin dondurucuda bekleyen cheesecake tabanının üzerine dökün. Spatula ile kremayı önce kenarlara yayın, yoksa k"", ""Benmari usulü çikolatayı eritin. Eriyince, tezgahta çikolatanın ılınmasını bekleyin. Cheesecake üzerine ılınan çikolatayı dökün. En az 4 saat buzdolabınızda bekletin.""]"
edbc58ea-a648-4046-8ee3-18c33235624c,"Muzlu, Çikolatalı Tost",Turkey,"Muzun tatlılığı ile bitter çikolatanın yoğun lezzetini birleştiren, pratik ve doyurucu bir atıştırmalık",Tatlı,"[""1 yemek kaşığı tereyağı"", ""80 gram bitter çikolata"", ""1 adet muz""]","[""Tost ekmeği dilimlerinin bir tarafını tereyağı ile yağlayın."", ""Yağlanmış ekmek dilimlerini teflon ve kızgın bir tavada, orta ateşte altın sarısı renk alana kadar kızartın."", ""Muzu kalın dilimler halinde kesin. Tereyağı ile bir parça kızarttığınız ekmek dilimlerini mutfak tezgahı üzerine alın."", ""İki adet kızarmış ekmek diliminin üzerine öncelikle bitter çikolata parçalarını ardından muz dilimlerini yerleştirin. Kalan ekmek dilimlerini üzerlerine kapatın."", ""Hazır durumda olan tostları, çikolatanın tamamen erimesi için tost makinasında basın. Ilındıktan sonra üzerine pudra şekeri eleyin ve bekletmeden servis edin. Sevdiklerinizle paylaşın.""]"
c5940636-ae19-4357-85ad-4f3760d3d243,Sumaklı Limonata,Turkey,"Sumağın ekşimsi lezzeti ile ferahlatan limonata, yaz aylarının vazgeçilmezi",İçecek,"[""4 adet limonun suyu"", ""800 ml soğuk su"", ""25 gram tane sumak"", ""1 su bardağı sıcak su"", ""1,5 su bardağı toz şeker"", ""1 su bardağı sıcak su"", ""Etimek Tatlısı Tarifi"", ""Damla Çikolatalı Kurabiye"", ""Tatlı Tarifleri Spoonful Mozaik Pasta Çikolatalı Sufle İrmik Helvası Fırın Sütlaç Profiterol Revani Magnolia"", ""Kahvaltılık Tarifler Pancake Krep Pişi Kuymak Kaygana Kahvaltılık Sos Menemen Muhlama Yumurtalı Ekmek Omlet"", ""Omlet""]","[""Sumak ekşisi için sumak tanelerini kapaklı bir tencereye koyun."", ""Üzerine bir su bardağı kaynar suyu ekleyin ve tencerenin kapağı kapalı olarak oda ısısına gelene kadar bekletin."", ""Şeker şurubu için toz şeker ve sıcak suyu bir sos tenceresine alıp, kısık ateşte arada karıştırarak şekeri tamamen eritin. Bir kenarda soğumaya bırakın."", ""Limonatayı servis edeceğiniz sürahiye sumak suyunu bir süzgeç yardımıyla süzün. Taneleri almayın."", ""Şeker şurubunu, dört adet limonun suyunu ve soğuk suyu ekleyin ve karıştırın."", ""Limonatanız hazır. Dilerseniz biraz daha soğuması için dolapta bekletebilir, ardından sevdiklerinizle paylaşabilirsiniz.""]"
6cfd9742-8501-48fb-aca4-7198b37a9ed5,Sebze Garnitürlü Somon,Turkey,"Zeytinyağında marine edilmiş somon filetolar, taze sebzelerle harmanlanarak lezzetli ve sağlıklı bir ana yemeğe dönüşür",Balık & Deniz Ürünleri,"[""3 adet somon fileto (200'er gram lık)"", ""3 yemek kaşığı zeytinyağı"", ""2 çay kaşığı tuz"", ""1/2 adet limon""]","[""Sarımsağın kabuklarını soyun ve ezin."", ""Limonun suyunu sıkın. Zeytinyağı, tuz, limon ve sarımsağı karıştırın."", ""Karışımı bir fırça yardımıyla somonun üzerine sürün."", ""Fırın tepsisinin üzerine yağlı kağıt serin ve somonları dizin. 180 derecede yaklaşık 20 dakika kadar pişirin."", ""Somonlarınız pişerken garnitürü hazırlayın."", ""Patlıcanlarınızın kabuklarını soyun ve küp küp doğrayın. Bir süre tuzlu suyun içinde bekletin ve suyunu süzün."", ""Soğanın kabuklarını soyun ve ince ince doğrayın."", ""Börülce ve fasulyeleri de yıkayın ve doğrayın."", ""Biberlerin tohumlarını çıkarın, ince ince doğrayın. Sarımsakları da ezin."", ""Bir tavanın içine zeytinyağı, soğan ve sarımsağı alın. Hafifçe soteleyin."", ""Ardından biberleri ekleyin ve karıştırın."", ""Son olarak taze börülce, patlıcanı ve fasulyeyi ilave edin. Tuzunu ekleyin ve soteleyin."", ""Somonları fırından alın. Sotelenmiş sebzelerle birlikte servis edin. Afiyet olsun.""]"
4bec18aa-aa5c-4e92-8ac6-a292d65f049f,Patatesli Rulo Börek,Turkey,"Patatesli Rulo Börek, çıtır yufka içine harmanlanmış patates ve soğan dolgusuyla hazırlanan lezzetli bir atıştırmalıktır",Börek & Hamur İşi,"[""3 adet yufka"", ""4 adet orta boy patates"", ""1 adet küçük boy soğan"", ""1 tatlı kaşığı domates salçası"", ""1 tatlı kaşığı biber salçası""]","[""3-4 adet orta boy patatesi haşlayıp eziyoruz. Ayrı bir tencerede küçük bir soğanı doğrayıp yağ ile kavuruyoruz."", ""Birer şeker kaşığı biber ve domates salçası sürüp ezdiğimiz patatesi içine bırakıp tuz ve pul biber atıp iyice 1-2 dakika karıştıralım."", ""İlk yufkamızı tezgaha açalım, her yerine sostan sürelim. İkinci yufkamızı üzerine koyup açalım. Sostan sürelim, üçüncü yufkamızı da üzerine koyup sostan sürelim."", ""İç harcımızdan yufkanın her yerine koyup yerleştirelim Fotoğraftaki gibi kenarlarını kare olacak şekilde 5 cm kadar içe katlayalım. Bir kenarından rulo olacak şekilde saralım."", ""Ruloyu ortadan ikiye kesip streçleyip dolapta birkaç saat dinlendirelim ve iki parmak kalınlığında dilimleyip tepsiye düzleyelim. Üzerine kalan sostan sürüp çörek otu atalım. Afiyet olsun.""]"
bf4e635a-157f-4067-a8ef-b2e080d07739,Fırında Mini Kabak,Turkey,"Fırında pişirilen lezzetli mini kabaklar, domates ve soğanla harmanlanmış pratik bir tarif",Sebze Yemekleri,"[""5 adet bebek kabak"", ""3 adet domates"", ""1 adet büyük boy soğan"", ""4 yemek kaşığı zeytinyağı"", ""1 tatlı kaşığı tuz"", ""1 tatlı kaşığı nane"", ""1 çay kaşığı karabiber""]","[""Soğan, domates, sarımsak, maydanoz ve dereotu küçük küçük doğranır."", ""Fırın kabına önce soğanlar sonra domatesler ve son olarak dereotu, maydanoz konur. Baharatlar ve tuz da eklenip alta yerleştirilir."", ""Üzeri tıraşlanan kabaklar konulur. Üzerine zeytinyağı ve tuz gezdirilir."", ""180 derece fırında yumuşayana kadar pişirilir. Afiyet olsun.""]"
ef6aca7d-d867-43ea-b87f-c92d9cc5d492,Unsuz Şekersiz Pasta,Turkey,"Sağlıklı ve lezzetli unsuz şekersiz pasta, kuru meyvelerin doğal tatlarıyla hazırlanıyor",Tatlı,"[""15 adet günkurusu kayısı"", ""5 adet kuru incir"", ""2 yemek kaşığı Hindistan cevizi unu"", ""6-7 adet çilek"", ""1 çay kaşığı tarçın"", ""1 adet muz (büyük boy)""]","[""Kuru meyveleri sıcak suda bekletin."", ""Yumuşamış kuru meyveleri rondodan geçirin."", ""Rondodan geçirdiğiniz karışımı ve Hindistan cevizi ununu karıştırın."", ""Streç filmi açın ve içine karışımı boşaltın. Dikdörtgen şeklinde yayın."", ""Muzu ezin ve tarçın ile karıştırın. Streç üzerindeki karışımın üzerine muzu yayın ve içine çilekleri dizin."", ""Streç film yardımıyla çilekler içinde kalacak şekilde rulo haline getirin ve buzlukta 1 gece bekletin.""]"
483daffa-25dd-4fff-9539-b877f346b380,Lahana Kavurması,Turkey,"Lezzetli ve pratik lahana kavurması, soğan ve salça ile harmanlanmış enfes bir yemek",Sebze Yemekleri,"[""1 adet büyük boy soğan"", ""1/4 adet lahana"", ""1 yemek kaşığı domates salçası"", ""1 çay kaşığı tuz (azaltıp arttırılabilir)"", ""1/2 çay kaşığı karabiber (arzuya göre)"", ""2 yemek kaşığı zeytinyağı"", ""1 tatlı kaşığı kırmızı toz biber""]","[""Lahanayı ince ince doğrayın."", ""Tavaya zeytinyağını döküp doğradığınız soğanı ve salçayı kavurun."", ""Lahanayı da ekleyip karıştırın."", ""Üzerine geçecek kadar su ekleyip lahanalar yumuşayana kadar kısık ateşte pişirin."", ""Lahana kavurması tarifiniz hazır! Sıcak sıcak servis edebilirsiniz. Afiyetler olsun.""]"
fa6fa5eb-450e-4984-924d-bcdd0c42b309,Süzme Yoğurtlu Makarna Salatası,Turkey,Süzme yoğurt ve sebzeli burgu makarnanın harika birleşimiyle hazırlanan pratik ve lezzetli salata,Salata,"[""350 gram Sütaş Süzme Yoğurt"", ""1 paket sebzeli burgu makarna"", ""1 çay kaşığı tuz"", ""1 adet ezilmiş sarımsak"", ""2 yemek kaşığı zeytinyağı"", ""6 adet kornişon turşu (küp doğranmış)"", ""1 su bardağı garnitür (haşlanmış, konserve)""]","[""Derin bir tencerede suyu kaynatın. Bol tuzlu suda makarnayı 10 dakika haşlayın. Haşlanan makarnayı süzdürün ve bir kasede soğumaya bırakın. Makarnaların yapışmaması için az miktarda yağlayarak soğutab"", ""Soğumuş olan makarnanın üzerine Sütaş Süzme Yoğurt, tuz, ezilmiş sarımsak, zeytinyağı, kornişon turşu, garnitür, kıyılmış dereotu ve taze naneyi ekleyip karıştırın."", ""Hazırladığınız makarna salatasını tabaklara bölüştürüp servis edin. Afiyet olsun!""]"
351e5e23-2f8b-4efe-828e-fe110562b8e8,Haşhaşlı Çörek,Turkey,"Mis gibi kokan, üzerine haşhaş serpilmiş yumuşacık bir çörek tarifi",Ana Yemek,"[""1,5 su bardağı ılık su"", ""1,5 su bardağı süt"", ""2 çay kaşığı şeker"", ""1 yemek kaşığı kuru maya"", ""1/2 su bardağı sıvı yağ"", ""7 çay kaşığı tuz"", ""8,5 su bardağı un (yaklaşık 1 kilo)""]","[""Hamurun malzemelerini bir kapta karıştırın ve yoğurun."", ""1 saat mayalan hamuru iki bezeye ayırın."", ""Bezeleri de dörde bölün ve hepsini dikdörtgen olacak şekilde merdane ile açın."", ""Aralarına içten sürerek 4 katı da üst üste koyun ve rulo yapar gibi yuvarlayın."", ""2 parmak kalınlığında kesip tepsiye dizin."", ""Yarım saat de tepsi mayasından sonra üstüne yumurta sarısı sürüp önceden ısıtılmış 190 derece fırında üstü kızarana kadar pişirin. Afiyet olsun.""]"
36c31485-0997-4ea8-a201-f693ac150d7a,Yağlı Kağıtta Hamsi Tava,Turkey,"Yağlı kağıtta pratik ve lezzetli hamsi tava, çıtır çıtır bir deneyim sunar",Balık & Deniz Ürünleri,"[""1 kilogram temizlenmiş karadeniz hamsi"", ""1 su bardağı mısır unu"", ""1 çay kaşığı tuz (arzuya göre)"", ""2 adet yağlı kağıt""]","[""Öncelikle yağlı kağıdın birini tezgaha serip biraz yağlamakla işe başlayalım."", ""Mısır unu ve tuzu bir tabakta karıştıralım. Temizlenmiş ve yıkanmış hamsileri bu karışıma bulayıp kuyrukları ortaya gelecek şekilde hafifçe yağladığımız yağlı kağıt üzerine dizelim."", ""Hamsileri bir yuvarlak oluşturacak şekilde dizdikten sonra biraz da üzerine yağ gezdirelim."", ""Diğer yağlı kağıdı üzerine kapatıp kenarlardan kıvırarak kapatalım."", ""Tavamız hafif ısınınca yağlı kağıdı koyalım. Ara ara pişen yüzü kontrol edelim. İçindeki buharın çıkması ve hamsilerin daha çıtır olması için üstte kalan kağıtta delik açalım."", ""Yağlı kağıdın diğer yüzünün de pişmesi için bir tabak yardımıyla kağıdı ters çevirelim ve kağıdın üstte kalan yüzüne de pişme esnasında bir delik açalım."", ""Her iki taraf da pişince servise hazır. Afiyet olsun.""]"
4eb2e733-3e1f-473b-9210-ed30b2204130,Deniz Börülcesi Salatası,Turkey,Taze deniz börülcesinin zeytinyağı ve limonla buluştuğu ferahlatıcı bir salata,Salata,"[""1 adet limon"", ""4 yemek kaşığı zeytinyağı"", ""1 adet domates rendesi""]","[""Deniz börülcelerini 20 dakika kaynar suda haşlıyoruz."", ""Haşladıktan sonra kılçıklarını ayıklıyoruz."", ""Ezilmiş sarımsağı, limon suyunu ve yağı ekliyoruz."", ""En az bir saat buzdolabında dinlendiriyoruz. Domates rendesiyle servis ediyoruz. Afiyet olsun.""]"
ceaf30eb-8d94-42b0-a031-25b8e255ab5f,Mısır Gevrekli Kurabiye,Turkey,Çıtır mısır gevreği ve ceviz içeren lezzetli kurabiye tarifi,Tatlı,"[""1 çay bardağı toz şeker"", ""1 çay bardağı ceviz"", ""1/2 çay bardağı sıvı yağ"", ""1 paket margarin"", ""1 paket kabartma tozu"", ""1 paket vanilya"", ""2-3 su bardağı un (aldığı kadar)""]","[""Hamur için malzemeler karıştırılır ve yuvarlanarak fırın tepsisine alınır."", ""Önceden ısıtılmış fırında 15 dakika kadar pişirilir."", ""Pişince soğuduktan sonra benmari usulu eritip krema kattığımız çikolata sosuna bandırılıp mısır gereğine bulanır."", ""Sonrasında servis edebilirsiniz. Afiyet olsun.""]"
60e616c6-76c4-467f-8939-a22e913dc23f,Şorbik,Turkey,"Lezzetli ve doyurucu bir et şorbası olan Şorbik, özellikle soğuk günlerde içinizi ısıtacak",Ana Yemek,"[""4 yemek kaşığı sıvı yağ"", ""500 gram dana kuşbaşı eti"", ""2 adet soğan (yemeklik doğranmış)"", ""1 su bardağı haşlanmış nohut"", ""1 çay kaşığı tuz"", ""1 çay kaşığı karabiber"", ""1,5 su bardağı su"", ""1,5 su bardağı süt""]","[""Bir tencerede tereyağı ile birlikte etleri kavurun."", ""Soğanları da üzerine ekleyin ve pembeleşinceye kadar et ile beraber kavurun."", ""Nohut, tuz ve karabiberi de ekledikten sonra etlerin üzerini geçecek kadar su ekleyin ve yaklaşık 15 dakika kadar orta ateşte pişirin."", ""Sütü de ekleyip karıştırın ve yaklaşık 40 dakika kısık ateşte pişirin ve sevdiklerinizle afiyetle tüketin.""]"
7b73fb1a-225f-4b51-8e10-18e3c83f3b89,Muz Kızartması,Turkey,"Tatlı ve lezzetli muz kızartması, Hindistan cevizi ile harmanlanmış pratik bir tatlı",Ana Yemek,"[""6 adet muz"", ""1 su bardağı su"", ""2 yemek kaşığı Hindistan cevizi"", ""2 yemek kaşığı toz şeker"", ""1 çay kaşığı (silme) tuz"", ""1 su bardağı sıvı yağ""]","[""Hamuru için şeker, tuz, Hindistan cevizi rendesi, un ve suyu karıştırın."", ""Hamuru 15 dakika kadar dinlenmeye bırakın."", ""Kızartma tenceresinde yağı kızdırın."", ""Muzları soyun ve hazırladığınız hamur karışımına bulayıp kızgın yağa dikkatlice bırakın."", ""Altın sarısı olan muzları, kağıt havlu serdiğiniz bir tabağa alın."", ""İsteğe göre dondurma, çikolata sos vs ile servis yapın. Afiyet olsun.""]"
63764d70-fbff-4945-87b5-24c2a682883d,Sebzeli Poğaça,Turkey,"Lezzetli sebzelerle hazırlanan yumuşacık poğaça, çay saatlerinin vazgeçilmezi olacak",Börek & Hamur İşi,"[""2 adet yumurta (1 yumurta sarısı ayrılacak)"", ""1 su bardağı yoğurt"", ""1 su bardağı ılık su"", ""1 su bardağı sıvı yağ"", ""1 tepeleme yemek kaşığı toz şeker"", ""1 tepeleme tatlı kaşığı tuz"", ""1 paket instant maya"", ""6,5 su bardağı un""]","[""Yoğurma kabına ılık suyu, mayayı, şekeri alın ve karıştırıp 2 dakika bekletin. Sonra sıvı yağı, yumurtaları, yoğurdu ve tuzu ekleyip tekrar karıştırın."", ""Ardından içerisine unu da yavaş yavaş ekleyip yoğurun. Hafif ele yapışan yumuşacık bir hamur elde etmeniz gerekiyor. Ardından hamurun ağzını kapatıp 1 saat mayalandırın."", ""Bu arada biberleri yıkayıp küp küp doğrayın. Lor peyniri de ekleyip güzelce iç harcı karıştırın."", ""Sonra mayalanmış hamurun içerisine kırmızı biberli harcı döküp hamuru biraz yoğurun.(Hamur ele yapılıyor olabilir. Sorun değil çünkü elimizi sıvı yağa batırıp hamura dokunacağız.)"", ""Elimizi sıvı yağa batırıp hamurdan parçalar kopararak içi yağlanmış muffin kalıbının içine koyun."", ""Üzerlerine yumurta sarısı sürüp susam ve çörek otu serpin. Önceden ısıtılmış 180 derece fırında pişirin. Afiyet olsun.""]"
f82cbd74-10f5-4d12-a3b7-f247c06011b3,Prenses Tatlısı,Turkey,"Prenses Tatlısı, yumuşacık dokusu ve vanilyalı lezzetiyle sevenleri büyüleyen klasik bir Türk tatlısıdır",Tatlı,"[""1 su bardağı süt"", ""4 adet yumurta"", ""1 su bardağı toz şeker"", ""1 su bardağı sıvı yağ"", ""1 su bardağı süt"", ""2 paket kabartma tozu"", ""1 paket vanilin"", ""2,5 - 3 su bardağı un""]","[""Kek için yumurta ve şekeri çırpın."", ""Üzerine süt ve sıvı yağı ekleyip çırpmaya devam edin."", ""Elenmiş un, vanilin ve kabartma tozunu da ekleyip karıştırın."", ""Yağlanmış borcama karışımı dökün. Önceden ısıtılmış 170 derecelik fırında 35-40 dakika pişirin."", ""Krema için tereyağı ve vanilin hariç tüm malzemeleri tencereye alın. Sürekli karıştırarak pişirin. Kaynamaya başlayınca ocağın altını kapatın. Vanilin ve tereyağını ekleyip karıştırın."", ""İlk sıcağı çıkan keki sütle ıslatın."", ""Muhallebiyi keke dökün. Oda sıcaklığına gelince dolaba alın. Buzdolabında 1-2 saat dinlendirin. Üzerine Hindistan cevizi serpip süsleyin. Dilimleyip servis edebilirsiniz."", ""Prenses tatlısı tarifiniz hazır. Afiyet olsun.""]"
708392b9-1066-4b55-932c-6b0a6ec304a0,Zeytinyağlı Anne Poğaçası,Turkey,"Zeytinyağı ve yoğurtla hazırlanan yumuşacık anne poğaçası, misafirlerinize ikram edebileceğiniz lezzetli bir atıştırmalıktır",Börek & Hamur İşi,"[""2 adet yumurta (1 yumurta sarısı ayrılacak)"", ""1/2 su bardağı zeytinyağı"", ""1 su bardağı yoğurt"", ""4 - 4,5 su bardağı un"", ""1 çay kaşığı tuz"", ""1 paket kabartma tozu"", ""5-6 damlalimon suyu""]","[""Yumurta, zeytinyağı ve yoğurt çırpma teliyle çırpılır. İnce kıyılmış maydanoz ve dereotu eklenip karıştırılır."", ""Üzerine unun yarısı, tuz, kabartma tozu eklenir. Kabartma tozu üzerine limon suyu eklenir, köpürünce çatalla dağıtılarak karıştırılır."", ""Unun kalanı da kontrollü eklenerek karıştırılır. Hafif yağladığımız elimizle hamur yoğrulur. Hamurdan cevizden biraz daha büyük bezeler alınıp yassılaştırılır. Ortasına peynir konur, kenarları bastırı"", ""Üzerine yumurta sarısı sürülür, susam dökülür. Önceden alt üst ayarda 180 dereceye ısıtılan fırında 20-25 dakika üzeri kızarana kadar pişirilir. Afiyet olsun!""]"
c2d4ba99-6b13-4e35-9128-b8fa4896c55e,4 Malzemeli Kurabiye,Turkey,Sadece 4 malzemeyle hazırlayabileceğiniz pratik ve lezzetli kurabiye tarifi,Tatlı,"[""1 adet yumurta"", ""2 yemek kaşığı tereyağı"", ""2 yemek kaşığı bal"", ""2 su bardağı un"", ""1 paket şekersiz çikolata (bitter/sütlü)""]","[""Öncelikle çikolataları bıçakla küçük parçalar haline getirelim."", ""Yumurta ve tereyağı kaba alıp karıştıralım."", ""Unu yavaş yavaş ekleyelim."", ""Kıvam aldığında hazırladığımız çikolata parçalarını ilave edelim."", ""Fırın kağıdı serili tepsiye dizelim."", ""180 derece 15-20 dakika pişirelim. Afiyet olsun.""]"
fd7e31c9-65fe-4f87-949b-ebd47d45b2d4,Kahve Çekirdeği Kurabiye,Turkey,Kahve çekirdeğiyle lezzetlendirilmiş çıtır kurabiyeler. Kahve severler için ideal bir atıştırmalık,Ye,"[""1 su bardağı pudra şekeri"", ""1 paket kabartma tozu"", ""1 paket vanilin"", ""1 paket kakao"", ""250 gram margarin"", ""2 su bardağı un"", ""1 çay kaşığı Türk kahvesi (arzuya göre)""]","[""Oda sıcaklığındaki margarini bir kaba alıp pudra şekeri vanilin ve kabartma tozunu üzerine ilave edin."", ""Bir süre yoğurduktan sonra azar azar unu da ilave edip yumuşak bir hamur elde edin."", ""Son olarak kakao ve kahve ekleyip iyice yedirin."", ""Daha sonra elinizle ceviz büyüklüğünde toplar koparıp hafif sivri şekilde yuvarlayın, bir kürdan yardımı ile ortasına çizgi atın."", ""Önceden ısıtılmış 180 derecelik fırında 15 -20 dakika kadar pişirin. Afiyet olsun.""]"
86c84fed-41df-4517-95b6-d55fe532124c,Cevizli Kurabiye,Turkey,"Cevizli kurabiye, çay saatlerinin vazgeçilmez lezzetlerinden biri. Çıtır çıtır dokusu ve cevizin aromasıyla damaklarda tat bırakır",Tatlı,"[""250 gram tereyağı"", ""1 su bardağı pudra şekeri"", ""1 su bardağı nişasta"", ""1/2 su bardağı sıvı yağ"", ""1 paket vanilya"", ""1/2 paket kabartma tozu"", ""3,5-4 su bardağı un (aldığı kadar)""]","[""Un ve ceviz hariç hamur malzemeleri krema kıvamına gelene kadar karıştırılır."", ""Sonra yavaş yavaş un da eklenip yumuşak bir hamur olana kadar yoğrulur."", ""Hamur istenildiği gibi şekillendirilip önce yumurta akına sonra da iri dövülmüş ceviz içine bulanıp yağlı kağıt serili tepsiye dizilir."", ""Önceden ısıtılmış 160 derece fırında altı hafif kızarıp üstü beyaz kalana kadar pişirilir. Afiyet Olsun .""]"
75eec78a-8358-4542-b8e9-ec2640f3d07e,Patatesli Menemen,Turkey,"Zeytinyağında kavrulan soğan ve biberlerle hazırlanan, yumurtalı patatesli menemen lezzeti",Kahvaltı,"[""5 yemek kaşığı zeytinyağı"", ""1 adet soğan"", ""3 adet sivri biber"", ""2 adet haşlanmış patates"", ""3 adet domates"", ""6 adet yumurta""]","[""Menemeni pişirmeye başlamadan önce soğanları, biberleri, haşlanmış patatesleri ve kabuğu soyulmuş domatesleri küp küp doğrayın. Sarımsakları da ince ince dilimleyin."", ""Geniş bir tavayı orta ateşte ısıtın. Tavaya zeytinyağı ile birlikte soğanları, sarımsakları ve tuzu ekleyip. Soğanlar yumuşayana kadar soteleyin."", ""Soğanlar yumuşayınca biberleri, patatesleri ve baharatları ekleyip 2-3 dakika pişirmeye devam edin. Bu aşamada patatesler yapışmasın diye çok az daha zeytinyağı ilave edebilirsiniz."", ""Domatesleri karışıma ekleyin ve ocağın altını kısın. Domatesler tamamen yumuşadıktan sonra yumurtaları tavaya kırın ve spatula ile ilk olarak sadece beyazlarını karıştırarak pişirin. Yumurta beyazları"", ""Patatesli menemenin üstüne birkaç parça maydanoz yaprağı ve zeytinyağı gezdirip sıcak olarak servis edin. Afiyet olsun.""]"
fb94618f-07f9-407d-a3a8-d699cf265c49,Fırın Sütlaç,Turkey,Fırında pişirilen kıvamında ve üzerinde lezzetli bir karamel tabakası olan geleneksel Türk tatlısı,Tatlı,"[""1 litre süt"", ""1 su bardağı şeker"", ""1 paket vanilin"", ""3 yemek kaşığı nişasta (mısır veya buğday nişastası)"", ""2 su bardağı su""]","[""2 bardak su ve 3 çorba kaşığı pirinç kaynatın az biraz su kalacak şekilde. Daha sonra 1 litre sütten yarım bardak ayırın kalanı pirinç olan tencereye boşaltın."", ""Kaynadıktan sonra şeker ve vanilya ilave ediniz."", ""Biraz daha kaynarken ayrı bir kapta nişasta ve ayırdığımız sütü karıştıralım. Kaynayan sütün içerisine boşaltalım. Sürekli karıştırmamız gerekli."", ""Piştikten sonra kaselere boşaltalım fırını 180 derece 20 dakika ayarlayalım."", ""Kaseleri tepsiye koyalım yarısını alacak kadar su ekleyelim, soğuk fırına atalım üstü yanınca çıkarıp buzdolabında bekletelim.""]"
e4134af5-cffe-4e15-8797-15cdc65b9054,Yulaflı Muhallebi,Turkey,"Sağlıklı ve lezzetli yulaflı muhallebi, ceviz ve incirle zenginleştirilmiş tatlı bir atıştırmalık",Tatlı,"[""2 büyük su bardağı süt"", ""1 çay bardağı (1 parmak eksik) ceviz içi"", ""5 adet kuru incir"", ""1/3 çay kaşığı tarçın"", ""4 adet çilek"", ""8 adet böğürtlen""]","[""Yulafı blenderda un haline gelecek şekilde çekin."", ""İncirleri yumuşaması için suda 10 dakika bekletin."", ""Sütü orta ateşte tencereye alın, ardından çekilmiş yulafı ekleyin, çırpın. Rengi koyulaşıp krema halini alana kadar karıştırın."", ""Muhallebi kıvamını aldıktan sonra 5 dakika soğumaya bırakıp balı ekleyip karıştırın."", ""Blenderdan çektiğiniz cevizle incirleri tabağın tabanına 1 parmak olacak şekilde serpiştirin."", ""Üzerine muhallebiyi dökün. Meyvelerle süsleyin. Afiyet olsun.""]"
6340fa3e-43b6-4221-a115-8d8af855e000,Vitamin Smoothie,Turkey,"Sağlıklı ve besleyici vitamin smoothie, taze sebzelerle hazırlanmış enerji verici bir içecek",Ana Yemek,"[""4 adet siyah havuç"", ""1 adet şalgam"", ""5 adet havuç"", ""2 adet yer elması"", ""10 adet salatalık"", ""4 adet cibes otu"", ""1 adet orta boy zencefil"", ""3 adet yeşil elma"", ""3 adet kırmızı elma"", ""3 adet limon"", ""1 adet brokoli"", ""2 adet turp""]","[""Tüm sebze ve meyveleri yıkıyoruz, havuçları soyup büyük parçalar halinde doğruyoruz."", ""Tüm malzemeleri katı meyve sıkacağımızdan geçiriyoruz. Afiyet olsun.""]"
4076c0cf-36e9-4b76-8c82-bc7716d621e7,Düdüklüde Kolay Mercimek Çorbası,Turkey,Pratik ve doyurucu düdüklü tencerede hazırlanan lezzetli mercimek çorbası,Çorba,"[""2 su bardağı kırmızı mercimek"", ""1 adet soğan"", ""1 adet havuç"", ""1 adet patates"", ""1 tatlı kaşığı tuz"", ""1/2 çay kaşığı karabiber"", ""7-8 su bardağı su""]","[""Sebzelerin kabuklarını soyun, birkaç parçaya kesin ve düdüklüye alın."", ""Kırmızı mercimeği de yıkadıktan sonra tencereye ekleyin."", ""Baharatlarını ekleyin. 5-6 su bardağı kadar su ekleyip karıştırın, düdüklünün kapağını kapatın ve pişmeye bırakın. Yaklaşık 10-15 dakika pişirin."", ""Düdüklüyü açtıktan sonra kıvamına göre su ilavesi yapın ve karıştırın. Blender ile çekin."", ""Bir tavada yağı kızdırın ve baharatlar ile karıştırın."", ""Sunum esnasında sostan çorbaya ilave ederek servis edin. Afiyet olsun.""]"
40a8cf25-ff9c-4712-8652-8d34766fb2a7,Dondurucu İçin Bamya,Turkey,Dondurucuda saklamak için pratik bamya hazırlama tarifi. Taze bamyanın lezzetini uzun süre muhafaza etmenin en kolay yolu,Ana Yemek,"[""1 kg bamya"", ""3 adet domates"", ""1 adet limon suyu""]","[""İlk olarak bamyaların tepe kısımlarını çok derine girmeden kalem soyar gibi ayıklayın. Bamyaları güzelce yıkayın. Daha sonra domatesin kabuklarını soyun ve küp küp doğrayın.Domatesleri tencereye alın."", ""Üzerine bamyaları ekleyin."", ""Limon suyunu ekleyip ocağa alın."", ""Bamyaları çok fazla karıştırmadan hafif rengi dönene kadar 15 dakika pişirin."", ""Ardından ocaktan alıp soğutun. Soğuduktan sonra buzdolabı poşetlerine aktarın. Dondurucuya kaldırıp dilediğinizde çıkarıp pişirin. Afiyetler olsun.""]"
fad3ff02-3d6d-4cb0-9c0c-294bae78bac6,Kabak Spagetti,Turkey,"Sağlıklı ve lezzetli bir alternatif olan Kabak Spagetti, ince dilimlenmiş kabakların spagetti görünümünde hazırlanmasıyla yapılan hafif bir yemektir",Et Yemekleri,"[""4 adet kabak"", ""2 adet soğan"", ""3 yemek kaşığı zeytinyağı"", ""1,5 yemek kaşığı domates salçası"", ""1 tatlı kaşığı tuz"", ""1 çay kaşığı karabiber"", ""1 çay kaşığı pul biber"", ""1 çay kaşığı kırmızı toz biber"", ""2 su bardağı kaynar su"", ""2 yemek kaşığı sarımsaklı yoğurt (üzeri için) (isteğe bağlı)""]","[""Soğanları rondodan geçirin. Dereotunu ince ince kıyın."", ""Kabakları jülyen kesme aparatınız varsa onunla kesin. Yoksa soyacak ile soyabilirsiniz veya ince ince bıçakla doğrayabilirsiniz."", ""Tencereye soğan, zeytinyağı ve salçayı alın, iyice kavurun."", ""Kabakları ekleyin, her tarafına salçadan gelecek şekilde karıştırın."", ""En son kaynar suyu, baharatları, tuzu ve dereotunu ilave edin. 20 dakika orta ateşte pişirin."", ""Dilerseniz üzerine sarımsaklı yoğurt ilave edin. (Gerçekten çok yakışıyor.)"", ""Kabak spaghettimiz hazır! Deneyeceklere şimdiden afiyet olsun. :)""]"
a878152d-d5d8-46e9-811c-d173c2430170,Krem Şantili Kakaolu Kek,Turkey,Kakaolu krem şanti ile hazırlanan pratik ve lezzetli kek tarifi,Tatlı,"[""3 adet yumurta"", ""1 su bardağı toz şeker (+2 yemek kaşığı daha)"", ""1 paket kakaolu krem şanti"", ""2 yemek kaşığı kakao"", ""1 çay bardağı sıvı yağ"", ""1 su bardağı süt"", ""1 paket kabartma tozu"", ""1 paket vanilya"", ""1,5 su bardağı un""]","[""Yumurta ve şekeri iyice çırpalım."", ""Sırasıyla süt, sıvı yağ, kakao, krem şantiyi ve diğer malzemeleri ilave edelim."", ""Hepsini çırpalım. Kek kalıbını katı yağla iyice yağlayalım."", ""170 derece fırında ortalama 35-40 dakika pişirelim. Afiyet olsun.""]"
888e6e7b-7d12-44f2-a0bd-30a811f0be4f,Yulaflı Kurabiye,Turkey,Sağlıklı ve lezzetli yulaflı kurabiye tarifi. Kolay hazırlanışı ve doyurucu yapısıyla favori atıştırmalığınız olacak,Tatlı,"[""1 adet yumurta"", ""1 su bardağı yulaf ezmesi"", ""1 yemek kaşığı bal"", ""1 çay kaşığı tarçın"", ""2 yemek kaşığı damla çikolata"", ""1 adet orta boy muz""]","[""Muzu bir kaba alıp iyice eziyoruz."", ""İçerisine yumurtayı kırıp karıştırıyoruz."", ""Karışımın içerisine balı, yulaf ezmesini, tarçın ve damla çikolatayı koyup iyice karıştırıyoruz."", ""Şekil verip önceden ısıtılmış 180 derecelik fırında 15-20 dakika arasında pişiriyoruz."", ""Fırından çıkarıp sıcak veya soğuk şekilde tüketiyoruz. Afiyet olsun.""]"
7969d432-abab-43e6-9912-61755dcabc0a,Köz Biberli Cevizli Erişte Salatası,Turkey,Közlenmiş biberlerin ve cevizlerin lezzetli uyumuyla hazırlanan pratik ve doyurucu bir erişte salatası,Ye,"[""2 su bardağı erişte"", ""8 adet közlenmiş kırmızı biber"", ""10-15 adet ceviz içi""]","[""Büyük bir tencerede kaynattığınız tuzlu suya erişteleri atın ve 10 dakika haşladıktan sonra süzün, soğuması için bir kenara alın."", ""Közlenmiş biberleri ince ince doğrayın, cevizleri ve dereotunu da aynı şekilde doğradıktan sonra, soğumuş olan eriştelerle birleştirin."", ""Sarımsakları yoğurda rendeleyin ve tüm malzemeleri birleştirin.Dereotu ile süsleyerek servis edin. Afiyetler olsun!""]"
84931357-26ba-415d-9a82-bcfcedf07ea4,Bal Kabaklı Yanık Cheesecake,Turkey,"Bal kabağı ve yanık krema ile harmanlanmış benzersiz bir cheesecake tarifi. Kakaolu bisküvi tabanıyla mükemmel uyum sağlayan bu tatlı, hem göze hem damaga hitap ediyor",Ye,"[""3/4 paket kakaolu bisküvi"", ""1 yemek kaşığı Hindistan cevizi"", ""2 yemek kaşığı tereyağı""]","[""İlk olarak bisküviyi rondodan geçirin. Hindistan cevizi ve eritilmiş tereyağını döküp iyice karıştırın."", ""Kabınızı yağlayıp ardından yağlı kağıt yerleştirin. Bisküvili harcı yayıp bir bardak tabanı ile iyice bastırın ve iç harcı hazırlayana kadar buzluğa koyun."", ""Peyniri çırpma kabına alın ve toz şekeri ekleyin. El çırpıcısıyla şeker eriyene dek çırpın."", ""Kremayı ve nişastayı ekleyin. Karıştırmaya devam edin.(mikser kullanmak yok) Yumurtayı ekleyip çok hafif karıştırarak harca yedirin. En son vanilini ekleyin."", ""Bu peynirli harçtan 3 yemek kaşığı alıp bal kabağı püresine ekleyin."", ""Kalan bütün harcı tabanını hazırladığımız kalıba dökün."", ""Bal kabağı püresini de peynirli harçla iyice karıştırıp kalbımızın üzerine döküp kafamıza göre ufakça karıştıralım."", ""Tezgâha birkaç kez vurarak ve içinde kürdan gezdirerek içindeki hava kabarcıklarının çıkmasını sağlayın."", ""Bir kaba kaynar su doldurup fırının en alt rafına koyun."", ""170 derece önceden ısınmış fanlı ayarda fırının orta rafın bir alt rafına cheesecake'i koyup iyice kızarana kadar pişirin. Afiyet olsun.""]"
c4fbc660-fcc0-4e47-8a7a-ee058937b9fe,Patlıcanlı Kebap,Turkey,Kuzu eti ve patlıcanın mükemmel uyumuyla hazırlanan lezzetli bir kebap tarifi,Ye,"[""1 adet büyük boy patlıcan (düzgün şekilli, yaklaşık 300 g"", ""100 gram kuzu eti"", ""60 gram kuyruk yağı"", ""1 adet orta boy kırmızı biber"", ""1 çay kaşığı pul biber"", ""2/3 çay kaşığı tuz""]","[""Kebap karışımı için; kuzu etini keskin bıçaklar yardımıyla kıyma halini alana kadar kesin ya da zırhla çekin."", ""Ortadan ikiye kesip çekirdekli kısımlarını aldığınız etli kırmızı biberi küçük parçalara bölüp kuyruk yağıyla birlikte zırhla çekin."", ""Tüm malzemeyi bir araya getirip tuz ve pul biber ilavesiyle yoğurun. Hazırladığınız köfte/kebap karışımını dört eşit parçaya bölün."", ""Uç kısmını aldığınız düzgün seçilmiş büyük boy patlıcanı, 3-4 cm. kalınlığında 5 parçaya bölün."", ""Patlıcan kebabını; bir adet patlıcan, bir adet köfte olmak üzere şişlere geçirerek hazırlayın."", ""Mangal ya da kömür ateşinde aralarda ters yüz ederek köfteler kızarıp patlıcan renk alana kadar pişirin."", ""Közlenmiş domates, kuru soğan ve yeşil biber eşliğinde sıcak olarak servis edin.""]"
e80fb94b-b1b6-4a81-9add-735a152de49c,Pastane Kurabiyesi,Turkey,"Mis gibi kokan, çıtır çıtır pastane kurabiyesi tarifi. Kolay hazırlanışı ve lezzetiyle favoriniz olacak",Ye,"[""250 gram tam buğday unu"", ""150 gram margarin veya tuzsuz tereyağı"", ""1 adet yumurta"", ""15 gram toz şeker"", ""7 gram tuz"", ""2 adet yumurta sarısı"", ""1 çay bardağı kavrulmuş susam""]","[""Tüm malzemeyi soğuk zemin üzerinde yoğurun."", ""Yoğurma işlemi bittikten sonra hamurdan ceviz büyüklüğünde bezeler alıp çeşitli şekiller verin. (Burgu, yuvarlak, simit gibi)"", ""Tepsiyi yağlayın ve kurabiyeleri dizin."", ""2 adet yumurta sarısı ve 1 çorba kaşığı pekmezi ayrı bir kapta karıştırın. Kurabiyelerin üzerini yumurta sarısı sürüp, gerek susam gerekse çörek otu ile süsleyin."", ""Önceden ısıtılmış 180C fırında, 12-15 dakika kızarana kadar pişirin.""]"
faec6c88-8e81-4c75-a041-9adfd6b5beef,Ekşili Köfte,Turkey,"Kemikli kuzu eti ve patlıcanla hazırlanan, ekşili sosuyla damakta unutulmaz bir tat bırakan geleneksel Türk yemeği",Ye,"[""250 gram kemikli et (kuzu)"", ""1 adet soğan"", ""2 adet orta boy patlıcan"", ""1 yemek kaşığı biber salçası"", ""1 tatlı kaşığı tuz"", ""1/2 çay bardağı nar ekşisi"", ""1 çay kaşığı kuru nane"", ""1 yemek kaşığı tereyağı (ve sıvı yağ)"", ""2-3 su bardağı su (yeteri kadar)""]","[""Etleri önden yumuşayana kadar haşlıyoruz."", ""Soğan ile eti kavurmak için kısık ateşte ocağa alıyoruz."", ""Bu esnada bulgur ve irmiğe azıcık tuz atıp kısır yapar gibi ıslatıp dinlenmeye bırakıyoruz."", ""Soğan ve et kavrulduktan sonra salça, tuz ve nane ekliyoruz."", ""Patlıcanları ufak küpler halinde doğrayıp onu da salçalı karışıma katıyor ardından suyunu ekliyoruz."", ""Suyun kanama süresinde köfte hamurunu iyice yoğuruyoruz ve ufak köfteleri yuvarlıyoruz."", ""Köfteleri artık pişmek üzere olan patlıcanlı sulu karışıma ekleyip nar ekşisini de katıyoruz."", ""Köfteler de yumuşadıktan sonra altını kapatıp 15 dakika kadar dinlendiriyoruz. Bu noktadan sonra servise hazır. Afiyet olsun.""]"
efdf9dbf-2a24-4dc8-bce4-248c0cb7de46,Karışık Kuru Dolma,Turkey,"Geleneksel Türk mutfağının en lezzetli özeliklerinden biri olan kuru dolma, özenle hazırlanmış iç harcıyla damaklarda unutulmaz bir tat bırakır",Ye,"[""10-15 adet kuru dolmalık biber"", ""10-15 adet kuru patlıcan"", ""300 gram kıyma"", ""2 adet kuru soğan"", ""2 adet domates (kabukları soyulmuş)"", ""1 yemek kaşığı nar ekşisi"", ""1 çay kaşığı karabiber"", ""1 çay kaşığı kimyon"", ""2 tatlı kaşığı pul biber"", ""1 tatlı kaşığı kuru nane"", ""1 yemek kaşığı tereyağı (isteğe bağlı)"", ""1/2 su bardağı zeytinyağı"", ""1,5 yemek kaşığı domates salçası"", ""1 yemek kaşığı biber salçası""]","[""Sumak 1-2 saat sıcak suda bekletilir."", ""Kaynar suyun içine biberler atılıp haşlanır. Sonra patlıcanlar da aynı suya konup 6-7 dakika da onlar haşlanır. Bol suda yıkanırlar."", ""Karıştırma kabına iç malzemenin hepsi konup karıştırılır."", ""Patlıcan ve biberlerin içi doldurulur. Elle hafif bastırılıp tencereye dizilir."", ""Sosu için, ocağa alınan tavaya yağ ve salça konup kavrulur. Içine ufak ufak doğranmış sarımsaklar da konulur."", ""Üzerine sıcak su eklenir. Daha sonra suda bekletilen tane sumaklar süzgeçten geçirilerek sadece suyu sosun içine aktarılır."", ""Kaynayan sos, dolmaları hafif geçinceye kadar ilave edilir."", ""Ocağa alınır, kapağı kapatılıp pişmeye bırakılır. Afiyet olsun.""]"
d53b6844-d15a-40fc-8255-5ad34261ec64,Cevizli Rulo Tatlı,Turkey,"Cevizli Rulo Tatlı, cevizin harikalar yarattığı pratik ve lezzetli bir tatlıdır. İrmik ve yoğurtun mükemmel uyumuyla damaklarda unutulmaz bir tat bırakır",Ye,"[""1 su bardağı yoğurt"", ""1 adet yumurta"", ""1 çay bardağı irmik"", ""150 gram tereyağı"", ""1 çay bardağı sıvı yağ"", ""3 su bardağı un"", ""2 su bardağı ince çekilmiş ceviz içi"", ""1 paket vanilin"", ""1 paket kabartma tozu""]","[""Cevizli rulo tatlı için öncelikle şerbeti hazırlayıp soğumaya bırakın. Un hariç tüm malzemeleri karıştırın."", ""Unu da ekleyip yoğurun."", ""Merdane yardımıyla hamuru açın. Köşelerin düzgün olması için kesin."", ""Ardından hamuru enine ikiye bölün ve küçük şeritler elde edin."", ""Cevizi üzerine serpin."", ""Sıkıca rulo yaparak tepsiye yerleştirin. 180 derecede 25-30 dakika kadar pişirin."", ""İlk sıcağı çıkan tatlıya soğuk şerbeti dökün."", ""Cevizli rulo tatlı hazır. Afiyet olsun.""]"
f0250321-fae4-4d39-b608-f23e1f6b87e7,Tarçınlı Rulo (Cinnamon Rolls),Turkey,"Tarçınlı Rulo, mis gibi tarçın ve şekerle harmanlanmış yumuşacık hamurdan yapılan, kahvaltıların ve çay saatlerinin vazgeçilmez lezzetidir",Ye,"[""1 su bardağı süt"", ""1/2 su bardağı toz şeker"", ""1 paket kuru maya"", ""4 su bardağı un"", ""2 adet yumurta"", ""3 yemek kaşığı oda sıcaklığında tereyağı""]","[""Hamur için ılık süt, şeker ve mayayı karıştırın. Karışıma yumurtaları ve tereyağını da ekleyin. Islak karışıma unu azar azar yedirin ve hamuru bir kap içerisinde 15 dakika yoğurun. Hamurun üzerini kap"", ""Mayalanan hamuru yağlanmış tezgahta dikdörtgen şeklinde açın. Hamurun içine yumuşak tereyağını sürün, üzerine şeker ve tarçını da serpin."", ""Hamuru kalın rulo şeklinde sarın ve 2-3 parmak genişliğinde kesin. Hamur parçalarını aralarında boşluk kalacak şekilde fırın tepsisine yerleştirin. Tepsinin üzerini bir bezle örtün ve yirmi dakika iki"", ""Mayalanan hamuru 180 derecelik fırında 20-25 dakika üzeri kızarana kadar pişirin. Çöreğin üzeri için labne, tereyağı ,vanilin ve pudra şekerini çırpın."", ""Tarçınlı rulo hazır. Hafif ılınınca kremayı üzerine sürerek hazır hale getirin. Afiyet olsun.""]"
01248496-35aa-4f32-aec5-6c73fb94db0b,Yoğurtlu Çilekli Kek,Turkey,"Yoğurt ve taze çileklerin muhteşem uyumuyla hazırlanan, pratik ve lezzetli bir kek tarifi",Ye,"[""1 su bardağı yoğurt (sulu bir kıvamda)"", ""1 su bardağı sıvı yağ"", ""3 adet yumurta"", ""1 su bardağı toz şeker"", ""2 paket vanilya"", ""3 - 3,5 su bardağı un"", ""1 paket kabartma tozu"", ""1 adet limonun kabuğu""]","[""Bir kabın içerisine yumurtaları kırın ve şekerle birlikte kremamsı bir kıvam alana kadar çırpın."", ""Ardından içerisine yoğurt ve sıvı yağı ekleyerek çırpmaya devam edin."", ""Limon kabuğu, kabartma tozu ve vanilyayı da ilave edin. Unu azar azar ekleyerek karıştırmaya başlayın."", ""Kek kıvam aldığında un eklemeyi bırakın. Çilekleri minik minik doğrayın ve nişasta ile birlikte, ezilmemelerine özen göstererek harmanlayın. Ardından harca ilave edin."", ""Spatula yardımıyla, çilekleri ezmeden harca yedirin. Yağlanmış unlanmış bir kek kalıbına harcınızı aktarın."", ""180 derecede ısıtılmış fırında 35-40 dakika kadar pişirin. Çıkarıp oda sıcaklığında dinlendirin. Tamamen soğuduğunda dilimleyerek servis edin.""]"
f55461ed-7f46-49c2-a0d7-39a7dce04fc9,Şambali Tatlısı,Turkey,"Geleneksel Türk tatlısı olan Şambali, irmik ve yoğurtun muhteşem uyumuyla hazırlanan kolay ve lezzetli bir tatlıdır",Ye,"[""5,5 su bardağı irmik"", ""1 su bardağı toz şeker"", ""2 su bardağı yoğurt"", ""1 silme tatlı kaşığı karbonat""]","[""Öncelikle şerbetimizi hazırlayıp ılımaya bırakalım."", ""Daha sonra irmik, şeker, yoğurt ve karbonatı bir kaba alıp hepsini iyice karıştırıyoruz."", ""Pekmez ve suyu karıştırıp yarısını borcama döküyoruz."", ""Kalan kısmını borcama aldığımız tatlının üzerine döküyoruz."", ""Soyulmuş bademlerimizi üzerine dizip 200 derecelik fırında üzeri kızarana kadar pişiriyoruz. Afiyet olsun.""]"
e5639010-0bfd-484f-b882-d878703b6b56,Pancar Turşusu,Turkey,"Ev yapımı pancar turşusu, kırmızı pancarların sirke ve tuz ile fermente edilmesiyle hazırlanan lezzetli ve sağlıklı bir turşu çeşididir",Ye,"[""1 kilogram kırmızı pancar"", ""1 çay bardağı üzüm sirkesi"", ""1 yemek kaşığı kaya tuzu""]","[""Pancarları güzelce yıkayın. Geniş bir tencereye pancarları yerleştirin ve üzerini geçecek kadar su ekleyin. Pancarları yumuşayana kadar orta ateşte haşlayın. Pancarların büyüklüğüne bağlı olarak bu sü"", ""Pancarlar haşlanınca bir kevgir veya süzgeç yardımıyla sudan çıkarın. Haşlama suyunu dökmeyin, çünkü bu suyu turşu için kullanacağız. Haşlanmış pancarları soğuması için bir kenara alın. Ardından panca"", ""Pancarın haşlama suyunu kaseye alın."", ""Üzerine üzüm sirkesi ve tuzu ekleyin. Kavanoz dolana kadar suyu doldurun. Karışımı iyice karıştırın, tuzun tamamen erimesini sağlayın."", ""Kavanozların kapağını sıkıca kapatın. Bu şekilde en az 1 hafta oda sıcaklığında saklayın. Bu süreçte turşuların tadı iyice oturacak ve ekşimsi bir lezzet kazanacak."", ""1 hafta sonunda pancar turşusu hazır olacak. Dilediğiniz zaman afiyetle tüketebilirsiniz.""]"
b9093cbe-9137-4ea5-a73a-70eb20570adf,Köz Sebze Salatası,Turkey,Fırında közlenmiş sebzelerin zeytinyağı ve baharatlarla harmanlandığı lezzetli ve sağlıklı bir salata,Salata,"[""4 yemek kaşığı zeytinyağı"", ""1/2 çay kaşığı sarımsak tozu"", ""1/2 çay kaşığı soğan tozu"", ""1 adet kabak (iri küpler halinde doğranmış)"", ""10 adet arpacık soğan"", ""2 adet kapya biber (iri küpler halinde doğranmış)"", ""3 adet çarliston biber (iri küpler halinde doğranmış)"", ""3 adet köy biberi (iri küpler halinde doğranmış)"", ""1/2 adet patlıcan (iri küpler halinde doğranmış)""]","[""Bir kasede zeytinyağı, sarımsak ve soğan tozunu karıştırın."", ""Tüm sebzeleri yağlayıp közmatikte diri kalacak şekilde közleyin."", ""Közlediğiniz tüm sebzeleri geniş bir kaseye alın."", ""Sosu için ayrı bir kasede zeytinyağı, nar ekşisi, limon suyu, sumak, tuz ve taze kıyılmış yeşillikleri karıştırın."", ""Hazırladığınız sosu sebzelerin üzerine dökün."", ""Doğranmış soğan, salatalık, domates, haşlanmış buğday ve maş fasulyesini de kaseye ilave ettikten sonra güzelce karıştırın."", ""Köz sebze salatası hazır, afiyet olsun!""]"
e2a56a44-c7a5-436d-be56-3a07b02d7904,Kivili Chia Puding,Turkey,"Sağlıklı ve lezzetli kivili chia pudingi, kahvaltı veya ara öğün için mükemmel bir seçenek",Ana Yemek,"[""2 yemek kaşığı chia tohumu"", ""1,5 su bardağı süt"", ""1 adet kivi"", ""3 yemek kaşığı yulaf"", ""1 tatlı kaşığı tarçın"", ""1 tatlı kaşığı bal"", ""3-4 adet çiğ badem""]","[""Bir kasenin içerisine chia tohumlarını koyun. Üzerine 1 su bardağı sütü ekleyin. İyice karıştırın."", ""Karışımın ağzını kapatıp bir gece jelleşene kadar bekletin."", ""Dinlenip jel kıvamına gelen chia tohumlu pudingi dolaptan çıkarın. Bir adet kiviyi soyun. Dilimleyin."", ""Sunum yapacağınız kasenin kenarlarına kivileri dizin. Chia pudingi kaseye alın."", ""Bir tavanın içerisine yulaf, Hindistan cevizi ve tarçını ekleyin. Ocağın altını açıp yarım bardak sütü ilave edin. Lapa bir kıvam alana kadar yaklaşık 4 dakika kadar pişirin."", ""Ardından balı ekleyin ve biraz soğumaya bırakın. Soğuduktan sonra pudinginizin üzerine ekleyin."", ""Son olarak badem ve kivi parçalarıyla chia pudingi süsleyin. Dilerseniz tarçın ve Hindistan cevizi de ilave edin. Tatlınız servis hazır, afiyet olsun.""]"
e84154db-09cd-485b-b763-7c667dc56d28,Kremalı Bal Kabağı Çorbası,Turkey,"Kremalı ve lezzetli bal kabağı çorbası, soğuk günlerde içinizi ısıtacak",Çorba,"[""500 gram bal kabağı"", ""1 adet soğan"", ""2 yemek kaşığı tereyağı"", ""1 yemek kaşığı zeytinyağı"", ""1 litre sıcak su"", ""1/2 paket krema"", ""1 adet defne yaprağı""]","[""Bal kabağını dilimleyin. Ardından dilimlediğiniz bal kabağını, soğanı ve sarımsağı bir tepsiye dizip üzerine tuz, karabiber serpiştirin. Aralarına tereyağı koyup 180 derece önceden ısıtılmış fırında 3"", ""Karamelize olan bal kabağını bir tencereye alıp tereyağında soteleyin."", ""Ardından sıcak suyu, defne yaprağını ve damak tadınıza göre baharatları (kırmızı biber, zerdeçal, karabiber vs) ekleyip bal kabağı yumuşayıncaya kadar pişirin."", ""Bal kabağı yumuşayınca blenderdan geçirin. Son olarak kremayı ekleyip birkaç dakika kaynatın. Afiyet olsun.""]"
9327266f-f815-473a-9d15-370eec2a35af,Kolay Pastırmalı Humus,Turkey,"Pastırmalı humus, nohut ve tahinin lezzetli birleşimiyle hazırlanan pratik ve doyurucu bir atıştırmalıktır",Ana Yemek,"[""2 su bardağı haşlanmış nohut"", ""4-5 yemek kaşığı tahin"", ""1 adet limon suyu"", ""3 yemek kaşığı ılık su"", ""1/4 tatlı kaşığı kimyon"", ""1/4 tatlı kaşığı tuz""]","[""Haşlanmış nohutlarınızın zarını alarak mutfak robotuna ekleyin."", ""Daha sonra tüm malzemeleri ilave edip kıvam alana kadar çekin."", ""Daha sonra üzeri için tereyağında pastırmaları kavurun. Humusun üzerine ekleyerek servis yapın.""]"
92081576-1af6-4c42-ba92-9677dc5376a0,Baton Pasta,Turkey,"Lezzetli ve hafif baton pastası, çay saatlerinin vazgeçilmezi olacak",Tatlı,"[""4 adet yumurta"", ""1 su bardağı (1 parmak eksik) toz şeker"", ""1 paket kabartma tozu"", ""1 paket vanilya"", ""1 su bardağı un""]","[""4 yumurta ve şekeri karışımın rengi beyazlayana kadar yaklaşık 7 dakika mikserle çırpın. Sonrasında un, kabartma tozu ve vanilyayı da ekleyip spatula ile harcı nazikçe karıştırın."", ""Sonrasında yağlı kağıt serdiğiniz tepsiye her tarafı eşit olacak şekilde harcı döküp 180 derecede kontrollü pişirin."", ""2 paket kremşantiyi 2 su bardağı su ile çırpın. Pastanın en son üzerine dökmek için çikolata sosunu da paketin üzerinde yazan hazırlanış şekline uygun hazırlayın."", ""Pandispanyayı fırından çıkarıp 10 dakika üstünü bezle örtüp dinlendirin. Dinlenen pandispanyayı 4 eşit ve uzun parçaya bölün. Pandispanyaları hafifçe sütle ıslatın."", ""Her kata krem şanti ve meyve ekleyerek 4 katı üst üste gelecek şekilde hazırlayın. En son kenar ve üst kısımlara da krem şantiyi sürdükten sonra isteğinize bağlı olarak çikolata sosu ve meyvelerle süs""]"
2c1aadc5-8547-449f-abc3-568899f519f8,Karaköy Poğaçası,Turkey,"Karaköy'ün meşhur lezzeti, çıtır çıtır poğaça tarifi",Börek & Hamur İşi,"[""1 su bardağı yoğurt"", ""1 tatlı kaşığı maya"", ""250 gram margarin"", ""4 adet yumurta"", ""2 su bardağı un (kontrollü ekleyin)""]","[""Maya yoğurtta ezilir. Tuz ve yumurta koyulup karıştırılır. Yağ tavada eritilir ve eklenir."", ""Un eklenir ve yumuşak bir hamur yapılır. Küçük parçalara ayrılır ve üzeri örtülerek 4,5 saat mayalandırılır."", ""Yumurta büyüklüğünde hamur topları alınır, ortalarına iç koyulur ve kapatılır. Tepsiye dizilir, yumurta sarısı sürülür."", ""Orta ısılı fırında 180 derecede, üzerleri kızarıncaya kadar pişirilir. Afiyet olsun.""]"
49deee1c-42ee-402a-9a1f-e8d34db53dff,Yoğurtlu Enginar,Turkey,Taze enginarların yoğurtlu sosla buluştuğu ferahlatıcı ve lezzetli bir Akdeniz tarifi,Ana Yemek,"[""2 su bardağı su"", ""1/2 adet limonun suyu"", ""4 adet enginar"", ""3 yemek kaşığı zeytinyağı""]","[""Yarım limonun suyu suyun içine ilave edin ve kaynamaya bırakın."", ""Limonlu suyun içine enginarları ilave edin. Pişmeye bırakın."", ""Haşlanınca sudan alın."", ""Semizotlarını iyice yıkayın. Yaprak kısımları doğrayın."", ""Süzme yoğurtla semizotlarını karıştırın."", ""Haşlanmış enginarların içine hazırladığınız semizotlu yoğurtlu karışımı ilave edin."", ""Üzerine zeytinyağı gezdirerek servis edin.""]"
a012b8b3-961a-4808-b309-bace86a79928,Kuru Domates Salatası,Turkey,"Güneş kurusu domateslerin zeytinyağı ve nar ekşisiyle buluştuğu, ferahlatıcı lezzet",Salata,"[""1-2 yemek kaşığı nar ekşisi"", ""2 yemek kaşığı zeytinyağı"", ""1 çay kaşığı kekik"", ""1/2 çay bardağı ceviz""]","[""Suda beklettiğimiz yumuşayan kuru domateslerimizi doğrayalım."", ""Bir kasede zeytinyağı, ceviz, kekik, nar ekşisi ve sarımsak rendesini karıştıralım."", ""Domateslerin üzerine sosu döküp iyice karıştıralım. Afiyet olsun.""]"
b4521ea3-81fe-4e92-b9bf-507c47086e66,Yumurta Salatası,Turkey,"Lezzetli ve pratik yumurta salatası, mayonez ve yoğurt ile harmanlanmış özel bir tat",Salata,"[""6 adet yumurta"", ""1/4 su bardağı mayonez"", ""1/4 su bardağı yoğurt"", ""2 tatlı kaşığı hardal"", ""1 adet kereviz sap ı"", ""1/2 çay kaşığı karabiber"", ""1/2 çay kaşığı tuz""]","[""Yumurtaları haşlayıp kabuklarını soyun."", ""Yumurtaları dilimleyin, kereviz sapını kıyın."", ""Malzemelere, mayonez, yoğurt, hardal, karabiber ve tuzu ekleyin ve nazikçe karıştırın."", ""Üzerine kıyılmış taze soğan serpin. Afiyet olsun.""]"
27b4befb-a75b-41f3-aa12-98664a44a22f,Şekersiz Güllaç,Turkey,"Şekersiz güllaç tarifi, balın doğal tatlılığı ve cevizin crunch dokusuyla geleneksel lezzeti sağlıklı bir alternatifle sunar",Ana Yemek,"[""1 yemek kaşığı bal"", ""1 çay bardağı ceviz (veya fındık)"", ""2 su bardağı süt"", ""2 adet güllaç yaprağı"", ""1 yemek kaşığı doğal gül suyu""]","[""Sütü ısıtın, kaynamadan ocaktan alın. İçine balı ekleyin, karıştırın."", ""Süt ılındıktan sonra dörde böldüğünüz 1 güllaç yaprağını süte batırıp küçük bir tepsiye veya kaba yerleştirin. Benim kabım 20x20 cm."", ""Üzerine bir kepçe süt dökün ve fındığı ekleyin. Kalan güllaç yapraklarını da süte batırarak dizin. Kalan sütü de üstüne dökün."", ""Ben dolapta 2 saat beklettikten sonra üzerini fıstık ve kayısı ile süsledim. Elinizdeki malzemelerle süsleyebilirsiniz. Afiyet olsun.""]"
acb5b8af-64d3-413c-af4c-4a139f01de26,Banana Split,Turkey,"Muz, çikolata sosu ve süslemeyle hazırlanan klasik ve lezzetli bir tatlı",Ana Yemek,"[""2 adet muz"", ""2 yemek kaşığı çikolata sosu"", ""2 yemek kaşığı çikolatalı pasta süsü"", ""2 yemek kaşığı file fındık"", ""2 adet kedi dili bisküvi""]","[""Kabuğunu soyduğunuz bütün muzları uzunlamasına ortadan ikiye kesin."", ""Servis tabağına aldığınız iki parçadan oluşan muzun orta kısmına birer top çikolatalı, çilekli ve vanilyalı dondurma yerleştirin."", ""Kedi dili bisküvi eklediğiniz servis tabaklarının üzerine çikolata sosunu hafiften gezdirin."", ""Çikolatalı pasta süsü ve file fındığı tatlının üzerine serpiştirip arzuya göre taze orman meyveleri eşliğinde soğuk olarak sevdiklerinizle paylaşın.""]"
72bb7265-a4ca-4045-bdfc-ac1877745628,Yalancı Kelle Paça Çorbası,Turkey,"Et suyu ve didiklenmiş etin mükemmel uyumuyla hazırlanan, doyurucu ve lezzetli bir çorba",Çorba,"[""250 gram haşlanmış didiklenmiş et"", ""2.5 su bardağı et suyu"", ""2.5 su bardağı su"", ""1 tatlı kaşığı tuz""]","[""Su ve et suyunu kaynamaya bırakın. Kaynadıktan sonra tuz ekleyin."", ""Kaynayan suya didiklenmiş etleri koyup 5 dakika tekrar kaynatın."", ""Terbiyesi için tüm malzemeleri ekleyin ve çırpıcı ile karıştırın."", ""Kaynayan çorbaya terbiye malzemesi dökün ve kaynayana kadar çorbayı karıştırın."", ""Bir sos tavasında tereyağı eritip toz biber ekleyin."", ""Tereyağlı sosu çorbaya döküp servis edebilirsiniz.""]"
620f92f7-6634-4177-b539-2f67c247a1a8,Kıvamında Domates Çorbası,Turkey,"Lezzetli ve kıvamlı domates çorbası, taze malzemelerle hazırlanmış doyurucu bir başlangıç",Çorba,"[""1 adet soğan"", ""6-7 adet salkım domates"", ""2 yemek kaşığı zeytinyağı"", ""1 tatlı kaşığı tuz"", ""1 tatlı kaşığı kekik"", ""1 çay kaşığı pul biber"", ""2 su bardağı su""]","[""Orta boy bir tencereye 2 yemek kaşığı zeytinyağını koyun. Üzerine yemeklik doğradığınız soğanı ve sarımsağı ilave edin. Soğanlar hafif kahverengileşip karamelize olana kadar kavurun."", ""Domateslerin kabuklarını soyun ve küp küp doğrayıp tencereye ekleyin. Tuz, kekik ve pul biberi de ekleyip kısık ateşte 5 dakika pişirin."", ""5 dakika piştikten sonra pürüzsüz bir kıvam alıncaya kadar el blenderından geçirin."", ""Kıvamına göre 1-2 su bardağı su ilave edin ve 10-15 dakika daha kısık ateşte pişirin. Afiyet olsun!""]"
cd753efc-aa61-427d-a317-7a8e55f81aac,Çilekli Galette,Turkey,"Taze çileklerle hazırlanan, gevrek hamurlu ve şerbetli bir Fransız usulü tart",Et Yemekleri,"[""1,5 su bardağı tam buğday unu"", ""2 yemek kaşığı bal"", ""2 yemek kaşığı soğuk tereyağı"", ""6 yemek kaşığı soğuk su""]","[""Kabın içine un ve balı alıp karıştıralım. Sonra tereyağını ekleyip yoğurmadan elimizle sıkarak yedirelim. Ekmek ufağı görüntüsü olacak yanı."", ""Suyu ekleyip yoğurmadan hamuru toparlayalım. Strece sarıp 45 dakika dolapta dinlendirelim."", ""Dinlenen hamuru iki yağlı kağıt arasında açıp şeker ve fındığı serptikten sonra çilekler dizelim."", ""Fırında pişirelim. Dilerseniz bal, pudra şekeri veya dondurma ile servis edebilirsiniz. Afiyet olsun.""]"
eea6e8ca-f892-4100-8a05-ff07e6b303d4,Havuçlu Çiğ Kek,Turkey,"Sağlıklı ve tatlı bir atıştırmalık olan Havuçlu Çiğ Kek, hiç pişirmeden hazırlanan besleyici bir lezzet",Tatlı,"[""6 adet büyük boy havuç"", ""10 adet hurma"", ""3 yemek kaşığı agave şurubu"", ""2 yemek kaşığı yulaf ezmesi"", ""2 yemek kaşığı keten tohumu"", ""1 çay bardağı ceviz içi"", ""1 yemek kaşığı tarçın""]","[""Kabuğunu soyduğunuz havuçları, rendenin iri kısmıyla rendeleyin. Çekirdeklerini çıkardığınız hurmaları küçük küpler halinde doğrayın."", ""Ceviz içini iri parçalar halinde kıyın. Doğranmış tüm malzemeyi ve rendelenmiş havuçları, bir karıştırma kabına alın."", ""Yulaf ezmesi, keten tohumu, tarçın ve agave şurubunu da ekledikten sonra tüm malzemeyi karıştırın."", ""Silikon tart kalıplarına paylaştırdığınız çiğ kek harcına bu sayede şekil verin. Buzdolabında 10 dakika kadar soğuttuktan sonra servis tabaklarına ters çevirerek çıkartın."", ""Üzerini taze meyve parçaları ve rendelenmiş Hindistan cevizi ile süsledikten sonra servis edin. Bekletmeden, sağlık dostu sevdiklerinizle paylaşın.""]"
328af6c7-0602-418c-81ee-99fad769b8ad,Kolay Mercimek Çorbası,Turkey,"Lezzetli ve doyurucu kırmızı mercimek çorbası, hem pratik hem de besleyici bir seçenek",Çorba,"[""1 bardak kırmızı mercimek"", ""6 bardak kaynar su"", ""1 bardak tavuk suyu"", ""1 adet soğan"", ""1 çay kaşığı karabiber"", ""1 çay kaşığı pul biber""]","[""Tencere zeytinyağı koyduktan sonra soğanları ve mercimekleri yağda kavuruyoruz mercimekler sarıya dönene kadar."", ""Daha sonra üzerine sıcak su ve tavuk suyunu ekleyerek mercimekler pişmesini bekliyoruz."", ""Baharatları da ekleyip, blenderdan geçiriyoruz."", ""İlave su eklememiz gerekirse azıcık daha su ekleyip, kaynatıyoruz. Afiyet olsun.""]"
341e689d-ec07-49c2-8bca-56a32f12ad5e,Pratik Domates Çorbası,Turkey,"Lezzetli ve pratik domates çorbası tarifi, malzemeleri hazırlayın ve sadece 3 adımda sofranızda olsun",Çorba,"[""1 yemek kaşığı tereyağı"", ""2 yemek kaşığı un"", ""1 çay kaşığı karabiber"", ""1 çay kaşığı tuz (azaltıp arttırılabilir)""]","[""Domateslerimizi blenderdan geçirip çekirdeklerini süzelim, püre haline getirelim. Daha sonra tereyağını un ile beraber kokusu çıkana kadar kavuralım."", ""Sonra üzerine domates püresini ilave edelim. Biraz da sıcak su ilave edip kaynamaya bırakalım."", ""En son baharatları ilave edip kaynatalım. Servis ederken üzerine kaşar peyniri ilave edelim, afiyet olsun.""]"
e4b8d686-ccca-49da-ba96-e01e884a5141,Patatesli Mantarlı Graten,Turkey,Patates ve mantarın enfes uyumunu gratenle birleştiren doyurucu bir lezzet,Ana Yemek,"[""4 adet patates"", ""1 kilogram mantar"", ""1 tatlı kaşığı tuz"", ""1 çay kaşığı karabiber"", ""50 mililitresüt"", ""1 paket krema"", ""1,5 su bardağı kaşar""]","[""Öncelikle patates ve mantarları ay şeklinde doğrayın bir kaba alın."", ""İçine karabiber, tuz, süt ve kremayı ekleyip güzelce karıştırın, 15 dakika bekletin zamanınız varsa yarım saat bekletin, lezzeti daha güzel olacaktır."", ""Ardından 200 derece fırında 30 dakika kadar pişirin. Fırından çıkarın, kaşarı dökün, üzeri kızarana kadar pişirin.""]"
ef9a9d4e-86ba-44c5-9673-df4cfb34be94,Coleslaw Salata,Turkey,"Lezzetli ve ferahlatan coleslaw salatası, çıtır sebzelerle hazırlanan klasik bir meze",Salata,"[""1/4 adet beyaz lahana"", ""1/4 adet mor lahana"", ""3-4 adet havuç"", ""4-5 yemek kaşığı yoğurt"", ""3 yemek kaşığı mayonez"", ""1 tatlı kaşığı toz şeker"", ""1/2 adet limon""]","[""Lahanaları ince ince keselim. Kestikten sonra yıkayalım. Tuz döküp suda bekletelim."", ""Mor lahanayı ince ince doğrayalım. Limon tuzu ve sirkeyle ovup yıkayalım."", ""Havuçları rendeleyelim."", ""Hepsini bir kaba alalım. Yoğurt, mayonez, limon, şeker, tuzu ekleyelim. Güzelce karıştıralım."", ""Dolapta 2-3 saat dinlendirelim. Afiyet olsun!""]"
8e2ba65e-e866-4eec-8ee8-ecb04656e1dc,Kupta Supangle,Turkey,"Kremamsı dokusu ve zengin lezzetiyle favori tatlılardan biri olan Kupta Supangle, pratik yapımıyla da dikkat çekiyor",Ana Yemek,"[""5 su bardağı süt"", ""2 adet yumurta sarısı"", ""1 çay bardağı soğuk su""]","[""Un, şeker, kakao, yumurta sarısı ve süt bir tencereye alınır. Koyulaşana kadar sürekli karıştırılır."", ""Kıvama geldiğinde ocaktan alınır ve margarin ile paket çikolata eklenir tekrar karıştırılır."", ""Hafif ılıdıktan sonra soğuk su eklenip iyice karıştırılır. Kaselere ya da kuplara paylaştırılır.""]"
2f5889cd-4f7c-4acc-9b9c-128291d87ad7,Portakallı Fit Kek,Turkey,Portakalın ferahlatıcı aromasıyla hazırlanan sağlıklı ve lezzetli fit kek tarifi,Tatlı,"[""2 adet portakal (suyu ve kabukların rendesi)"", ""120 gram tereyağı"", ""60 gram Hindistan cevizi şekeri"", ""1 paket kabartma tozu"", ""4 adet yumurta"", ""2-3 damlavanilya özütü"", ""200 gram tam buğday unu"", ""1 çay bardağı pudra şekeri (üzeri için)"", ""9-10 damlaportakal suyu (üzeri için)""]","[""Yumurtaları ve Hindistan cevizi şekerini bir kabın içerisinde karıştırınız."", ""Portakallarınızın suyunu sıkıp kabuğunu rendeleyiniz."", ""Onları da kabın içerisine alıp kalan malzemeleri aktarınız. Mikser ile çırpınız."", ""Kek kalıbınıza pişirme kağıdı serip kek harcını içine dökünüz."", ""Kek kalıbınıza pişirme kağıdı serip kek harcını içine dökünüz."", ""170° derece önden ısıttığınız fırında kızarana kadar pişiriniz. Piştikten sonra üzeri için portakalın suyu ve pudra şekerini beraber karıştırıp üzerinde gezdiriniz. Afiyet olsun.""]"
fd05547c-2a74-484e-8bb8-154eed82ef57,Karamelize Bisküvili Manolya Tatlısı,Turkey,"Karamelize bisküviler ve muzlarla hazırlanan ferahlatıcı, pratik ve lezzetli bir tatlı",Tatlı,"[""1 paket karamelize bisküvi"", ""2 adet muz"", ""1 litre süt"", ""1 su bardağı şeker"", ""3 yemek kaşığı un"", ""3 yemek kaşığı nişasta"", ""1 adet yumurta sarısı"", ""3 yemek kaşığı karamelize bisküvi ezmesi (kreması)"", ""1 paket vanilya"", ""1 paket krema""]","[""Krema ve vanilya hariç tüm malzemeler karıştırılır ve ocağa alınır."", ""Kısık ateşte yavaş yavaş pişirilir. Krema göz göz olunca ocaktan alınır ve soğumaya bırakılır. Üzerini ara ara karıştıralım ki kabuk tutmasın."", ""Ilıyınca 1 paket krema ve vanilyayı ekleyip mikser ile pürüzsüz olana kadar çırpıyoruz."", ""Sonra karamelli bisküvili kremayı rondodan geçirip un gibi yapıyoruz. Zemine 2 yemek kaşığı bisküvi koyup, bardağın yanlarına ince muz dilimlerini ekliyoruz. Kremayı da ekleyerek servis ediyoruz.""]"
69e30b2f-9d77-411a-ba2c-60eba520a66a,Pancarlı Patlıcan Mezesi,Turkey,"Pancarın doğal rengi ve patlıcanın lezzetli uyumuyla hazırlanan, yoğurtlu ferah bir meze",Sebze Yemekleri,"[""1/2 adet limon suyu"", ""1/2 adet pancar (haşlanmış)"", ""1 çay bardağı süzme yoğurt"", ""1 çay kaşığı tuz""]","[""Patlıcan, limon suyu, pancar, süzme yoğurt, tuz ve sarımsağı rondodan geçirin."", ""Servis tabağına alıp üzerine yeşillik ve zeytinyağı gezdirip edip servis edin. Afiyet olsun!""]"
ef26b9f8-706b-4252-926f-cafa346d508f,Zarf Böreği,Turkey,"Pratik ve lezzetli Zarf Böreği, yoğurtlu harcıyla çay saatlerinin vazgeçilmezi",Börek & Hamur İşi,"[""2 adet yufka"", ""4 yemek kaşığı yoğurt"", ""1 adet yumurta"", ""100 gram süzme peynir"", ""1 su bardağı rendelenmiş kaşar peyniri"", ""1 su bardağı rendelenmiş beyaz peynir""]","[""Bir kasede yoğurt, sıvı yağ ve yumurtayı karıştırın."", ""Ayrı bir kasede süzme peyniri ezin. Üzerine rendelenmiş beyaz peynir, kaşar peyniri ve doğranmış maydanozu ekleyip karıştırın."", ""Yufkalardan birini tezgaha serin. Hazırladığınız yoğurtlu sosu yufkanın üzerine güzelce yayın."", ""Soslu olan yufkanın üzerine diğer yufkayı ekleyin ve kenarlarını eşitleyin."", ""Önce yufkanın üst ve altından ortaya doğru katlayın. Ardından yanları da ortaya doğru katlayıp yufkaya kare şeklini verin."", ""Kare şeklini almış yufkanın her köşesine peynirli harçtan ekleyin."", ""Yufkanın her köşesinden tutup harcın üzerini kapayacak şekilde tekrar ortaya doğru katlayın."", ""Yumurta sarısını fırça yardımıyla her yerine yayın ve susam, çörekotu serpiştirip 185 dereceye ısınmış fırında üzeri kızarıp şişinceye kadar, yaklaşık 25 dakika pişirin. Sıcak olarak servis edin, afiy""]"
a9d4eec2-462b-4b6a-ac76-b92aeb13853f,Pratik Tava Böreği,Turkey,"Lezzetli ve pratik tava böreği, az malzemeyle kısa sürede hazırlanabilir",Börek & Hamur İşi,"[""2 adet yumurta"", ""1 su bardağı süt"", ""3 su bardağı un"", ""1 paket kabartma tozu"", ""1 tatlı kaşığı tuz"", ""1 çay bardağı beyaz peynir"", ""1 çay bardağı kaşar peyniri"", ""1 çay bardağı sıvı yağ (kızartmak için)""]","[""Yoğurma kabına yumurta ve sütü ekleyıp güzelce çırpın, sonra unu azar azar ekleyerek karıştırın."", ""Ardından diğer kabartma tozu ve tuzu ekleyin ve elinizle hamuru yoğurun. Kalan malzemeleri ekleyin."", ""Hamurunuzu hafif unlanmış tezgaha alıp toparlayın. Üç tane beze yapın, bezeleri merdane ile hafif unlayarak tavanızın boyuna göre açın."", ""Isınmış yağlı tavada önlü arkalı orta ateşte pişirin.""]"
6c3643b4-b441-41bc-bd58-a8d42659cd17,Kışlık Domates Sos,Turkey,"Kış aylarında kullanmak için hazırlanan, bol domatesli ve lezzetli ev yapımı sos tarifi",Sebze Yemekleri,"[""10 kilogram domates"", ""7 kilogram tarla domatesi"", ""1 yemek kaşığı tuz (damak tadınıza göre artırabilirsiniz)""]","[""İyice yıkanıp suları süzülen domatesler, kabukları soyulmadan dörde bölünüp tencereye alınır. 40 dakika orta ateşte kaynatılır ve blenderdan geçirilir."", ""Blenderdan geçen domateslere tuz ilavesi yapılıp bir saat daha kaynatılır. Kaynayan suda steril edilmiş şişeler ve kapaklar iyice kurulanır, cezve yardımı ile domates sosu şişelere doldurulur."", ""Kapakların ağzı 3 ileri 1 geri tekniği ile sıkıca kapatılır. Kapakların iyice kapandığından emin olduktan sonra şişeler ters çevrilir ve bir gece bu şekilde bekletilir."", ""Soğuduktan sonra, direkt güneş görmeyen yerde muhafaza edebilirsiniz. Bir kış boyu tüketebilirsiniz. Afiyet olsun.""]"
e80c12c2-67ef-4375-bb42-a7d8fdd72055,Mac and Cheese,Turkey,"Lezzetli ve kremsi makaron ve peynir tarifi, hem çocukların hem de yetişkinlerin favorisi olacak",Ana Yemek,"[""2 su bardağı su"", ""2 su bardağı süt"", ""1 tatlı kaşığı karabiber"", ""1 tatlı kaşığı kırmızı biber"", ""1 tatlı kaşığı tuz"", ""1 paket boncuk makarna""]","[""2 bardak su, 2 bardak süt bir tencereye eklenir."", ""Karabiber, kırmızı biber ve tuz tencereye eklenir. Tuz miktarı isteğe göre arttırılabilir."", ""Spagetti hariç istediğiniz makarna tipi tencereye boşaltılır."", ""Ocağın altı çok fazla açılmadan arada bir karıştırarak makarnannn suyunu çekmesi beklenir."", ""Suyunu çekip pisen makarnanın içine cheddar ve kaşar eklenip karıştırılır.""]"
cd304cee-d61f-4b40-9f5c-e69d80e3c411,Karnabaharlı Kek,Turkey,"Hafif ve lezzetli karnabaharlı kek, hem pratik hem de doyurucu bir atıştırmalık veya ana yemek alternatifi",Tatlı,"[""400 gram karnabahar (2 orta boy çiçek)"", ""1 adet orta boy soğan"", ""1/2 su bardağı haşlanmış tavuk göğsü (isteğe bağlı)"", ""3 adet yumurta"", ""3/4 su bardağı süt"", ""1/2 su bardağı zeytinyağı"", ""2,5 su bardağı un"", ""100 gram beyaz peynir (isteğe bağlı)"", ""1 çay kaşığı tuz"", ""2 çay kaşığı karabiber"", ""1 paket kabartma tozu""]","[""Karnabaharı çiçeklerine ayırın. Minik minik doğrayın. Bir tencerenin içine alın."", ""Üzerine su ekleyin ve karnabaharları hafif yumuşayana kadar yaklaşık 4-5 dakika haşlayın ve süzün."", ""Soğanın kabuklarını soyun ve ince ince doğrayın."", ""Yumurtaları bir kabın içine kırın. Hafifçe çırpın."", ""İçine sıvı yağ ve sütü ilave edin."", ""Un ve kabartma tozunu eleyerek sıvı malzemelerin üzerine ekleyin ve bir kek hamuru elde edin."", ""Hamurun içerisine karnabahar, soğan, dilerseniz tavuk ya da peynir ilave edin. Son olarak tuz ve karabiberini atın. Güzelce karıştırın."", ""Kek hamurunu yağlı kağıt serdiğiniz bir kek kalıbının içine alın. 180 derecede pişirin."", ""Piştikten sonra çıkarın ve biraz dinlendirin. Ardından dilimleyerek servis edin.""]"
8c931e6d-cf09-4068-888c-1bec1b84044a,Kolay Baton Kek,Turkey,"Pratik malzemelerle hazırlanan, lezzetli ve yumuşak dokulu baton kek tarifi",Tatlı,"[""2 adet yumurta"", ""2 çay bardağı sıvı yağ"", ""2 çay bardağı süt"", ""1 su bardağı şeker"", ""2,5 su bardağı un"", ""2 yemek kaşığı kakao"", ""1 paket vanilya"", ""1 paket kabartma tozu""]","[""Orta boy bir kabın içerisine yumurtaları kırın. Toz şekerle birlikte güzelce çırpın."", ""Ardından sıvı malzemeleri ekleyerek biraz daha çırpın."", ""Unu eleyerek azar azar ilave edin. Ardından kabartma tozu ve vanilyayı ekleyin. Spatula yardımıyla karıştırın."", ""Harcın bir kısmını yağlanmış baton kek kalıbının içerisine aktarın."", ""Geriye kalan kısmını kakao ekleyin, güzelce karıştırın. Ardından kalıba aktarın. 165 derecede önceden ısıtılmış fırında yaklaşık 50-60 dakika kadar yavaş yavaş pişirin."", ""Çıkarıp oda sıcaklığında dinlendirdikten sonra üzerine çikolata sosunu gezdirin. Dilimleyerek servis edin.""]"
13a0f866-c581-45a7-b7ad-eba68227044c,Domatesli Biberli Bulgur Pilavı,Turkey,"Lezzetli domates ve biberlerle hazırlanan, pratik ve doyurucu bir bulgur pilavı tarifi",Pilav & Makarna,"[""1 adet kuru soğan"", ""3 yemek kaşığı zeytinyağı"", ""1 adet domates"", ""1 yemek kaşığı biber salçası (ya da domates)"", ""4 adet sivri biber"", ""2 su bardağı bulgur"", ""4,5 su bardağı kaynar su"", ""1 çay kaşığı tuz""]","[""Kuru soğanı ince ince doğrayın ve yapışmaz tabanlı bir tencereye aldığınız yağda pembeleşinceye dek kavurun."", ""Ardından küp küp doğradığınız biberleri ekleyin ve güzelce kavurun."", ""Doğradığınız domatesleri ve salçayı da ilave ettikten sonra biraz daha kavurun ve üstüne yıkadığınız bulgurları ekleyin. 4,5 su bardağı kaynar suyu da ilave edip karıştırın."", ""Tuzunu da ekledikten sonra kaynamaya bırakın ve tencerenin kapağını kapatıp altını kısın. Suyunu çektikten sonra altını kapatıp, üstüne bir kağıt havlu serip demini alması için 10 dakika kadar bekleyi"", ""Ardından servis edin. Afiyetler olsun!""]"
e2b0cfab-c9c8-4ba5-9771-1ea59ebb8181,Ev Yapımı Krem Şokola,Turkey,"Ev yapımı krem şokola, kremsi dokusu ve zengin çikolata tadı ile damakları şenlendiren nefis bir tatlıdır",Ye,"[""1 litre süt"", ""1 su bardağı şeker"", ""3 yemek kaşığı mısır nişastası"", ""2 yemek kaşığı pirinç unu"", ""1 paket kakao"", ""65 gram bitter çikolata""]","[""Süt, şeker, nişasta, pirinç unu ve kakao tencereye koyulur."", ""Koyulaşana kadar karıştırılarak pişirilir."", ""Ocaktan alınarak bitter çikolata ilave edilir ve karıştırılarak erimesi sağlanır."", ""10 dakika mikserle çırpılır ve kuplara paylaştırılır. Ardından soğutulup üzeri süslenerek servis edilir. Afiyetler olsun!""]"
8ce58dbe-d6ca-40e5-8bce-4fda64958c05,Damla Çikolatalı Kurabiye,Turkey,"Lezzetli damla çikolatalı kurabiye tarifi, hem kolay yapımı hem de muhteşem tadıyla favoriniz olacak",Ye,"[""200 gram margarin"", ""1/2 su bardağı toz şeker"", ""1/2 su bardağı esmer şeker"", ""2,5 su bardağı un"", ""1 adet yumurta"", ""1 paket kabartma tozu"", ""8 yemek kaşığı damla çikolata""]","[""Margarin ve şekeri çırpma kabına alın. Çırpıcı kullanarak margarin ile şekeri pürüz kalmayacak şekilde ve krema gibi oluncaya kadar çırpın."", ""Krema haline gelen karışıma 1 adet yumurtayı ekleyerek çırpmaya devam edin.Yumurta tamamen karışınca unu, kabartma tozunu ve damla çikolatayı ekleyerek spatula yardımıyla karıştırın."", ""Kurabiyeleri, 3-4 santim aralıklarla yağlı kağıt serilmiş fırın tepsisine, kaşık yardımıyla yerleştirin. 170 derece fırında yaklaşık 15-20 dakika pişirin."", ""Fırından çıkan kurabiyeleri oda sıcaklığına gelinceye kadar dinlendirin ve servis yapın.""]"
d6e3b969-9cce-4881-b599-e840d06ccac2,Çerkez Pilavı,Turkey,Geleneksel Çerkez mutfağından lezzetli ve doyurucu bir pilav tarifi,Ye,"[""3 yemek kaşığı zeytinyağı"", ""1 yemek kaşığı tereyağı"", ""1 adet küçük soğan (minik doğranmış)"", ""3 adet yeşil biber (ince doğranmış)"", ""1 yemek kaşığı biber salçası"", ""1 adet domates (yemeklik doğranmış)"", ""1,5 su bardağı baldo pirinç"", ""2,5 su bardağı su (tavuk ya da et suyu da olur)"", ""2 çay kaşığı pul biber"", ""2 çay kaşığı tuz""]","[""Tavukları kaynar suda güzelce haşlayın."", ""Tavaya önce yağı, ardından soğanları ekleyin. Biraz kavurduktan sonra biberleri de ilave edin."", ""Salçayı da ekleyin ve kavurmaya devam edin."", ""Domatesleri de ilave edin ve karıştırmaya devam edin."", ""Pişen ve tiftiklediğiniz tavukları da pirinçlerin üzerin ekleyin."", ""Suyu da üzerine ilave edin. Baharatları da ekledikten sonra kısık ateşte kapağı kapalı bir şekilde pişmeye bırakın."", ""Pişen pilavın üzerine bir bez koyduktan sonra 10 dakika kadar demlenmeye bırakın. Biraz kıyılmış maydanozla servis edebilirsiniz. Afiyet olsun!""]"
7ae215c0-f1c5-49cd-b100-0ecf22b0d6dd,Karnabahar Çorbası,Turkey,"Kremamsı dokusu ve zengin lezzetiyle karnabahar çorbası, soğuk günlerin en sevilen başlangıcıdır",Ye,"[""1/2 adet küçük boy karnabahar"", ""1 adet orta boy patates"", ""1 adet büyük boy soğan"", ""1 adet büyük boy havuç"", ""1 yemek kaşığı (tepeleme) un"", ""1,5 su bardağı süt"", ""10 su bardağı sıcak su"", ""1 yemek kaşığı sıvı yağ"", ""1 çay kaşığı tuz""]","[""İlk olarak soğan, sarımsak, patates ve havucu sıvı yağda pembeleşinceye dek kavuralım."", ""Karnabaharları da ince ince kıyıp içerisine ekleyelim ve 5-6 dakika daha kavuralım."", ""Unu ekleyelim ve 1 dakika daha kavuralım."", ""Ardından sütü ve kaynar suyu ekleyip sebzeler yumuşayana kadar pişirelim."", ""En son blenderdan geçirelim."", ""Tuzunu ekleyip bi taşım kaynatalım."", ""En son üzerine isteğe göre pul biber ve karabiber ekleyip servis edebilirsiniz. Afiyet olsun.""]"
84c5027d-1f8c-4f6d-834f-e3dad4cb40bc,Chia Tohumlu Kurabiye,Turkey,"Chia tohumlarıyla zenginleştirilmiş, sağlıklı ve lezzetli kurabiye tarifi",Ye,"[""125 gram tereyağı (oda sıcaklığında bekletilmiş)"", ""1 çay bardağı ayçiçek yağı"", ""1 adet yumurta beyazı"", ""2 çay bardağı chia tohumu"", ""1.5 çay bardağı pudra şekeri""]","[""Öncelikle 1 çay bardağı chia tohumu ve yumurta beyazını bir kenara alalım."", ""Diğer malzemelerin tümünü bir araya getirelim ve ceviz büyüklüğünde minik yuvarlaklar yapalım."", ""Ardından hafif çırpılmış yumurta beyazına ve chia tohumuna bandırıp yağlı kağıt serilmiş tepsiye dizelim."", ""Son olarak 180 derece ısıtılmış fırında sadece 13 dakika pişirelim.""]"
ef6e45ad-d743-4a5a-9fab-d02096414edf,Sini Löftesi,Turkey,"Geleneksel Türk mutfağından doyurucu bir lezzet olan Sini Löftesi, bulgur ve kıymanın harika uyumuyla hazırlanan pratik bir yemektir",Ye,"[""1 adet orta boy patates"", ""1 su bardağı ince bulgur"", ""100 gram orta yağlı kıyma"", ""1 tatlı kaşığı biber salçası""]","[""1 patatesi ince ince dilimleyin. 1 su bardağı suyla haşlayın."", ""Haşlandıktan sonra patatesi ezin ve bulguru koyun. 1 su bardağı su ekleyin. Bulgurların şişmesi için dinlenmeye bırakın."", ""O sırada iç harcı hazırlamaya başlayın. Kıymayı çok az kavurun. Soğanı ilave edin. Soğan ölünce salçayı ilave edin. En son da ceviz ve baharatları ekleyin."", ""Bulgurlar şişince mutfak robotunun içine kıymayı ve salçayı ilave edin ve çekin."", ""Hepsi birbirine karışınca iki kısıma ayırın. Ayırdığın kısımlardan biri altı için diğeri ise tepsinin üstü için."", ""Streç filmi alın. üzerine sererek kullanacağınız tepsi boyutlarına gelene kadar merdane yardımı ile açın. Alınca birini altına serin."", ""Sonra hazırladığınız iç harcı bunun üstüne koyun. En son ayırdığın diğer kısmı merdane yardımıyla açın. Tepsinin üstünü bununla kapatın."", ""Kenarlarını şekillendirin. Üstünü yağlayın ve 200 derece fırında 30-35 dk pişirin. Afiyet olsun.""]"
8107f8ad-6715-4139-906e-751ea27a5090,Fırında Bal Kabağı Tatlısı,Turkey,"Fırında bal kabağı tatlısı, şerbeti içinde yumuşayıp karamelize olan bal kabağının doğal lezzetiyle damakları şenlendiren geleneksel bir tatlıdır",Ye,"[""1 kilogram bal kabağı"", ""2 su bardağı toz şeker"", ""1/2 su bardağı pekmez""]","[""Derin bir tencereye bal kabaklarını yerleştirin."", ""Bal kabaklarının üzerine toz şekerinin tamamını dökün ve yaklaşık 4-5 saat bu şekilde bal kabaklarının sulanmasını bekleyin."", ""Tencerenin kapağını kapatın ve kısık ateşte bal kabakları yumuşayana kadar pişirin."", ""Yumuşayan bal kabaklarını ısıya dayanıklı bir kasenin içerisine alın ve bal kabaklarının üzerine pekmezi döküp fırça ile yayın."", ""Önceden ısıtılmış 180 derece fırında 20 dakika pişirin."", ""Piştikten sonra soğumaya bırakın ve servis esnasında kaymak, tahin ve ceviz ile servis edin.""]"
873b1a6f-3770-4486-8ce7-2a886e570e83,Muffin Kalıbında Yumurta,Turkey,Muffin kalıbında pişirilen pratik ve lezzetli yumurta tarifi,Ye,"[""6 adet yumurta"", ""1 adet kırmızı kapya biber"", ""1 çay kaşığı tuz"", ""1 çay kaşığı karabiber"", ""50 gram beyaz peynir"", ""1 yemek kaşığı tereyağı (ya da 2 yemek kaşığı zeytinyağı)"", ""6 adet cherry domates"", ""1 çay kaşığı kekik""]","[""Kapya biberin orta kısmındaki çekirdekleri çıkarın ve doğrayın."", ""Cherry domatesleri de ortadan ikiye bölün ve beyaz peynirleri minik küpler haline getirin."", ""Muffin kalıbının içini güzelce tereyağı ya da zeytinyağı yardımıyla yağlayın."", ""Biber, domates ve peynirleri kapların içerisine eşit şekilde paylaştırın. Üzerlerine zeytinyağı gezdirin. Baharatları ve tuzu ekleyerek karıştırın."", ""Her bir muffin kalıbın içerisine yumurtaları kırın. Üzerine hafif tuz, karabiber ilave edin ve 180 derecede ısıtılmış fırına verin."", ""Damak zevkinize bağlı olarak yumurtaları 10-15 dakika arası pişirin. Çıkarıp birkaç dakika dinlendirdikten sonra bıçak yardımıyla varsa kenarda yapışan kısımlarından kurtararak çıkarın. Afiyetle tüket""]"
95489bbf-5934-4972-881c-40339715d50e,Kavala Kurabiyesi,Turkey,"Badem unuyla zenginleştirilmiş, çıtır dokulu ve lezzetli Kavala kurabiyesi tarifi",Ye,"[""4 su bardağı un"", ""1 çay bardağı badem unu (çiğ bademi rondodan çekip elde edebilirsiniz)"", ""200 gram tuzsuz tereyağı (oda sıcaklığında)"", ""1,5 çay bardağı pudra şekeri"", ""4 adet yumurta akı"", ""1 paket kabartma tozu"", ""200 gram kavrulmuş badem (iri doğranmış)""]","[""Öncelikle unu yağsız tavada, kokusu çıkıp rengi hafif değişene kadar kavuralım."", ""Kavrulan unu soğuması için kenara alalım. Soğuyunca eleyerek yoğurma kabına alalım."", ""Kalan malzemeleri de sırasıyla ekleyelim ve ele yapışmayan bir hamur elde edelim."", ""Hamuru streç folyoya sarıp en az 30 dakika buzdolabında dinlendirelim."", ""Dinlenen hamuru unlu tezgaha alalım ve uzunlamasına silindir şekli verelim."", ""7 cm çapında yuvarlak bir kesme kalıbı (ya da bardak) ile yarım aylar kesip yağlı kağıt serili tepsiye dizelim."", ""Önceden ısınmış 180 derecelik alt üst ayarlı fırında 25 dakika pişirelim."", ""Pişen kurabiyelerimizi pudra şekerine bulayalım ve dinlendirip servise sunalım."", ""İyice soğuyan kurabiyeleri kapalı bir kavanoz içerisinde uzun süre muhafaza edebilirsiniz. Afiyet olsun.""]"
84041254-6c79-4c98-ab42-262197276fc4,Çiçek Kurabiye,Turkey,Hafif ve nareziye dokunuşlarıyla çiçek şeklinde sunulan enfes kurabiyeler,Ye,"[""250 gram tereyağı"", ""1 su bardağı pudra şekeri (1 su bardağı)"", ""1 su bardağı nişasta"", ""1 adet yumurta"", ""100 mililitresıvı yağ"", ""3.5 su bardağı un"", ""1 adet kabartma tozu"", ""1 adet vanilya"", ""1 yemek kaşığı kakao""]","[""Un hariç bütün malzemeleri birbirine yedirip karıştırıyoruz."", ""Unu azar azar karışıma ilave ederek yoğuruyoruz. 3 bardaktan sonra kontrollü ekleyelim. Yumuşak ele yapışmayan bir hamur elde edeceğiz."", ""Hamurumuzun yarısının yarısını kurabiyelere kakaolu tomurcuk yapmak için ayırıyoruz. Kakao ekleyerek yoğuruyoruz."", ""Sade ve kakaolu hamuru fındık büyüklüğünde parçalara ayırıp yuvarlaklar yapıyoruz."", ""Yağlı kağıt serilmiş tepsiye önce kakaolu tomurcuğu etrafına 6 tane gelecek şekilde sade yuvarlaklardan koyarak çiçek seklini veriyoruz."", ""180 derecelik fırında 20-25 dakika üzeri hafif pembeleşinceye kadar pişiriyoruz. Afiyet olsun.""]"
ff0bb4a2-8414-4e2b-aa73-769046210050,Kıymalı Bezelye,Turkey,"Lezzetli kıymalı bezelye, sebzelerle harmanlanmış doyurucu bir ana yemek",Ye,"[""250 gram kıyma"", ""1 adet patates"", ""1-2 adet havuç"", ""1 adet soğan"", ""1 yemek kaşığı biber salçası"", ""3 yemek kaşığı zeytinyağı"", ""1 tatlı kaşığı tuz"", ""1 çay kaşığı karabiber"", ""1 çay kaşığı toz kırmızı biber""]","[""Tencereye yağı koyup yemeklik doğranmış soğanı ekleyip kavurun. Kıymayı ekleyip kavurmaya devam edin."", ""Salçayı ekleyip kavurmaya devam edin."", ""Patates ve havucu doğrayın."", ""Patates ve havucu tencereye ekleyip karıştırın. Bezelyeleri ekleyip biraz daha kavurun."", ""Son olarak baharatını,tuzunu ve üzerini geçecek kadar su ekleyin. Kısık ateşte 15-20 dakika kadar pişmeye bırakın."", ""Sebzelerin tamamı piştiğinde yemeğiniz hazır. Afiyetler olsun.""]"
16acee87-d98b-44e3-b79b-e0d8ac40afe1,Portakallı Çikolatalı Rüzgar Gülü Kek,Turkey,Portakal ve çikolatanın muhteşem uyumuyla hazırlanan nefis Rüzgar Gülü keki,Ye,"[""3 adet yumurta"", ""1 su bardağı şeker"", ""1 su bardağı süt"", ""1/5 su bardağı sıvı yağ"", ""1 adet portakalın suyu ve kabuğunun rendesi"", ""2,5 su bardağı un"", ""1 su bardağı damla çikolata"", ""1 paket vanilya"", ""2 paket kabartma tozu""]","[""Derin bir kapta yumurta ve şekeri çırpıyoruz. Daha sonra tüm sıvıları ekleyip portakal kabuğu ve suyunu ekleyip karıştırıyoruz."", ""Ardından tüm toz malzemelerini ve çikolataları ekleyip karıştırarak yağlanmış kalıba döküyoruz."", ""180 derecede 45 dakika pişiriyoruz."", ""Pişen kek soğuyunca servis tabağına alıyoruz. Afiyet olsun.""]"
9372443a-e578-4d69-b173-e3ceed331578,Patates Kavurması,Turkey,"Lezzetli ve pratik patates kavurması, soğan ve zeytinyağıyla harmanlanmış enfes bir yan yemek",Ye,"[""3 adet patates"", ""1 adet kuru soğan"", ""3 - 4 yemek kaşığı zeytinyağı"", ""1 tatlı kaşığı salça"", ""1 tatlı kaşığı tuz"", ""1 çay kaşığı karabiber""]","[""Soğanları tavada kavurun."", ""Salçayı da ekleyip kavurmaya devam edin."", ""Haşlanan patateslerin kabuğunu soyun ve küp küp doğrayın."", ""Patatesleri ekleyip karıştırın. Tuzunu ve baharatını da ilave edip ocaktan alın."", ""Patates kavurması tarifiniz hazır. Afiyet olsun.""]"
96743bfc-9590-4254-ab35-8311b172cfe5,Bayatlamayan Tuzlu Kurabiye,Turkey,Lezzetli ve uzun süre bayatlamayan tuzlu kurabiye tarifi. Kolay hazırlanışı ve çıtır dokusuyla misafirlerinize ikram edebileceğiniz harika bir atıştırmalık,Ye,"[""200 gram margarin (14 yemek kaşığı)"", ""1 adet yumurta"", ""1 çay bardağı sıvı yağ"", ""2 yemek kaşığı sirke (elma ya da üzüm sirkesi)"", ""1,5 çay kaşığı toz şeker"", ""1 tatlı kaşığı tuz"", ""1 paket kabartma tozu"", ""4 su bardağı un""]","[""Derin bir kabın içerisine margarin, yumurta, sirke, sıvı yağı alın ve mikser yardımıyla güzelce çırpın."", ""Ardından kabartma tozu, tuz ve şekeri ekleyerek spatula yardımıyla güzelce karıştırın. Unu azar azar içerisine ilave ederek yoğurmaya başlayın. Kıvamına göre 3,5-4 su bardağı alacaktır."", ""Ele yapışmayan bir hamur elde edin. Hamurdan parçalar alın ve rulo şekline getirin. Örgü şeklinde birbirlerine sararak şekil verin."", ""Pişirme kağıdı serili fırın tepsisinin üzerine kurabiyelerinizi aktarın."", ""Üzerine fırça yardımıyla yumurta sarısı sürün ve çörek otu serpin."", ""180 derecede ısıtılmış fırında üzeri kızarana kadar yaklaşık 15-20 dakika kadar pişirin. Çıkarıp oda sıcaklığında dinlendirdikten sonra afiyetle tüketin.""]"
7eeb7e70-5a14-4d7c-bde5-23706d383393,Limonlu Tiramisu,Turkey,Ferahlık veren limon aromasıyla klasik tiramisunun modern yorumu,Ye,"[""1 litre süt"", ""1 su bardağı (bir parmak eksik) şeker"", ""1/2 su bardağı un"", ""2 yemek kaşığı nişasta"", ""1 paket vanilya"", ""200 gram labne"", ""1 paket kedi dili bisküvi""]","[""Süt, şeker, nişasta ve unu kısık ateşte sürekli karıştırarak koyulaşana kadar pişirin."", ""Pişince ocaktan alın, biraz ılıyınca içine labne peynirini ve vanilyayı ekleyin. Mikserle 3-4 dakika çırpın."", ""Şerbetinizin tüm malzemelerini bir kaba koyup karıştırın."", ""Kedi dillerini şerbete batırarak kuplara dizin. Üzerlerini kapatacak kadar muhallebiden ekleyin. Afiyet olsun.""]"
4bd0d6e9-d2a7-4d57-9160-c388ca40932f,Antep Fıstıklı Çikolata,Turkey,"Antep fıstıklı bitter çikolata ile hazırlanan, lezzetli ve pratik bir tatlı",Tatlı,"[""250 gram bitter çikolata"", ""50 gram Antep fıstığı"", ""Etimek Tatlısı Tarifi"", ""Damla Çikolatalı Kurabiye"", ""Tatlı Tarifleri Spoonful Mozaik Pasta Çikolatalı Sufle İrmik Helvası Fırın Sütlaç Profiterol Revani Magnolia"", ""Kahvaltılık Tarifler Pancake Krep Pişi Kuymak Kaygana Kahvaltılık Sos Menemen Muhlama Yumurtalı Ekmek Omlet"", ""Omlet""]","[""Şekersiz bitter çikolatalarımı erittim."", ""Bir yağlı kağıdın üzerine serip gül yaprakları ve Antep fıstığı serptim ve buz dolabına attım."", ""Sonuç Antep fıstıklı çikolata. Dilediğiniz malzemeler ile yapabilirsiniz tabi ki. Afiyet olsun.""]"
18d30840-35dc-47bc-84b5-e354e68a3e61,Jalebi,Turkey,"Geleneksel Hint tatlısı olan jalebi, dışı çıtır içi şerbetli ferahlatıcı bir lezzettir",Ana Yemek,"[""1 su bardağı un"", ""1 yemek kaşığı pirinç unu"", ""1 yemek kaşığı yoğurt"", ""1 silme çay kaşığı toz zerdeçal"", ""1 çay kaşığı kabartma tozu"", ""1/2 su bardağı su (+ 2 yemek kaşığı)""]","[""Hamur malzemelerini bir kapta güzelce karıştırın."", ""Karışımı birkaç saat dinlendirin."", ""Bu sırada şerbeti hazırlayıp soğutun."", ""Dinlenen hamuru sıkma torbasına alın."", ""Kızgın yağda kızartın ve soğuk şerbete atın."", ""10 saniye kadar bekletip servis edin. Afiyet olsun.""]"
64517428-b896-4d01-a1fc-9c107642ddf0,Pudingli Kek,Turkey,Yumuşacık dokusu ve içindeki puding sürpriziyle nefis bir tatlı,Tatlı,"[""2 adet yumurta"", ""3/4 su bardağı şeker"", ""1 su bardağı sıvı yağ"", ""1 su bardağı yoğurt"", ""1 paket kakaolu puding"", ""1 paket kabartma tozu"", ""1 paket vanilya"", ""1 su bardağı un"", ""1 çay bardağı ceviz""]","[""Önce yumurta ile şekeri çırpıyoruz."", ""Sonra sıvı malzemeleri ekleyip çırpmaya devam ediyoruz."", ""Kuru malzemeleri de ekleyip biraz daha çırpıyoruz."", ""Yağladığımız kek kalıbına döküp 180 derecede önceden ısıtılmış fırında pişiriyoruz. Afiyet olsun.""]"
f0b7c039-1448-41f3-926c-83730fff883e,Rulo Buzluk Pastası,Turkey,"Pratik ve lezzetli rulo buzluk pastası, petibör bisküvilerle hazırlanan ferahlatıcı bir tatlı",Tatlı,"[""2 paket petibör bisküvi"", ""1 su bardağı süt"", ""1 çay bardağı şeker"", ""3 yemek kaşığı kakao"", ""50 gram tereyağı""]","[""Dış kısmı için bisküvileri un gibi olacak şekilde rondodan geçirelim. Bir sos tenceresinde süt, şeker, kakao ısıtalım. Kaynamaya başlayınca altını kapatıp yağ da ekleyip eritelim."", ""Karışımı bisküvinin üzerine döküp karıştıralım. Streç filme dikdörtgen olacak şekilde yayalım."", ""İç kısmı için; krem şantiyi süt ile çırpıp, pudra şekeri ve Hindistan cevizi ekleyip çırpalım. Dikdörtgen yaydığımız bisküvili karışım soğuyunca üstüne Hindistan cevizli kısmı üzerine koyalım."", ""Daha sonra streç filme rulo yapıp buzluğa koyalım. 1-2 saat sonra çıkartıp kesebilirsiniz, dilerseniz buzlukta bırakıp misafiriniz ne zaman gelirse o zaman da servis edebilirsiniz.""]"
476b10eb-9252-4d15-9d78-416cddc330da,Çikolatalı Pasta,Turkey,"Lezzetli çikolatalı pasta tarifi, vanilyalı krema ve çikolata ile hazırlanan pratik bir tatlı",Tatlı,"[""2 paket pasta kreması (vanilyalı)"", ""4 paket krema"", ""1 paket çikolata""]","[""Pandispanya için ilk başta yumurtalarımızı, şekeri, vanilyayı, bir fiske tuzu çırpıyoruz sonra maden suyu, sıvı yağ ekleyip tekrar çırpıyoruz. Sıvılardan sonra diğer malzemelerin hepsini ilave edip te"", ""Koyacağımız kelepçeli kabı güzelce yağlayın ve unlayın. Pandispanyayı aktardıktan sonra önceden ısıtılmış fırında 170 derecede 40-45 dakika pişirin."", ""Pastacı kreması ve kremaları çırpın ve üstü için bir kısım ayırın. Sonra çikolatayı küçük parçalara keserek içine karıştırın ve 1 saat kadar dolaba koyun."", ""Sonra dilediğiniz kadar kat yapabilirsiniz. Pandispanyayı 4 parçaya bile ayırabiliyorsunuz. Ben iki parça kullanmayı tercih ettim, fazlasını buzluğa koydum.""]"
66e9b328-7ada-4d03-a576-6a420f579b62,Etli Perde Pilavı,Turkey,"Geleneksel Türk mutfağının lezzetli yemeği olan Etli Perde Pilavı, sumaklı et ve pirincin mükemmel uyumuyla damaklarda tat bırakır",Pilav & Makarna,"[""250 gram kuşbaşı dana eti"", ""1 büyük su bardağı pirinç"", ""1 çay kaşığı sumak"", ""1 tatlı kaşığı yenibahar"", ""1 tatlı kaşığı tarçın"", ""1 çay kaşığı karabiber"", ""1 tatlı kaşığı tuz"", ""1 adet yumurta"", ""1 büyük su bardağı un"", ""2 yemek kaşığı yoğurt (sulu bir kıvamda)"", ""2 yemek kaşığı tereyağ"", ""2 yemek kaşığı margarin""]","[""İlk olarak kuşbaşından biraz küçük doğranmış etlerimizi önceden ısınmış pilav tavasına alıyoruz, suyunu salana kadar pişirip üzerine 2 su bardağı sıcak su ekleyip pişmeye bırakıyoruz."", ""Ayrı bir tarafta pirinçlerimizi iyice yıkayıp tuzlu ve ılık suyun içinde bekletiyoruz."", ""Etlerimiz suyunu çekip pişince içine tereyağımızı çiğ bademinizi, dolmalık fıstığımızı da ekleyip kavuruyoruz."", ""Kavrulduktan sonra pirincimizi baharatlarımızı ve kuş üzümünü de ekledikten sonra bir buçuk su bardağı suyumuzu ekleyip pişmeye bırakıyoruz."", ""Hamurumuz için yumurta, un ve yoğurdu karıştırıp hamuru hazırlıyoruz. İnce uzun bir fırın kabını kaplayacak şekilde hamurumuzu açıyoruz."", ""Fırın kabımızın her yerini margarin ile yağlayıp bir kaç tane çiğ badem ekliyoruz, üzerine hamurumuzu yerleştirip pişen pilavımızı biraz dinlendirdikten sonra içine güzelce koyup hamurumuzu kapatıyoru""]"
87d74d1d-5347-4336-b516-f6d3f985a1b4,Babaanne Kurabiyesi,Turkey,"Nefis babaanne kurabiyesi, yumuşak dokusu ve unutulmaz lezzetiyle damaklarda tat bırakıyor. Yoğurt ve sıvı yağ ile hazırlanan bu pratik tarif, çay saatlerinin vazgeçilmezi olacak",Tatlı,"[""2 adet yumurta"", ""1 su bardağı yoğurt"", ""1 su bardağı sıvı yağ"", ""1 yemek kaşığı oda sıcaklığında tereyağı"", ""1 su bardağı toz şeker"", ""1 su bardağı ceviz"", ""2 paket kabartma tozu"", ""2,5-3 su bardağı un (aldığı kadar)""]","[""Tüm sıvı malzemeleri karıştırın."", ""Daha sonra un ve kabartma tozunu ekleyin."", ""Cevizi, en son ekleyin ve fazla karıştırmayın."", ""Ceviz büyüklüğünde parçalar koparın ve toz şekere bulayarak fırın tepsisine dizin."", ""180 derece önceden ısıtılmış fırında üzeri kızarana kadar pişirin. Afiyet olsun.""]"
6da9b17d-44ce-4c9a-8f18-64ef8f031149,Zeytinyağlı Garnitürlü Enginar,Turkey,"Zeytinyağlı garnitürlü enginar, taze enginarların bezelye ve zeytinyağıyla harmanlandığı lezzetli bir Akdeniz yemeğidir",Meze,"[""4 adet büyük boy enginar"", ""1 su bardağı bezelye"", ""6 yemek kaşığı zeytinyağı"", ""1 adet kuru soğan"", ""1 adet havuç"", ""1 su bardağı sıcak su"", ""1 tatlı kaşığı tuz"", ""1 tatlı kaşığı toz şeker"", ""1/2 adet limonun suyu""]","[""Kaynayan suya tuz atılıp bezelye haşlanır. Renginin yeşil kalması için buzlu suda bekletilir."", ""Zeytinyağında soğan ardından havuç sotelenir. Enginarların çukur kısmı alta gelecek şekilde yerleştirilir."", ""Garnitürler çukur enginara eklenir."", ""Sıcak su, limon suyu, şeker ve tuz eklenip orta kısık ateşte pişirilir.""]"
8111f3b5-27fe-437e-94bf-729dae56aa19,Bayat Ekmek Krebi,Turkey,Bayat ekmekleri değerlendirerek hazırlanan pratik ve lezzetli bir kahvaltılık tarifidir,Börek & Hamur İşi,"[""2 su bardağı bayat ekmek (ufalanmış)"", ""2 adet yumurta"", ""1,5 su bardağı süt"", ""1/2 su bardağı su"", ""1/2 çay bardağı sıvı yağ"", ""1 su bardağı sıvı yağ"", ""1 silme tatlı kaşığı tuz"", ""2-3 yemek kaşığı sıvı yağ (pişirmek için)"", ""6 yemek kaşığı un (kontrollü ekleyin, gerekirse artırın)""]","[""Bayat ekmekleri elinizle ufalayın."", ""Yumurtaları, sütü, suyu, sıvı yağı, tuzu ve ekmekleri bir kaba alın ve blenderdan geçirin."", ""Hazırlanan karışıma unu da ekleyip tekrar blenderdan geçirin. Bu işlemi çırpma teliyle de yapabilirsiniz."", ""Tavayı ısıtın. Isınan tavaya fırça ya da bir peçete yardımıyla sıvı yağ sürün."", ""Yağlanmış tavaya krep hamurundan bir kepçe koyup ince bir şekilde yayın."", ""Orta ateşte kızarana kadar pişirip krebi çevirin ve diğer tarafını da pişirin. Harç bitene kadar bu işleme devam edin. Afiyet olsun.""]"
a7575c9d-7823-4351-85aa-470371d45985,Bamya Kızartması,Turkey,"Çıtır bamya kızartması, mısır unuyla harmanlanıp altın rengi olana kadar kızartılan lezzetli bir meze",Ana Yemek,"[""1/2 kilogram bamya (iri boy)"", ""4-5 yemek kaşığı mısır unu"", ""1 çay kaşığı tuz"", ""1/2 çay kaşığı karabiber"", ""1/2 çay kaşığı pul biber"", ""3 yemek kaşığı zeytinyağı (kızartmak için)""]","[""Bamyaları ayıklayıp yıkıyoruz. Bir tencereye su koyup kaynatıyoruz, içine limon tuzu atıyoruz."", ""Ayıkladığımız bamyaları kaynayan suyun içine atıp rengi hafif dönene kadar haşlıyoruz."", ""Bir tavaya yağı koyuyoruz. Haşlayıp süzdüğümüz bamyaları mısır unu ve baharat karışımına bulayıp, hafif ısınan yağda her yerleri kızarana kadar pişiriyoruz. Afiyet olsun.""]"
c83af697-b61c-486e-b759-ce4d1e0b5050,Karpuz Turp Salatası,Turkey,"Taze ve ferahlatıcı karpuz turp salatası, yaz aylarının vazgeçilmez mezesi. Limonlu zeytinyağı sosuyla harmanlanmış bu lezzet, sofranıza tazelik katacak",Salata,"[""1 adet karpuz turp"", ""2 yemek kaşığı limon suyu"", ""6 yemek kaşığı zeytinyağı"", ""1 çay kaşığı tuz"", ""1 tatlı kaşığı elma sirkesi""]","[""Elma büyüklüğündeki turpun dış kabuğunu incecik soydum. Rendeledim, elimin içinde suyunu sıktım."", ""Sosu için 2 yemek kaşığı limon suyuna 6 yemek kaşığı zeytinyağı karıştırdım. 1 çay kaşığı tuz kattım."", ""Bir diş sarımsak, 1 tatlı kaşığı elma sirkesi ile hepsini harmanladım. Üzerini salatalık dilimleri, maydanoz ve zeytin ile süsledim. Afiyet olsun.""]"
657bc146-f88f-40f9-b81f-907e5a0a075b,Harire Tatlısı,Turkey,"Geleneksel bir lezzet olan Harire Tatlısı, üzüm pekmezinin benzersiz tadıyla şerbetli tatlı severlerin favorisi",Tatlı,"[""1 su bardağı toz şeker"", ""1 su bardağı üzüm pekmezi"", ""5 su bardağı su"", ""1,5 su bardağı un"", ""1 tatlı kaşığı tarçın""]","[""Tarçın hariç diğer malzemeleri tencereye alalım ve çırpıcı yardımıyla karıştıralım."", ""Kaynamaya başladığında altını kısıp muhallebi kıvamını almasını bekleyelim."", ""Muhallebi kıvamını alınca tarçını ekleyip 1-2 dakika daha pişirelim. Kuplara bölüştürelim. Afiyet olsun.""]"
c5a19bba-f344-4b4d-9d0d-101875e15aea,Kahveli Cevizli Kek,Turkey,"Mis gibi kahve aroması ve cevizlerin harika uyumuyla hazırlanan, çay saatlerinin vazgeçilmezi pratik bir kek tarifi",Tatlı,"[""170 gram tereyağı (oda sıcaklığında)"", ""3 adet yumurta"", ""110 gram toz şeker"", ""140 gram un"", ""80 gram ceviz"", ""40 gram fındık"", ""2-3 tatlı kaşığı gr anül kahve (1 tatlı kaşığı sıcak suda eritilecek)"", ""1 paket kabartma tozu"", ""1/2 paket bitter çikolata""]","[""Fırını 180 dereceye ayarlayın. Tereyağını ve şekeri krema haline gelene kadar çırpın."", ""Yumurtaları ekleyin. Unu ve kabartma tozunu eleyerek ekleyin ve çırpmadan tahta kaşıkla katlayarak karıştırın."", ""Karışımı yarıya bölün. Yarısına suda çözülmüş kahve, ceviz ve fındık ekleyin. Diğer sade yarısına da bıçakla küçük parçalara ayrılmış bitter çikolata ekleyin."", ""Baton kek kalıbını tereyağı ile yağlayın. İki karışımdan da sırayla birer kaşık ekleyerek, bıçakla hafif karıştırıp desen verin."", ""25-30 dakika kadar pişirin. Bıçak testinden geçirdikten sonra fırından çıkarın. Afiyet olsun.""]"
436fb9ef-5b27-4779-88f6-30d155ffea8e,Kırmızı Mercimek Ekmeği,Turkey,"Sağlıklı ve doyurucu kırmızı mercimek ekmeği, kolay hazırlanır ve harika bir lezzet sunar",Sebze Yemekleri,"[""1,5 çay bardağı kırmızı mercimek"", ""1/2 su bardağı karabuğday unu (başka un da olur ancak miktar değişebilir)"", ""3/4 çay bardağı süt"", ""2 adet yumurta"", ""1 silme tatlı kaşığı tuz"", ""1 çay kaşığı kimyon"", ""1 tatlı kaşığı kabartma tozu""]","[""Mercimeği suyunu çekene kadar haşlayıp soğuttuktan sonra un hariç diğer tüm malzemelerle birlikte pürüzsüz olana kadar blenderdan geçiriyoruz."", ""En son ununu ekleyerek karıştırıyoruz ve pişireceğimiz kaba koyuyoruz. Ben tepsiye döküp ince bir şekilde yaydım, çok daha güzel oldu."", ""En son üstüne çörek otu ve susam döküp önceden ısıtılmış 175 derece fırında üzeri kızarana kadar pişiriyoruz. Afiyet olsun!""]"
2fd3209b-2a55-4de7-a511-0351f735959c,Beyaz Çikolatalı Çilekli Tart,Turkey,Taze çileklerin ve beyaz çikolatanın mükemmel uyumuyla hazırlanan ferahlatıcı bir tatlı,Tatlı,"[""125 gram tereyağı"", ""2 su bardağı un"", ""1 adet yumurta"", ""2 yemek kaşığı şeker""]","[""Tereyağı ve unu kabımıza alarak güzelce karıştırıyoruz. Kıyır kıyır olması için bu işlemi gerçekleştiriyoruz."", ""Ardından yumurta, şeker ve tuzu ekleyerek tart hamurumuzu güzelce yoğuruyoruz, üzerini streç ile kapatıp yarım saat buzdolabında dinlenmeye alıyoruz."", ""Dinlenen hamurunuzu tart kalıbımıza alıp güzelce tart kalıbının şeklini almasını sağlıyoruz . Tart kalıbınıza yerleştirdiğiniz hamurunuzun orta kısmına folyo koyup ağırlık olması için mercimek nohut v"", ""Ardından orta kısımdan mercimekleri alarak 10 dakika daha pişmesi için fırına veriyoruz."", ""Pişirme işlemi bitikten sonra tercihe bağlı orta kısma bitter veya sütlü damla çikolata koyabilirsiniz, sıcaklık çikolatayı eritecektir. Orta kısma kaşık yardımıyla dağıtabilirsiniz, ardından 10 dakik""]"
c0a5e472-6a54-40a0-b5ae-b3784df511ce,Bafra Pidesi,Turkey,"Bafra Pidesi, Karadeniz'in meşhur lezzetlerinden olup, ince hamuru ve bol malzemesiyle damakları şenlendirir",Börek & Hamur İşi,"[""2 su bardağı ılık su"", ""1 tatlı kaşığı kuru maya"", ""1 yemek kaşığı tereyağı"", ""1 yemek kaşığı yoğurt"", ""1 tatlı kaşığı tuz"", ""2-3 su bardağı un""]","[""Kıymayı tencereye alın, rengi dönene kadar kavurun."", ""Pembelikler gidince tereyağı ve ince doğranmış soğan ekleyin ve pişirin, altını kapatırken yarım çay bardağı su ekleyin."", ""Hamuru için bütün malzemeleri bir araya getirerek güzel bir hamur yoğurun. Çok fazla dinlendirmeye gerek yok yirmi dakika yeterli olacaktır."", ""Hamurun mandalinadan küçük bezelere ayırın. Uzun ve ince açın oklava yardımıyla."", ""İçine kıymayı koyup, elinizle tamamen kapatın açık yeri kalmasın. Önceden ısıtılmış 200 derece fırında kızarana kadar pişirin."", ""İnce bir hamur olduğundan çabuk pişiyor. Çıkar çıkmaz üstüne tereyağı sürün ve servis edin. Afiyet olsun.""]"
d8a40568-691f-4169-b2c4-5cd62e4c071f,Cheesecake Tadında Labneli Tatlı,Turkey,"Cheesecake lezzetini pratik bir şekilde sunan, ferahlatıcı labneli tatlı tarifi",Tatlı,"[""1,5 su bardağı labne"", ""4 yemek kaşığı pudra şekeri"", ""2 damlavanilya özütü"", ""1 paket yulaflı bisküvi"", ""10 adet siyez unlu kurabiye"", ""4 yemek kaşığı incir pekmezi""]","[""Labne, pudra şekeri ve vanilya özütünü çırpıcı yardımıyla güzelce karıştırın."", ""Bisküvileri incir pekmeziyle beraber rondodan geçirin."", ""Tabağa sırasıyla bir miktar bisküvi, ardından labne karışımı ve tekrar bisküvi ekleyin."", ""Üzerine süslemek için kurutulmuş çilek ve dilerseniz küçük bisküviler ekleyin. İncir pekmezi ve süt reçeli gezdirerek servis edin. Afiyet olsun.""]"
64a7cce7-dddf-4123-be3b-3eee66432912,Mantar Dolması,Turkey,"Lezzetli peynirli iç harçla doldurulmuş fırınlanmış mantarlar, hem pratik hem de şık bir başlangıç",Ana Yemek,"[""10 adet mantar"", ""100 gram süzme peynir"", ""100 gram kaşar peyniri (rendelenmiş)"", ""100 gram tereyağı"", ""1 tatlı kaşığı tuz"", ""3 yemek kaşığı sıvı yağ""]","[""Mantarların sapını alın ve güzelce soyun."", ""Fırın kabına aldığınız mantarların üzerine minik parçalar halinde tereyağı ve üzerine süzme peyniri ekleyin."", ""Dış kenarlarına da sıvı yağ sürün ve üzerine kaşar peyniri ekleyin."", ""200 dereceye ayarlı, önceden ısınmış fırının orta rafında, 10 dakika pişirin. 5 dakikada üst ızgara açık şekilde pişirin. Kaşarlar eridiğinde hazırdır."", ""Mantar dolması hazır. Soğutmadan tüketin. Afiyet olsun!""]"
7c9a3331-abc3-428e-b836-9af3bf7e3b25,Marmelatlı Kurabiye,Turkey,"Tereyağının yumuşak dokusuyla marmelatın tatlı buluşumu, çay saatlerinin vazgeçilmezi",Tatlı,"[""1 adet yumurta sarısı"", ""1 su bardağı (bir parmak eksik) toz şeker"", ""100 gram tereyağı (oda ısısında)"", ""1/2 çay bardağı sıvı yağ"", ""2 su bardağı un"", ""1 paket vanilin""]","[""Önce hamuru için bütün malzemeleri karıştıralım. Elde ettiğimiz hamuru disk şekline getirelim ve streçleyelim. 10 dakika buzdolabında bekletelim."", ""Un serptiğimiz tezgahta açalım, yuvarlak kalıp ile keselim. Önceden ısıttığımız 175 derece fırında 10-15 dakika arası pişirelim. Bu süre açtığınız hamurun kalınlığına göre değişir."", ""İki kurabiye alıp aralarına marmelat sürelim. Arzuya göre pudra şekeri serpelim.""]"
528755ed-3628-40c0-b02c-3090d4b129d8,Elmalı Pay,Turkey,"Altın sarısı milföy hamurlarıyla hazırlanan, tarçın aromalı elma dolgulu lezzetli ve pratik bir tatlı",Ana Yemek,"[""7 adet milföy hamuru (20 cm×10 cm)"", ""3 adet orta boy elma (golden)"", ""2 yemek kaşığı limon suyu"", ""1 tatlı kaşığı tarçın"", ""1 yemek kaşığı toz puding (vanilyalı)"", ""3/4 su bardağı elma suyu (150 ml)"", ""2 yemek kaşığı toz şeker""]","[""Elmaları yıkayın, soyun, dörde bölün, çekirdeklerini çıkarın ve minik minik küp şeklinde doğrayın."", ""Doğradığınız elmalara limon suyunu ve tarçını ekleyip karıştırın ve bir kenara alın."", ""Elma suyunun yarısıyla, puding tozunu karıştırın ve bir kenara alın."", ""Elma suyunun diğer yarısını toz şeker ile birlikte bir tencereye alın ve kaynatın."", ""Hazırladığınız puding tozu karışımını tencereye ekleyin. 1 dakika boyunca koyu kıvam alana dek kaynatın."", ""Elmaları tencereye ilave edin ve 5 dakika birlikte pişirin."", ""Oda sıcaklığında yumuşattığınız milföy hamurlarınızı un serptiğiniz tezgaha, üst üste olacak şekilde koyun. Üzerine un serpin ve oklava ile 45×45 cm ebatında bir hamur açın. Hamurun kenarlarını bir bı"", ""Hamuru 15×15 cm ebatlarında 9 eşit parçaya bölün."", ""Her birinin kenar kısmına bir kaşıkla elmalı karışımdan koyun ve hamuru kapatın. Kenarlarını su ile ıslatın ve bir çatalın ucu ile bastırarak iyice kapanmasını sağlayın."", ""Elmalı payları yağlı kağıt serilmiş bir fırın tepsisine dizin. Üzerilerine bir fırça yardımıyla yumurta sarısı sürün."", ""Üzerilerine bir bıçakla 4 adet eğik kesik atın."", ""Üzerilerine tarçın serpin ve önceden ısıtılmış 220 derece fırında 20-25 dakika boyunca kontrollü olarak pişirin. Afiyet olsun.""]"
1cc840a2-43d9-4297-a82a-2636b1d64193,Tuzlu Çatal,Turkey,"Lezzetli ve pratik tuzlu çatal tarifi, az malzemeyle hızlıca hazırlanabilir",Ana Yemek,"[""1 çay bardağı yoğurt"", ""1 çay bardağı şeker"", ""2 çay kaşığı tuz"", ""1 çay bardağı sıvı yağ"", ""200 gram margarin"", ""1 tatlı kaşığı mahlep"", ""1 paket kabartma tozu"", ""6 su bardağı un"", ""1 adet yumurta sarısı (üzeri için)"", ""1 yemek kaşığı çörek otu (üzeri için)""]","[""Bütün malzemeleri karıştırın ve iyice yoğurun."", ""Küçük parçalar koparıp tuzlu çatal seklini verin."", ""Üzerlerine yumurta sarısı sürü ve çörek otu serpin."", ""180 derece fırında yaklaşık 25 dakika pişirin. Afiyet olsun.""]"
e9adc5e8-9cda-4495-ba74-3765be37b897,Sütlü Japon Ekmeği,Turkey,"Yumuşacık dokusu ve süt lezzetiyle büyüleyen Japon ekmeği, kahvaltıların vazgeçilmezi olacak",Ana Yemek,"[""40 gram un (1/3 su bardağı un)"", ""200 mililitresu"", ""600 gram un (5,5 su bardağı)"", ""1 adet yumurta"", ""60 gram toz şeker (1/3 su bardağı)"", ""10 gram instant maya"", ""12 gram tuz (2 çay kaşığı)"", ""260 gram süt (1+1/4 su bardağı)"", ""50 gram tereyağı (3 yemek kaşığı)""]","[""Su ve un sos tenceresinde karıştırılır. Altı açılıp koyulaşana kadar pişirilir. 5-6 saat dolapta bekletilip ekmeği yapmadan bir saat önce çıkarılır."", ""Un, maya, şeker ve tuz karıştırma kabına alınır. Karıştırılıp ılık süt, yumurta ve tangzhong eklenir. Yoğurma aparatıyla düşük hızda yoğurulur. Un karışınca yumuşamış tereyağını eklenir."", ""İyice karışana kadar orta hızda çırpılır. (Mikser yoksa yapışkan bir hamur olduğu için bir tık daha zor olacaktır ama çok da fazla un eklemeyin yumuşaklık kaybolur)."", ""Eller hafif unlanarak pürüzsüz bir top yapılur. Kaba alınıp üzerini örtülür 45 dk 1 saat mayalanır. 6 eşit parçaya bölünür."", ""Parçalar top haline getirilip unlanmış tezgahta üzerini örterek 15 dakika mayalanır. Yuvarlaklar dikdörtgen şeklinde açılır. Uzun kenarları içe doğru katlanır."", ""Kısa kenardan silindir şeklinde sarılır. Üç tanesini yağlanmış baton kalıba koyulur. Kalanları ister yuvarlak minik ekmekler yapın ister başka bir baton kalıba alın."", ""30 dakika mayalanınca yumurta sarısı-süt karışımını fırçayla sürülüp önceden ısıtılmış 180 derecede 20-25 dakika alt rafta pişirilir. Afiyet olsun.""]"
1ab13b27-a718-41a7-bc72-c097445fa4a9,Elma Kompostosu,Turkey,"Lezzetli ve ferahlatıcı elma kompostosu, serinletici bir içecek alternatifi",Ana Yemek,"[""4 adet elma"", ""1,5 litre su"", ""1/2 su bardağı toz şeker"", ""1/2 adet limon""]","[""Elmaları, kabuklarını soymadan küp küp doğrayıp tencereye alalım."", ""Üzerine limon suyu sıkıp şekerini ve suyunu ilave edelim. Kalan limonu kabuğuyla içine atalım."", ""Kısık ateşte tencerenin kapağı kapalı olarak yaklaşık bir saat kaynatalım."", ""Son 5-10 dakikada, limonu içinden çıkarıp naneleri ekleyelim."", ""Konserve yapılacaksa sıcakken kavanozlara doldurabilirsiniz veya soğutup hemen servis edebilirsiniz. Afiyet olsun.""]"
5be44fe9-62a9-40db-9f00-365a6a02ab2a,Kayısılı Vegan Bar,Turkey,"Sağlıklı ve lezzetli kayısılı vegan bar, enerji dolu atıştırmalık için ideal",Ye,"[""2 su bardağı kuru kayısı"", ""2 su bardağı rendelenmiş Hindistan cevizi"", ""1,5 su bardağı çiğ ya da kavrulmuş badem"", ""2 çay kaşığı rendelenmiş limon kabuğu"", ""2 yemek kaşığı taze sıkılmış limon suyu"", ""2 yemek kaşığı taze sıkılmış portakal suyu""]","[""Kuru kayısıları bir tencereye alarak ısıtın. Bu şekilde içindeki doğal şeker ortaya çıkacak ve kayısılar yumuşayacak"", ""Badem, rendelenmiş Hindistan cevizi ve kuru kayısıları mutfak robotuna alın. Hepsini güzelce parçalayın. Bir spatula yardımıyla kenarlara yapışan kısmı kabın ortasına indirin."", ""Çalışır durumdaki robotun içindeki karışıma rendelenmiş limon kabuğunu ekleyin. Ardından azar azar taze sıkılmış limon ve portakal suyunu ekleyin."", ""Tüm malzemeler özleşene kadar karıştırın. Bir araya gelmeleri için gerekirse biraz daha portakal suyu ekleyin."", ""Karışımı bir tepsiye alarak düz bir form verin. Daha kolay dilimleyebilmek için 3-4 saat kadar kurumaya bırakın.""]"
e1227147-7a2a-428a-b604-9e22f338b8b1,Fındık Fıstık Topları,Turkey,"Fındık ve fıstık ezmesinden yapılan, Hindistan cevizi ile kaplanmış lezzetli ve sağlıklı atıştırmalık topları",Ana Yemek,"[""6 tatlı kaşığı fındık ezmesi (fıstık ezmesi)"", ""1 çay kaşığı vanilya"", ""3 yemek kaşığı Hindistan cevizi unu""]","[""İç dolgu İçin gereken malzemeleri güzelce karıştırın."", ""Minik toplar yapıp yağlı kağıt üzerine serilmiş tabağa alıp buzlukta 1 saat bekletin."", ""Bu esnada bitter çikolatayı benmari usulü eritin."", ""Dondurduğumuz iç dolguyu çikolata ile kaplayıp yarım saat buzlukta bekletelim. Afiyet olsun.""]"
c98f17e3-fd32-4edb-a7ae-f19b45643252,Kartopu Kurabiyesi,Turkey,"Hafif ve dağ gibi beyaz kartopu kurabiyeleri, çay saatlerinin vazgeçilmezi",Ye,"[""275 gram oda sıcaklığında tereyağı"", ""1 çay bardağı sıvı yağ"", ""1 paket vanilin"", ""1/3 su bardağı pudra şekeri"", ""3,5 - 4 su bardağı un"", ""1 yemek kaşığı elma sirkesi""]","[""Tereyağı, sıvı yağ, elma sirkesi, pudra şekeri, vanilya ve kabartma tozunu bir kabın içerisinde güzelce karıştırın."", ""Azar azar un ilave ederek yoğurmaya başlayın. Ele yapışmayan orta sertlikte bir hamur elde edin."", ""Hazırladığınız hamurdan ceviz büyüklüğünde toplar koparın ve elinizle yuvarlayın. Yağlı kağıt serili fırın tepsisinin üzerine dizin."", ""Önceden ısıtılmış 180 derecelik fırında 15 dakika kadar, kontrollü bir şekilde üzerinin çok pembe olmamasına özen göstererek pişirin. Altı hafif pembeleşince pişmiş demektir."", ""Pişen kurabiyelerinizi fırından çıkarın. İlk sıcaklarını atınca pudra şekerine bulayın ve servis edin. Afiyetler olsun!""]"
5576a0a5-e531-4ac1-a1e7-e73bb057df61,Şekersiz 5 Malzemeli Tatlı,Turkey,"Sağlıklı ve pratik bir tatlı arayanlar için mükemmel, şekersiz irmik helvası tarifi",Ye,"[""10 tepeleme yemek kaşığı irmik"", ""2 su bardağı süt"", ""1/2 çay kaşığı zerdeçal"", ""5 yemek kaşığı (tepeleme) bal"", ""1 paket vanilya""]","[""İrmiği bir minik tencerenin içerisine alın."", ""Üzerine zerdeçal ve sütü ilave ederek güzelce karıştırın. Ocağa alın ve kıvamı yoğunlaşana kadar karıştırarak pişirin."", ""Pişince ocaktan alıp karıştıra karıştıra ilk sıcağının çıkmasını sağlayın. Ardından balı ve vanilini ekleyerek güzelce çırpın."", ""Hafif ıslatılmış muffin kalıplarına ya da dilerseniz kaselere boşaltın. Buzdolabında soğumaya bırakın."", ""Soğuyunca üzerini mevsim meyveleri, Hindistan cevizi, çikolata gibi malzemelerle süsleyerek servis edin. Afiyetler olsun!""]"
cae683c4-276d-4894-aac2-c3ece186b9f1,Kıymalı Menemen,Turkey,"Lezzetli kıymalı menemen, Türk mutfağının en sevilen kahvaltılıklarından biridir. Kıyma, biber ve domates salçasıyla hazırlanan bu pratik tarif, sofralarınıza renk katacak",Ye,"[""200 gram dana kıyma"", ""1 adet sivri biber"", ""1 yemek kaşığı domates salçası"", ""1 adet orta boy soğan"", ""3 adet yumurta"", ""1 yemek kaşığı zeytinyağı"", ""1 yemek kaşığı zeytinyağı"", ""1 çay kaşığı tuz"", ""1/2 çay kaşığı karabiber"", ""1 çay kaşığı pul biber"", ""1/2 çay kaşığı kimyon""]","[""Kıymayı yağda rengi dönene kadar soteliyoruz."", ""Salça, biber ve soğanları ekliyoruz, orta ateşte sotelemeye devam ediyoruz."", ""Baharatları istediğimiz oranda ekledikten sonra menemende alanlar açıp, yumurtaları kırıyoruz."", ""Tuzunu da ekleyip, sıcak servis ediyoruz. Afiyet olsun :)""]"
456aa8ce-6d3c-4091-91e8-70a037e44f03,Domates ve Tavuk Bulyonlu Makarna,Turkey,"Domates ve tavuk bulyonun zengin lezzetiyle hazırlanan, pratik ve doyurucu bir makarna tarifi",Ye,"[""1 paket kalem makarna"", ""2 adet domates"", ""1 tatlı kaşığı domates salçası"", ""1 adet bulyon"", ""1 çay kaşığı tuz"", ""1 çay kaşığı kimyon"", ""1 çay kaşığı kekik"", ""2 yemek kaşığı zeytinyağı""]","[""Kaynayan suya makarnayı döküyoruz ve içine tavuk bulyonu atıyoruz."", ""Makarna pişince suyu süzülmeyecek bir kaba alıyoruz"", ""Yağı tencereye döküyoruz ve rendelediğimiz domatesler ile salçayı ekleyip kavuruyoruz"", ""2-3 dakika pişirdikten sonra tuz ve baharatlarımızı ekliyoruz."", ""Güzelce karıştıktan sonra bir kepçe yardımı ile makarnamızı ekliyoruz. Afiyet olsun.""]"
95f6bec5-adf1-4637-ad5c-0e602be21cb2,Hindistan Cevizli Top,Turkey,"Kolay ve hızlı yapılan Hindistan cevizli top tarifi, sadece üç malzemeyle hazırlanan lezzetli bir tatlı",Ye,"[""1 paket toz krem şanti"", ""1 çay bardağı süt"", ""2 su bardağı Hindistan cevizi"", ""2 yemek kaşığı pudra şekeri""]","[""Krem şantiyi bir kap içerisinde 1 çay bardağı sütle çırpın."", ""Üzerine hindistan cevizini ve pudra şekerini ekleyin."", ""Homojen bir kıvama gelene kadar karıştırın. Üzerini streçleyip buzdolabına kaldırın. 1 saat dinlendirin. Dinlenen karışımdan minik parçalar koparın ve elinizle yuvarlayın."", ""Hindistan cevizli top tarifiniz hazır. Afiyet olsun.""]"
8e011a8b-8021-4e0e-92f0-8e3a87b32351,Peynirli Kolay Muffin,Turkey,"Lezzetli ve pratik peynirli muffin tarifi, kahvaltılar için ideal",Ye,"[""4 adet yumurta"", ""1 çay kaşığı tuz"", ""500 gram yoğurt"", ""1 çay kaşığı soda"", ""3 su bardağı un"", ""1 paket kabartma tozu"", ""1 su bardağı (bir parmak eksik) sıvı yağ (veya eritilmiş margarin)"", ""150 gram kaşar peyniri"", ""200 gram beyaz peynir""]","[""Malzemelerin hepsini karıştırıp muffin kalıplara dolduruyoruz."", ""Önceden ısıtılmış 200 derece fırında üzeri kızarana kadar pişiriyoruz...""]"
05ea345f-cb68-44a0-a1dd-b14dd5f4f99d,Fırında Kabak Salatası,Turkey,Fırında pişirilen kabakların baharatlarla buluştuğu lezzetli ve sağlıklı bir salata tarifi,Ye,"[""2 adet kabak"", ""2 yemek kaşığı sıvı yağ"", ""1 çay kaşığı pul biber"", ""1 çay kaşığı nane"", ""1 çay kaşığı nane"", ""1 çay kaşığı toz kırmızı biber"", ""1/2 çay kaşığı tuz""]","[""Kabakların dışını çizerek soyun. Çok ince olmayacak şekilde halka şeklinde doğrayın."", ""Ardından kabakları derin bir kaseye alın. Üzerine yağ ve baharatları alın, her yere eşit gelecek şekilde karıştırın.Yağlı kağıt serili fırın tepsisine dizin."", ""200 dereceye ayarlı, önceden ısınmış fırında kızarana kadar pişirin.Yoğurtlu sosu için olan malzemeleri bir kaseye alıp iyice karıştırın."", ""Servis tabağına önce yoğurt sosu alın, üzerine kabakları dizip servis edin. Afiyet olsun!""]"
f3d54b69-a9c0-45a1-b251-5900e3391993,Kolay Kakaolu Kek,Turkey,"Lezzetli ve pratik kakaolu kek tarifi, çay saatlerinin vazgeçilmezi olacak",Ye,"[""3 adet yumurta"", ""1,5 su bardağı şeker"", ""1 su bardağı sıvı yağ"", ""1 su bardağı süt"", ""3 yemek kaşığı kakao"", ""1 paket vanilin"", ""1 paket kabartma tozu"", ""2-2,5 su bardağı un""]","[""Yumurta ve şekerimizi krema kıvamına gelene kadar çırpalım. Süt ve sıvı yağımızı da ekleyip karıştırmaya devam edelim."", ""Tüm kuru malzemelerimizi eleyip harcımıza ekleyelim. Bu aşamada sadece spatula kullanıp harcımızı yavaşça karıştıralım."", ""Yağladığımız kalıbımıza harcımızı döküp 170 derece önceden ısıtılmış fırında 40-45 dakika kadar pişirelim. (Her fırın farklılık gösterebilir o yüzden dikkat edelim)""]"
79776a84-cc8b-4fdd-9e2e-ac82b7851378,Tel Şehriyeli Patates Köfte,Turkey,"Tel şehriye ve haşlanmış patatesle hazırlanan lezzetli ve pratik köfteler. Hem göze hem damaga hitap eden bu tarif, sofralarınıza farklı bir dokunuş katıyor",Et Yemekleri,"[""1 su bardağı tel şehriye"", ""5 adet patates (haşlanmış)"", ""1 adet yumurta (beyazı ve sarısı ayrı kullanılacak)"", ""2 yemek kaşığı galeta unu"", ""2 çay kaşığı tuz"", ""1 çay kaşığı karabiber"", ""80 gram kaşar peyniri (küp doğranmış)""]","[""Haşlanmış ve soyulmuş patatesleri bir kaba alın ve püre haline gelene kadar ezin."", ""Tuz, karabiber, yumurta sarısı ve galeta ununu ekleyip iyice karıştırın."", ""Püreden ceviz büyüklüğünde parçalar koparın ve ortasına küp kaşar peyniri ekleyip yuvarlak şeklini verin."", ""Patates toplarını önce yumurta beyazına sonra tel şehriyeye bulayıp tel şehriyelerin yapışması için tekrar yuvarlayın."", ""Kızgın yağda altın sarısı rengini alana kadar kızartın."", ""Yoğurt ile kuru naneyi karıştırıp patates köfteleri ile servis edin.""]"
f55cc065-442d-4a41-b781-d7f11730406f,Elmalı Tarçınlı Turta,Turkey,"Elmalı tarçınlı turta, tarçınla harmanlanmış elma dolgulu ve kıtır hamurlu enfes bir tatlıdır",Ye,"[""1 tatlı kaşığı sirke"", ""1 tatlı kaşığı kabartma tozu"", ""4 yemek kaşığı şeker"", ""1 su bardağı süt"", ""1/2 su bardağı tereyağı (sıvı halde)"", ""3,5 su bardağı un""]","[""Öncelikle elmalarımızı kabukları ile birlikte küp küp doğrayıp tarçın, zencefil, şeker ve cevizler ile birlikte büyük bir tavada pişiriyoruz."", ""Hazırladıktan sonra bir kenarda soğumaya bırakıyoruz."", ""Bu sırada bir kap içinde sıra ile karbonat veya kabartma tozu hangisini kullandıysanız üzerine sirke, süt, şeker ve yağımızı ekleyip, karışıma en son unumuzu ekliyoruz ve yoğuruyoruz."", ""Hamur ele yapışmayan yumuşacık bir yapıya sahip oluyor."", ""Sonra hamurumuzu iki eşit parçaya bölüp biri ile kalıbımıza taban yapmak için merdane ile açıp hamuru inceltiyoruz ve kalıbın taban kısmına yerleştirip kenarlarını bastırıyoruz. Tabanı çatal ile delik"", ""Sonrasında elmalı harcımızı kalıba döküp yayıyoruz. Kalan hamurumuzu da merdane ile açıp inceltiyoruz ve hamur kesme bıçağı ile ince şeritler elde ediyoruz."", ""Şeritlerin en uzunlarını orta kısımlar için saklamayı unutmayın."", ""Kalıbın üzeri şeritler ile kapladıktan sonra ikinci dizeceğiniz şeritleri önceden dizdiklerinizin bir altından bir üstünden geçirerek kafes yapın."", ""Sonra önceden ısıtılmış 180 derece fırında 35 dakika boyunca pişirin. Afiyet olsun.""]"
fd8e9dab-4dc9-4f60-99c9-cacc2838d882,Çilek Sos,Turkey,"Taze çileklerin şeker ve limonla harmanlanmasıyla hazırlanan, tatlılara ve kahvaltılara harika lezzet katan pratik bir sos",Ye,"[""300 gram çilek"", ""1 çay bardağı şeker"", ""6-7 damlalimon suyu"", ""1 çay bardağı su"", ""1 yemek kaşığı nişasta""]","[""Çileklerimizi yıkayıp 2 ve 3'er parçaya bölelim, ardından bir tencereye alıp üzerine şekerimizi dökelim. Tavsiyem 2-3 saat böyle bekletmeniz en az ama aceleniz var ise bekletmeyebilirsiniz."", ""Sonra ocağa alıp kısık ateşte sulanmasını bekleyelim, şekerler eriyip çilek suyunu saldığında limon suyu ekleyip ardından nişastayla suyu karıştırıp yavaş yavaş sosa ekleyelim, bir yandan da karıştıra"", ""Bütün nişastayı ve suyu ekleyince biraz kaynatıp kıvam almasını bekleyelim. Sos kıvama geldiğinde altını kapatıp dilerseniz taneli dilerseniz blendardan geçirip kullanabilirsiniz, afiyet olsun.""]"
8cfb4a55-13d5-451a-a43e-0c4db377af4d,Pankek,Turkey,Lezzetli ve pratik pankek tarifi ile kahvaltılarınıza renk katın,Ye,"[""2 adet yumurta"", ""1 su bardağı süt"", ""3 yemek kaşığı şeker"", ""1 paket vanilya"", ""1 paket kabartma tozu"", ""3 yemek kaşığı sıvı yağ"", ""2 su bardağı un (kontrollü eklenecek)""]","[""Öncelikle yumurta ve şekeri çırpıyoruz. Daha sonra süt ve yağı da ekliyoruz, karıştırıyoruz."", ""Kuru malzemeleri ekleyip tekrar karıştırıyoruz. (kek hamuru gibi bir kıvamı olacak)"", ""Yapışmaz özellikli bir tavada, istediğimiz boyutlarda pişiriyoruz. Üzerine meyve, çikolatalı sos, bal veya reçel ekleyerek sunabilirsiniz. Afiyet olsun.""]"
4c9b3487-f07c-4583-bb3b-0f9dfaaafbc0,Kırmızı Biberli Domates Sosu,Turkey,"Taze domates ve kapya biberlerle hazırlanan, zeytinyağıyla zenginleştirilmiş lezzetli bir sos",Ye,"[""2 kilogram domates"", ""1,5 kilogram kapya biber"", ""1 çay bardağı zeytinyağı"", ""1 tatlı kaşığı tuz"", ""3 adet kesme şeker"", ""1 çay kaşığı kimyon"", ""1 çay kaşığı kekik"", ""1 çay kaşığı karabiber""]","[""Biberleri blendera alın."", ""Blenderda ufaltın ve tencereye alın."", ""Aynı şekilde domatesleri de blenderda ufaltarak tenceredeki biberlerin üzerine aktarın."", ""Üzerine ezilmiş sarımsakları ve kıyılmış maydanozları ilave edin."", ""Ardından tencerenin altını açın. Kaynamaya başlayınca şekeri ekleyin."", ""Ardından zeytinyağını ilave edin. Baharatlarla 20 dakika boyunca ara ara karıştırarak pişirin. Katılık olarak istediğiniz kıvama gelince altını kapatın ve son kez blenderdan geçin."", ""Kavanozlara pay ederek, önceden sıcak suda 10 dakika kadar kaynatmış olduğunuz kapakları üzerine kapatın. Ters çevirerek oda sıcaklığına gelene kadar bekletin. Sosunuz hazır. Afiyetler olsun!""]"
43f54810-806c-45cf-b0b1-1d5b89b2293b,Arpa Şehriyeli Pirinç Pilavı,Turkey,"Tereyağıyla kavrulan arpa şehriyeli pilav, lezzeti ve görünümüyle sofraların vazgeçilmezi",Pilav & Makarna,"[""1 su bardağı baldo pirinç"", ""2 yemek kaşığı arpa şehriye"", ""2 yemek kaşığı tereyağı"", ""1 yemek kaşığı sıvı yağ"", ""1,5 su bardağı sıcak su"", ""2 tatlı kaşığı tuz""]","[""Arpa şehriyeli pirinç pilavı için baldo pirinçleri bol suda yıkayın ve en az 5 dakika suda bekletip fazla nişastasını salmasını sağlayın."", ""Tereyağını sıvı yağ ile tencerede eritin."", ""Arpa şehriyeyi renk alana kadar yağda kavurun. Ardından süzülmüş pirinçleri ekleyip 2 dakika daha kavurun."", ""Sıcak suyunu ve baharatlarını ekleyin. Tencerenin kapağını kapatıp pişirmeye bırakın. Orta ateşte yaklaşık 10 dakikada pişmiş olacak."", ""Tencerenin üzerine kağıt havlu kapatarak 10 dakika demlenmeye bırakın. Daha sonra servis edin."", ""Arpa şehriyeli pirinç pilavı hazır. Afiyet olsun!""]"
6e4102f6-b8c5-4c15-b008-66289f6ecb4b,Pizza Tadında Omlet,Turkey,Pizza lezzetini omlette taşıyan pratik ve lezzetli bir kahvaltı seçeneği,Ye,"[""2 adet yumurta"", ""1 çay bardağı rendelenmiş kaşar peyniri"", ""1 tatlı kaşığı Kahvaltılık sos"", ""1 çay kaşığı karabiber ve pulbiber"", ""1 adet yeşil sivri biber"", ""1 adet domates"", ""1 çay kaşığı (silme) tuz""]","[""Öncelikle yumurta ve sütü güzelce büyük bir kapta el çırpıcısıyla çırpıyoruz. Biberi ince olacak şekilde doğruyoruz. Domates ve zeytinyağı hariç diğer malzemeleri yumurtalı karışıma ilave ediyoruz."", ""Güzelce karıştırdıktan sonra orta boy teflon tavaya zeytinyağını döküyoruz. Sonra karışımı boşaltıp eşit şekilde tavaya yayıyoruz. Sonra domatesi ince dilimler halinde dilimliyoruz."", ""Dilimlenmiş domatesleri harcın üzerine yuvarlak şekil olacak şekilde diziyoruz. Ortasına da bir dilim domates daha koyup tavanın kapağını kapatıyoruz."", ""Orta boy göz ocakta kısık ateşte altı kızarana kadar pişiriyoruz. En son üzerine biraz daha rendelenmiş kaşar serpip erimesini sağlıyoruz. Servis yaparken ekstra pul biber serpip servis edebilirsiniz.""]"
6259efb8-da96-4ad1-9655-9c5a354b540b,Fasulye Turşusu,Turkey,Ev yapımı lezzetli fasulye turşusu tarifi. Kıtır ve ferahlatıcı bir meze için ideal,Sebze Yemekleri,"[""1 kg taze fasulye"", ""3 yemek kaşığı kaya tuzu"", ""1 su bardağı üzüm sirkesi"", ""1,5 litre su""]","[""Öncelikle fasulyelerinizin baş kısımlarını kesin. Büyük ve derin tencerenize suyunuzu alarak kaynatın."", ""Fasulyeleri içine atıp arada kevgire karıştırarak 5 dakika kadar içinde tutun."", ""Fasulyeleri bir kevgir yardımıyla süzerek fırın tepsinize alın ve kurumaya bırakın."", ""Tenceredeki suyun içine tuzu atın ve karıştırarak erimesini sağlayın."", ""Sirkesini de ekleyerek turşu suyunu hazır hale getirin."", ""Sarımsaklarınızı ayıklayın. Kavanozların içine fasulyeleri dikine olacak şekilde dizin. Aralarına sarımsakları ekleyin."", ""Son olarak turşu suyununu da ekleyerek kapağını sıkıca kapatın."", ""Karanlık ve serin bir yerde 10 gün kadar beklettikten sonra servis yapabilirsiniz."", ""Fasulye turşusu tarifiniz hazır. Afiyet olsun!""]"
a097f038-68ef-4b8f-b615-69869d812a39,Karabuğday Salatası,Turkey,"Lezzetli ve besleyici karabuğday salatası, hem doyurucu hem de sağlıklı bir seçenek",Ye,"[""1 su bardağı karabuğday"", ""1,5 su bardağı su"", ""1 adet kırmızı soğan"", ""2 adet kapya biber"", ""3-4 adet ceviz"", ""2-3 adet cherry domates"", ""1 çay kaşığı tuz"", ""1 yemek kaşığı zeytinyağı"", ""1 yemek kaşığı nar ekşisi"", ""1/2 adet limon suyu""]","[""Karabuğdayı yıkayıp tencere alın. Üzerine 1,5 su bardağı su ekleyin ve suyunu çekene kadar haşlayın. Soğuması için kenara alın."", ""Yeşillikleri ince ince kıyın. Soğan ve biberi jülyen doğrayın. Cevizi minik minik kıyın. Domatesleri ikiye bölün."", ""Soğuyan karabuğdayı malzemelerle karıştırın. Zeytinyağı, tuz, nar ekşisi ve limon suyu ile yaptığınız sosu salataya ekleyip karıştırın ve servis yapın."", ""Karabuğday salatanız hazır. Afiyet olsun.""]"
77136b69-bb6b-4957-8b30-51a60b5fc054,Börek Tadında Patatesli Omlet,Turkey,Börek lezzetini omletle birleştiren pratik ve doyurucu bir kahvaltı tarifi,Börek & Hamur İşi,"[""4 adet yumurta"", ""1/2 su bardağı süt"", ""1 çay bardağı beyaz peynir"", ""2 adet haşlanmış patates"", ""1,5 çay bardağı un"", ""1 çay kaşığı karabiber"", ""1 çay kaşığı tuz"", ""1 çay kaşığı toz kırmızı biber""]","[""Patateslerin bir tanesini rendeleyin. Diğerini de iri parçalar halinde doğrayın."", ""Rendelediğiniz patateslerin üzerine yumurtaları kırıp güzelce çırpın. Süt ilave edin. Baharatları, peyniri ve unu da ilave ederek akışkan kıvamlı bir harç elde edin."", ""Tavanızı tereyağıyla iyice yağlayın. Tabanına iri doğranmış patatesleri dizin. Üzerine harcı dökün ve ocağın üzerine alın."", ""Kapağını kapatarak bir tarafını 5 dakika kadar pişirin. Kapak yardımıyla omletinizi ters çevirip tavanızı yenide yağlayın."", ""Omleti kapak üzerinden tavaya yeniden kaydırarak 5 dakika kadar kapağı kapalı bir şekilde pişirin.""]"
2236b1b1-4356-4fb7-8eda-eacacb53705c,Mayasız Poğaça,Turkey,"Pratik ve hızlı mayasız poğaça tarifi, çay saatleri için ideal lezzet",Börek & Hamur İşi,"[""125 gram tereyağı"", ""1 su bardağı (2 parmak eksik) sıvı yağ"", ""1/2 su bardağı yoğurt"", ""2 adet yumurta (akı içine, sarısı üzerine)"", ""1 yemek kaşığı sirke"", ""1 tatlı kaşığı şeker"", ""1 tatlı kaşığı tuz"", ""4 su bardağı un"", ""1 paket kabartma tozu""]","[""Öncelikle tereyağını eritin. Yoğurma kabına döküp biraz ılıyana kadar bekleyin."", ""Sonra sıvı yağı, yumurtanın beyazını, yoğurdu, şekeri, tuzu, sirkeyi ve dereotunu tereyağına ekleyip karıştırın."", ""Ardından un ve kabartma tozunu ilave edip hamuru yoğurun."", ""Epey yumuşak ama ele yapışmayan bir hamur oluyor."", ""Hamurdan istediğiniz büyüklükte parçalar koparıp içine beyaz peynir koyun ve poğaça şeklini verin."", ""Yağlı kağıt serilmiş fırın tepsisine poğaçaları yerleştirip yumurta sarısı sürün."", ""Önceden ısıtılmış 180 derece fırında kızarana kadar pişirin. Afiyet olsun.""]"
411b1a35-7c2f-436b-9885-1959afcfb52e,Yulaflı Krep,Turkey,"Sağlıklı ve lezzetli yulaflı kreplerimiz, kahvaltılarınız için mükemmel bir seçenek",Ana Yemek,"[""300 gram yulaf ezmesi"", ""200 mililitresüt"", ""2 adet yumurta"", ""1 çay kaşığı kabartma tozu"", ""1 çay kaşığı tuz""]","[""Yulaf ezmelerini öğüterek un haline getiriyoruz. Karıştırma kabına aldığımız unun içerisine 2 büyük boy yumurtayı, kabartma tozunu ve tuzu ekliyoruz. Karıştırıyoruz."", ""Daha sonra süt ekliyoruz. Sütü azar azar eklemelisiniz. Eğer fazla cıvık olursa bir miktar un ekleyin."", ""Tavada önlü arkalı pişiriyoruz. Afiyet olsun.""]"
a5cb3c2e-d790-4ae1-ace8-5a518297393a,Zerdeçallı Tavuklu Taco,Turkey,"Zerdeçallı tavuklu taco, baharatlı tavuk ve özel sos ile hazırlanan lezzetli bir Meksika mutfağı öğüdür",Tavuk Yemekleri,"[""1 su bardağı süt"", ""1 silme çay kaşığı zerdeçal"", ""1 yemek kaşığı sıvı yağ"", ""2-3 su bardağı un (aldığı kadar)"", ""1 çay kaşığı tuz"", ""1,5 çay kaşığı kabartma tozu""]","[""Önce süt, zerdeçal sıvı yağ karıştırılır. Sonra un, tuz ve kabartma tozu eklenir ve ele yapışmayan yumuşak bir hamur elde edilir."", ""Hazırlanan hamur 30 dakika buzdolabında dinlendirilir."", ""1 paket tavuk göğüsü arzu edilen şekil ve büyüklükte doğranır. Yogurt yağ baharatlar ve salça eklenerek marine edilir ve 30 dakika dinlenmek üzere buzdolabına konur."", ""Bu arada mantar ve biber doğranır. İsteğe göre biraz taze fesleğen ve kuru soğan da eklenebilir sebzelerin arasına."", ""Daha sonra dinlenen hamur istenilen büyüklükte bezelere ayrılarak açılmaya başlanır. Bir tavada pişirilir."", ""Tavaya sıvıy ağ konur ve tavuklar yıkanmadan biraz süzülerek eklenip ocak açılır. Tavukların her tarafı beyazlaşınca yani pişince tereyağı eklenir. Sonra biber ve mantar eklenir."", ""Sebzeler de pişince baharatlar eklenir. En son krema eklenip, 5 dakika krema ile kısık ateşte pişirilir."", ""Malzemeleri birleştirmek için yağlı kağıt serili bir fırın tepsisi alınır."", ""Tek tek tortilla ekmeği konup arasına önce biraz kaşar sonra tavuklu harç üste yeniden kaşar konulur."", ""Hepsi yan yana dizilip fırına verilir. 180 derece fırında ekmekler çıtır olup kaşar eriyene kadar kontrollü pişirilir."", ""Servis edilirken üzerine salatalık turşusu göbek marul domates ve mayonez konulursa çok daha lezzetli olur. Afiyet olsun.""]"
dcf05368-cbd0-469c-9260-7f67171bf250,Arpa Şehriyeli Çorba,Turkey,"Lezzetli ve doyurucu arpa şehriyeli çorba, soğuk kış günlerinde içinizi ısıtacak",Çorba,"[""1/2 su bardağı arpa şehriye"", ""1 yemek kaşığı tereyağı"", ""6 su bardağı sıcak su"", ""1 çay kaşığı tuz""]","[""Tencereye arpa şehriyeleri ve tereyağını alıp kısık ateşte şehriyeleri kavurun."", ""Ardından üzerine sıcak suyunu ilave edip 5 dakika pişirin."", ""Terbiyesi için yumurta sarısı, yoğurt, su ve tuzu bir kasede çırpın."", ""Çorbanın suyundan birer kaşık terbiye karışımına ekleyip hızlıca karıştırın."", ""Ardından tüm karışımı çorbaya yavaş yavaş ekleyip sürekli olarak karıştırın."", ""Çorbayı kaynamaya bırakın."", ""Son olarak servis öncesinde arzuya göre üzerine baharatlı tereyağı kızdırıp dökebilirsiniz. Afiyet olsun!""]"
744e9629-26f0-42f7-a6ee-505ce37063ac,Şam Tatlısı,Turkey,"Şerbetli ve irmikli lezzetli bir tatlı olan Şam Tatlısı, çay saatlerinin vazgeçilmezi",Tatlı,"[""500 gram irmik"", ""1 su bardağı yoğurt"", ""1 çay kaşığı karbonat"", ""1 çay bardağı toz şeker""]","[""Şerbeti bir tencerede kaynatarak hazırlayın. Şam tatlısı için irmik, şeker, yoğurt ve karbonatı karıştırın."", ""Yağlanmış fırın kabınıza harcı yayın."", ""Pekmez ve tereyağı karışımını üzerine sürerek fırına verin. 180 derecede 30 dakika pişirin."", ""Çıkınca yer fıstıklarını üzerine dizin."", ""Ilındıktan sonra soğuk şerbeti üzerine dökün."", ""2-3 saat dinlendirilip servis edilir. Şam tatlısı hazır. Afiyet olsun.""]"
1e13021e-65e5-4970-93c2-0d31aefc3036,Dondurma Kekler,Turkey,"Pratik ve lezzetli dondurma kekler, hazır kek ve çikolata ile hazırlanan ferahlatıcı bir tatlı",Tatlı,"[""2 adet hazır kek"", ""300 gram sütlü kuvertür çikolata"", ""2 paket beyaz çikolata""]","[""Öncelikle derin bir kaseye 2 paket keki ufalayarak işe başlıyoruz."", ""Daha sonra 1 paket sıvı kremayı ocakta kaynatıyoruz. Kaynadığını gördüğümüz an altını kapatıyoruz."", ""İçine minik minik doğradığımız sütlü kuvertur çikolatayı ekleyip ganaj krema dediğimiz kremayı hazırlıyoruz."", ""Ganaj kreması oda sıcaklığına geldiğinde ufalanan keke kremayı ekleyip orta sertlikte hamur elde ediyoruz. Ne kadar eklememiz gerektiğini kontrol ederek dökün. Kıvam alana kadar keke kremayı dökebilir"", ""Daha sonra yağlı kağıt serdiğimiz bir tabağa kek hamurundan, dondurmaya benzeyecek şekilde kekler hazırlıyoruz."", ""Şekil verdiğimiz keklere yarım kestiğimiz dondurma çubuklarını geçiriyoruz."", ""Yarım saat donduktan sonra benmari usulu erittiğimiz beyaz çikolataya ile soğuk kekleri batırıyoruz ve yağlı kağıdın üzerine alıyoruz. Dilediğiniz malzeme ile süsleyebilirsiniz."", ""Ganaj çikolata ve dış kaplama çikolatası tercihinize kalmış. Afiyet olsun:)""]"
11cd501a-e9d8-4d42-befa-a4041f5e5516,Elmalı Turta,Turkey,Tereyağı ve sıvı yağ ile hazırlanan kıtır hamurun içine doldurulan tatlı elma dilimleriyle yapılan lezzetli bir elmalı turta,Ana Yemek,"[""125 gram tereyağı"", ""1/2 çay bardağı sıvı yağ"", ""10 yemek kaşığı toz şeker"", ""1 adet yumurta"", ""1/2 paket kabartma tozu"", ""1/2 paket vanilya"", ""3 su bardağı un"", ""2 yemek kaşığı un""]","[""Öncelikle tüm hamur malzemelerini bir kapta yoğuruyoruz."", ""Elde ettiğimiz yumuşak hamurun bir kısmını ayırıyoruz ve buzlukta 20-25 dakika kadar bekletiyoruz (Fırına vermeden üzerine serpiştirmek için)"", ""Hamurumuz dinlenirken bir tavaya kabuklarını soyup rendelediğimiz elmaları koyuyoruz. İçine şeker, tarçın ve cevizi de ekleyerek suyunu çekene kadar pişiriyoruz."", ""Dinlendirdiğimiz hamuru tezgaha alarak tart kalıbı genişliğinde açıyoruz ve yağladığımız tart kalıbının içine alıyoruz. Kabarmaması için çatalla kısmi yerlere delikler açıyoruz."", ""Tart kalıbının içindeki hamurumuzun içine elmalı harcı koyuyoruz ve buzlukta beklettiğimiz hamuru rendeleyerek heryerine serpiştiriyoruz"", ""Önceden ısıtmış olduğumuz 180 derecelik fırında 25-30 dakika kadar pişiriyoruz ve üzerine pudra şekeri ekleyerek servis yapıyoruz""]"
7a19ee6a-c73f-4635-86af-8b9421f016e5,Peynirli Çıtır Börek,Turkey,"Çıtır çıtır peynirli börek, hem pratik hem de lezzetli bir atıştırmalık",Börek & Hamur İşi,"[""3 adet yufka"", ""250 gram beyaz peynir"", ""1 su bardağı kaşar peyniri""]","[""İç harcı hazırlanır. Beyaz peynir ezilir. Kaşar peyniri ve maydonoz da eklenip karıştırılır."", ""Sosu için su sirke ve yağlar karıştırılır. Yufka tek kat açılır. Yuvarlak kenarları içeri katlanır. Büyük bir kare elde edilir. Kepçe yardımıyla sosun üçte biri aktarılır. Fırça yardımıyla yayılır."", ""Üzerine 1 tk nişasta süzgeç yardımıyla serpiştirilir. Peynirli harçtan yeteri kadar uç kısmına yerleştirilir ve rulo yapılır."", ""8 eşit parçaya bölünür. Yufkanız küçükse 6 ya da bölebilirsiniz. Tepsiye dizilir. Diğer 2 yufkaya da aynı işlem yapılır."", ""Yumurta sarısı pekmezle çırpılır ve böreklerin üzerine fırçayla sürülür. İsteğe göre susam ve çörek otu serpiştirilir."", ""Önceden ısıtılmış fırında alt üst ayarda 180 derecede üzerileri kızarana kadar pişirilir. Yaklaşık 25-30 dakika kadar."", ""Sıcak sıcak servis yapılır. Afiyet olsun.""]"
ce19db74-2ff3-480e-998c-5ed797f7daae,Kahveli Siyez Unlu Kurabiye,Turkey,"Geleneksel siyez unu ve zengin kahve aromasıyla harmanlanmış, sağlıklı ve lezzetli kurabiye tarifi",Tatlı,"[""2 adet yumurta"", ""200 gram Hindistan cevizi yağı"", ""200 gram şekersiz çikolata"", ""1 çay bardağı nişasta"", ""2 yemek kaşığı yoğurt"", ""1 çay kaşığı saf vanilya tozu"", ""1 paket kabartma tozu"", ""2 yemek kaşığı ham kakao"", ""1 tatlı kaşığı kahve"", ""2 su bardağı (tepeleme) siyez unu""]","[""Öncelikle çikolatamızı benmari usulü eritelim."", ""Bir kapta yumurta, yağ, yoğurt, kakao, kahve ve nişastayı çırpalım."", ""Üzerine erittiğimiz çikolatalamızı, unumu, kabartma tozu ve vanilyayı ekleyip karıştıralım."", ""180 derecelik fırında 15-20 dakika pişirin. Afiyet olsun.""]"
3aa2f330-a4ed-4bf7-aabe-c5d77547e2b4,Kakaolu Mini Cupcake,Turkey,Lezzetli kakaolu mini cupcake'ler hem çocukların hem de yetişkinlerin seveceği tatlı bir atıştırmalık,Ana Yemek,"[""3 adet yumurta"", ""1/2 su bardağı şeker"", ""1/2 su bardağı sıvı yağ"", ""1 çay bardağı süt"", ""2 yemek kaşığı kakao"", ""1 paket kabartma tozu"", ""1 paket vanilya"", ""2 su bardağı un""]","[""İlk olarak yumurta ve şekeri köpük köpük olana kadar çırpın. Sırasıyla diğer malzemelerinizi ekleyerek çırpın."", ""Yağlı kağıtları kalıbınıza yerleştirerek kek karışımını dökün. (Ben mini cupcake kalıbı kullandım.)"", ""180 derece fırında 20-25 dakika pişirin. (Mutlaka kürdanla kontrol ederek pişirin. Fırından fırına pişirme süresi değişebilir.)"", ""Krem şantinizi hazırlayıp dolaba koyun. Kekler soğuduktan sonra dilediğiniz şekilde süsleyebilirsiniz. Afiyet olsun.""]"
c99a28c4-23a0-46d1-aeaa-68f97d43a5b7,Yumurtasız Tuzlu Pancake,Turkey,Yumurtasız pratik bir tarifle hazırlanan hafif ve lezzetli tuzlu pancake,Kahvaltı,"[""1 su bardağı süt"", ""1,5 su bardağı un"", ""1/2 su bardağı su"", ""1 tatlı kaşığı kabartma tozu"", ""1/2 çay kaşığı tuz""]","[""Süt, su, un, kabartma tozu ve tuzu derince bir kapta bir çırpma teli yardımı ile güzelce karıştırın."", ""Hazırladığınız pancake karışımından hafifçe yağlanmış tavaya küçük yuvarlaklar oluşturacak şekilde azar azar dökün."", ""Alt tarafları kızarmaya başladığında tersini çevirin ve iki yüzünü de güzelce pişirin. Tüm malzeme bitene dek bu şekilde devam edin."", ""Hazırladığınız pancakeleri bir servis tabağına alın ve servis edin.Afiyetler olsun!""]"
cefc059d-8c77-488b-9270-3dd1d1a60d47,Köz Kırmızı Biber Kavurması,Turkey,Közlenmiş kapya biberlerin zeytinyağıyla harmanlandığı lezzetli ve pratik bir meze,Sebze Yemekleri,"[""1 kilogram kapya biber"", ""5 yemek kaşığı zeytinyağı"", ""2 çay kaşığı tuz"", ""5 yemek kaşığı yoğurt""]","[""Biberleri yıkayın ve ortalarına bıçakla birer delik açtıktan sonra yağlı kağıt serilmiş bir fırın tepsisine dizin."", ""Önceden ısıtılmış 200 derece fırına verin ve yaklaşık 35 dakika bu şekilde pişmeye bırakın. Ara ara kontrol edin."", ""Biberler közlendikten sonra kabuklarını soyun ve ince ince dilimleyin."", ""Bir tavaya yağı alın ve dilimlediğiniz biberleri tavaya alın. Üstüne tuzunu da ekleyin ve orta ateşte yaklaşık 15 dakika kavurun."", ""Biberler kavrulduktan sonra bir servis tabağına alın."", ""Yoğurtlu sos için; yoğurdu bir kaba alın, üstlerine sarımsakları rendeleyin. Tuzunu da ekleyip güzelce karıştırın."", ""Hazırladığınız yoğurtlu sosu, servis tabağına aldığınız biberlerin üstüne gezdirin. İnce ince doğradığınız maydanozlarla süsleyerek servis edin.""]"
7f27eb2c-b4fe-4853-ad1e-c49aaefd680d,Pastırmalı Meze,Turkey,"Pastırmanın lezzetini dövme ile buluşturan, pratik ve doyurucu bir meze",Meze,"[""15 adet pastırma"", ""1 yemek kaşığı sirke"", ""1/2 su bardağı dövme"", ""2 adet enginar"", ""2 yemek kaşığı tahin"", ""1 tatlı kaşığı hardal"", ""1/2 çay bardağı zeytinyağı"", ""1/4 adet limonun suyu""]","[""Nohut, sirke ve tahin mutfak robotundan pürüzsüz olana dek geçirilir."", ""Üzerine buğday, enginar sarımsak ve ceviz eklenerek tekrar robottan geçirilir."", ""Son olarak pastırma hariç kalan tüm malzemeler eklenerek robottan geçirilir."", ""Kaşıkla toplar yapılır. Pastırma tıpkı bir pelerin gibi kullanılarak bu topların üzerine giydirilir. Pastırmanız çok uzunsa ikiye kesebilirsiniz."", ""Üzerini kekikle süsleyebilirsiniz."", ""Ayarı tutturamayıp biraz sıvı yaptıysanız endişe yok. Nohut ve buğday bekledikçe çekecektir. Afiyet olsun.""]"
44a5026f-9365-45f6-9458-2889fe4799fa,Pişmiş Şeftali ve Bademli Tart Üzerinde Kavun Sorbe,Turkey,Pişmiş şeftali ve bademli tartın üzerine servis edilen ferahlatıcı kavun sorbe ile yaz aylarının vazgeçilmez tatlısı,Ana Yemek,"[""4 adet şeftali"", ""100 gram marzipan"", ""300 gram toz şeker"", ""300 gram tereyağı"", ""400 gram un"", ""2 adet yumurta"", ""3 adet yumurta sarısı"", ""1 gram vanilya esansı""]","[""Bol suda yıkadığınız şeftalileri, kabuğunu soymadan ortadan ikiye kesin. Çekirdeklerini çıkartın."", ""Seramik bir fırın kabına dizdiğiniz şeftalilerin üzerine 1 yemek kaşığı kadar toz şeker serpiştirin."", ""Üzerini alüminyum folyo ile kapattıktan sonra önceden ısıtılmış 180 derece fırında yumuşayana kadar pişirin."", ""Fırınlanmış şeftalileri, ılındıktan sonra buzdolabında soğutarak bekletin."", ""Un, kalan toz şeker, marzipan, yumurta, yumurta sarısı, tereyağı ve vanilya esansını bir arada yoğurun. Hazırladığınız hamuru 1 saat kadar buzdolabında bekletin."", ""Dolapta dinlenen hamuru, kişi sayısına orantılı olacak şekilde bölün. Altı santimetre çapında tart kalıplarına, hazırladığınız hamuru açın. Önceden ısıtılmış 180 derece fırında üzerleri kızarana kadar"", ""Servisinde kullanmak üzere kavun sorbeyi hazırlamak için; toz şekeri suda eritin. Limon suyu ve kavun püresi ile karıştırın."", ""Tüm malzemeyi blenderdan geçirin. -18 derecede muhafaza edin. Yoğun ve koyu bir kıvam alana kadar her 10 dakikada bir dondurma kıvamına gelene kadar kaşık yardımıyla karıştırın."", ""Pişen bademli tarta bir kalıp yardımıyla pürüzsüz bir şekil verdikten sonra servis tabağının ortasına alın."", ""Üzerine bir yemek kaşığı pastacılık kreması sürün ve çikolatalı ince kurabiyeyi yerleştirin. Bastırdıktan sonra üzerine yine bir yemek kaşığı pastacılık kreması sürün."", ""Fırınlanmış iki şeftali arasına hazırladığınız kavun sorbeden bir top yerleştirerek, kremanın üzerine oturtun."", ""Bir adet şekerli bisküvi kırığını tatlının üzerine serpiştirdikten sonra bekletmeden servis edin. Bu doyumsuz lezzeti sevdiklerinizle paylaşın.""]"
6bf29ea8-b89f-4ed7-a185-af6a0c3d6652,Baget Ekmek,Turkey,"Evde kolayca yapabileceğiniz, çıtır kabuğu ve yumuşak içiyle lezzetli baget ekmeği tarifi",Börek & Hamur İşi,"[""1 su bardağı soğuk su"", ""1 paket kuru maya"", ""1 tatlı kaşığı şeker"", ""1 tatlı kaşığı tuz"", ""500 gram un (aldığı kadar)""]","[""Su, şeker, tuz ve mayayı bir kaba alıp karıştırın."", ""Daha sonra içerisine yavaş yavaş unu ekleyip kulak memesi kıvamında bir hamur elde edip 1 saat mayalanmaya bırakın."", ""Mayalanan hamuru 3 eşit parçaya bölün ve elinizle açıp ikiye katlayın."", ""Kalan diğer parçaları da öyle yapın ve 30 dakika daha tepsi mayası yaptıktan sonra bir bıçak ile üzerilerine çizik atıp hafif un serpiştirin."", ""Önceden ısıtılmış 250 derece kızarana kadar pişirin. Afiyet olsun""]"
92b523aa-5cf4-47a6-a14e-965b3685ca35,Kuru Biber Kavurması,Turkey,"Geleneksel ve lezzetli kuru biber kavurması, soğan ve salça ile harmanlanmış enfes bir yemek",Sebze Yemekleri,"[""20 adet kurutulmuş biber"", ""1 adet kuru soğan"", ""1 tatlı kaşığı salça"", ""3 yemek kaşığı zeytinyağı""]","[""Bir tencereye 4-5 bardak su koyun ve su kaynamaya başladıktan sonra yıkadığınız biberleri içerisine atıp, 10 dakika kadar haşlanmaya bırakın."", ""Biberler haşlanırken, kuru soğanı ince ince doğrayın ve bir tavada ısıttığınız zeytinyağında doğradığınız soğanları soteleyin."", ""Soğanlar pembeleşince salçasını da ekleyerek, salçanın kokusu çıkana dek kavurun."", ""Haşlanmış olan biberleri süzün ve tavaya onları da ekleyin."", ""Bir kaç dakika daha kavurduktan sonra tuzunu ilave edin, bir servis tabağına alın ve ılık olarak servis edin.""]"
feab2808-531e-4e34-8f9d-d6c8ec8228dd,Mantar Kavurma,Turkey,Renkli biberlerle lezzetlenen pratik ve doyurucu mantar kavurma tarifi,Ana Yemek,"[""8-10 adet mantar"", ""3 adet paprika biber (yeşil, kırmızı, sarı)"", ""1 su bardağı sıvı yağ"", ""1 çay kaşığı tuz"", ""1 çay kaşığı karabiber""]","[""İlk olarak bir tavada hafif sıvı yağ ile küp küp doğranmış paprika biberler kavrulur."", ""Daha sonra üzerine doğranmış mantarlar ve baharatlar eklenip pişene kadar kavrulur."", ""Yanına kıtır ekmek ile beraber enfes bir lezzet ortaya çıkar, deneyin.""]"
a7f967e0-e2a8-414f-b2f9-3a9762f4c640,Çikolatalı Milföy,Turkey,"Pratik ve lezzetli çikolatalı milföy tarifi, sadece 3 adımda hazır!",Tatlı,"[""1 paket milföy hamuru"", ""4-5 yemek kaşığı (tepeleme) çikolata kreması"", ""2 tatlı kaşığı pudra şekeri""]","[""Milföy hamurlarını dikdörtgen şeklinde dilimlere böldüm. Çikolata kreması sürüp rulo yaptım. Ruloların uçlarına gelmeden, ortalarına uzunlamasına kesik attım."", ""Ortası kesik olan ruloları uçlardan birbirlerine birleştirip, yanlara doğru açarak kalp şekli verdim."", ""200 derece alt üst ayarda pişirdim. Pudra şekeri serperek servis ettim. Afiyet olsun.""]"
d28be44b-7a5f-40bf-a8e3-7874fc904d77,Düşes Yumurta,Turkey,Patates ve yumurta sarısıyla hazırlanan lezzetli ve kremsi Düşes Yumurta tarifi,Kahvaltı,"[""3 adet patates"", ""1/4 çay bardağı süt"", ""2 adet yumurta sarısı"", ""2 yemek kaşığı tereyağı"", ""1 tatlı kaşığı tuz"", ""1 çay kaşığı karabiber""]","[""Patateslerinizin kabuklarını soyun. İçi su dolu bir tencereye aktarın ve yumuşayana kadar haşlayın."", ""Patatesleriniz yumuşayınca ocaktan alın. 5-10 dakika bekletip ilk sıcağını atmasını bekleyin. Ardından hafif ılıkken içine tereyağı koyup patatesleri güzelce ezin."", ""Süt ve yumurta sarılarını da ilave ederek spatula yardımıyla karıştırın. Homojen bir püre elde edin. Ardından bu püreyi sıkma torbanıza aktarın. Sıkma torbasını buzdolabına koyun ve en az 15 dakika bu"", ""Ardından yağlı kağıt serili bir fırın tepsisinin üzerine sıkma torbası yardımıyla patates pürenizi sıkarak geniş bir daire elde edecek şekilde sıkın."", ""Üzerine birkaç kat daha çıkın. Ortalarında hafif bir boşluk bırakmaya özen gösterin. Bu şekilde 4 adet düşes patates elde edin."", ""Ardından önceden ısıtılmış fırına verip 15 dakika rengi hafif dönene kadar pişirin."", ""O sırada bir tavanın içerisine zeytinyağını ve ıspanakları alıp çok hafif soteleyin. Ocaktan almadan önce içerisine tuz ve karabiber ilave edin."", ""Pişen patatesleri fırından alın. Ortalarında bıraktığınız boşluğa yumurta kırın. Hafif tuz ve karabiber serperek yeniden fırına verin. 10-12 dakika daha pişirin. Patateslerinizin rengi hafif kızarmış"", ""Fırından çıkarıp kenarlarını sotelediğiniz ıspanaklarla süsleyin. Düşes yumurtalarınız servise hazır! Afiyetler olsun!""]"
8e15514e-1c10-4110-9cac-34c7df09b48f,Yumuşacık Yağsız Kek,Turkey,Yağsız olmasına rağmen yumuşacık dokusuyla büyüleyen pratik bir kek tarifi,Tatlı,"[""3 adet yumurta"", ""1 su bardağı toz şeker"", ""1,5 su bardağı süt"", ""2 yemek kaşığı yoğurt"", ""1 paket kabartma tozu"", ""2 paket vanilya"", ""2,5 - 3 su bardağı un""]","[""Yumutaları bir kabın içerisine kırın. Üzerine toz şeker ilave edin. Çırpıcı yardımıyla 3-4 dakika kadar güzelce çırpın."", ""Ardından süt ve yoğurt ilave ederek çırpmaya devam edin."", ""Kabartma tozu ve vanilyayı da ilave edin. Unu eleyerek azar azar ilave edin, pürüzsüz bir kıvam alana kadar çırpın. Akışkan kıvamda, orta koyulukta bir kek harcı elde edin."", ""Son aşamada isteğe bağlı olarak fındık ekleyin ve spatula yardımıyla güzelce karıştırın. Yağlanmış unlanmış kek kalıbına aktarın."", ""180 derecede önceden ısıtılmış fırında 30-35 dakika kadar pişirin. Pişince çıkarıp oda sıcaklığında soğumaya bırakın. Soğuttuktan sonra dilimleyerek servis edin. Afiyetler olsun!""]"
f5ab08df-dfde-417f-99c5-a9e20ac136c2,Pırasalı Mısır Unlu Muffin,Turkey,"Hafif ve lezzetli pırasalı mısır unlu muffinler, pratik atıştırmalık veya kahvaltı alternatifi",Ana Yemek,"[""2 adet yumurta"", ""1 su bardağı yoğurt (biraz sulu)"", ""3 dalpırasa (üst beyaz kısımları kullanılacak)"", ""1/2 çay bardağı zeytinyağı"", ""2 yemek kaşığı tulum peyniri"", ""1 tatlı kaşığı çörek otu"", ""1 silme çay kaşığı karbonat"", ""1 silme tatlı kaşığı tuz"", ""10 yemek kaşığı mısır unu""]","[""Yumurtayı mikserle iyice çırpın."", ""Pırasa hariç tüm malzemeleri ekleyip kaşıkla karıştırın."", ""Muffin kaplarına dökün."", ""Üzerini çörek otu ile süsleyip önceden ısıtılmış fırında 25 dakika pişirin. Afiyet olsun.""]"
f3cdf1bd-bf4c-4d58-94ea-1c225bedc514,Pratik Soğan Çorbası,Turkey,Lezzetli ve doyurucu pratik soğan çorbası,Çorba,"[""1 adet soğan"", ""3 yemek kaşığı sıvı yağ"", ""1 çay kaşığı şeker"", ""2,5 su bardağı su"", ""1 çay kaşığı karabiber"", ""1 çay kaşığı tuz""]","[""Öncelikle soğanları yarım piyazlık doğrayın daha sonra yüksek ateşte tavada sıvı yağı kızdırın ardından soğanları ekleyiniz. Karamelize olacak şekilde ve ocağın altını en kısık ateşe alınız."", ""Soğanlar hafiften pişmeye başlayınca 1 çay kaşığından az toz şeker atınız ayrıca tavada soğanlar yağı çektikçe az su ekleyebilirsiniz ki soğanlar yanmasın."", ""Ardından pişen soğanları çorba tenceresine aktarınız ve suyu ekleyiniz, karıştırınız rengini vermeye başlayacaktır son olarak karabiber ve tuzu ilave edip karıştırınız."", ""Kaynayan çorbanızın içine hazırladığınız flambe sosu (opsiyonel) çorbanıza ilave ediniz ve ocağın altını kapatınız. Afiyet olsun.""]"
48f68398-b0b3-45eb-a8b3-ba59eae22864,Yumurtalı Çiğ Köfte,Turkey,Geleneksel çiğ köfte tarifinin yumurta ile zenginleştirilmiş pratik ve lezzetli versiyonu,Et Yemekleri,"[""2 çay bardağı köftelik bulgur"", ""1 adet küçük boy soğan"", ""1 yemek kaşığı domates salçası"", ""1/2 yemek kaşığı biber salçası"", ""1 çay kaşığı tuz"", ""1 çay kaşığı karabiber"", ""1 çay bardağı isot"", ""1/2 adet limon"", ""2 adet yumurta"", ""1 çay bardağı zeytinyağı""]","[""Bulgur, isot, minik minik doğranmış soğan, sarımsak, tuz, karabiber ve limon bir tepsiye alın. Elinizi ara ara ıslatarak bulguru yoğurun."", ""Bulgur yumuşayınca limonları alın."", ""Ardından içerisine yeşillikleri de ilave ederek yoğurun."", ""Bir tavaya zeytinyağının bir kısmını alın. Yumurtaları çırparak pişirin."", ""Pişince yumurtayı köftenin üzerine ilave edin. Kalan yağı da ekleyerek güzelce yoğurun."", ""Bol yeşillikle servis edin. Afiyetler olsun.""]"
69d3d5f0-f27b-4bc7-8668-697c9c277c67,Patates Çorbası,Turkey,"Kremamsı ve doyurucu patates çorbası, soğuk kış günlerinde içinizi ısıtacak",Çorba,"[""1 adet yumurta sarısı"", ""1 adet soğan"", ""2 adet patates"", ""1 çay bardağı yoğurt"", ""1 adet limon"", ""2 su bardağı tavuk suyu"", ""4 su bardağı su"", ""1 adet büyük diş sarımsak"", ""1 çay kaşığı karabiber"", ""1 çay kaşığı pul biber"", ""2 çay kaşığı toz kırmızı biber""]","[""İlk olarak patates, soğanı ve sarımsağı gelişigüzel kesip zeytinyağı ile kavuruyoruz."", ""Tavuk suyunu ve normal suyunu ekleyip patatesler pişene kadar kaynatıyoruz."", ""Üzerine baharatları ve tuzunu ekliyoruz."", ""Çorbanın terbiyesi için ayrı bir kaba yoğurdu, unu,yumurta sarısını ve üç dört damla limon suyunu ekleyip homojen hale getiriyoruz karışımı."", ""Kaynayan sudan azar azar alarak kapta olan yoğurtlu karışıma ekleyip terbiyesini yapıyoruz.Daha sonra karışımı çorba tenceresine boşaltıyoruz."", ""Çorbayı blenderdan geçiriyoruz bu arada çorbanın kesilmemesi lazım ondan dolayı dikkat ediyoruz."", ""Üzeri için zeytinyağı ve toz kırmızı biberi kızdırıyoruz. Üzerine döküp servis edin. Afiyetler olsun!""]"
598b187a-eedc-48c5-abc5-e26b69f73d63,Pırasalı Mısır Unlu Börek,Turkey,"Pırasa ve havuçla lezzetlendirilmiş, mısır unuyla hazırlanan pratik ve nefis börek tarifi",Börek & Hamur İşi,"[""4 adet pırasa"", ""2 adet yumurta"", ""1 adet havuç"", ""1,5 su bardağı mısır unu"", ""1/2 su bardağı süt"", ""1/2 su bardağı sıvı yağ"", ""1 paket kabartma tozu"", ""1 çay kaşığı karabiber"", ""1 çay kaşığı tuz""]","[""Pırasaları ince ince doğrayın, rendelediğiniz havuç ile birlikte 3 yemek kaşığı sıvı yağda sebzeler yumuşayana kadar kavurun."", ""Kavrulan sebzelerin üzerine bir çay kaşığı karabiber ekleyip güzelce karıştırın ve soğumaya bırakın."", ""Bir karıştırma kabının içinde yumurtaları koyup hafifçe çırpın, sonra süt ve sıvı yağı ekleyin."", ""Karışımın içine, mısır unu, tuz ve kabartma tozunu ekleyip güzelce karıştırın. Son olarak, soğuyan kavrulmuş sebzeleri ekleyip bir spatula yardımıyla güzelce karıştırın ve orta boy yuvarlak bir borcam"", ""Harcı, önceden ısınmış 170 derece fırında yaklaşık yarım saat pişirin. Soğuduktan sonra dilimleyip servis edebilirsiniz. Afiyet olsun.""]"
400c02ee-c5eb-4429-abfa-c1565de69b2b,Gendime Çorbası,Turkey,"Geleneksel ve besleyici bir Türk çorbası olan Gendime Çorbası, buğday ve yoğurtla hazırlanan doyurucu bir lezzettir",Çorba,"[""1/2 su bardağı buğday"", ""1 litre su"", ""1 çay bardağı yoğurt"", ""1 adet yumurta sarısı"", ""1 yemek kaşığı un"", ""1/2 tatlı kaşığı tuz""]","[""Gendime çorbası için buğdayı 1 litre suda haşlayın."", ""Pişince altını kısın. Bir kapta yoğurt, yumurta sarısı ve unu çırpın."", ""Kesilmesini önlemek için aşurelik buğdayın kaynayan suyundan 1 kepçeyi, hazırladığınız karışıma ekleyin ve 1-2 kez karıştırın."", ""Sonra tencereye boşaltın."", ""Bir kapta tereyağını yakmadan kızdırın."", ""Çorba biraz kaynadıktan sonra tuzunu ilave edin."", ""Servis tabağına alın. Naneli tereyağını gezdirin. Afiyet olsun!""]"
564f5658-7bb1-4b1c-a891-1cba31a5aba9,İncir Uyutması,Turkey,"Geleneksel ve lezzetli İncir Uyutması tatlısı, kuru incirlerin sütle harmanlanmasıyla hazırlanan kolay bir tatlıdır",Ana Yemek,"[""1 su bardağı süt"", ""4 adet kuru incir"", ""Etimek Tatlısı Tarifi"", ""Damla Çikolatalı Kurabiye"", ""Tatlı Tarifleri Spoonful Mozaik Pasta Çikolatalı Sufle İrmik Helvası Fırın Sütlaç Profiterol Revani Magnolia"", ""Kahvaltılık Tarifler Pancake Krep Pişi Kuymak Kaygana Kahvaltılık Sos Menemen Muhlama Yumurtalı Ekmek Omlet"", ""Omlet""]","[""İncirleri sıcak suda yarım saat kadar bekletiyoruz, sonra yumuşayınca küp küp doğruyoruz."", ""O esnada süt ısıtarak kaynama noktasına geldiğinde altını kapatıyoruz. Süt el yakmayacak kıvama geldiğinde doğradıgımız incirleri ilave ediyoruz, dilerseniz burada biraz tarçın da ekleyebilirsiniz."", ""Ardından tüm malzemeyi blenderdan geciriyoruz, hazırladığımız karışımı kaplara paylaştırarak üzerine streç film sarıp, havlu örtüyoruz."", ""150 derecede 10 dakika ısıtılıp kapatılmış (ılık olacak) fırında 2 saat kadar fermente ediyoruz. Koyulaşıp mayalanan tatlıyı sonrasında bir sürede dolapta bekletiyoruz ve efsane bir lezzete hazır oluy""]"
85e40a88-daa0-4430-9464-55d0e83fea29,Sütlü Patates Çorbası,Turkey,"Kremamsı dokusuyla sizi ısıtacak, lezzetli ve doyurucu bir çorba",Çorba,"[""1 adet soğan"", ""2 adet orta boy patates"", ""3 yemek kaşığı sıvı yağ"", ""1 yemek kaşığı un"", ""1/2 su bardağı süt"", ""1 çay kaşığı tuz"", ""1 çay kaşığı karabiber"", ""4 su bardağı sıcak su (ya da et suyu)""]","[""Yağı tencereye alıp üzerine soğanları ekleyip 1-2 dakika kavuruyoruz. Unu ilave edip onu da kavurduktan sonra doğranmış patates ve tuzunu ekliyoruz."", ""Su yada et suyunu da katıp patatesler yumuşayıp kıvam alana kadar pişiriyoruz."", ""Ocaktan almadan 2-3 dakika önce de süt ve karabiberi ekleyip blender ile pürüzsüz hale gelene kadar çırpıyoruz."", ""Üzerine biberli naneli tereyağ ekleyip servis yapıyoruz. .""]"
fd9995d6-4712-4382-bf0a-32380de4e64b,Etimekli Yalancı Profiterol,Turkey,"Pratik ve lezzetli Etimekli Yalancı Profiterol, krem şanti ve etimeklerin harika uyumuyla hazırlanan ferahlatıcı bir tatlı",Et Yemekleri,"[""1,5 paket tuzsuz etimek"", ""2 paket krem şanti"", ""1 su bardağı soğuk süt"", ""1 paket çikolata sosu""]","[""Bir bardak soğuk süt ile 2 paket sade krem şantiyi bir mikser yardımı ile çırpın ve soğumaya bırakın."", ""Süt, un ve toz şekeri bir tencereye alın ve karıştırarak, muhallebi kıvamına gelene dek pişirin."", ""Muhallebinin üstüne kabuk tutmaması için streç film çekin ve 15-20 dakika oda sıcaklığında soğumaya bırakın."", ""Soğuyan muhallebiye krem şantiyi ilave ederek mikser yardımıyla karıştırın."", ""Bir tepsiye etimekleri küçük küçük parçalıyoruz."", ""Hazırladığınız kremayı üstlerine dökün ve üstünü bir spatula yardımı ile düzleştirin."", ""Toz çikolata sosu 2, 5 su bardağı süt ile tencereye koyulur, sürekli karıştırılarak kaynaması sağlanır."", ""Ocaktan alınır ara ara kabuk tutmaması için karıştırılarak soğutulur."", ""Üzerine tamamen soğuyan çikolata sosu dökülür. Afiyet olsun.""]"
8409cc86-efcd-402a-9110-39c2e984b926,Haşhaşlı Şekerpare,Turkey,"Haşhaşlı şekerpare, çay saatlerinin vazgeçilmez lezzetlerinden biri olan, üzerine dökülen şerbetiyle damakları çatlatan bir tatlıdır",Ye,"[""150 gram tereyağ"", ""1/2 çay bardağı sıvı yağ"", ""1 çay bardağı pudra şekeri"", ""1 çay bardağı irmik"", ""1/4 çay bardağı mavi haşhaş tohumu"", ""3 adet yumurta (birinin sarısı üzerine)"", ""1 paket kabartma tozu"", ""1 paket vanilin""]","[""Yumurta, yağlar, pudra şekeri, irmik, haşhaş bir kaba alıp yoğurmaya başlayın. Ardından un, kabartma tozu ve vanilin de ekleyip, ele yapışmayan hamur elde etmeye özen gösterin."", ""Her biri 30 grlık 30 adet şekerpare çıkarın. Üzerine yumurta sarısı sürülüp çatalla iz yapın."", ""Önceden ısıtılmış 160 derece fırına verip yaklaşık 25 dakika pişirin. Bu esnada şerbeti için su ve şekeri kaynatmaya başlatın. Limonu da ekleyip kısık ateşte kaynatmaya devam edin."", ""25 dakika sonra pişen şekerpareleri fırından alın. Sıcak tatlıya ocaktaki kaynar şerbeti dökün. Soğuyana ve şerbeti çekene kadar bekleyin.""]"
a783b6f7-8d4c-4530-9bb7-1459c6794aad,Köz Patlıcanlı Tava Böreği,Turkey,"Köz patlıcanların lezzetli aromasıyla hazırlanan, pratik ve doyurucu bir tava böreği",Börek & Hamur İşi,"[""2 adet közlenmiş patlıcan (bostan patlıcanı) (bıçakla küçük parça lara bölünmüş)"", ""1 adet yumurta"", ""4 yemek kaşığı zeytinyağı"", ""1 çay bardağı bulgur (haşlanmış) (dilerseniz kullanmayabilirsiniz)"", ""1 paket kabartma tozu"", ""1 çay kaşığı tuz"", ""1/2 çay kaşığı karabiber"", ""1 su bardağı kaşar peyniri""]","[""Peynir hariç malzemeleri iyice karıştırın."", ""Malzemenin yarısını yağlanmış tavaya yayın."", ""Üstüne kaşar peynirini yayın. Ben 5 adet dilim kaşar koydum."", ""Üstüne kalan malzemeyi yayın tavanın kapağını kapatıp kısık ateşte altı pişene kadar pişirin."", ""Sonra tabak yardımıyla ters çevirin, tavayı tekrar yağlayıp dikkatli bir şekilde dağıtmadan karışımı tavaya kaydırın."", ""Aynı şekilde altı pişene kadar ateşte tutun. Servis tabağına alt üst edip çevirerek geçirin, ılınınca servis yapın. Afiyet olsun.""]"
65dd23e1-3691-4c49-b036-383c42e77400,Fırında Karnabahar,Turkey,"Fırında karnabahar, keçi peyniri ve ekmek kırıntısıyla hazırlanan lezzetli ve pratik bir tariftir",Ye,"[""1 adet karnabahar"", ""1 çay bardağı ekmek kırıntısı"", ""1 çay bardağı keçi peyniri"", ""1 çay kaşığı biberiye"", ""1 çay kaşığı kekik"", ""1 çay kaşığı kurutulmuş zahter"", ""1 çay kaşığı fesleğen"", ""2 adet yumurta"", ""1 çay kaşığı tuz""]","[""Karnabaharın çiçeklerini tek tek çıkarıp yıkayalım."", ""Ayrı bir kapta ekmek kırıntısı, peynir, tuz, kekik, zahter ve fesleğeni karıştıralım."", ""Karnabahar çiçeklerini önce yumurtaya sonra da baharatlı karışıma batırıp yağlı kağıt serilmiş fırın tepsisine yerleştirelim."", ""Bütün çiçekler bitince önceden ısıtılmış 200°C fırında yaklaşık 30 dakika pişirelim."", ""Piştiğini kontrol edip fırından çıkarın. Sıcak sıcak servis yapabilirsiniz.""]"
ae02b537-23cb-4feb-8875-4602411afd66,Mandalinalı Ters Yüz Kek,Turkey,"Ters yüz tekniği ile hazırlanan, mandalinaların tatlılığı ve tereyağının lezzetiyle harmanlanan muhteşem bir kek tarifi",Ye,"[""2 yemek kaşığı tereyağı"", ""4 yemek kaşığı toz şeker"", ""6 adet mandalina""]","[""Yapışmaz tavanın tabanına dört yemek kaşığı şekeri koyun ve karamel rengi alana kadar bekleyin."", ""Sonrasında erimiş iki yemek kaşığı tereyağı ekleyin ve üzerine yarıya bölünmüş mandalinaları dizin."", ""Yumurta ve şekeri köpürtün sırası ile tereyağı, sıvı yağ ve sütü ekleyin. Sonrasında kuruları ekleyebilirsiniz. Un, toz fındık, kabartma tozu ve vanilini spatula yardımı ile karışıma yedirin."", ""Kek karışımını mandalinaların üzerine dökün ve kapağı kapalı şekilde çok kısık ateşte 20-25 dakika pişirin. Kekinizin altını kapatmadan önce pişip pişmediğini kürdan ya da bıçak yardımı ile kontrol ed"", ""Altını kapatıp bir süre dinlendirin. Dinlenmiş keki büyük bir tabağa ters çevirin, dilerseniz nar ve nane yaprakları ile süsleyebilirsiniz. Mandalinalı kek hazır. Afiyet olsun.""]"
6b2ee2a6-c7d5-4d6f-9bb8-ae784bb0b339,Kolay Fırında Yoğurt,Turkey,Ev yapımı yoğurdu fırında pratik bir şekilde hazırlayın. Kremamsı dokusu ve zengin lezzeti ile sofralarınızın vazgeçilmezi olacak,Ye,"[""1 litre süt"", ""1 tepeleme yemek kaşığı yoğurt"", ""1 tatlı kaşığı şeker"", ""1 çay kaşığı tuz""]","[""Öncelikle sütü iyice köpürene kadar kaynatıyoruz. Arada tahta kaşıkla karıştırıyoruz."", ""Sütte oluşan kaymağı da ayırıp, kaynayan sütü kapatıp soğumaya bırakıyoruz."", ""Oda sıcaklığındaki yoğurda şeker katıp iyice karıştırın. Bu karışıma ılık sütten de bir kepçe alıp karıştırın, sonra da hepsini süte katıp karıştırın."", ""Sütü tahta kepçeyle kavanozlara boşaltın. Kavanozların kapaklarını kapatmadan, 70 dereceye ayarladığınız fırına 1 saatliğine koyun."", ""1 saatin sonunda fırını kapatın ve kavanozları yaklaşık 6-7 saat fırında bırakın. Sürenin sonunda kavanozların üzerini kağıt peçeteyle kapatıp üzerine kapaklarını koyun ki dolapta sulanmasın. Afiyet o""]"
8e5e2cee-8826-48d0-b7c8-87b5ff3482e8,Söğürmeli Kebap,Turkey,"Söğürmeli Kebap, dana kıyma ve rendelenmiş soğanın mükemmel uyumuyla hazırlanan, lezzetli ve pratik bir kebap tarifidir",Ye,"[""500 gram dana kıyma"", ""1 adet soğan (rendelenmiş)"", ""2 çay kaşığı tuz"", ""1 çay kaşığı karabiber"", ""1 tatlı kaşığı kırmızı toz biber"", ""2 yemek kaşığı sıvı yağ""]","[""Geniş bir kaseye kıyma, rendelenmiş soğan, baharatlar, maydanoz ve sıvı yağ ekleyip güzelce karıştırın."", ""Kıyamlı harçtan küçük köfteler hazırlayıp kızgın tavada kızartın."", ""Közlenmiş ve kabukları soyulup doğranmış patlıcan, domates ve biberi bir kaseye aktarın. Zeytinyağı ve tuzla tatlandırıp karıştırın."", ""Servis tabağına önce hazırladığınız közlenmiş sebze ezmesini yayın. Köfteleri üzerine dizin. Arzuya göre közlenmiş domates ve patlıcanla süsleyin."", ""Son olarak kebabın üzerine kızdırılmış tereyağı gezdirip sevdiklerinizle afiyetle tüketin.""]"
fdaefbad-d4c0-4e0d-b1d8-853389ff06cc,Brownie,Turkey,"İçinden damla gibi çikolata akan, dışı çıtır içi yumuşak lezzetli brownie tarifi",Ana Yemek,"[""300 gram bitter çikolata"", ""100 gram tereyağı"", ""3 adet yumurta"", ""3/4 su bardağı toz şeker"", ""100 gram un (1 su bardağı ndan bir parmak eksik)"", ""2 yemek kaşığı kakao"", ""1 paket vanilya""]","[""Bitter çikolata ve tereyağını benmari usulü eritin. Ayrı bir kapta yumurta, tuz ve toz şekeri karıştırın. Ve bu karışıma benmari usulü erittiğiniz çikolatayı ekleyin."", ""Son olarak un, vanilya ve kakaoyu ilave edip karıştırın. Üzerinin güzel kabuk tutması için bu aşamada çok fazla çırpmamaya özen gösterin. Karışması yeterli."", ""Daha sonra 20 cm kare ve yuvarlak bir kalıba alın ve 175 derece fırında yaklaşık 30 dakika pişirin."", ""Ben brownie’yi hafif yaş sevdiğim için 30 dakika pişiriyorum. Siz içerisini daha pişmiş seviyorsanız 35-40 dakika pişirebilirsiniz.""]"
635784e3-7d79-4ff8-bde5-198f131a3a7d,Havuçlu Kek,Turkey,"Nemli ve lezzetli havuçlu kek, çay saatlerinin vazgeçilmezi",Ye,"[""250 gram un (yaklaşık 2,5 su bardağı)"", ""3 adet yumurta"", ""1 bardak şeker"", ""1 çay bardağı sıvı yağ"", ""1 çay kaşığı vanilya özütü"", ""1 bardak yoğurt"", ""1 paket kabartma tozu"", ""1 adet büyük boy havuç"", ""1 tatlı kaşığı tarçın""]","[""Önce şeker ve yumurtayı köpürsene kadar güzelce çırpıyoruz."", ""Yoğurt ve sıvı yağ ilavesi yapıp çırpmaya devam ediyoruz."", ""Vanilya özütünü de katıp harcı güzelce karıştırıyoruz."", ""Un ve kabartma tozunu kendi içinde harmanlıyoruz."", ""Unlu karışımı kek harcımıza ekliyoruz ve spatulayla malzemeleri karıştırıyoruz."", ""En son rendelenmiş havuç ve tarçını da harca ilave edip homojen dağılımı sağlıyoruz."", ""Yağlanmış kek kalıbına karışımı döküyoruz."", ""Önceden ısınmış 180 derece fırında yaklaşık 30 dakika pişiriyoruz. Kürdan testi yapıyoruz. Eğer kürdan temiz çıkarsa kekimiz pişmiştir. İlk sıcaklığı geçince kalıptan çıkarıyoruz. Afiyet olsun.""]"
e9ac5c0f-addb-4dc7-a63c-dd8dd677425e,Cennet Elmalı Fit Tatlı,Turkey,"Sağlıklı ve lezzetli bir tatlı arıyorsanız, bu cennet elmalı fit tatlı tam size göre! Az malzemeyle hazırlanan bu pratik tarif, tatlı krizlerinizi bastırmak için ideal",Tatlı,"[""150 mililitreyarım yağlı süt"", ""2 yemek kaşığı (tepeleme) yulaf ezmesi"", ""1/2 adet cennet elması (iyice olgunlaşmış/yumuşamış olmalı)"", ""1 tatlı kaşığı tahin"", ""1 çay kaşığı tarçın""]","[""Süt ve yulaf ezmesini küçük bir tencere veya cezvede koyulaşana kadar karıştırın."", ""Yarım cennet elmasını 2'ye bölün. Çatal yardımı ile ezin. Ben ezdiğim cennet elmasının yarısını altına kalanını üzerine koyarak yemeği tercih ettim, siz isterseniz tamamını altına veya üzerine koyabil"", ""Pişirdiğiniz yulafı kaseye alın ezdiğiniz cennet elması ile buluşturun. Üzerine biraz tarçın ve tahin ekleyin. Fit tatlınız hazır. Kendisi sadece 228 kalori hem de çok besleyici. :)""]"
6e225325-ca27-45c1-99c4-e58f155e6f72,Düdüklüde Ezogelin Çorba,Turkey,Düdüklü tencerede pratik ve lezzetli ezogelin çorbası,Çorba,"[""1,5 su bardağı kırmızı mercimek"", ""1/2 çay bardağı bulgur"", ""2-3 yemek kaşığı pirinç"", ""2 adet kuru soğan"", ""1 çay kaşığı tuz"", ""1 çay kaşığı kuru nane"", ""1 çay kaşığı karabiber"", ""1 yemek kaşığı biber salçası"", ""1 tatlı kaşığı domates salçası"", ""1 yemek kaşığı tereyağı"", ""4 su bardağı et suyu""]","[""İlk olarak soğan ve sarımsağı ince ince doğrayıp düdüklü tencereye atıyoruz. Yağda hafif çevirdikten sonra üzerine bakliyatları döküp karıştırıyoruz."", ""Daha sonra baharatları ve salçamızı ilave edip üzerine et suyumuzu ekliyoruz. Kısık ateşte kapağı kapalı, kokusu çıkana kadar pişiriyoruz."", ""Daha sonra dikkatli bir şekilde düdüklü tenceremizin havasını alıp kapağını açıyoruz."", ""Çırpma teli ile biraz karıştırıp servise hazırlıyoruz. Afiyet olsun.""]"
8c613b7a-794b-4027-a6db-c44f288753e7,Yağsız Karnıyarık,Turkey,"Yağsız karnıyarık, sağlıklı ve lezzetli bir Akdeniz mutfağı klasiğidir. Zeytinyağı ile hafifletilmiş harcıyla damakları şenlendirir",Ye,"[""5 adet patlıcan"", ""4 yemek kaşığı zeytinyağı"", ""400 gram kıyma"", ""1 yemek kaşığı domates salçası"", ""3 adet domates"", ""1 adet soğan"", ""1 çay kaşığı karabiber"", ""1 çay kaşığı toz kırmızı biber"", ""1 çay kaşığı tuz"", ""2 yemek kaşığı zeytinyağı""]","[""Patlıcanların kabuklarının çok az bir kısmını soyacak yardımıyla soyun. Patlıcanlarınız tam alacalı olmasın ve saplarını çıkarmayın."", ""Ardından bu patlıcanları tuzlu suyun içerisinde yaklaşık 15 dakika kadar bekletin. Acılığı çıkınca suyunu süzdürün ve patlıcanları kağıt havlu ile güzelce kurulayın."", ""Kuruladığınız patlıcanları kapaklı bir tavanın içerisine alın. Patlıcanlarınızın üzerine zeytinyağı gezdirin. Tavanın kapağını kapatın ve ara ara patlıcanlarınızı döndürerek kapağı kapalı bir şekilde"", ""Yumuşayan patlıcanlarınızı tavadan alın ve fırın kabının içerisine yan yana olacak şekilde dizin. Bıçak yardımıyla ortadan ikiye yarın ve iç kısmını doldurmak için hafifçe aralayın."", ""İç harcı için; soğanları zeytinyağı ile birlikte tavaya alın. Kavurmaya başlayın. Ardından kıymayı ekleyin ve onu da kavurun."", ""Rendelenmiş domates, rendelenmiş sarımsak ve domates salçasını da harca ekleyip güzelce karıştırın."", ""Biraz suyunu çekmeye başlayınca tuz ve baharatlarını da ilave edip ocaktan alın. Patlıcanların içerisine pay edin."", ""Su ve salçayı güzelce karıştırın. Ardından hazırladığınız bu sosu patlıcanların üzerine gelmeyecek şekilde fırın kabının içerisine dökün."", ""180 derecede ısıtılmış fırında patlıcanlar güzelce yumuşayana kadar 15 dakika kadar pişirin. Çıkarıp üzerine kıyılmış maydanoz serperek servis edin. Afiyetler olsun!""]"
3858ca48-f91e-44fa-a051-ee40e9db571f,Zeytinyağlı Kereviz,Turkey,"Sağlıklı ve lezzetli zeytinyağlı kereviz, sebzelerin doğal tatlarını bir araya getirir",Ye,"[""2 adet kereviz"", ""2 adet patates"", ""1 adet havuç"", ""1 adet soğan"", ""1 adet limon"", ""1 adet portakal"", ""1 çay kaşığı tuz"", ""1/2 su bardağı zeytinyağı"", ""1 yemek kaşığı un""]","[""Sebzeler yıkanır ve soyulur. İri küpler halinde kesilir. Soğan küçük küp olarak kesilir"", ""Çiğden kereviz, patates, havuç ve soğan bir tencereye konur. 1 su bardağı su ve 1 tatlı kaşığı tuz eklenir."", ""Ben yarım su bardağı zeytinyağı kullandım. 1 yemek kaşığı un az suyla açılır ve tencereye ilave edilir. 15 dakika kısık ateşte pişirilir."", ""Portakal ve limon sıkılır. Maydanoz doğranır. Pişen yemeğe portakal ve limon suyu ilave edilip karıştırılır.""]"
885d168b-6719-4da9-9ef7-c01e3bda3c82,Elmalı Bademli Kek,Turkey,"Elma ve bademin muhteşem uyumuyla hazırlanan, yumuşacık dokulu ve lezzetli bir kek tarifi",Ye,"[""75 gram tereyağı"", ""3 adet yumurta"", ""1/2 su bardağı toz şeker"", ""1 su bardağı toz badem"", ""3 adet elma"", ""1 paket kabartma tozu"", ""1 paket vanilya""]","[""Tereyağını eritip ılımaya bırakın."", ""Yumurta ve şekeri mikserle 4-5 dakika kadar çırpın."", ""Tereyağı ve kuru malzemeleri yumurta-şeker karışımına ekleyip güzelce karıştırın."", ""Elmaların kabuklarını soyduktan sonra rendenin ince kısmıyla karışımın içine rendeleyin."", ""20 cm’lik kek kalıbının tabanını yağlı kağıtla kaplayarak hamurunuzu üzerine yayın."", ""Önceden ısıtılmış 180 derece fırında 30 dakika pişirin ve kekinizi ılımaya bırakın.""]"
e1c448f3-53cb-49e4-bf4d-101b1e4128c9,Kakaolu Tereyağlı Kurabiye,Turkey,Tereyağının yumuşacık dokusu ve kakao'nun zengin lezzetiyle damaklarda iz bırakan pratik kurabiye tarifi,Ye,"[""200 gram oda sıcaklığında tereyağı"", ""1 su bardağı pudra şekeri"", ""1 paket vanilya"", ""1 paket kabartma tozu"", ""1 çay bardağı nişasta"", ""2,5 su bardağı un"", ""1 yemek kaşığı kakao (hamuru ikiye böldükten sonra)""]","[""Tüm malzemeleri bir kaba koyup unu azar azar ekleyerek yumuşak bir hamur yoğurun."", ""Hamuru ikiye bölüp yarısına kakao ekleyip yoğurun. Beyaz ve kakaolu hamuru ayrı buzdolabı poşetlerine koyun."", ""30-40 dakika buzdolabında bekletin."", ""Dinlenen hamuru oklava yardımıyla açıp, istediğiniz kalıpları kullanarak şekiller verin."", ""180 derecede yarım saat kontrollü pişirin. Afiyet olsun.""]"
4ce0f1ab-2bf3-4c35-9db1-5f3d09cbe46f,Tavada Yumurtalı Tost,Turkey,"Tavada yumurtalı tost, kahvaltıların vazgeçilmezi pratik ve lezzetli bir tarif",Ye,"[""2 adet çırpılmış yumurta"", ""1,5 yemek kaşığı tereyağı"", ""1/2 yemek kaşığı sıvı yağ""]","[""Bir dilim tost ekmeğini tezgaha yerleştirin. Üzerine bir dilim kaşar peyniri ve burger peyniri ekleyin."", ""Ardından yine birer dilim dana jambon ve hindi füme ekleyin."", ""Daha sonra önceden eklediğiniz malzemelerden birer dilim daha tostun üzerine serin ve üzerini tost ekmeği ile kapatın."", ""Bir kaseye çırpılmış yumurtaları alın ve tostun her yerine gelecek şekilde güzelce yumurtaya bulayın."", ""Ardından bir tavada tereyağını ve sıvıyağı ekleyin, güzelce eritin. Hazırlamış olduğunuz tostu tavaya alın."", ""Her iki tarafı da iyice kızarana kadar pişirin.""]"
4b4cf2cd-23c8-4de8-ad7b-5de5b9e02256,Damla Çikolatalı Kurabiye,Turkey,"Lezzetli damla çikolatalı kurabiye tarifi, çay saatlerinin vazgeçilmezi olacak",Ye,"[""1 adet yumurt sarısı"", ""125 gram margarin"", ""1 su bardağı pudra şekeri"", ""1 çay bardağı sıvı yağ"", ""1 paket kabartma tozu"", ""1 paket vanilya"", ""3 su bardağı un"", ""1 adet yumurta akı"", ""1 su bardağı damla çikolata""]","[""İlk olarak bir kapta yumurta sarısı ile margarini karıştırıyoruz."", ""Daha sonra kaba sıvı yağ, pudra şekeri, kabartma tozu ve vanilyayı ekliyoruz."", ""Sonra kaba azar azar un ekliyoruz."", ""Kulak memesi kıvamına gelene kadar yoğuruyoruz."", ""Yaptığımız hamuru 10 dakika dinlendiriyoruz."", ""O sırada fırın tepsisini yağlıyoruz ve dinlenen hamurdan ceviz büyüklüğünde parçalar koparıyoruz."", ""Koparılan parçaları elimizle bastırıp yassı hale getiriyoruz."", ""Ve bu hamurları fırın tepsisine koyuyoruz."", ""Hamurların üzerine yumurta akı sürüyoruz."", ""Daha sonra üstlerine damla çikolata serpiştiriyoruz. Yarım saat kadar fırında pişiriyoruz.""]"
29da1c26-be09-4e3a-8075-f2a5bfb2c47c,Eğin Piyazı,Turkey,"Eğin Piyazı, taze sebzelerin harmanlandığı ferahlatıcı ve lezzetli bir Türk mezesidir",Ye,"[""4 adet domates (küçük doğranmış)"", ""3 adet salatalık (küçük doğranmış)"", ""4 adet soğan (küçük doğranmış)"", ""4 adet sivri biber (doğranmış)"", ""1 çay kaşığı tuz"", ""1,5 su bardağı süzme yoğurt"", ""1/2 su bardağı çökelek""]","[""Geniş bir kasede küçük doğranmış domates, salatalık, soğan ve biberleri tuz ilavesiyle birlikte güzelce karıştırın."", ""Ayrı bir kasede süzme yoğurt, çökelek peyniri ve doğranmış taze reyhan otunu karıştırın."", ""Servis etmeden önce doğradığınız salata malzemeleriyle süzme yoğurt karışımını karıştırın ve doğranmış dereotu ilavesiyle sevdiklerinizle paylaşın."", ""Eğin piyazı hazır. Afiyet olsun!""]"
8d7a3ea6-1f93-464c-9fc6-a8932b82dec2,Fırında Orman Kebabı,Turkey,"Fırında mükemmel pişen orman kebabı, dana eti ve sebzelerin harika uyumuyla sofralarınızı şenlendirir",Ye,"[""250 gram kuşbaşı dana eti"", ""1 adet kuru soğan"", ""2 adet sivri biber"", ""1 adet kapya biber"", ""2 adet domates"", ""1/2 yemek kaşığı biber salçası"", ""1 adet havuç"", ""1 silme tatlı kaşığı tuz"", ""1 çay kaşığı karabiber"", ""2 su bardağı su"", ""3 yemek kaşığı zeytinyağı""]","[""Eti bir düdüklüye alın ve üstüne 2 su bardağı su ekleyip, düdük öttükten sonra 20 dakika kadar haşlayın."", ""Et haşlanırken bezelyeleri küçük bir tencereye alın ve üstüne çıkacak kadar su koyduktan sonra yumuşayana dek haşlayın."", ""O sırada soğanı iri iri doğrayın, havuçları küp küp doğrayın ve biberleri, domatesleri de doğrayın."", ""Bezelye haşlanmasına yakın havuçları da içine atıp, 6-7 dakika da beraberce haşlayın ve ocağın altını kapatıp, havuçlarla bezelyeleri süzün."", ""Et haşlanınca suyunu bir kaba süzün ve haşlanmış etin üstüne zeytinyağını döküp, 5 dakika kadar kavurun."", ""Ardından soğanları ekleyip, soğanlar pembeleşene dek kavurmaya devam edin. Ardından biberleri ve salçaları ekleyin, ve salçanın kokusu çıkana dek kavurun. Domatesleri de ekledikten sonra, son olarak k"", ""Haşlanmış bezelye ve havuçları bir fırın kabına alın."", ""Üstüne tencerede hazırlamış olduğunuz etli karışımı dökün ."", ""Islattığınız bir yağlı kağıdı, fırın kabının üstüne kapatın ve önceden ısıtılmış 200 derece fırında yaklaşık 15 dakika pişirin."", ""Fırından alıp sıcak sıcak servis edin. Afiyetler olsun!""]"
4f54fc02-7f58-42dc-9be0-7330f079ce61,Pratik Şekerpare,Turkey,"Kolayca hazırlayabileceğiniz, şerbetli ve lezzetli pratik şekerpare tarifi",Tatlı,"[""400 gram un"", ""60 gram irmik"", ""200 gram margarin"", ""120 gram pudra şekeri"", ""10 gram kabartma tozu"", ""2 adet yumurta"", ""2 gram vanilin""]","[""Malzemeleri bir kaba alın ve homojen kıvam alana kadar yoğurun."", ""Yaklaşık 30 gramlık parçalara bölün. (yukarıdaki ölçülerle 28-30 adet elde ediyorsunuz)"", ""Şekil verdikten sonra tepsiye dizin. Üzerine yumurta sarısı sürüp fındık koyun."", ""190 dereceye ısıtılmış fırında 30 dakika pişirin."", ""Bir tencereye su ve şekeri alıp güzelce karıştırın, limonu ekleyip kapağı kapalı olarak kaynatın. Kaynayınca altını söndürün, kapağı kapalı şekilde bekletin."", ""Fırından çıkan şekerparelerin ilk sıcağının geçmesi için 1-2 dakika bekleyin, sonrasında şerbetini verin."", ""Tepsinin üzerini yağlı kağıt ile kapatıp 40-45 dakika dinlendirin. Afiyet olsun.""]"
a9088ec6-cfa3-44ca-b73a-17b34abb7ec5,Ispanaklı Muffin,Turkey,"Sağlıklı ve lezzetli ıspanaklı muffinler, tam buğday unuyla hazırlanan pratik bir atıştırmalık",Sebze Yemekleri,"[""100 gram ıspanak"", ""3 yemek kaşığı tam buğday unu"", ""1 çay kaşığı kabartma tozu"", ""1 yemek kaşığı limon suyu"", ""2 yemek kaşığı yoğurt"", ""1 adet yumurta"", ""3 yemek kaşığı zeytinyağı""]","[""Bütün malzemeyi Vestel Mix&Go Active Siyah Blender'a koyup pürüzsüz olana kadar karıştırın."", ""Harcı mini muffin kaplarına paylaştırın ve üzerine kaşar peyniri koyup 180 derecelik fırında 10-12 dakika pişirin."", ""Muffinleri sıcak, ılık ya da soğuk olarak servis edebilirsiniz. Afiyet olsun.""]"
a921bfd8-2a2f-4f1a-94e0-75a995596744,Izgara Tadında Tavuk Kanat,Turkey,"Salça ve mayonez marine edilmiş, fırında ızgara lezzetinde tavuk kanatları",Tavuk Yemekleri,"[""1 kilogram tavuk kanadı"", ""1 yemek kaşığı salça"", ""1 yemek kaşığı mayonez"", ""1/2 su bardağı süt"", ""1/2 çay bardağı sıvı yağ"", ""1 çay kaşığı tuz"", ""1 çay kaşığı kırmızı toz biber"", ""1 çay kaşığı kekik""]","[""İlk olarak karıştırma kabına sos malzemelerini alın."", ""Üzerine baharatları ekleyin ve karıştırın."", ""Kanatların üzerine bıçakla çizikler atın."", ""Tavuk kanatları karıştırma kabınıza alın, streç filmle kaplayın ve dolapta en az 3 saat dinlendirin."", ""Fırın tepsisine kanatları dizin."", ""180 derece fansız ayarda nar gibi kızarana dek pişirin."", ""Yanında servis etmek için domates ve biberleri kızartın."", ""Bulgur pilavı ve sebzelerle birlikte servis edin. Afiyetler olsun.""]"
34413239-4205-4264-a699-776a18b26d2b,Kedidili Pastası,Turkey,"Pratik ve lezzetli kedidili pastası, süt ve şekerle hazırlanan ferahlatıcı bir tatlı",Tatlı,"[""1 paket kedidili bisküvi"", ""1 su bardağı süt"", ""1 yemek kaşığı toz şeker""]","[""Muhallebi için: 1 litre süt, 1 yumurta, 2 yemek kaşığı un, 2 yemek kaşığı mısır nişastası, 8 yemek kaşığı toz şekeri tenceremizde göz göz olana kadar pişiriyoruz."", ""Muhallebimiz göz göz olduktan sonra ocağı kapatıp 1 paket vanilya ve 1 yemek kaşığı tereyağımızı ekleyerek güzelce çırpıyoruz."", ""Kullanacağımız kabı soğuk su ile çalkalıyoruz ve iyice süzüyoruz ki pastamız kalıbımızdan kolay çıksın."", ""Kedidili bisküvilerimizi kabımızın ölçüsüne göre kesiyoruz. Kesmiş olduğumuz kedidili bisküvilerimizi bir su bardağı süt ve bir yemek kaşığı şeker ile yaptığımız karışımla ıslatıyoruz."", ""Islattığımız kedidili bisküvilerimizi kabımızın kenarlarına sıralıyoruz. Ortasına muhallebimizin yarısını yavaşça yayıyoruz."", ""Rondodan geçirmiş olduğumuz kakaolu bisküvimizin bir kısmını muhallebinin üstüne yayıyoruz. Üzerine biz çilek tercih ettik ancak siz arzu ettiğiniz meyveyi serpiştirebilirsiniz."", ""Meyveden sonra kestiğimiz kedidili bisküvisinden kalan küçük parçaların bir kısmını da ekliyoruz."", ""Kalan muhallebimizin tamamını kabımıza döküp düzleştirip kedidilleri ile taban oluşturuyoruz. Tercihen bir gece olmakla birlikte en az 6 saat buzdolabında bekletiyoruz."", ""Buzdolabında beklemiş olan pastamızı servis kabına alıyoruz."", ""Üzerine kakaolu bisküvi serpip meyveler ile süslüyoruz. Meyveler ve bisküvi tercihi tamamen arzuya kalmış. İstediğiniz gibi şekillendirebilirsiniz. Afiyet olsun.""]"
d7e6be2e-6315-428b-8909-00896ee3fa5f,Etsiz Proteinli Kase,Turkey,"Sağlıklı ve lezzetli etsiz protein kase, mantarların zengin tadıyla besleyici bir öğün seçeneği",Vegetarian,"[""1 tatlı kaşığı tereyağı"", ""1 tatlı kaşığı sıvı yağ"", ""5 adet kültür mantarı (d"", ""1/2 çay kaşığı zerdeçal"", ""1/2 su bardağı baldo pirinç"", ""1 çay kaşığı tuz"", ""1 su bardağı sebze suyu"", ""1/2 çay kaşığı çörek otu""]","[""Mantarları bir tavada suyunu salıp çekene dek soteleyin."", ""Üzerine baharatları ekleyip biraz daha kavurun ve suda bekletip süzdüğünüz pirinçleri ilave edin. Pirinçler saydamlaşana dek kavurun."", ""Sıcak sebze suyunu tencereye ilave edin ve 3-4 dakiika harlı ateşte pişirdikten sonra kısık ateşte pirinçler yumuşayana kadar pişirin. Piştikten sonra üzerine havlu kağıt koyup demlenmeye bırakın."", ""Servis ederken üzerine çörek otu serpiştirin.""]"
c9ce397d-2c4c-40e8-bd7d-7ba27045210f,Fırın Sütlaç,Turkey,"Fırında pişirilen, üzeri karamelize olmuş nefis bir sütlaç tarifi",Tatlı,"[""1 litre süt"", ""8 yemek kaşığı toz şeker"", ""2 yemek kaşığı nişasta"", ""1 çay bardağı pirinç"", ""1 paket vanilya"", ""1 adet yumurta sarısı""]","[""Öncelikle pirincimizi yıkayıp 1 su bardağı suyla biraz haşlıyoruz, suyunu çeken pirinçlerimize sütü, şekeri ilave ediyoruz."", ""Bir su bardağı sütle yumurtanın sarısını ve nişastayı iyice çırpıyoruz, pürüzsüz bir kıvam alana kadar çırpıyoruz. Sütün kalan kısmını pirinçlerin üzerine ilave edip karıştırıyoruz."", ""Şekeri ve nişastalı karışımı ilave edip kaynayana kadar sürekli karıştırıyoruz, fokurdamaya başlayan tatlımıza 1 paket vanilyayı ilave edip karıştırıyoruz ve altını kapatıyoruz."", ""Sonrasında fırın kaplarımıza tatlıyı döküp bir fırın tepsisine tatlılarımızı kaplarıyla yerleştiriyoruz. Fırın kaplarının yarısına gelecek kadar fırın tepsisine su ilave edip fırına sürüyoruz. Üzeri k""]"
76866aeb-596b-414c-93fd-a4a90fea8374,Frambuazlı Kremalı Turta,Turkey,"Taze frambuazların ve kremanın mükemmel uyumuyla hazırlanan, damaklarda unutulmaz bir tat bırakan nefis turta",Ana Yemek,"[""125 gram margarin"", ""2 su bardağı un"", ""1 paket kabartma tozu"", ""1 paket krema"", ""200 gram labne peyniri"", ""2 adet büyük boy yumurta"", ""1 paket vanilya""]","[""Öncelikle uygun bir kaba soğuk margarin veya tereyağı küçük küpler halinde doğranır."", ""Üzerine şeker, un ve kabartma tozu eklenerek tüm malzemeler kırıntı olacak şekilde karıştırılır."", ""Hamurun dörtte üçü, margarinle yağlanmış uygun bir tepsiye yaydırılır. Parmak uçları veya bir bardak yardımıyla hafifçe bastırılır."", ""Bir kasede yumurtalar, krema, labne peyniri, vanilya ve şeker, homojen bir kıvam alana kadar karıştırılır."", ""Dondurulmuş frambuazlar (fazla sulu ise) bir çay kaşığı nişasta ile harmanlanır. Hamurun üzerine yayılır."", ""Hazırlanan krema, meyvelerin üzerine gezdirilir."", ""Hamurdan kalan kırıntılar tatlının üzerine paylaştırılır."", ""Kontrollü bir şekilde pişirin. Kremanın rengi dönünce fırından alabilirsiniz. Afiyet olsun.""]"
c9c3831e-53d8-4d90-9d3b-f48310827a3e,Sumaklı Sulu Pırasa Yemeği,Turkey,"Sumaklı Sulu Pırasa Yemeği, sumağın ekşili tadıyla zenginleşmiş, doyurucu ve lezzetli bir sebze yemeğidir",Ana Yemek,"[""10 adet pırasa"", ""1 adet havuç"", ""2 adet biber"", ""1 adet domates"", ""2 adet sarımsak"", ""3 tepeleme yemek kaşığı bulgur"", ""4 tepeleme yemek kaşığı sumak"", ""2 su bardağı su"", ""1 silme yemek kaşığı biber salçası"", ""1 adet soğan"", ""1 çay kaşığı (silme) tuz"", ""1 çay kaşığı (silme) karabiber""]","[""Tane sumağı 2 su bardağı suya koyup biraz tuz serpip bekletiyoruz."", ""Sıvı ve tereyağını ekleyip soğanı kavuruyoruz. Sonrasında biberi ekleyip kavuruyoruz."", ""Havucu doğrayıp kavuruyoruz."", ""Pırasamızı doğrayıp kavuruyoruz."", ""Sarımsak ve salçalarımız ekliyoruz. En son tuzunu karabiberini ekleyip sumak suyumuzu ekliyoruz ve pişmeye bırakıyoruz. 10 dakika sonra bulguru da ilave ediyoruz. Bulgur şişince ocaktan alıp dinlendir""]"
da11feee-9ea6-4689-b535-a585fb1418e8,Hardal Soslu Endivyen Salata,Turkey,"Hardal sosunun ferahlatıcı tadı ile yeşil elma, kivi ve turpun tazeleştiği bu salata, sofralarınıza renk katacak",Salata,"[""1 adet küçük boy turp"", ""1 adet orta boy kivi"", ""1 adet orta boy yeşil elma""]","[""Endivyeni bol suda yıkayıp süzün. Elinizle yapraklarına ayırarak bir karıştırma kabına alın."", ""Kabuğunu soyduğunuz turbu, önce ince yuvarlak dilimlere bölün. Sonra bu dilimleri uzunlamasına jülyen şeklinde kesin."", ""Kabuğunu soyduğunuz kiviyi, önce yassı yuvarlak dilimler halinde doğrayın. Sonrasında bu dilimleri küçük küplere bölün."", ""Yeşil elmanın kabuklarını soyun, çekirdeklerini çıkarın. İnce yassı dilimler halinde kestiğiniz elmayı, limonlu suya atın. Bu dilimleri jülyen şeklinde kestikten sonra kararmaması için yine limonlu su"", ""Salatanın sosu için; hardal, sirke, taze sıkılmış limon suyu, zeytinyağı, zerdeçal ve tuzu küçük bir kapta karıştırın."", ""Endivyen yapraklarının üzerine turp, kivi ve limonlu suyunu süzdüğünüz yeşil elma dilimlerini ekleyin. Sosunu üzerine döküp, karıştırdığınız salatayı bekletmeden servis edin.""]"
3e9ab64b-2bfa-4e59-b71c-853941c0c6e6,Çilekli Sushi,Turkey,"Lezzetli çilekli sushi, tatlı ve tuzlu lezzetleri bir araya getiren benzersiz bir tat",Ana Yemek,"[""2 adet yumurta"", ""1 su bardağı un"", ""2 su bardağı süt"", ""6 yemek kaşığı yoğurt"", ""10 adet büyük boy çilek""]","[""öncelikle krebi yapacağız. un, süt ve yumurtayı tel çırpıcıyla bir kasede karıştırın. daha sonra yağladığınız tavada pişirin. çok fazla yakmamaya özen gösterin. krepler ince ve büyük olmalı."", ""yaptığınız kreplerin içine ince bir katman yoğurt sürün. kestiğiniz bir miktar çileği de krebin bir kenarına yakın bir şekilde ince bir çizgi halinde dizin."", ""kreplerin içlerini doldurduktan sonra dürüm yapar gibi sarın ve yaklaşık olarak 6 ila 7 parçaya bölün.""]"
7ced5b5a-888a-4855-a52f-54990b7ad94f,Tekirdağ Köftesi,Turkey,"Tekirdağ'ın meşhur lezzeti, baharatlı ve harika kıvamıyla öne çıkan özel köfte tarifi",Et Yemekleri,"[""500 gram kıyma (az yağlı)"", ""1 adet yumurta"", ""2 yemek kaşığı galeta unu"", ""1 adet soğan"", ""1 tatlı kaşığı tuz"", ""1 tatlı kaşığı kimyon"", ""1 tatlı kaşığı karabiber"", ""1 tatlı kaşığı kırmızı pul biber"", ""1 tatlı kaşığı kırmızı biber"", ""1 çay kaşığı karbonat"", ""2 yemek kaşığı irmik (ince)""]","[""Kıymamızı, yoğuracağımız tabağa alıyoruz. İç harcı için yazılan bütün malzemeleri ekleyip, ara sıra ellerimizi ıslatarak 10-15 dakika kadar yoğuruyoruz."", ""Yoğurduğumuz köfte harcının üzerini kapatıp 24 saat dolapta bekletiyoruz. Zamanınız yoksa 3-4 saat kadar bekletebilirsiniz."", ""Dinlenen köfte harcımızı dolaptan çıkarttıktan sonra biraz daha yoğurup uzun şekiller veriyoruz."", ""İsterseniz ızgarada, döküm tavada veya tost makinesinde kızartma işlemini tercih edebilirsiniz. Yağ koymadan kızartıp sürekli çevirerek devam edelim."", ""Sos malzemelerini iyice karıştıralım ve birlikte servis edelim. Afiyet olsun.""]"
9de1bbab-f9fc-4137-8a1e-30a62d1f3444,Balerin Pasta,Turkey,Kremamsı dokusu ve çikolata lezzetiyle göz dolduran pratik bir tatlı tarifi,Tatlı,"[""1 paket petibör bisküvi"", ""1 paket kakaolu puding"", ""3 su bardağı süt""]","[""Kakaolu pudinginizi sütle birlikte bir tencerenin içerisine aktarın. Paketin arkasında yazan şekilde karıştırarak pişirin."", ""Pudinginizi oda sıcaklığında karıştırarak soğutun."", ""Bir petibör bisküviye kaşık yardımıyla puding sürün. Uzun bir servis tabağı ya da streç film sarılı baton kek kalıbına bisküviyi dik bir şekilde koyun. İşlemi bisküviler bitene kadar tekrarlayın."", ""Fazla kalan pudingi spatula yardımıyla pastanızın üzerine yayın ve güzelce kaplayın. Ardından buzdolabında en az 5 saat kadar soğutun."", ""Soğuduktan sonra pastanızı buzdolabından alın. Verev şekilde dilimleyin. Dilerseniz üzerini kırmızı meyvelerle süsleyerek de servis edebilirsiniz. Afiyetler olsun!""]"
acc71603-a788-41d3-b48c-5c280ea56225,Hellimli Kadayıf Mantı,Turkey,"Hellim peynirinin benzersiz lezzetiyle tel kadayıfın buluştuğu, çıtır çıtır bir lezzet şöleni",Tatlı,"[""2 paket hellim peyniri"", ""300 gram tel kadayıf"", ""2 yemek kaşığı tereyağ"", ""8 yemek kaşığı yoğurt"", ""1 yemek kaşığı tereyağ"", ""1 çay kaşığı kırmızı toz biber"", ""Etimek Tatlısı Tarifi"", ""Damla Çikolatalı Kurabiye"", ""Tatlı Tarifleri Spoonful Mozaik Pasta Çikolatalı Sufle İrmik Helvası Fırın Sütlaç Profiterol Revani Magnolia"", ""Kahvaltılık Tarifler Pancake Krep Pişi Kuymak Kaygana Kahvaltılık Sos Menemen Muhlama Yumurtalı Ekmek Omlet"", ""Omlet""]","[""Hellim peynirlerini küp şeklinde doğrayın. Tereyağını eritin ve soğutun."", ""Şerit halinde kopardığınız tel kadayıfın bir ucunu avucunuzun içine yerleştirin ve küp şeklinde kestiğiniz hellim peynirini üzerine koyun."", ""Elinizde sarma sarar gibi kadayıfı sarın."", ""Yağladığınız tepsiye kadayıfları yerleştirin. Fırınınızı 180 derece ayarına getirin ve önceden ısıtın. Kadayıfların üzeri kızarıncaya kadar pişirin."", ""Sosu için tereyağını eritin ve yağ kızdığında kırmızı toz biberinizi döküp karıştırın. Mantının üzerine yoğurt ve yağı ekleyip servis edin. Afiyet olsun.""]"
5d239f88-4cad-421e-837a-928b27892b10,Avokado Yatağında Köfte,Turkey,"Avokado yatağında sunulan lezzetli köfteler, sağlıklı ve doyurucu bir ana yemek seçeneği",Et Yemekleri,"[""200 gram yağlı kıyma"", ""1 adet orta boy soğan"", ""2 çay kaşığı tuz"", ""1 çay kaşığı karabiber"", ""1 çay kaşığı kimyon"", ""2 adet olgun avokado"", ""4 yemek kaşığı yoğurt"", ""2 yemek kaşığı iri çekilmiş ceviz içi""]","[""Soğanı blenderden geçirip suyunu sıkın."", ""Ekmeği blenderda ufalayın."", ""Soğanı, ufalanmış ekmekleri, kıymayı ve baharatları bir kaba alarak yoğurun. Yuvarlak köfteler hazırlayın ve buzlukta 10-15 dakika dinlenmeye bırakın."", ""Köfteleri dinlendirdikten sonra çok az yağ gezdirdiğiniz tavada çevire çevire 10-15 dakika kadar pişirin."", ""Bu sırada avokadoları ikiye kesip, kaşık yardımıyla içlerini ayırın ve çatalla güzelce ezin."", ""Sarımsağı ezip, yoğurtla karıştırın."", ""Ezdiğiniz avokadoyu, ceviz içi ve tuzla birlikte sarımsaklı yoğurda ekleyip, güzelce karıştırın."", ""Avokadolu sosu içini boşalttığınız kabukların içlerine doldurun."", ""Üzerlerine köfteleri yerleştirip, sosla son dokunuşları yaptıktan sonra afiyetle tüketin.""]"
2e86e09f-aa8c-471b-92a3-220f38f17994,Cheddar Soslu Patates,Turkey,"Lezzetli cheddar sosla kaplanmış, baharatlı ve kıtır patatesler",Ana Yemek,"[""2 adet patates"", ""1 yemek kaşığı mısır unu"", ""1 tatlı kaşığı toz kırmızı biber"", ""1 tatlı kaşığı tuz"", ""1/2 tatlı kaşığı karabiber"", ""3 yemek kaşığı zeytinyağı""]","[""Patatesi soyup dilimleyin, baharatları, mısır ununu ve zeytinyağını ekleyip harmanlayın. Yağlı kağıt serili tepsiye yayın ve 220 derece fırında kızarana kadar pişirin."", ""Sosu için tereyağı ve zeytinyağını bir tavaya alın, unu ekleyin ve kavurun. Sütü ekleyin, iyice karıştırın, ardından peynirleri ve baharatlarını ekleyin karıştırın."", ""Peyniri daha fazla kullanabilirsiniz dilerseniz, ardından patateslerin üzerine döküp afiyetle yiyebilirsiniz. Üzerine maydanoz dökünce de güzel bir lezzet veriyor. Afiyetler olsun :)""]"
61a0f873-4795-4dc8-b9d4-44c61b3471fe,Tulum Peynirli Tuzlu Kurabiye,Turkey,"Tulum peynirinin eşsiz lezzetiyle hazırlanan, çıtır çıtır tuzlu kurabiye tarifi",Tatlı,"[""125 gram tereyağı"", ""125 gram margarin"", ""1 adet yumurta akı"", ""1/2 çay bardağı elma sirkesi"", ""1 paket kabartma tozu"", ""400 gram un""]","[""Tereyağ ve margarini eritin, daha sonra soğumaya bırakın. Soğuduktan sonra, karıştırma kabınıza alın."", ""Üstüne 1 yumurta akı, elma sirkesi, kabartma tozu ve unu ekleyin, yoğurun."", ""Dilerseniz bu aşamada kurutulmuş tulum peyniri (yapmak için tulum peynirini ufalayıp üstü açık olarak 2-3 gün buzdolabında bekletmeniz yeterli olacaktır) ekleyebilirsiniz."", ""Dilediğiniz şekli verin, üstüne yumurta sarısını iyice çırpıp sürün."", ""170 derecede önceden ısıtılmış fırında üzeri kızarana kadar pişirin. Afiyet olsun.""]"
bae2c415-2dbd-4fd7-a311-86963e071531,Zelanik Boşnak Böreği,Turkey,"Boşnak mutfağının en lezzetli hamur işlerinden biri olan Zelanik Böreği, ince hamurları ve iç harcıyla damaklarda unutulmaz bir tat bırakır",Börek & Hamur İşi,"[""5 - 5,5 su bardağı un"", ""2,5 su bardağı su"", ""1 tatlı kaşığı tuz""]","[""2 su bardağı unu bir kabın içerisine alın. 1 su bardağı suyu azar azar ilave ederek çırpın ve boza kıvamında bir hamur elde edin. Tuzu da ekleyin."", ""Böreği pişireceğiniz borcamı güzelce yağlayın. Hazırladığınız boza kıvamındaki hamurdan 1 kepçe alın ve borcama çok ince bir şekilde yayın."", ""Önceden ısıtılmış 180 derecelik fırında hamurun rengi çok hafif dönene kadar 10 dakika civarında pişirin. Hamurun ilk katını fırından alın. Hamurun üzerini yağlayın."", ""Kalan hamuru hafif sulandırıp fırından çıkardığınız hamurun üzerine yine çok ince bir tabaka halinde yayın, yeniden fırına verin. 8-10 dakika arası pişirin. Fırından alıp üzerine güzelce tereyağı sürü"", ""İç harcı için; soğanları incecik doğradıktan sonra az tuz ilave ederek ovun. Bir kabın içerisine doğranmış temizlenmiş ıspanakları alın. Diğer tüm iç harç malzemelerini ilave ederek yoğurun."", ""Hazırladığınız iç harcı fırından aldığınız son katın üzerine güzelce yayın. Üzerlerine kaymak bırakın."", ""Hamurun geriye kalan kısmı için hamur hazırladığınız kabın içerisine geriye kalan un ve suyu ilave ederek akışkan kıvamında bir hamur elde edin. Peynirli harcın üzerine incecik bir tabaka halinde hamu"", ""Bu şekilde 8-10 dakika arası rengi çok hafif dönene kadar pişirip fırından alın. Üzerine tereyağı sürün. Son kalan hamuru yeniden orta kalınlıkta bir tabaka şeklinde fırından aldığınız hamurun üzerine"", ""Yeniden fırına verin ve 10-15 dakika kadar pişirin. Fırından alıp tereyağı ve kaymak sürün. Oda sıcaklığında dinlendirmeye bırakın."", ""Oda sıcaklığında hafif ılık bir hale geldiğinde dilimleyerek servis edebilirsiniz. Afiyetler olsun.""]"
dc9d533f-39be-4dfa-b2da-f3b3d5014e1a,Kinoalı Ispanaklı Meze,Turkey,"Sağlıklı ve lezzetli kinoalı ıspanaklı meze, yoğurtla harmanlanmış hafif bir başlangıç",Sebze Yemekleri,"[""1 su bardağı beyaz kinoa (ya da ince bulgur)"", ""400 gram ıspanak"", ""4 yemek kaşığı süzme yoğurt"", ""2 yemek kaşığı zeytinyağı""]","[""1 su bardağı kinoayı 2 bardak suda haşlayıp pişirelim."", ""Ispanakları yıkayıp, temizledikten sonra zeytinyağın da soteleyelim."", ""Ispanak, yoğurt, ezilmiş sarımsak, zeytinyağı ve kinoayı aynı kapta birleştirelim."", ""Cezvede ceviz içi, zeytinyağı ve toz biberi çok az kızdırıp, üzerine gezdirelim. Afiyet olsun.""]"
e9f7630c-c65b-48aa-b0cc-100a81c6e5ed,Bisküvili Manolya,Turkey,"Lezzetli bisküvili manolya tatlısı, süt, nişasta ve pirinç unuyla hazırlanan hafif bir tatlıdır",Ana Yemek,"[""2 su bardağı süt"", ""2 silme yemek kaşığı nişasta"", ""1 silme yemek kaşığı pirinç unu"", ""2 yemek kaşığı agave şurubu ya da bal"", ""1 adet yumurta sarısı"", ""1 paket vanilya"", ""5 adet tam buğdaylı bisküvi""]","[""Agave hariç tüm malzemeleri tencereye alıyoruz. Çiğ haldeyken karıştırıyoruz."", ""Ardından pişiriyoruz ve sonrasında agave ya da bal ekliyoruz."", ""Kavanozun kenarlarını çilek ile kaplıyoruz."", ""Ardından kavanozu muhallebi ile dolduruyoruz."", ""Bisküviyi toz hale getiriyoruz ve en üst katı bisküvi ile kaplıyoruz. Afiyet olsun.""]"
c101740f-a205-4dfc-819f-9ba0d89d5d10,Müceddere,Turkey,"Doğu Anadolu'nun lezzetli ve doyurucu geleneksel yemeği müceddere, yeşil mercimek ve bulgurun mükemmel uyumuyla hazırlanır",Ana Yemek,"[""1 su bardağı yeşil mercimek"", ""1 su bardağı bulgur"", ""1 adet kuru soğan"", ""2 yemek kaşığı tereyağı"", ""2 yemek kaşığı sıvı yağ""]","[""Mercimekleri yıkadıktan sonra kaynaması için ocağa alın."", ""Üzerine suyu ekleyin, kaynayıp diriliğini kaybedince, yıkadığınız bulguru ekleyip tuzunu ilave edin."", ""Ayrı bir tavada yağlarınızı kızdırın, yarım ay şeklinde doğradığınız kuru soğanları ekleyin."", ""Pilavınız suyunu çektikten sonra 7-8 dakika dinlendirip, servis tabağınıza alıp üzerine sıcakken kavrulan soğanlarımızı ilave edin. Afiyet olsun!""]"
c8a81e8e-861a-458a-b65f-8cfa47845998,Vişne Soslu Avokado Puding,Turkey,"Kremamsı ve besleyici bir tatlı olan Vişne Soslu Avokado Puding, sağlıklı atıştırmalık arayanlar için mükemmel bir seçenek",Ana Yemek,"[""2 adet olgunavokado"", ""1 adet muz"", ""1 yemek kaşığı ham kakao"", ""1 yemek kaşığı Hindistan cevizi yağı"", ""1/2 su bardağı dondurulmuş vişne"", ""1 tatlı kaşığı ham kakao parça ları""]","[""Avokadoları ve muzu soyup rondodan geçirelim."", ""Yağı ve kakaoyu da ekleyip pürüzsüz olana kadar rondodan geçirelim."", ""Sosu için vişneleri biraz suyla tavaya alalım. Suyunu çektirip soğutalım."", ""Bir kasede pudingi ve sosu birleştirip servis edelim. Afiyet olsun.""]"
7665fd5a-086f-49e7-a70c-a5e0637ba85f,Balparmak Tatlısı,Turkey,"Balparmak Tatlısı, şerbetli tatlı severlerin bayılacağı, yumuşacık dokulu ve damakta bıraktığı tat ile unutulmaz bir lezzettir",Tatlı,"[""2 adet yumurta"", ""250 gram oda sıcaklığında tereyağı"", ""1 çay bardağı sıvı yağ"", ""1/2 su bardağı toz şeker"", ""2 yemek kaşığı irmik"", ""1 paket kabartma tozu"", ""1 paket vanilya"", ""4 su bardağı un""]","[""Şerbetini hazırlamak için suyu ve şekeri bir tencereye alın ve kaynatın. Kaynamaya başladıktan sonra yaklaşık 15 dakika kısık ateşte pişirmeye devam edin. Pişirme süresinin sonunda limon suyunu da ekl"", ""Derince bir yoğurma kabına; tereyağını, sıvı yağı, yumurtaları, toz şekeri, irmiği, kabartma tozunu ve vanilini koyup güzelce karıştırın."", ""Unu azar azar ilave ederek yoğurun ve ele yapışmayan, kulak memesi kıvamında bir hamur elde edin."", ""Hamurdan cevizden biraz büyük parçalar kopartarak elinizle parmak şekli verin ve genişçe bir tabağa aldığınız irmiğe bulayarak, yağlı kağıt serdiğiniz bir fırın tepsisine yerleştirin."", ""Tüm hamuru bu şekilde şekillendirip, irmiğe bulayıp, tepsiye yerleştirdikten sonra, önceden ısıtılmış 180 derece fırında, üstleri hafifçe kızarana dek yaklaşık 25 dakika pişmeye bırakın."", ""Tatlınızı fırından çıkartır çıkartmaz, henüz çok sıcaklarken üstlerine iyice soğumuş olan şerbeti dökün ve şerbeti tamamen çekip soğumaları çin tepsiyi bir kenara alın."", ""Tatlılar şerbeti tamamen çekip soğuduklarında, servis tabağına alın ve toz antep fıstığıyla süsleyerek servis edin.""]"
eca5f57e-a545-4811-99d4-230556d94d14,Sini Kebabı,Turkey,Fırında pişirilen lezzetli bir kıyma kebabı. Soğan ve biberle harmanlanmış enfes bir yöresel tat,Et Yemekleri,"[""1/2 kilogram kıyma (dana+kuzu karışık tercih ettik)"", ""2 adet orta boy kuru soğan"", ""4 adet sivri biber"", ""3 adet kapya biber"", ""3 adet domates"", ""1 çay kaşığı pul biber"", ""1/2 çay kaşığı karabiber"", ""1 çay kaşığı tuz"", ""1/2 çay kaşığı kimyon""]","[""Domates dışındaki sebzeleri rondoda çekiyoruz. Karışımı karıştırma kabına alıp kıyma ile buluşturuyoruz ve baharatları ekliyoruz."", ""Tereyağı ve salça ile fırın tepsimizi yağlıyoruz."", ""Yoğurduğumuz kıymalı karışımı tepsiye yayıp ve elimizle düzeltiyoruz."", ""Kıymayı tepsinin kenarlarına değecek şekilde düzeltelim çünkü kıyma piştikten sonra küçülüyor."", ""Hamuru bıçakla pizza gibi dilimlere ayırıyoruz."", ""Sosu için 1 tatlı kaşığı salçaya 1 çay bardağı sıcak su ekleyip karıştırıyoruz ve tepsiye gezdiriyoruz."", ""Süslemesini yapıp 200 derecede 40 dakika kadar kontrollü pişiriyoruz. Afiyet olsun :)""]"
d4028bc1-ad48-4c55-903b-4a31f3f11b21,Cevizli Mantar Kavurma,Turkey,Tereyağında kavrulan soğan ve mantarların cevizle buluştuğu lezzetli ve pratik bir yemek,Ana Yemek,"[""1 adet soğan"", ""1 paket kültür mantarı"", ""2 yemek kaşığı tereyağı"", ""4-5 adet ceviz""]","[""Soğanları yemeklik doğrayıp tereyağında kavurduktan sonra mantarları ilave edip birlikte pişiriyoruz."", ""Piştikten sonra cevizleri doğrayıp tavaya ekliyoruz ve biraz kavuruyoruz."", ""Servis tabağına aldıktan sonra üzerine maydanoz doğrayıp afiyetle tüketebilirsiniz.""]"
db64f90c-80c3-46e9-b742-dee0bdc00227,Güveçte Bol Malzemeli Omlet,Turkey,"Zeytin ve baharatlarla zenginleştirilmiş, fırında pişirilen lezzetli ve doyurucu bir omlet tarifi",Et Yemekleri,"[""2 adet çırpılmış yumurta"", ""8-10 adet zeytin"", ""1/2 çay kaşığı karabiber"", ""1/2 çay kaşığı tuz"", ""1/2 çay kaşığı kekik""]","[""Zeytinlerin çekirdeklerini çıkarın olabildiğince minik bir şekilde doğrayın ve çırpılmış yumurtaya ekleyin."", ""Peynirleri de minik minik doğrayıp yumurtaya ekleyin, birden fazla çeşit peynir kullanırsanız daha güzel olur."", ""Sucuk kullanıyorsanız sucukları minik minik doğrayın ve biraz pişirin, salam kullanıyorsanız sadece minik minik doğrayın ve yumurtaya ekleyin."", ""En son aşamada baharatları da ekleyip, minik bir güveçe koyun ve üzerine dilediğiniz kadar peynir ekleyin."", ""Karıştırmayın ve önceden ısıtılmış 200 derecelik fırında 20 dakika pişirin. Afiyet olsun.""]"
bb2e3959-a646-4a17-8507-fb00f258a2fc,Ekşili Semizotu Çorbası,Turkey,"Yaz aylarının ferahlatıcı lezzeti ekşili semizotu çorbası, nohut ve bulgur ile doyurucu bir başlangıç",Çorba,"[""1 adet orta boy soğan"", ""1 su bardağı haşlanmış nohut"", ""1/2 su bardağı pilavlık bulgur (yıkanmış, süzülmüş)"", ""1 yemek kaşığı (tepeleme) domates salçası"", ""1 yemek kaşığı (silme) sumak ekşisi (yoksa nar ekşisi)"", ""1 çay kaşığı tuz (azaltıp arttırılabilir)"", ""4 yemek kaşığı zeytinyağı"", ""4 su bardağı sıcak su""]","[""Ekşili semizotu çorbası için tencereye yağı ekleyip yemeklik doğradığımız soğanı kavuruyoruz."", ""Salçasını ekleyip 1-2 dakika kadar daha kavuruyoruz. Bulgurunu ekleyip karıştırıyoruz."", ""Suyunu, nar ekşisini ve tuzunu ekleyip bulgur pişene kadar kısık ateşte pişiriyoruz."", ""Haşlanmış nohudunu ekliyoruz."", ""Yıkayıp sapları ile doğradığımız semizotunu ekleyip 5 dakika kadar daha pişiriyoruz."", ""Yemeğimiz hazır, isterseniz sarımsaklı yoğurt ile servis yapabilirsiniz. Afiyet olsun.""]"
781124e4-dcc0-481e-9346-74db3c3d533a,Fermente Kırmızı Soğan,Turkey,"Zeytinyağı ve tuz ile fermente edilmiş nefis kırmızı soğan tarifimiz, sandviçlerinize ve salatalarınıza harika bir lezzet katacak",Ana Yemek,"[""2 adet kırmızı soğan"", ""1 tatlı kaşığı tuz"", ""4 yemek kaşığı zeytinyağı"", ""1 çay bardağı elma sirkesi"", ""1 tatlı kaşığı bal""]","[""Kırmızı soğanları piyazlık şekilde doğruyoruz."", ""Tuz ile ovuyoruz ve kavanoza alıyoruz."", ""Üzerine tüm malzemeleri ekleyip en az 2 saat bekletiyoruz.""]"
6c443346-a69c-48f3-bff8-080ce837eb7e,Pastırmalı Humus,Turkey,"Pastırmalı humus, geleneksel humusa pastırmanın lezzetini ekleyerek hazırlanan, doyurucu ve enfes bir meze",Ana Yemek,"[""2 su bardağı haşlanmış nohut"", ""Yarımsu bardağı zeytinyağı"", ""1,5 çay kaşığı kimyon"", ""1 su bardağı nohut haşlama suyu""]","[""Nohutları yıkanıp haşladıktan sonra haşlama suyundan 1 çay bardağı ayırıyoruz."", ""Suyunu süzdüğümüz nohut, tahin, sarımsak, yarım su bardağı zeytinyağı, kimyon, limon suyu ve tuzu blendera koyuyoruz."", ""Blendera azar azar nohut suyu ilave ederek malzemeleri çekiyoruz."", ""Porsiyonluk fırın kaplarına ya da güveç kabına bölüştürdükten sonra üzerine kıyılmış pastırma koyarak üzerinde zeytinyağı gezdiriyoruz. Önceden ısıtılmış 180 derece fırında 5-10 dakika pişirdikten son""]"
d035aa40-9c9a-47e2-9f81-3ca1419d0e6c,Kahvaltılık Acı Sos,Turkey,"Lezzetli ve baharatlı kahvaltılık acı sos, taze domates ve biberlerle hazırlanır",Kahvaltı,"[""3 kilogram domates"", ""1 kilogram kırmızı biber"", ""100 gram cin biber (acı)"", ""1 su bardağı sirke"", ""1,5-2 yemek kaşığı kaya tuzu"", ""1 su bardağı zeytinyağı"", ""1 yemek kaşığı toz şeker""]","[""Domateslerin kabuğu soyulur, doğranıp robottan geçirilir."", ""Geniş bir tencereye alınır, kırmızı biberlerin içi temizlenir ve robottan geçirilir, ardından tencereye ilave edilir."", ""1 yemek kaşığı kaya tuzu eklendikten sonra 1-1.5 saat fazla suyunu çekene kadar pişirilir. Ardından ince kıyılan diğer malzemeler eklenir."", ""Maydanoz hariç bu sebzelerle birlikte bir tur daha kaynatılır, ocağın altı kapanmadan maydanoz eklenir."", ""Sıcak sıcak kavanozlara doldurulur. Ağzı sıkıca kapanıp, ters çevirilmelidir. Afiyet olsun.""]"
ade8fd52-fefb-41a4-9d75-047063d92128,Bruschetta,Turkey,"İtalyan mutfağının ferah lezzeti bruschetta, taze domates ve kaşar peyniriyle hazırlanan pratik bir atıştırmalıktır",Et Yemekleri,"[""10 adet cherry domates"", ""2 adet sivri biber"", ""100 gram kaşar peyniri"", ""1 yemek kaşığı zeytinyağı"", ""1 çay kaşığı kekik""]","[""Sevdiğiniz bir ekmeği dilimleyin, üzerine kalın bir dilim kaşar yerleştirin."", ""Cherry domates ve yeşil biberleri de ince ince doğrayıp yerleştirin."", ""Üzerine zeytinyağı ve kekik gezdirerek fansız fırında kızarana kadar pişirin. Bu kadar kolay, ama gerçekten lezzetli bir tarif. Dilerseniz üst malzemeyi keyfinize göre çeşitlendirebilirsiniz.""]"
3ceeef04-360d-41e6-b573-f6a9c099b8eb,Gingerbread Cookies,Turkey,"Baharatlı ve lezzetli zencefilli kurabiye tarifi, mis gibi kokusuyla evinizi dolduracak",Ye,"[""3,5 su bardağı un"", ""3 yemek kaşığı esmer şeker"", ""4 yemek kaşığı keçiboynuzu özü"", ""1 yemek kaşığı toz zencefil"", ""2 tatlı kaşığı tarçın"", ""1 tatlı kaşığı muskat cevizi"", ""1 çay kaşığı vanilya"", ""5 yemek kaşığı tereyağı (oda sıcaklığında)"", ""1 adet orta boy yumurta"", ""1 çay kaşığı tuz""]","[""Tereyağı ve şekeri 2 dakika kadar yüksek hızda krema kıvamına gelene kadar çırpıyoruz."", ""Ardından keçiboynuzu özü, vanilya ve yumurtayı ilave edip tel çırpıcı ile karıştırıyoruz."", ""Ayrı bir kapta unu, baharatları ve tuzu harmanlayıp onu da ilk karışıma ekleyip güzelce yoğuruyoruz."", ""2 tane fırın kağıdı arasına aldığımız hamuru merdane ile ince bir şekilde açıyoruz ve açtığımız hamuru 15-20 dakika buzdolabında bekletiyoruz."", ""Böylece kalıplar ile şekil vermek çok kolay oluyor ve kurabiyelerin kenarları düzgün oluyor."", ""170 derece ısınmış fırında 10-12 dakika pişirmek yeterli. Tavsiyem başından sakın ayrılmayın ve sürekli kontrol edin."", ""Glazür için: Royal icing malzemelerini yüksek hızda birkaç dakika çırpıyoruz. Krema haline gelince hazır."", ""Eğer çok katı olursa biraz su ekleyin. Fırın kağıdını külah gibi yapıp içine biraz malzemeden koyup kurabiyelerin üzerine dilediğiniz şekli verebilirsiniz."", ""Sıkma torbanız var ise bu işlemi yapmanız çok daha kolay olur. Hepsi bu kadar, şimdiden sevdiklerinizle birlikte geçirebileceğiniz sağlık ve huzur dolu bir yıl diliyorum :)""]"
63029ec5-9106-4eae-b018-a6766d0d5027,Kolay Bebe Bisküvili Kup,Turkey,"Bebe bisküvili kup, pratik malzemelerle hazırlanan lezzetli ve besleyici bir tatlıdır",Ye,"[""5 su bardağı süt"", ""4 yemek kaşığı un"", ""5 yemek kaşığı toz şeker"", ""1 paket vanilya"", ""1 paket krem şanti"", ""10-12 adet bebe bisküvisi""]","[""Bir tencereye süt, un, şeker koyulup karıştırılır ve ocağa alınır."", ""Sürekli karıştırılarak pişirilir, piştikten sonra vanilyası eklenir. Soğumaya bırakılır."", ""Soğuduktan sonra krem şantisi eklenip karıştırılır."", ""Bir kasenin kenarına önce bebe bisküvileri yerleştirilir, ardından muhallebisi dökülür."", ""Üzerini de istediğiniz meyvelerle süsleyebilirsiniz. Afiyet olsun.""]"
517b13a3-854e-4903-b18e-87a9ffdda248,Tahinli Susamlı Kurabiye,Turkey,"Tahinin lezzetiyle susamın çıtırlığını birleştiren bu kurabiyeler, çay saatlerinin vazgeçilmezi olacak",Tatlı,"[""1 su bardağı sıvı yağ"", ""1 su bardağı tahin"", ""1 su bardağı toz şeker"", ""1/2 su bardağı kavrulmuş susam"", ""1 paket kabartma tozu"", ""4 su bardağı un""]","[""Susam, sıvı yağ, tahin ve şekeri bir kapta karıştırın."", ""Kabartma tozu ve unu kontrollü olarak ekleyin, güzelce yoğurun."", ""Ceviz büyüklüğünde parçalar koparıp yuvarlayın, yağlı kağıt serilmiş tepsiye dizin ve 170 derecede hafif pembeleşinceye kadar pişirin.""]"
e2a36d78-7fe7-49fd-bd0b-bda9ff19aac8,Bol Çikolatalı Kurabiye,Turkey,"Dışarı çıtır içi yumuşak, damaklarda çikolata patlaması yaratan nefis kurabiyeler",Tatlı,"[""100 gram tereyağı"", ""1,5 çay bardağı toz şeker"", ""1 adet yumurta"", ""1/2 çay kaşığı karbonat"", ""1/2 çay kaşığı kabartma tozu"", ""1,5 su bardağı un"", ""100 gram çikolata"", ""100 gram beyaz çikolata (arzuya göre)(üzeri için)""]","[""Tereyağ ve şekeri krema olana kadar mikser ile çırpın. Yumurtayı da ekleyip çırpmaya devam edin."", ""Un, kabartma tozu ve karbonatı da ekleyip karıştırın."", ""Çikolatayı iri parçalar halinde doğrayıp karışıma atın."", ""Hamurdan parçalar yapıp yuvarlayın ve yağlı kağıt serili tepsiye dizin."", ""Önceden ısıtılmış 180 derece fırında 15-20 dakika kontrollü pişirin (fırından çıktıktan sonra da sertleşiyor)."", ""Fırından çıkar çıkmaz üzerine sütlü veya beyaz çikolata batırıp erimesini sağlayın. Afiyet olsun.""]"
7b04c72b-2adb-4b29-99d6-d51d1ba3895f,Milföy Mantısı,Turkey,Milföy hamurlarıyla hazırlanan pratik ve lezzetli bir mantı tarifi,Ye,"[""1 paket milföy hamuru"", ""300 gram kıyma"", ""1 adet rendelenmiş soğan"", ""1 çay kaşığı tuz"", ""1 çay kaşığı karabiber""]","[""Kıyma için bütün malzemeleri karıştırın."", ""Milföy hamuru yapraklarını küçük karelere bölün."", ""Üzerine kıymaları yerleştirin. Milföyleri mantı yapar gibi kapatın. Yağlanmış fırın kabına ters çevirip dizin."", ""Kızarana kadar 180 derecede 30 dakika pişirin."", ""Sarımsaklı yoğurt ve kızdırılmış yağ ile servis edin. Afiyet olsun!""]"
fd25111b-120b-4e64-a562-385da71a8661,Mercimek Ekmeği,Turkey,"Protein ve lif açısından zengin, lezzetli mercimek ekmeği tarifi",Ye,"[""2 su bardağı mercimek"", ""3 adet yumurta"", ""1 çay kaşığı tuz"", ""1 tatlı kaşığı çörek otu"", ""1 çay kaşığı karbonat"", ""4 yemek kaşığı yoğurt""]","[""Tüm malzemeleri, mercimeği haşladıktan sonra karıştırın."", ""Kek hamuru kıvamı olacak, üstüne çörek otu, susam serpin."", ""180 derecede 30-40 dakika altı da pişene kadar pişirin. Afiyet olsun.""]"
43e785f5-e416-4165-9fad-59d7e392b391,Biber İçinde Yumurta,Turkey,Renkli biberlerin içine kırılan yumurtalar ve ezine peyniriyle hazırlanan pratik ve lezzetli bir kahvaltılık,Sebze Yemekleri,"[""2 adet renkli biber (dolmalık)"", ""6 adet yumurta"", ""1/2 su bardağı ezine peyniri"", ""1/2 su bardağı kaşar peyniri"", ""1 tatlı kaşığı çörek otu"", ""2 yemek kaşığı tereyağı""]","[""Biberleri halka halka doğrayın ve bir tavaya aldığını tereyağında arkalı önlü hafifçe pişirin."", ""O sırada bir kabın içinde rendelenmiş peynirleri, 1 adet yumurtayı, ince doğranmış taze soğanı ve çörek otunu güzelce karıştırın."", ""Kızarmış biber halkalarının içlerine doldurun ve kapağını kapatıp, peynirler eriyene dek pişirin."", ""Peynirler eriyince her bir halkanın ortasına bir yumurta kırın , tavaya yarım çay bardağı kadar da su ekleyin ve tavanın kapağını kapatıp, yumurtaların pişmesini bekleyin."", ""Çok fazla pişirmemeye dikkat edin ve sonra sıcak sıcak servis edin. Afiyetler olsun!""]"
ab6af862-f95f-4ead-948c-b356e642a404,Tencerede Sufle,Turkey,"Pratik ve lezzetli tencerede sufle tarifi, malzemeleri karıştırıp pişirmeye hazır hale getirin",Ye,"[""2 çay kaşığı kabartma tozu"", ""1 çay bardağı süt"", ""1 çay bardağı sıvı yağ"", ""1 çay bardağı şeker"", ""1 paket vanilin"", ""1 adet yumurta"", ""8 yemek kaşığı un"", ""2 yemek kaşığı kakao""]","[""Yumurta ve şekeri derin bir kapta çırpalım."", ""Ardından sıvıları ekleyip çırpalım ve ardından toz malzemeleri ekleyip karıştıralım."", ""Pişireceğimiz kaseye 1 parmak boşluk kalacak şekilde dolduralım."", ""Çikolatalarımızı ise bölerek 2 şer şekilde kasemize ekleyelim."", ""Pişireceğimiz tenceremize kasenin yarısına gelecek şekilde sıcak su dolduralım ve kapağı kapatıp pişmeye bırakalım. Afiyet olsun.""]"
a34fa29e-be19-4913-8346-dcfc2eee2d94,Soğanlı Patates Kavurması,Turkey,Zeytinyağında sote edilmiş soğan ve patateslerin mükemmel uyumu. Kolay ve doyurucu bir ana yemek tarifi,Ana Yemek,"[""3 adet orta boy patates"", ""1 adet soğan"", ""3 yemek kaşığı zeytinyağı"", ""1 çay kaşığı karabiber"", ""1 tatlı kaşığı tuz""]","[""Patateslerin kabuklarını soyup haşlayarak ön pişirme yapın."", ""Ayrı bir tavada yağ ve piyazlık doğranmış soğanları kavurun."", ""Ardından patatesleri küp doğrayıp soğanlara ilave edin. Baharatlarını ekleyip servis yapabilirsiniz."", ""Soğanlı patates kavurması tarifiniz hazır. Afiyet olsun!""]"
5c3d14ab-1a55-4edd-b3b0-0e8c142961ea,Bisküvi Tatlısı,Turkey,"Pratik ve lezzetli bisküvi tatlısı, krem şanti ve süt ile hazırlanan ferahlatıcı bir tatlı",Ye,"[""3 paket yulaflı bisküvi"", ""2 paket krem şanti"", ""1 su bardağı süt"", ""1 paket Hindistan cevizi"", ""1/2 su bardağı süt (bisküvileri ıslatmak için)"", ""1 paket çikolata sosu (üzerine)""]","[""İki paket krem şanti 1 su bardağı soğuk süt ile çırpılır. Kıvamı koyu olacak."", ""Aceleniz yoksa çırptıktan sonra yarım saat buzdolabında bekletebilirsiniz."", ""Daha sonra bisküviyi alıp üzerine krem şanti sürüyoruz. Yani iki bisküvinin arasına krem şanti koyuyoruz."", ""Kenarlarını düzeltip süte batırıyoruz."", ""Sonra Hindistan cevizine buluyoruz.."", ""Üzerine çikolata sosu ile süsleyip buzdolabında iki saat bekletiyoruz.""]"
273d74e6-d122-4e72-8709-6e2d56218130,Kaşarlı Fırın Köfte,Turkey,"Fırında pişen kaşarlı köfteler, lezzetli ve pratik bir ana yemek alternatifidir",Ye,"[""500 gram dana kıyma"", ""1 adet küçük boy soğan (rendelenmiş)"", ""2-3 yemek kaşığı galeta unu"", ""1 çay kaşığı tuz"", ""1 çay kaşığı kimyon"", ""1 çay kaşığı karabiber"", ""1 çay kaşığı kekik"", ""1 çay kaşığı (silme) karbonat"", ""100 gram kaşar peyniri""]","[""Tüm malzemeleri bir kaba alın ve yoğurun."", ""Buzdolabında 1 saat dinlendirin. Dinlenen harçtan büyük parçalar koparın ve elinizle açtırın. İçine kaşar dilimi yerleştirip kapatın."", ""180 derece fırında 25 dakika ya da az yağ eklediğiniz tavada arkalı önlü 15 dakika pişirin."", ""Kaşarlı fırın köfte tarifiniz hazır. Afiyet olsun.""]"
bfbbaf63-2cb2-461e-b28f-5d9f1984aa5e,Yufka Ekmeği,Turkey,"Evde kolayca hazırlayabileceğiniz, mayalı ve lezzetli yufka ekmeği tarifi",Ye,"[""4 su bardağı un"", ""1 paket instant maya"", ""1 su bardağı oda sıcaklığında su (miktarı azalıp artabilir)""]","[""Un ve instant mayayı bir kabın içerisinde karıştırın."", ""Yavaş yavaş su ilave ederek yoğurun ve yumuşak bir hamur elde edin. Üzerini kapatarak 10 dakika dinlendirin."", ""Hamuru 10 adet bezeye ayırın ve tatlı tabağı büyüklüğünde açın. Bir bezeyi açarken diğerlerinin kurumaması için üzerini kapalı tutmaya dikkat edin."", ""Yanmaz tavada arkalı önlü hafif kızarana kadar pişirin."", ""Tüm yufkalara aynı işlemi uygulayın."", ""Ardından sıcak sıcak servis edin. Afiyetler olsun.""]"
f675e02e-3ebb-4e0f-825b-57c5300a8dd6,Limonlu Haşhaşlı Kek,Turkey,"Taze limon aroması ve haşhaşın eşsiz lezzetiyle harmanlanmış, yumuşacık bir kek tarifi",Ye,"[""3 adet yumurta"", ""120 gram şeker"", ""100 mililitresıvı yağ"", ""100 mililitresüt"", ""2 adet limon suyu (ve rendesi)"", ""1 paket kabartma tozu"", ""1 paket vanilin"", ""1 yemek kaşığı mavi haşhaş tohumu"", ""2 su bardağı un (çok katı olmayacak)""]","[""Yumurta ve şekeri 3 dakika çırpalım. Beyazlaşmaya başladığında sıvı malzemeleri ekleyip karıştıralım."", ""Ardından un, kabartma tozu ve vanilin ekleyip hamura kıvam verelim. Pişireceğimiz kalıbı yağlayıp karışımı ekleyelim."", ""Önceden ısınmış 170 derece ısıda kekimizi 30 dakika kadar pişirelim."", ""Kekimiz pişerken 2 limon suyu, nişasta ve şekeri bir cezveye alıp kıvam alana denk karıştırarak pişirelim."", ""1 paket beyaz çikolatayı 1 yemek kaşığı krema ile eritelim."", ""Kekimiz pişip soğuduğunda üzerine beyaz çikolatayı ardından limon sosunu gezdirelim ve servis edelim. Afiyet olsun.""]"
86a56fce-8e23-4589-93fb-588314cd5532,Babaanne Aşuresi,Turkey,Geleneksel lezzetlerle hazırlanan doyurucu ve besleyici babaanne aşuresi,Ye,"[""800 gram yarma buğday"", ""1 yemek kaşığı susam"", ""1 yemek kaşığı çörek otu"", ""300 gram toz şeker"", ""1 yemek kaşığı tuz""]","[""Yarma buğdayları büyük bir tencerede haşlıyoruz. Daha sonra üzerine su ekleyip fokurdayana kadar pişiriyoruz."", ""Ocaktan alıyoruz ve diğer malzemeleri sırayla ekleyip karıştırıyoruz."", ""En son şeker ve tuz ilave edip karıştırıyoruz. Afiyet olsun.""]"
c91195bf-5fc8-4860-ae83-2c0cab72d7c3,Bulut Yumurta,Turkey,"Hafif ve lezzetli Bulut Yumurta, pofuduk dokusuyla kahvaltılarınıza farklı bir tat katacak",Ye,"[""3 adet yumurta"", ""1/2 çay kaşığı tuz"", ""Etimek Tatlısı Tarifi"", ""Damla Çikolatalı Kurabiye"", ""Tatlı Tarifleri Spoonful Mozaik Pasta Çikolatalı Sufle İrmik Helvası Fırın Sütlaç Profiterol Revani Magnolia"", ""Kahvaltılık Tarifler Pancake Krep Pişi Kuymak Kaygana Kahvaltılık Sos Menemen Muhlama Yumurtalı Ekmek Omlet"", ""Omlet""]","[""Yumurtaların beyazını bir kaba, sarılarını da ayrı bir kaba ayırın. Beyaz ve sarıların birbirlerine karışmamasına özellikle özen gösterin."", ""Yumurta beyazların içerisine tuz atın ve çırpıcı yardımıyla beyaz bir köpük haline gelene kadar çırpın."", ""Yağlı kağıt serili fırın tepsisine, spatula yardımıyla orta boy bezeler halinde yumurta beyazlarınızı aktarın. Ortalarında boşluk oluşturun. Önceden ısıtılmış 190 derecede üzeri hafif renk alana kadar"", ""Fırından çıkarıp ortasındaki boşluklara yumurta sarılarını dikkatli bir şekilde aktarın. Fırında 5 dakika daha pişirin."", ""Pişince çıkarıp sıcak sıcak servis edin. Afiyetler olsun!""]"
0de61977-5550-4eed-a071-8cc3955c2140,Çıtır Kadayıflı Muhallebi,Turkey,"Tereyağında kızartılan çıtır kadayıfların, dövülmüş cevizlerle harmanlanıp üzerine vanilyalı muhallebi dökülerek hazırlanan nefis bir tatlı",Ye,"[""300 gram taze kadayıf"", ""2 yemek kaşığı tuzsuz tereyağı"", ""1 çay bardağı dövülmüş ceviz içi"", ""5-6 yemek kaşığı toz şeker""]","[""Öncelikle kadayıfları buzluğa atın en az 2 saat kalsın ki kolay kesilebilsin."", ""Süre sonunda gelişi güzel kadayıfları ufalayın."", ""Tavaya yağı alın, kadayıfları cevizi ve şekeri ekleyin. Kısık ateşte ağır ağır renk alana kadar kadayıfları kavurun."", ""Altın rengi olması gerekiyor."", ""Muhallebisi için tencerede yağı eritin, ununu ekleyin."", ""5 dakika kadar kavurun. Üzerine şekerini ekleyin. Hızlıca karıştırın"", ""Sütünü de ekleyip sürekli karıştırarak kaynatın."", ""İlk sıcaklığı gittiğinde krem şanti ve 1 bardak daha sütü ekleyip mikserle 5 dakika yüksek devirde çırpın."", ""Kaselerin tabanına kadayıf ekleyin. Ardından krema ve tekrar kadayıf ekleyin. Dilediğiniz gibi süsleyerek servis edin. Afiyet olsun.""]"
6624c22b-785d-4986-aff8-3910feafecb4,Buzluk İçin Limon ve Portakal Kabuğu Rendesi,Turkey,Tatlılarınızı ve içeceklerinizi ferahlatmak için dondurucuda saklayabileceğiniz pratik limon ve portakal kabuğu rendesi tarifi,Ana Yemek,"[""2 adet portakal kabuğu"", ""3 adet limon kabuğu"", ""Etimek Tatlısı Tarifi"", ""Damla Çikolatalı Kurabiye"", ""Tatlı Tarifleri Spoonful Mozaik Pasta Çikolatalı Sufle İrmik Helvası Fırın Sütlaç Profiterol Revani Magnolia"", ""Kahvaltılık Tarifler Pancake Krep Pişi Kuymak Kaygana Kahvaltılık Sos Menemen Muhlama Yumurtalı Ekmek Omlet"", ""Omlet""]","[""Portakal ve limonların kabuklarını ince rendeden beyaz dokusunu görene kadar rendeleyin."", ""Tezgahın üzerine streç film yayıp üzerine rendelediğiniz kabukları incecik serin."", ""Etrafını katlayıp küçük bir tepsi veya bir kap üzerinde dondurucuya atın ve ihtiyaç anında buzluktan çıkarıp istediğiniz miktarda rendelenmiş kabuğu kırıp kullanın. Ellerinize sağlık.""]"
62acde07-7a3d-46b5-bae5-099b2aa691db,Cennet Hurmalı Fit Muhallebi,Turkey,"Sağlıklı ve lezzetli cennet hurmalı fit muhallebi, nişasta ve un ile hazırlanan hafif bir tatlı seçeneği",Tatlı,"[""600 mililitresüt"", ""3 yemek kaşığı nişasta"", ""2 yemek kaşığı un"", ""1 adet yumurta sarısı"", ""1 paket vanilin"", ""3-4 adet cennet hurması""]","[""Cennet hurması hariç tüm malzemeleri tencerede güzelce karıştırıp kısık ateşte pişiriyoruz."", ""Koyu kıvam alınca ocaktan alın. Biraz soğuduktan sonra kaplara alın."", ""En alta cennet hurması araya muhallebi üzerine yine cennet hurması koyup servis yapın. Afiyet olsun.""]"
8007d52f-93d8-4931-971f-92e9998547ec,Pratik Puf Pişi,Turkey,"Kolay ve hızlı yapılan pratik puf pişi tarifi, çay saatleri için ideal",Ana Yemek,"[""1 su bardağı su"", ""1 su bardağı ılık süt"", ""1 paket instant maya"", ""1 tatlı kaşığı tuz"", ""1 tatlı kaşığı şeker"", ""4,5 su bardağı un""]","[""Karıştırma kabına su süt şeker ve mayayı koyuyoruz ve 1-2 dakika bekliyoruz."", ""Sonra unu tuzu ilave edip yoğuruyoruz üzerine streç kapatıp mayalandırıyoruz."", ""Mayalanan hamuru bölüp 2 beze yapıyoruz."", ""Bezenin birini açıp bardakla şekil verip biraz bekletiyoruz."", ""Diğerini de aynı şekilde açıp ve yıldızlı kalıpla şekil verip kızartıyoruz. Afiyet olsun.""]"
1b26ce54-e84f-48c2-bb01-0025b23e857c,Glutensiz Dereotlu Poğaça,Turkey,"Lezzetli ve sağlıklı glutensiz dereotlu poğaça tarifi, nohut unuyla hazırlanmış pratik bir atıştırmalık",Börek & Hamur İşi,"[""1 su bardağı nohut unu"", ""1/3 çay bardağı zeytinyağ"", ""1/2 su bardağı yoğurt"", ""1 adet yumurta"", ""1 çay kaşığı karbonat""]","[""Malzemelerin hepsini bir karıştırma kabında karıştırın."", ""Ceviz büyüklüğünde parçalar yuvarlayıp pişirme kağıdı serilmiş tepsiye dizin."", ""Üzerine yumurta sarısı sürün ve çörek otu serpin."", ""Önceden ısıtılmış 180 derecelik fırında üzerileri kızarana kadar pişirin. Afiyet olsun.""]"
fc4a2bc5-eec3-4d89-aedd-912a989a0309,Arnavut Ciğeri,Turkey,"Arnavut ciğeri, unla kaplanıp kızartılan lezzetli ve pratik bir ciğer yemeğidir",Ana Yemek,"[""500 gram dana ciğeri"", ""1 çay bardağı un"", ""1 çay kaşığı tuz"", ""2 su bardağı sıvı yağ"", ""1 tatlı kaşığı kırmızı pul biber"", ""4 adet patates (küp doğranmış)""]","[""Ciğerinizi yıkayıp doğrayın ve sonra süzgece alıp kanının süzülmesi için bekleyin."", ""Kanını süzdürdüğünüz ciğeri, tuz ve biber eklediğiniz una bulayın."", ""Kızgın yağda kızartın. Kızarttığınız patateslerle servis edin. Afiyet olsun.""]"
42fc5963-1138-4d77-8388-7f54e1f4761b,Sebzeli Hamur Kızartması,Turkey,"Sebzeli Hamur Kızartması, çıtır dışı ve yumuşak içi ile lezzetli bir atıştırmalıktır",Sebze Yemekleri,"[""1 adet yumurta"", ""100 ml süt"", ""1,5 çay kaşığı tuz"", ""1 paket kabartma tozu"", ""18 yemek kaşığı un""]","[""Hamur yoğurma kabına önce yumurtaya, süt ve tuz koyup çırpalım. Daha sonra maydanoz, sucuk ve kaşarı ekleyip karıştıralım."", ""En son un ve kabartma tozu ekleyip 3-4 dakika yoğuralım."", ""Tezgaha un serpip hamurumuzu yarım cm'lik kalınlıkta açalım. Daha sonra istediğimiz şekilde keselim."", ""Hamurun tamamını kestikten sonra tavaya yağı koyup ısıtın. Isınan yağda hamurumuzu ön arka nar gibi olana kadar kızartalım. Hepsini aynı şekilde yapıp servis yapalım. Afiyet olsun.""]"
7565a7d6-db5b-410e-a242-c6687ae21a35,Kupta Karamelli Bisküvili Tatlı,Turkey,Karamelize edilmiş bisküvilerin kremsi süt tatlısıyla buluştuğu enfes bir tatlı,Tatlı,"[""1 litre süt"", ""3 yemek kaşığı un"", ""2 yemek kaşığı nişasta"", ""1 su bardağı toz şeker (damak tadınıza göre)"", ""2 adet yumurta sarısı"", ""1 paket krem şanti"", ""1 yemek kaşığı tereyağı""]","[""Kremşanti ve tereyağı hariç bütün malzemeyi tencereye alalım, karıştırarak pişirelim."", ""Pişen muhallebiye krem şanti ve tereyağını ekleyip güzelce karıştıralım."", ""Kupların yarısına kadar muhallebi üzerine bir yemek kaşık bisküvi üzerine tekrar bir parmak eksik kalacak şekilde muhallebi ekleyip oda sıcaklığına gelince buzdolabında üstü kapalı olarak dinl""]"
3ace16e0-e609-4ea7-b60c-9d0d726a0e44,Mayasız Çörek,Turkey,Maya bekleme derdi olmadan hızlıca hazırlayabileceğiniz pratik ve lezzetli çörek tarifi,Ana Yemek,"[""1/2 su bardağı zeytinyağı"", ""1,5 çay bardağı ılık süt"", ""1 tatlı kaşığı elma sirkesi"", ""1 tatlı kaşığı tuz"", ""1 tatlı kaşığı toz şeker"", ""1 tatlı kaşığı kabartma tozu"", ""3 su bardağı un""]","[""Sütü, zeytinyağını ve sirkeyi bir kaba alın."", ""Üstüne kabartma tozunu, tuzu ve şekeri ekleyip parmağınızla karıştırın."", ""Unu yavaş yavaş ekleyerek ele yapışmayan yumuşak bir hamur elde edene dek yoğurun."", ""Hazırladığınız hamurdan ceviz büyüklüğünde parçalar kopartın, avucunuzda yuvarlayın ve yağlı kağıt serdiğiniz bir fırın tepsisine dizin."", ""Üstlerine zeytinyağıyla karıştırdığınız toz kırmızı biberi sürün ve önceden ısıtılmış 200 derece fırında üstleri kızarana dek yaklaşık 25 dakika kontrollü olarak pişirin."", ""Fırından alın ve ılık olarak servis edin.""]"
5925d1f5-a71e-49a3-b3aa-f47ccb28db71,Fındık Kurabiye,Turkey,"Sağlıklı ve lezzetli fındık kurabiye tarifi, sadece üç malzemeyle hazırlanabilir atıştırmalık",Tatlı,"[""120 mililitreyulaf ezmesi (inceltilmiş)"", ""1 adet muz (ezilmiş)"", ""4 tatlı kaşığı hurmalı fındık ezmesi"", ""3 tatlı kaşığı ham kakao"", ""75 mililitreagave şurubu"", ""3 yemek kaşığı dövülmüş fındık"", ""1 çay kaşığı vanilin""]","[""Tüm malzemeleri bir araya getirip yoğuruyoruz. Eşit parçalara ayırıp yuvarlıyoruz."", ""150 derecelik önceden ısıtılmış fırında 10 dakika pişiriyoruz. Fındık kırıkları ve bitter çikolata ile süslüyoruz. Afiyet olsun.""]"
48df0b63-b459-4a89-a273-ab9b770cfd1e,Soslu Bakla,Turkey,"Lezzetli ve pratik soslu bakla yemeği, salça ve soğanla harmanlanmış enfes bir tat",Ana Yemek,"[""300 gram bakla"", ""1 adet orta boy soğan"", ""1-2 yemek kaşığı salça"", ""1/2 çay bardağı sıvı yağ"", ""1 çay kaşığı tuz""]","[""Baklaları ayıklayıp doğrayalım ve yıkayalım. Sonra bir tencerede haşlayalım."", ""Ayrı bir tavada sıvı yağı koyup soğanları kavuralım. Rengi pembeleşince salçayı ekleyip kavuralım. Tuzu da ekleyelim."", ""Sarımsaklı yoğurt hazırlayıp haşlanan baklaların üzerine dökelim. En üzerine de salça soğanlı sosu dökelim. Afiyet olsun.""]"
5c041a45-3ba2-4619-bdf4-e4f8644b726e,Tam Ölçülü Kaşık Dökmesi,Turkey,"Pratik ve lezzetli Tam Ölçülü Kaşık Dökmesi, ölçü kaşıklarıyla hazırlanan kolay bir kahvaltı tarifi",Ana Yemek,"[""2 adet yumurta"", ""1 su bardağı yoğurt"", ""1 çay bardağı sıvı yağ"", ""1 paket kabartma tozu"", ""2 su bardağı un"", ""1 çay kaşığı tuz""]","[""Yumurta, yoğurt ve sıvı yağı derin bir kaba alarak güzelce karıştırın."", ""İçine azar azar unu ve kabartma tozunu ilave ederek tamamen homojen olana kadar karıştırın."", ""Tavanızı önceden iyice ısıtın, fırça yardımıyla bir miktar yağlayın."", ""Kaşık yardımıyla harçtan tavaya aktarın. Arkalı önlü pişirin."", ""Ardından sıcak sıcak servis edin. Afiyetler olsun.""]"
ab20b23c-e578-48a4-b3de-577687cdbce5,Bulgurlu Nuraniye,Turkey,Zeytinyağlı kabaklar ve taze soğanlarla hazırlanan lezzetli ve sağlıklı bulgurlu nuraniye,Pilav & Makarna,"[""2 adet kabak"", ""4 adet taze soğan"", ""4 yemek kaşığı zeytinyağı"", ""3 yemek kaşığı ince bulgur"", ""3 tepeleme yemek kaşığı süzme yoğurt"", ""3 tepeleme yemek kaşığı yoğurt"", ""1/4 adet limon suyu"", ""1 çay kaşığı tuz"", ""1/2 çay kaşığı karabiber""]","[""Kabakları rendeleyin ve hafifçe tuzlayıp beş dakika süzgeçte dinlendirin."", ""Kabaklar süzülürken tüm yeşillikleri ince ince doğrayın."", ""Derin bir tava ya da ufak bir tencereye zeytinyağını koyun ve orta ateşte ısıtın."", ""Kabakları elinizle sıkıp tavaya alın, üstlerine taze soğan ve sarımsakları ekleyip bir iki dakika kavurun."", ""Bulgurları da ekleyip ocaktan alın ve beş dakika kadar demlenmeye bırakın."", ""Başka bir kabın içinde yoğurtları, limon suyunu, maydanozları ve dereotunu harmanlayın."", ""Bulgurlar yumuşayıp karışım da hafif ılınınca, sosla harmanlayın ve serin olarak servis edin."", ""Servis ederken üzerine dövülmüş ceviz, nar taneleri ve zeytinyağı gezdirebilirsiniz. Afiyet olsun.""]"
d87a379c-33d4-4222-b243-9bc546c1547c,Kimyonlu Yumurta,Turkey,"Kimyonun eşsiz aromasıyla zenginleştirilmiş, pratik ve lezzetli bir yumurta tarifi",Kahvaltı,"[""5 adet yumurta"", ""1,5-2 çay kaşığı tuz"", ""1,5-2 çay kaşığı kimyon"", ""1,5-2 çay kaşığı karabiber"", ""1 tatlı kaşığı pul biber"", ""3-4 yemek kaşığı zeytinyağı""]","[""Yumurtaları kayısı kıvamı olacak şekilde 5 dakika haşlayın."", ""Haşladığınız yumurtaları soyun ve 5 parçaya kesin."", ""Kesmiş olduğunuz yumurtaların üzerine zeytinyağını dökün ve baharatlarını ekleyin."", ""Sıcak olarak servis edin. Afiyet olsun.""]"
e94461b9-8e2d-4780-a772-a98d56756a8d,Tam Buğdaylı Poğaça,Turkey,"Sağlıklı ve lezzetli tam buğdaylı poğaça, zeytinyağıyla hazırlanan pratik bir tarif",Börek & Hamur İşi,"[""3,5-4 su bardağı tam buğday unu"", ""1 adet yumurta"", ""1/2 su bardağı zeytinyağı"", ""5 yemek kaşığı yoğurt"", ""1 tatlı kaşığı bal"", ""1 tatlı kaşığı tuz"", ""1 paket kuru maya""]","[""Un hariç hamur malzemelerini karıştıralım. En son unu kontrollü bir şekilde ekleyelim."", ""Ele yapışmayan ama çok da sert olmayan bir kıvamda olsun."", ""En az 1 saat kadar üzer kapalı bir kapta mayalanması için bekleyelim."", ""Mayalanan hamurumuzdan yuvarlak bezeler koparıp içerisine peynirli harcımız yerleştirip kapatalım."", ""Tepside 20 dakika kadar mayalanması için bekleyelim."", ""Üzerleri yumurta sarısı ve 1 yemek kaşığı sütü karıştırıp fırça yardımıyla sürelim."", ""Önceden ısıtılmış 180 derecelik fırında üzerileri kızarana kadar pişirin. Afiyet olsun.""]"
caf15cdc-4306-47da-a386-d8724db6fe38,Hibiskus Çayı,Turkey,"Ferahlatıcı ve aromatik hibiskus çayı, tarçın ile zenginleştirilmiş eşsiz bir lezzet sunar",İçecek,"[""1 tatlı kaşığı hibiskus"", ""1 su bardağı kaynar su"", ""1/2 adet çubuk tarçın (arzuya göre)""]","[""Kaynamış suya bir tatlı kaşığı hibiskusu ve tarçın çubuğunu atın."", ""5 dakika demlenmeye bırakın. Ardından french press ile çay tanelerini sıkıştırın.""]"
8a199f76-0c35-4d27-9c60-7eedb431756a,Yoğurtlu Yeşil Mercimek Salatası,Turkey,"Yoğurtlu yeşil mercimek salatası, protein ve lif açısından zengin, doyurucu ve lezzetli bir meze",Salata,"[""1 su bardağı yeşil mercimek"", ""1 su bardağı arpa şehriye"", ""3 su bardağı yoğurt"", ""1 yemek kaşığı tuz"", ""1 yemek kaşığı toz biber"", ""3 adet kornişon turşu"", ""1 yemek kaşığı mayonez""]","[""1 bardak yeşil mercimeği ve 1 bardak arpa şehriyeyi ayrı tencerelerde haşlayalım."", ""Mercimek ve şehriye soğuduktan sonra derin bir kaba koyalım."", ""Üzerine yoğurt, tuz, toz biber, rendelenmiş sarımsak, mayonez ve küp şeklinde doğradığımız turşuları da ekliyoruz."", ""Bütün malzemeyi güzelce karıştırıyoruz ve salatamız servise hazır.""]"
93c0be6d-b23c-4477-bb80-d93a2604a1eb,Çilekli Manolya,Turkey,"Taze çileklerin ferahlatıcı lezzeti ile hazırlanan, hafif ve nareziye tatlı Çilekli Manolya",Ana Yemek,"[""1 litre süt"", ""1 su bardağı toz şeker"", ""2 yemek kaşığı nişasta"", ""2 yemek kaşığı un"", ""2 adet yumurta sarısı"", ""1 paket vanilya"", ""1 paket süt kreması"", ""1 paket bebe bisküvisi"", ""10-15 adet çilek""]","[""Süt ve krema hariç tüm malzemeleri tencereye alıp karıştıralım."", ""Karıştırdığımız karışımın altını açıp süt ve kremayı ekleyelim. Muhallebi kıvamına gelene kadar bekleyelim."", ""Muhallebi hazırlandıktan sonra çilekleri doğrayalım."", ""Daha önceden ufalanmış bisküvileri kasemizin tabanına dizip çilekleri ekleyelim."", ""Çilekleri ekledikten sonra tekrar bisküvi ekleyip tekrar çilek dizelim."", ""Ardından tekrar muhallebi döküp üstünü istediğimiz gibi süsleyelim.""]"
822966ac-de18-4b67-b42a-9e9a170bbcf3,Susamlı Pişi,Turkey,"Susamlı pişi, hafif ve lezzetli bir tatlıdır",Ana Yemek,"[""1 çay bardağı süt"", ""1 çay bardağı su"", ""1 paket instant maya"", ""1 tatlı kaşığı şeker"", ""1 çay kaşığı tuz"", ""4 çay bardağı un""]","[""Bir kaba süt, su, şeker ve mayayı koyup karıştırıyoruz. Homojen bir karışım olunca ununu ve tuzunu ekleyip yumuşak bir hamur elde ediyoruz."", ""Üzerini bir bezle kapatıp 30 dakika mayalanmaya bırakıyoruz. Mayalanan hamuru mandalina büyüklüğünde bezelere ayırıyoruz."", ""Ayırdığımız bezeleri önce süte sonra susama batırıp, her bir bezeyi 1 cm kalınlığında yuvarlak olarak açıyoruz ve artı şeklinde 4’e kesiyoruz."", ""Kızgın yağa atıp arkalı önlü pişiriyoruz. Afiyet olsun.""]"
cd95b937-6e2d-499d-8a2d-dd762d1667f8,Ballı Muzlu Pancake,Turkey,Ballı muzlu pancake yapmak için kolay bir tarif,Ana Yemek,"[""3 adet orta boy yumurta"", ""2 adet muz (iyice olgunlaşmış)"", ""1,5 su bardağı süt"", ""2 su bardağı tam buğday unu"", ""1 yemek kaşığı bal"", ""1 paket kabartma tozu"", ""1 tatlı kaşığı saf vanilya tozu (ya da 1 paket vanilin)""]","[""Muzları soyun, çatal yardımıyla güzelce ezin."", ""Önce yumurta, muz, bal, vanilya tozu ve tuzu bir kaba alın, köpük köpük olana kadar iyice çırpın."", ""Sonra sütü ilave edin, çırpmaya devam edin."", ""En son unu ve kabartma tozunu ekleyin, homojen bir karışım haline gelene kadar çırpın."", ""Elde ettiğiniz karışımı küçük bir kepçe yardımı ile tavaya dökün."", ""Tavanızın altını sadece bir sefer yağlayın, hamuru her döküşünüzden önce yağlamayın."", ""Tavanızı iyice ısıtın."", ""Hamurunuzu istediğiniz miktarda tavaya dökmeye başlayın."", ""Pankeklerin üstü göz göz olmaya başlayınca ters çevirin, iki yüzünü de güzelce pişirin."", ""Pankeklerimiz hazır! Deneyeceklere afiyet olsun :)""]"
9e3026ba-6720-48d3-b49c-39f66a7a85cd,Midye Kurabiye,Turkey,"Midye kurabiyesi, lezzetli ve hafif bir tatlıdır",Tatlı,"[""125 gram tereyağı"", ""2 çay bardağı pudra şekeri"", ""1 adet yumurta"", ""1 paket kabartma tozu"", ""1 paket vanilin"", ""2-2,5 su bardağı un""]","[""Oda sıcaklığındaki tereyağı, pudra şekeri ile çırpın."", ""Yumurtayı ilave edip çırpmaya devam edin."", ""Elenmiş unu, kabartma tozunu ve vanilini eilave edip yoğurmaya başlayın."", ""Bir süre buzdolabında dinlendirin ve tezgahta açın."", ""Çay bardağı ile yuvarlaklar çıkartın ve herhangi bir kapak ile midye şeklini verin."", ""Fırın kağıdı sarılı tepsiye dizin. Önceden ısıtılmış 180 derecelik fırında 20 dakika kadar pişirin. Afiyet olsun.""]"
dfa22709-46d3-4260-a211-339e69706149,Karnabahar ve Brokoli Salatası,Turkey,"Karnabahar ve brokoli salatası, lezzetli bir yemek seçenekidir",Salata,"[""1/2 kilogram brokoli"", ""1/2 adet karnabahar"", ""6-7 adet salatalık turşusu"", ""1 adet kapya biber"", ""2 adet havuç""]","[""Karnabahar ve brokoli ufak ayıralım."", ""Biber ve havucu jülyen doğrayıp buharda haşlayalım."", ""Buharda haşlamaya imkan yoksa çok az suda pişirebiliriz."", ""Dilediğiniz gibi servis edebilirsiniz. Afiyet olsun.""]"
d4835efc-01e5-4e41-893d-5557fcb0f5d7,Yulaf Ezmeli Fit Pancake,Turkey,Yumuşak ve sağlıklı bir fit pancake tarifi,Ana Yemek,"[""1 su bardağı yulaf ezmesi"", ""2 adet orta boy olgun muz (175 g)"", ""2 adet yumurta"", ""1 yemek kaşığı zeytinyağı"", ""1/2 çay kaşığı karbonat (1 g)"", ""1/2 paket kabartma tozu (5 g)""]","[""Yulaf ezmesi rutfak robotunda un haline getirilir. (Bu aşamada blender haznesi genişse; geri kalan malzemelerle pürüzsüz olana kadar çekilebilir)."", ""Değilse muzlar iyice ezilir. İçine zeytinyağı ve yumurta eklenir karıştırılır. Bu karışıma yulaf unu, karbonat, kabartma tozu, vanilin ve tuz eklenir, pürüzsüz olana kadar karıştırılır. 10 dakika dinl"", ""Yapışmaz tava orta sıcaklıkta iyice ısıtılır ve az miktarda sıvı yağ ilave edilip yağın fazlası peçete ile alınır. Pancake karışımından birer yemek kaşığı tavaya dökülür. Kapak kapatılır."", ""Üzeri göz göz olmaya başlayınca yumuşak spatulayla ters çevrilir ve kapak kapalı 1-2 dakika daha pişirilir."", ""Tüm karışım bitene kadar aynı işleme devam edilir. Tahin pekmez, çikolatalı fındık kreması, meyveler, çikolata sos, bal, şurup veya reçelle servis edilir. Afiyet olsun.""]"
9caf3e34-f394-45e5-8b45-5363c3abb973,4 Malzemeli Kurabiye,Turkey,4 malzeme ile hazırlanan lezzetli kurabiye tarifi,Tatlı,"[""2 adet yumurta akı"", ""1 çay bardağı toz şeker"", ""3 yemek kaşığı kakao"", ""1 paket damla çikolata (tercihe bağlı beyaz çikolata, sütlü çikolata ya da bitter kullanabilirsiniz)""]","[""Yumurta aklarımızı ve şekerimizi bir kapta krema kıvamına gelene kadar karıştıralım."", ""Kakaomuzu ekleyelim biraz koyulaşana kadar çırpmaya tam gaz devam!"", ""Tercih ettiğiniz çikolatayı ekleyelim. Ben damla çikolata tercih ettim. Bir, iki dakika daha karıştıralım."", ""Önceden ısıttığımız fırında 150° 15 dakika pişirelim. Hemen çıkartmayın biraz fırının içinde kalsın."", ""Hazır! Serviste üzerilerine çikolata sosu ile şekil verebilirsiniz. Afiyet olsun.""]"
8cc4986a-d704-4aa7-be8f-42afd28511d9,Yulaflı Acı Badem Kurabiyesi,Turkey,"Yulaflı acı badem kurabiyesi, yumurtaların ve yulafların tadını bir araya getiren lezzetli bir tatlıdır",Tatlı,"[""2 adet yumurta akı"", ""1 su bardağı yulaf unu (öğütülmüş)"", ""1 su bardağı fındık unu"", ""1 su bardağı yulaf ezmesi"", ""1 su bardağı esmer şeker"", ""1 su bardağı Hindistan cevizi tozu"", ""100 gram tereyağı"", ""2 çay kaşığı keçiboynuzu pekmezi"", ""1/2 tatlı kaşığı karbonat"", ""5 tatlı kaşığı kaynar su""]","[""Bir kasede yulaf ezmesi, yulaf unu, esmer şeker ve Hindistan cevizini karıştırın. Küçük bir kapta tereyağını sadece eriyecek kadar tutup ateşi kapatın ve pekmezi içine katın."", ""Bir kabın içerisine karbonatı ve 5 tatlı kaşığı kaynar suyu ekleyip yağ pekmez karışımına ilave edin. Bu ıslak karışımı kuru karışıma ekleyip karıştırın."", ""Yumurta akını çatalla güzelce çırpın ve kurulara katarak bir spatula yardımıyla güzelce karıştırın. Hamurumuzun üzerini streçle kapatıp buzdolabına kaldıralım ve 20 dakika bekletelim."", ""Fırını 175 derece açın ve iki fırın tepsisini yağlı kağıdı ıslatıp yayarak hazırlayın."", ""Buzdolabından çıkardığımız hamuru bir dondurma kaşığı vasıtasıyla yağlı kağıt üzerine aralıklı yerleştirin ve elinizle hafif baskı uygulayın. Fırında pişirin."", ""Pişen kurabiyeleri ızgara telin üstünde havalandırmaya almak, kurabiyelerin dışı çıtır içinin yumuşak olmasını sağlayacaktır aksi taktirde yağlı kağıt üzerinde kalırsa kurabiyeler yumuşak olacaktır. A""]"
f9268388-e1ec-465f-b036-e71692367127,Çikolatalı Puding,Turkey,Çikolatalı puding yapmak için basit bir tarif,Tatlı,"[""1 su bardağı süt"", ""1 tatlı kaşığı bal"", ""1 tatlı kaşığı tahin"", ""60 gram bitter çikolata""]","[""Öncelikle çikolata ve bal hariç diğer malzemeleri bir sos tenceresinde karıştırıp ocağa alın."", ""Orta ateşte sürekli karıştırarak pişirin."", ""Göz göz kaynamaya başlayıp koyulaşınca altını kapatıp ocaktan alın. Bitter çikolatalarini parçalara bölüp içine atıp karıştırın. Karışım biraz soğuduktan sonra damak tadınıza göre bal ekleyin."", ""Sonra blender yardımıyla pudingi pürüzsüz kıvama getirelim. Bu şekilde yapınca kıvam harika oluyor. Soğuduktan sonra afiyetle tüketin.""]"
2d63e61c-bd03-4343-aa18-576868f513d5,Kabaklı Dipsos,Turkey,Kabak ve ceviz içi ile hazırlanan lezzetli dipsos,Sebze Yemekleri,"[""1 adet kabak"", ""2 yemek kaşığı zeytinyağı"", ""5 yemek kaşığı yoğurt"", ""1 çay kaşığı tuz"", ""2 yemek kaşığı iri çekilmiş ceviz içi""]","[""Kabağı yıkayıp kabuklarıyla birlikte rendeleyin."", ""Zeytinyağını bir tavaya alın. Kabakları ekleyerek 10 dakika kavurun."", ""Kavrulan kabakları biraz ılıdıktan sonra blenderden geçirin."", ""Sarımsağı ezerek yoğurtla karıştırın."", ""Kabağı sarımsaklı yoğurt ile karıştırıp tuzu ekleyin ve güzelce karıştırın."", ""Son olarak cevizi ekleyerek afiyetle tüketin.""]"
a397edbc-72f9-4f18-b396-753ec66b50f4,Boza,Turkey,Kalın bulgur ve pirinç ile yapılan lezzetli boza tarifi,Ana Yemek,"[""2 su bardağı kalın bulgur"", ""1/2 çay bardağı pirinç"", ""2 yemek kaşığı şeker"", ""1 çay kaşığı toz maya""]","[""Bulguru yıkadıktan sonra tencereye koyup kaynatın. Uzun süre kaynamasını sağlayın, gerekirse su ilavesi yapabilirsiniz."", ""Ardından bulguru süzün. Bu aşamada kaşıkla bastırarak bulguru iyice ezin. Posasını kullanmayacaksınız. Sulu kısmı kapaklı bir kap ya da tencereye alarak ılımaya bırakın."", ""Maya ve şekeri yarım su bardağı ılık su ile karıştırın."", ""Ardından bulgura ekleyip karıştırın. Kapağı kapalı olarak karanlık bir yerde bir gün bekletin. Bir gün sonunda karıştırın, gerekli görürseniz şeker ilavesi yapıp 2 gün daha karanlık yerde bekletmeye d"", ""Boza tarifiniz hazır. Afiyet olsun!""]"
bed5eb0f-eecd-4aa3-bec3-be54276fee7f,Patates Püresi ve Sucuk Köfte,Turkey,Patates püresinin yumuşacık dokusuyla sucuk köftenin baharatlı lezzetini birleştiren doyurucu bir tarif,Et Yemekleri,"[""5 adet orta boy patates"", ""1 çay bardağı süt"", ""2 yemek kaşığı tereyağı"", ""1 tatlı kaşığı tuz""]","[""Öncelikle sarımsakları, kıyma ve baharatları tuz ilave edip yoğuruyoruz."", ""Daha sonra kabuklarını soyduğumuz patatesleri haşlıyoruz."", ""Köftelerimize şeklini veriyoruz."", ""Köfteleri önceden ısıtılmış 180 derece fırında yaklaşık 25 dakika pişiriyoruz."", ""Haşlanan patateslerin içerisine tuz, süt ve tereyağı ilave edip pürüzsüz bir kıvam alana kadar blenderla çekiyoruz."", ""Dilediğiniz gibi servis edebilirsiniz. Afiyet olsun.""]"
86c22e40-5766-465e-bedb-0108522482ab,Peynir Pate,Turkey,"Kremamsı ve lezzetli peynir pate, pratik bir atıştırmalık veya mez olarak sunulabilir",Ana Yemek,"[""3 yemek kaşığı yoğurt kaymağı"", ""2 yemek kaşığı lor peyniri"", ""1 yemek kaşığı beyaz peynir (ya da istediğiniz peynir kırıntıları)"", ""1 yemek kaşığı zeytinyağı"", ""3 adet cherry domates""]","[""Tüm malzemeyi rondoya alıp çekiyoruz."", ""Tüm malzemeler iyice karışınca tabağa alıp domates ve zeytinyağı ile süslüyoruz. Afiyet olsun.""]"
4adb3e19-2e90-4dda-88a2-aaa9bf1143fa,Katı Yağsız Tuzlu Kraker,Turkey,Yağsız ve tuzlu kraker yapımı,Ana Yemek,"[""1 adet yumurta beyazı"", ""1/2 su bardağı sıvı yağ"", ""2 yemek kaşığı (tepeleme) süzme yoğurt (suyu süzülmüş yoğurt)"", ""1 yemek kaşığı elma sirkesi"", ""1 çay kaşığı toz şeker"", ""1 tatlı kaşığı (silme) tuz"", ""1,5-2 su bardağı un (200-230 g)""]","[""Sıvı yağ, yoğurt, yumurta beyazı ve sirkeyi geniş bir kaba alın. Tüm malzemelerin birleşip homojen hale gelmesi için çırpıcıyla çırpın."", ""Şeker ve tuzunu ekleyin. Önce unun yarısını üzerine ekleyip tahta bir kaşıkla yoğurun."", ""Ardından kalan yarısını azar azar ekleyerek ele yapışmayan bir hamur elde edince eklemeyi bırakın."", ""Cevizden biraz daha küçük olacak şekilde hamurdan parçalar koparın. Yaklaşık 25-30 adet parça elde etmiş olacaksınız."", ""Her bir parçayı önce elinizde hafifçe bastırın yuvarlayın. Ardından rulo şekil vermek üzere avuç içinizle bastırarak 9-10 cm uzunluğunda olacak şekilde açın."", ""İnce rulo biçimini verdiğiniz krakerlerin uç kısımlarını parmaklarınızla bastırarak düzeltin."", ""Karıştırmış olduğunuz susam ve çörek otuna güzelce bulayın."", ""Yağlı kağıt serdiğiniz fırın tepsisine yerleştirin."", ""Önceden ısıtılmış 180 derece fansız fırında 13-15 dakika kontrollü olarak pişirin ve ardından servis edin. Afiyet olsun!""]"
d065291e-3846-4fbb-9547-01d3f0594b55,Lahana Bohçası,Turkey,"Geleneksel Türk mutfağının lezzetli yemeği olan lahana bohçası, kıymalı harçla hazırlanan özel bir tatdır",Sebze Yemekleri,"[""6-7 adet Hafif haşlanmış lahana yaprağı"", ""150-200 gram kıyma"", ""1 yemek kaşığı biber salçası"", ""1 çay kaşığı karabiber"", ""1 su bardağı (bir parmak eksik) pirinç"", ""1,5 tatlı kaşığı zeytinyağı"", ""1,5 yemek kaşığı domates püresi (sos için)"", ""1 yemek kaşığı biber salçası (sos için)"", ""1 tatlı kaşığı sarımsak tozu (sos için)""]","[""İç harç yoğrulur ve önceden haşlanmış lahanaların ortasına konur."", ""Lahanalar bohça şeklinde katlanır."", ""Bohçaların üzerine, 1 parmak geçecek kadar su eklenir bir çimdik tuz ve limon suyu ilave edilir. Kısık ateşte pişmeye bırakılır."", ""Sos malzemeleri pişirilir ve servis ederken tabağa eklenir. Afiyet olsun.""]"
eb6080c5-b560-4dcb-8b18-991fc572d305,Coleslaw Salata,Turkey,"Taze ve ferahlatıcı coleslaw salatası, kıtır sebzelerle hazırlanan pratik bir meze",Salata,"[""1/2 adet lahana"", ""2 adet havuç"", ""1 adet soğan"", ""3 yemek kaşığı mayonez"", ""4 yemek kaşığı yoğurt"", ""1 yemek kaşığı sirke"", ""1 yemek kaşığı pudra şekeri"", ""1-2 çay kaşığı tuz""]","[""Havuçları ve soğanı rendeleyin. Lahanayı ince ince uzunlamasına kıyın."", ""Bir kasede kalan diğer malzemeleri iyice çırpın. Sosu salatayla buluşturarak iyice harmanlayın."", ""Bir iki saat buzdolabında bekletirseniz tadı iyice birbirine geçecektir. Afiyet olsun.""]"
7dc71d6f-aa0d-4ebb-8f33-02b4187d6726,Keşkül-ü Fukara,Turkey,"Osmanlı mutfağından gelen hafif ve lezzetli bir tatlı olan Keşkül-ü Fukara, bademin eşsiz aromasıyla sütün buluştuğu ferahlatıcı bir tatlıdır",Ana Yemek,"[""4 su bardağı süt"", ""1 çay bardağı çiğ badem"", ""1 adet yumurta sarısı"", ""3 yemek kaşığı nişasta"", ""2,5 yemek kaşığı pirinç unu"", ""4-5 yemek kaşığı şeker"", ""2 paket vanilya""]","[""Bademleri kabuklarından kolay şekilde çıkartmak için sıcak su dolu bir kabın içinde 10 dakika bekletelim. Ardından kabuklarını soyup rondoda un haline getirelim. Dilerseniz bademi direk kabuklu haliyl"", ""Yumurta sarısı, nişasta, pirinç unu, şeker, çekilmiş badem ve sütü bir tencerede orta ateşte karıştırarak pişirelim. Kıvam alıp kaynadığında altını kapatıp vanilyayı ekleyelim."", ""Kuplara eşit miktarda paylaştıralım. Üzerini süslemek size kalmış. Birkaç saat dinlendikten sonra afiyetle tüketebilirsiniz.""]"
f8923542-15a6-40bb-9222-d5e36d24e4c6,Kelle Paça Çorbası,Turkey,"Geleneksel Türk mutfağının en lezzetli ve besleyici çorbalarından biri olan kelle paça, özellikle soğuk kış günlerinde içinizi ısıtacak enfes bir seçenektir",Çorba,"[""1 adet kelle (dana, koyun veya dana)"", ""4 adet ayak (dana, koyun veya dana)"", ""1 adet yumurta sarısı"", ""2 yemek kaşığı un"", ""1 yemek kaşığı tereyağı"", ""1 tatlı kaşığı toz kırmızı biber"", ""1 çay kaşığı tuz (azaltıp arttırılabilir)""]","[""Kelle paça çorbası için kelle ve paçayı suda beklettikten sonra suyunu süzün. Düdüklüye alın. Yaklaşık 1-1,5 saat kadar pişirin."", ""Haşlanan etleri minik minik doğrayın. Haşlama suyuna etleri alın."", ""Ayrı bir kasede yumurta sarısı, sirke ve unu karıştırın."", ""Kaynayan haşlama suyundan kaseye bir iki kepçe alın ve karıştırın."", ""Ilınan bu karışımı hızlıca çorbaya ekleyin."", ""Sarımsakları ve tuzunu da ekleyin."", ""Bir taşım daha kaynattıktan sonra altını kapatın."", ""Kelle paça çorbası hazır. Afiyet olsun.""]"
ee997100-d0e2-46e9-8133-09a9fc849545,Nohutlu Trüf,Turkey,"Sağlıklı ve lezzetli nohutlu trüf tatlısı, hurma ve ceviz ile hazırlanan pratik bir atıştırmalık",Sebze Yemekleri,"[""1 su bardağı haşlanmış nohut (kabukları soyulmuş)"", ""9-10 adet hurma (sıcak suda bekletilmiş)"", ""3-4 adet ceviz (dilediğiniz kadar)"", ""1 çay kaşığı vanilya"", ""1 paket vegan bitter çikolata (kaplamak için)""]","[""Nohutları, cevizleri, vanilyayı ve hurmaları robotta çekin."", ""Kıvam çok koyuysa nohudun suyundan ekleyebilirsiniz. Kıvamı olunca elinizde istediğiniz büyüklükte toplar yapın."", ""Toplarınızı 20 dakika kadar buzdolabında bekletin."", ""Daha sonra erittiğiniz çikolata ile kaplayıp tekrar buzdolabına atın.""]"
c8d24267-461e-4292-9bc2-27053cd86f36,Zencefilli Kıymalı Humus,Turkey,"Zencefilin ferahlatıcı aromasıyla zenginleştirilmiş, kıymalı humusun benzersiz lezzeti",Ye,"[""1 tatlı kaşığı zencefil (dilimlenmiş)"", ""1 su bardağı haşlanmış nohut"", ""2 yemek kaşığı tahin"", ""2 yemek kaşığı soğuk su"", ""1/2 çay kaşığı tuz"", ""4 yemek kaşığı zeytinyağı""]","[""Humus için tüm malzemeleri mutfak robotuna alın ve özleşene kadar 2-3 dakika çekin. Kıvamı koyu olursa bir kaşık su daha ekleyebilirsiniz."", ""Tabağa aldıktan sonra bir kaşıkla üzerinde halka şeklinde bir oyuk açın ve oyuğu zeytinyağı ile doldurun. Pul biber ile süsleyebilirsiniz."", ""Bir tavanın içerisine kıymayı ve zeytinyağını alın. Hafif kavurduktan sonra salça, tuz ve baharatlarını ilave edin."", ""Kıyma pişince ocaktan alın ve humusun üzerine koyun. Üzerini dilediğiniz malzemelerle süsleyerek servis edin. Afiyet olsun.""]"
6c5728a7-0520-4282-99cc-c26bfaf22401,Pancar Çorbası,Turkey,"Sağlıklı ve lezzetli pancar çorbası, kış aylarının vazgeçilmez sıcak çorbası",Ye,"[""2 adet orta boy pancar"", ""1 adet havuç"", ""1 adet patates"", ""1 adet orta boy kuru soğan"", ""2 yemek kaşığı zeytinyağı"", ""1.5 litre su"", ""1 çay kaşığı tuz""]","[""Pancar, havuç, soğan ve patatesleri soyarak istediğiniz ebatlarda doğrayın."", ""Orta boy bir tencerede zeytinyağını kızdırın. Kızdırdığınız yağa doğradığınız tüm malzemeyi ekleyerek 2-3 dakika kavurun."", ""Sebzelerin kokusu yükselip pancarlar diğer sebzeleri boyamaya başladığında 1,5 litre suyu ekleyin."", ""Tencerenin kapağını kapatıp orta ateşte sebzeleri pişirin. Pancarlar ve havuçlar yumuşadığında çorbanın tuzunu ekleyin ve ocaktan alarak blenderden geçirin."", ""Pürüzsüz bir kıvam elde edince tekrar ocağa alıp 10 dakika daha kısık ateşte kaynatın. Sıcakken servis edin.""]"
215b42c9-3035-4de3-a17f-2d1d37f06337,Pirinçli Karalahana Yemeği,Turkey,"Karalahana ve pirincin buluştuğu bu lezzetli yemek, soğuk kış günlerinde içinizi ısıtacak",Ye,"[""2,5 yemek kaşığı sıvı yağ"", ""1 adet soğan"", ""1 yemek kaşığı domates salçası"", ""4 yemek kaşığı pirinç (suda bekletilmiş)"", ""1 adet domates"", ""1 çay kaşığı tuz"", ""3,5 bardak su""]","[""Pirinçleri bir kaseye alarak üzerini 1 parmak geçecek kadar su ekleyip bekletin."", ""Soğanları küp küp doğrayıp tencerede ısıttığınız sıvı yağ ile sotelemeye başlayın. Salçayı da ekleyerek karıştırın ve sotelemeye devam edin."", ""Suyunu süzüp pirinçleri de tencereke koyun ve karıştırın. Karalahanaları iri iri doğrayın ve tencereye ekleyin. Domatesi de tencerenin içine rendeleyin."", ""Tuzunu ve suyunu ekledikten sonra 20 dakika orta ateşte, 20 dakika da kısık ateşte pişirin ve ocaktan alın. Sıcak servis edin, afiyet olsun!""]"
c10ebfee-18ee-4431-841d-e47128f33d03,Gerçek Salep,Turkey,"Geleneksel Türk içeceği gerçek salep, sıcak ve kremalı dokusuyla kış aylarının vazgeçilmezi",Ye,"[""2 tatlı kaşığı şeker"", ""6 silme çay kaşığı toz salep"", ""Etimek Tatlısı Tarifi"", ""Damla Çikolatalı Kurabiye"", ""Tatlı Tarifleri Spoonful Mozaik Pasta Çikolatalı Sufle İrmik Helvası Fırın Sütlaç Profiterol Revani Magnolia"", ""Kahvaltılık Tarifler Pancake Krep Pişi Kuymak Kaygana Kahvaltılık Sos Menemen Muhlama Yumurtalı Ekmek Omlet"", ""Omlet""]","[""Tencereye 3 fincan sütü alın şekeri de ekleyin ve ısıtın."", ""Bir fincan kalan sütü de bir kaseye alın ve salebi ekleyerek karıştırın."", ""Pürüzsüz kıvam alınca tenceredeki sütün içine ekleyip karıştırarak kaynamaya bırakın."", ""Kıvam alınca ocaktan alın."", ""Bardaklara pay edin ve üzerini tarçınla süsleyerek servis edin. Afiyetler olsun.""]"
d62f78d3-01f4-40ab-a573-403392b59814,Tavuklu Fellah Köftesi,Turkey,"Geleneksel lezzetle buluşan Tavuklu Fellah Köftesi, doyurucu ve pratik bir öğün seçeneği sunuyor",Ye,"[""1,5 su bardağı ince köftelik bulgur"", ""1/2 su bardağı irmik"", ""2 yemek kaşığı un"", ""1,5 su bardağı kaynar su"", ""200 gram tavuk kıyması"", ""1 adet yumurta"", ""1 çay kaşığı karabiber"", ""1 çay kaşığı kimyon"", ""1 tatlı kaşığı tuz""]","[""Geniş bir kaba irmik ve bulguru alın. Kaynar suyu üzerine ekleyin ve ağzını kapatıp 10-15 dakika bulgurların şişmesini bekleyin."", ""Bulgurlar şişince köfte için kalan diğer malzemeleri de içine ekleyip 10-15 dakika iyice yoğurun. Elinizi arada ıslatarak yoğurabilirsiniz."", ""Daha sonra fındık büyüklüğünde toplar yapıp ortasına parmağınızla bastırın, çukur yapın. Şekillendirdiğiniz köfteleri 10-15 dakika dinlendirin."", ""Tencereye 5-6 bardak su ekleyin, su kaynayınca içine biraz tuz 2-3 damla limon atın ve dinlendirdiğiniz köfteleri kaynamış suya ilave edin. Orta ateşte 10 dakika kadar pişirin."", ""Köfteler pişerken sosunu hazırlayalım. Sos tenceresine tereyağı ve zeytinyağını alın. Yağ kızınca salça ve sarımsağı içine ekleyerek kavurun."", ""Pişen köfteleri süzdürün ve geniş bir tabağa alın. Hazırladığınız sosu da üzerine ekleyerek karıştırın."", ""Pişen köfteleri süzdürün ve geniş bir tabağa alın. Hazırladığınız sosu da üzerine ekleyerek karıştırın."", ""Sarımsaklı yoğurtla servis edin. Afiyet olsun.""]"
04d27d2b-f938-4960-aa5f-b9f797954d53,Yalancı Sütlaç,Turkey,"Sağlıklı ve lezzetli bir tatlı alternatifi olan yalancı sütlaç, yulaf ve hurmanın doğal tatlılığıyla sizi büyüleyecek",Ye,"[""9 yemek kaşığı yulaf"", ""1 litre süt (tercihen laktozsuz, az yağlı)"", ""10 adet hurma (sıcak suda bekletilmiş)"", ""1 yemek kaşığı Hindistan cevizi tozu"", ""1 adet olgun muz"", ""1 yemek kaşığı bal (agave veya akçaağaç şurubu da olur)"", ""4-5 damlavanilya özü""]","[""Yumuşamış hurmalar suyun içinden alınır ve çekirdekleri çıkarılır. Muz, hurmalar, Hindistan cevizi tozu ve bal mutfak robotunda iyice çekilip püre haline getirilir."", ""Bir kapta süt ve yulaf kıvam alana kadar pişirilir. Kaynamaya yakın muzlu püre ilave edilir. Burada isteyen vanilya özü de ekleyebilir."", ""Ocaktan alınan sütlaç kaplara koyulur, soğumaya bırakılır."", ""Bir tepsiye su koyulur ve kaplar suyun içine dizilir. 180 derecede 20 dakika kadar pişirilir. Afiyet olsun.""]"
6b37eee2-6912-43fb-9c8f-e85ec47dc3c0,Lezzetli Topçuk,Turkey,"Tereyağı, yumurta ve pekmezin mükemmel uyumuyla hazırlanan pratik ve lezzetli topçuk tarifi",Ye,"[""1 yemek kaşığı tereyağı"", ""1 adet yumurta"", ""1 yemek kaşığı pekmez"", ""2 yemek kaşığı süt"", ""2 su bardağı siyez unu"", ""1 çay kaşığı karbonat"", ""1 tatlı kaşığı bitter damla çikolata"", ""1 tatlı kaşığı kakao""]","[""Tereyağı eritilir ve soğuması için bir kenara alınır."", ""Yumurta, pekmez ve süt karıştırılır. Soğuyan terayağı ilave edilir."", ""Un ve karbonat eklenerek ele yapışmayan bir hamur elde edilir."", ""Hamur 3 eş parçaya ayrılır. Birine sade olarak şekil verilir, diğerlerine sırasıyla bitter çikolata veya kakao eklenir."", ""Önceden ısıtılmış 180 derecelik fırında 10-15 dakika pişirilir ve hazır. Afiyet olsun!""]"
bfb09190-47fb-4c18-8e71-89198812226f,Şeftalili Naneli Yaz Salatası,Turkey,Taze yaz meyveleri ve sebzeleriyle hazırlanan ferahlatıcı şeftalili naneli salata,Salata,"[""1 adet pembe domates"", ""1 adet salatalık"", ""1 adet şeftali""]","[""Salata kasesinin en altına yaprakları iri doğranmış semiz otunu koyun."", ""Üzerine nane yapraklarını koyun."", ""Salatalığı soyacak veya bıçak ile ince şeritler halinde kesin. Bu şeritleri sararak kaseye koyun."", ""Son olarak domatesi dilimleyerek salataya ekleyin."", ""Sos için gerekli portakal suyu, çok küçük doğranmış nane yaprağı, bal, dövülmüş fındık, elma sirkesi ve tuzu bir kasede güzelce karıştırın."", ""Servis etmeden önce salatanın üzerine sosu gezdirin ve servis edin. Afiyet olsun.""]"
e0394ea1-c284-4e3c-99eb-7b3257f8ba2d,Pratik Girit Ezme,Turkey,Zeytinyağlı beyaz peynir ve labne ile hazırlanan pratik ve lezzetli Girit ezme,Ye,"[""125 gram tam yağlı beyaz peynir"", ""3 yemek kaşığı labne peyniri (ya da lor)"", ""4 yemek kaşığı zeytinyağı"", ""8 adet ceviz içi"", ""1 yemek kaşığı toz Antep fıstığı"", ""1 çay kaşığı fesleğen"", ""1 çay kaşığı kekik"", ""1-2 damlalimon suyu""]","[""Bir kaba peynirler alınır ve iyice ezilir. Üzerine çok ince kıyılmış maydanoz konulur."", ""Zeytinyağı, sarımsak, toz Antep fıstığı, ceviz ve baharatlar eklenir ve karıştırılır."", ""Servise hazırdır, afiyet olsun.""]"
cd852563-8339-4380-a78b-972eb42f4f23,Fırında Tavuk Şinitzel,Turkey,"Fırında pişirilen tavuk şinitzel, limon kabuğu rendesiyle ferahlatıcı bir lezzet sunar",Ye,"[""2 adet tavuk bonfile"", ""1/4 su bardağı süt"", ""1 adet limon kabuğu rendesi"", ""1 adet limon suyu"", ""1 yemek kaşığı üzüm sirkesi""]","[""İlk önce tavuklar kesilir. Bunun için tavuğu alın, elinizi üstüne koyun."", ""Bıçağı tavuğun yan kısmından bir çizik atıp kesin."", ""Tavuk 2ye bölünecek kısaca. Bu yüzden ortasını bulup eşit kesmeye dikkat edin."", ""\""Buttermilk\"" hazırlanır. Bir karıştırma kabına tüm malzemeler eklenir."", ""Tavuk bu karışımın içine iyice bulanır masaj yapar gibi ve en az 10 dakika bekletilir. Vaktiniz varsa 3-4 saat dinlendirirseniz daha bile güzel olur. Tavuk dinlenirken bulamak için harç hazırlanır."", ""Genişçe bir kaba (tavuğu içine koyacağız sonrasında, o yüzden kabın boyutu önemli) tüm malzemeler eklenir."", ""Tavuklar içinde olduğu karışımından çıkartılır. Sosun fazlası süzdürülür ama tamamen üstünden de gitmesin."", ""Daha sonra tavuk harcın içine konularak her tarafına temas etmesi sağlanır. Burada tek harç kabını 2 bölüm gibi düşünün ve bir bölümüne tavuğu koyun. Diğer kısmındaki harcı tavuğun üstüne atın ve elin"", ""Daha sonra tavuğun fazla harcını silkelenir ve yağlı kağıt serili fırın tepsisine alınır. 200° alt üst ayarda 25 dakika pişirilir. Afiyet olsun.""]"
9a44144b-67fe-4ca1-814f-7edd588994e2,Mini Çörek Otlu Kurabiye,Turkey,"Çörek otunun eşsiz aromasıyla harmanlanmış, çıtırlığıyla damakları şenlendiren mini kurabiyeler",Ye,"[""100 gram tereyağı"", ""1 çay bardağı sıvı yağ"", ""1 adet yumurta (sarısı üzerine)"", ""1 yemek kaşığı sirke"", ""1 tatlı kaşığı tuz"", ""1 tatlı kaşığı şeker"", ""1/2 çay bardağı çörek otu"", ""1 paket kabartma tozu"", ""2,5 su bardağı un""]","[""Oda sıcaklığındaki tereyağı, sıvı yağ, yumurta beyazı, tuz, şeker, sirkeyi derin bir kaba alıp güzelce karıştıralım."", ""Daha sonra un ve kabartma tozunu ekleyip güzelce yoğuralım, ardından çörek otunu ekleyip bir tur daha yoğuralım"", ""Misket büyüklüğünde parçalar elde ederek yağlı kağıt serili tepsiye dizelim, üzerini yumurta sarısıyla kaplayalım."", ""180 derecelik fırında 25 dakika pişirelim"", ""Kurabiyemiz hazır, afiyet olsun.""]"
dce50589-92c7-47f1-9c7a-e05beaf13f9a,Falafel,Turkey,"Orta Doğu mutfağının sevilen lezzeti falafel, dışı çıtır içi yumuşak nohut köfteleri",Ye,"[""3 su bardağı nohut (önceden suda bekletilmiş)"", ""1 adet soğan"", ""2 adet sarımsak"", ""1 çay kaşığı (silme) kimyon"", ""1 çay kaşığı (silme) karabiber"", ""4 yemek kaşığı un"", ""1 su bardağı yoğurt"", ""1 yemek kaşığı tahin""]","[""Geceden ıslatılmış nohutları rondo ile un haline getirelim ve derin bir kaseye alalım."", ""Soğanı dörde bölerek rondonun içerisine atalım, peşinden sarımsak ve maydanozları da ekleyerek kısa bir şekilde rondodan geçirelim ve nohutların üzerine ekleyelim."", ""Baharatları da ekleyerek yoğuralım. Kıvamını ayarlamak için yavaş yavaş un eklemesi yapalım. Çiğ köfte kıvamında olacak."", ""Yuvarlak şekiller yaparak tabağa dizelim, vaktiniz varsa buzdolabında biraz bekletebilirsiniz."", ""Dilerseniz fırında, dilerseniz bol yağda pişirebilirsiniz. Sosu için tüm malzemeleri karıştıralım. Sos ile beraber servis edip afiyetle tüketebilirsiniz.""]"
6ee860e7-5cb6-4ac0-8831-86c814776423,Yanardağ Kurabiye,Turkey,"Görünümüyle büyüleyen Yanardağ Kurabiye, çikolata patlamalı lezzetiyle damakları şenlendirir",Tatlı,"[""125 gram tereyağı"", ""1 adet yumurta"", ""1 çay bardağı nişasta"", ""1 çay bardağı pudra şekeri"", ""1 paket vanilya"", ""3 su bardağı un (kontrollü)""]","[""Bir kaba yumurta ve tereyağını alıp yoğurun. Ardından kurabiye için gerekli tüm malzemeleri ekleyip yumuşak bir hamur elde edene dek yoğurun."", ""Hamuru ceviz büyüklüğünde parçalara ayırıp yuvarlayın."", ""Bıçağın ters kısmıyla görseldeki gibi şekil verin."", ""180 derece de kontrollü bir şekilde altı pembeleşene kadar 15 dakika pişirin."", ""Üzerindeki kesiklere erittiğiniz çikolatayı gezdirin. İsteğe göre Antep toz fıstığıyla süsleyerek servis edin. Afiyet olsun.""]"
36996a7c-e277-41d7-b3c4-9a14e2d82c04,Yağ Çekmeyen Çubuk Pişi,Turkey,"Az malzemeyle hazırlanan, yağda kızartmadan fırında pişen pratik ve lezzetli çubuk pişi tarifi",Ye,"[""1 çay bardağı süt"", ""1 adet yumurta"", ""1 tatlı kaşığı tuz"", ""1 paket kabartma tozu"", ""2-3 su bardağı un""]","[""Derin bir kap içerisinde süt ve yumurtayı çırpın."", ""Üzerine tuz, kabartma tozu, peynir ve kaşarı ekleyin."", ""Unu da kontrollü ekleyerek karıştırın."", ""Ele yapışmayan bir hamur elde edin."", ""Hamuru yağlı kağıt arasına koyun. Merdane yardımıyla çok ince olmayacak şekilde açın."", ""Ardından bıçak yardımıyla çubuk şeklinde kesin."", ""Yağı tavaya alın ve kızdırın. Ardından pişileri yağa atın ve arkalı önlü bir şekilde kızartın."", ""Yağını süzdürerek alın ve afiyetler olsun.""]"
82756697-f70d-47a4-8ad1-a88bd1d9b14d,Patatas Bravas,Turkey,"İspanyol mutfağının sevilen mezesi olan Patatas Bravas, çıtır patateslerin özel sosla buluştuğu lezzetli bir atıştırmalıktır",Ana Yemek,"[""4-5 adet patates"", ""4 yemek kaşığı zeytinyağı"", ""1 adet soğan"", ""1 yemek kaşığı toz acı biber (acı paprika)"", ""1/2 su bardağı domates püresi"", ""3 yemek kaşığı mayonez"", ""1 yemek kaşığı sirke""]","[""Önceden küp küp kestiğiniz patatesleri sıcak suda haşlayın."", ""Sos için doğradığınız soğanları soteleyin."", ""Sarımsak, toz biber ve domates püresini de ekleyip 5 dakika daha kavurun."", ""Haşlanmış patatesleri bir tavaya alın. Kızarıncaya kadar ara ara karıştırarak pişirin. Kızaran patatesleri servis tabağına alın."", ""Sosu blendardan geçirin."", ""Sos soğuduktan sonra üzerine sirke ve mayonezi ekleyip karıştırın."", ""Patateslerin üzerine sostan ekleyin ve servis edin. Patatas Bravas tarifiniz hazır. Afiyet olsun.""]"
ac39370d-74df-40e4-9444-0a149a456b5c,Tam Ölçülü Çiğ Köfte,Turkey,Lezzetli ve pratik tam ölçülü çiğ köfte tarifi,Ye,"[""3 su bardağı köftelik bulgur"", ""1,5 su bardağı kaynar su"", ""2 yemek kaşığı isot"", ""1 tatlı kaşığı pul biber"", ""1 tatlı kaşığı tuz"", ""1 tatlı kaşığı kimyon"", ""2 yemek kaşığı sumak"", ""2 yemek kaşığı salça"", ""1 çay bardağı zeytinyağı"", ""2 adet domates"", ""1 adet soğan"", ""1-2 adet limon""]","[""Öncelikle bulgura kaynar su ilave edip bekletelim. Suyunu çektikten sonra tüm baharatları ilave edip harmanlayalım ve ardından salça ve zeytinyağı ekleyip yoğuralım."", ""Ardından doğradığımız limonları kabukları ile beraber ekleyip yoğuralım. Limonlar kabuklarından ayrılınca kabukları içerisinden alın ve domates rendesi, sarımsak ve soğan rendesini ekleyin."", ""Soğanların suyunu sıkmayı unutmayın ve eldiven yardımı ile yoğurun, daha kolay şekil alacaktır, afiyet olsun.""]"
f874da15-f322-406b-ab65-8d89f88ce18b,Soslu Kızarmış Kanat ve Havuçlu Pirinç Pilavı,Turkey,Lezzetli baharatlarla harmanlanmış kızarmış tavuk kanatları ve yanında sunulan hafif havuçlu pirinç pilavı,Pilav & Makarna,"[""1/2 kilogram tavuk kanadı"", ""1 çay kaşığı kimyon"", ""1 çay kaşığı karabiber"", ""1 çay kaşığı pul biber"", ""1 çay kaşığı kırmızı toz biber"", ""1 çay kaşığı tuz"", ""2 yemek kaşığı domates salçası""]","[""Tavuk kanatları önce haşlıyoruz. Daha sonra büyük bir kabın içine haşlanan kanatları alıyoruz ve baharatları(dilediğiniz baharatları), sarımsağı ve 2 yemek kaşığı salçayı ekleyip karıştırıyoruz. Alt ü"", ""Pilav için pirinci ıslayıp içinde biraz tuz atıyoruz. Daha sonra 2 adet havucu küçük küçük doğruyoruz. Pilav tenceresine tereyağı ve bitkisel yağ ekleyip havuçları önden soteliyoruz."", ""Daha sonra yıkayıp süzdüğümüz pirinçleri ekleyip 5 dakika kadar kavuruyoruz sonra tavuk suyu ekliyoruz. Ben göz kararı ekliyorum."", ""En son tuzunu atıp ağzını kapatıyoruz ve altını kısıp suyunu çekene kadar şişmesini bekliyoruz. Dilediğiniz gibi servis yapabilirsiniz, afiyet olsun.""]"
281d2e96-0b5e-4c8b-969d-e4bc99250373,Tahin Soslu Levrek,Turkey,"Tahin sosunun zengin lezzetiyle harmanlanmış mis gibi levrek filetosu, soğan ve zeytinyağıyla hazırlanan pratik ve lezzetli bir ana yemek",Balık & Deniz Ürünleri,"[""2 adet levrek fileto"", ""1 adet soğan"", ""2 yemek kaşığı zeytinyağı"", ""1/2 çay bardağı tahin"", ""1/2 adet limon suyu"", ""1 çay bardağı su""]","[""Zeytinyağında küp doğranmış soğanı kavurun."", ""Ardından tahin ve limon suyu ilave edin."", ""Suyunu da ekleyin ve kısık ateşte suyunu çektirin."", ""Sosu balığın üstüne döküp fırına verin. 180 derecede 20 dakika pişirin. Çıkarıp servis edin."", ""Tahin soslu levrek tarifiniz hazır. Afiyet olsun!""]"
91697990-d6a5-4e52-942f-9cfd53ab6416,Sağlıklı Lezzet Topları,Turkey,"Badem, Hindistan cevizi ve ceviz ile hazırlanan sağlıklı ve lezzetli atıştırmalık topları",Et Yemekleri,"[""1 çay bardağı badem"", ""1 çay bardağı Hindistan cevizi"", ""1 çay bardağı ceviz"", ""6 adet hurma"", ""6 adet kuru kayısı""]","[""7 adet hurma, 7 adet kayısıyı (jumbo boy) 5-6 dakika sıcak suda beklettikten sonra küp küp doğrayıp blendere koyalım."", ""Sırasıyla 1 çay bardağı ceviz, 1 çay bardağı çiğ badem, 1 çay bardağı Hindistan cevizini de ekleyip biraz diri kalacak şekilde blenderdan geçirip kasemize alalım."", ""Harcımızı güzelce yoğurup elimizle ceviz büyüklüğünde parçalar alıp yuvarlayarak, pirinç badem ve pirinç fıstıklarımızın üzerinde gezdirelim ve servis tabağımıza dizerek servise hazır hale getirelim ."", ""Bitki çayı ve Türk kahvesinin yanında güzel bir alternatif. Sizlere fikir olması adına, yapacaklara afiyetle...""]"
f60b7a42-aa3d-49c1-8f6b-7153b2e688e2,Deve Kuşu Yumurtası Tatlısı,Turkey,"Deve kuşu yumurtasıyla hazırlanan eşsiz lezzetteki tatlı, vanilya aromasıyla buluşuyor",Tatlı,"[""1 çay bardağı un"", ""6 çay bardağı süt"", ""1 paket vanilya"", ""6 çay bardağı portakal suyu"", ""1 çay bardağı nişasta"", ""2 çay bardağı toz şeker""]","[""1 çay bardağı toz şeker, süt, un ve vanilyayı, sos tenceresinde çırpıcı yardımıyla sürekli karıştırarak koyulaşana kadar pişirelim."", ""Derin bir kaseyi su ile ıslatıp, pişen sıcak muhallebiyi bu kaseye dökelim. Ayrı bir sos tenceresinde portakal suyu, nişasta ve 1 çay bardağı toz şekeri koyulaşana kadar pişirelim."", ""Ocaktan aldığımız portakal sosunu, muhallebinin olduğu kaba tam ortasından dökelim."", ""Oda sıcaklığında soğuyan muhallebinin üzerini streç film ile kapatarak en az 2-3 saat, hatta mümkünse 1 gece buzdolabında bekletelim."", ""İyice donan tatlımızı servis tabağına ters çevirip dilimleyerek servis edelim.""]"
a215bc81-f568-4c79-adf8-440d8a7d8356,Minestrone Çorbası,Turkey,"İtalyan mutfağının en sevilen çorbalarından biri olan minestrone, taze sebzelerle hazırlanan doyurucu ve lezzetli bir çorbadır",Çorba,"[""2 yemek kaşığı sıvı yağ"", ""1 yemek kaşığı soğan (doğranmış)"", ""1/2 adet kabak"", ""1/2 adet patlıcan"", ""1/2 adet patates"", ""1/2 adet havuç"", ""1/2 adet kapya biber"", ""1/2 adet yeşil biber"", ""3 yemek kaşığı beyaz lahana"", ""3 adet orta boy brokoli"", ""2 yemek kaşığı boncuk makarna"", ""1 çay kaşığı tuz"", ""1 çay kaşığı karabiber"", ""1 tatlı kaşığı pesto sos""]","[""Öncelikle tüm malzemeleri, fakat brokoli hariç jardiniere (en küçük doğrama) doğrayın ve patlıcan ile kabağı doğramadan önce alacalı soyunuz."", ""Ardından tencerede sıvı yağ kızınca soğan, havuç, patates, kapya biber, yeşil biber, kabak ve patlıcanı sırasıyla kavurunuz."", ""Kavurma işlemi bittikten sonra çorbanın suyunu veriniz ve kaynamaya bırakınız. Çorbanız yavaştan kaynamaya başlayınca beyaz lahanayı ekleyin, ardından bir avuç boncuk makarnayı da içine atınız ve kayn"", ""Daha sonra kapatmaya yakın doğranmış maydanozu ve dereotunu da ekleyiniz, peşine pesto sosunu ya da fesleğen ilave ediniz. 5 dakika kadar daha kaynatın ve karabiber ile tuzu atıp ocağınızın altını kap""]"
54cef733-dce7-4996-b9ff-fbcc520e8109,Aşotu Çorbası,Turkey,"Geleneksel ve lezzetli Aşotu Çorbası, doyurucu buğday ve tereyağıyla hazırlanan enfes bir çorbadır",Çorba,"[""1 su bardağı aşurelik buğday"", ""1 adet soğan"", ""1 yemek kaşığı tereyağı"", ""100 gram aşotu"", ""1 çay kaşığı tuz"", ""1 çay kaşığı karabiber""]","[""Salamura aşotunu suda 1 saat kadar bekletin, fazla tuzu çıksın."", ""Geceden ıslatılmış buğdayı pişene kadar haşlayın."", ""Bir kapta yoğurt, un, yumurtayı çırparak terbiyesini hazırlayın. Haşlanan buğdayın suyundan bir miktar alıp terbiyeye karıştırarak ılıştırın, sonra karıştırarak buğdayların üzerine ilave edin."", ""Çorba pişerken yemeklik ince doğranmış soğanı tereyağında güzelce kavurun, çorbaya ilave edin. 10 dakika kadar daha kaynatın. Kaynayınca içine doğranmış salamura aşotunu ilave edin ve ocaktan alın."", ""Sıcak sıcak servis edin. Afiyetler olsun!""]"
56b4d419-e617-4967-ae32-b59421dc040a,Tuzlu Kraker,Turkey,Ev yapımı lezzetli tuzlu krakerler için pratik ve hızlı bir tarif,Ana Yemek,"[""1 adet yumurta"", ""1/2 çay bardağı zeytinyağı"", ""1/2 çay bardağı süt"", ""1/2 su bardağı çiğ kuruyemiş (çekilmiş)"", ""1 paket kabartma tozu"", ""2,5-3 su bardağı un"", ""1 yemek kaşığı kuru domates"", ""1 tatlı kaşığı salça"", ""1/2 su bardağı haşhaş"", ""1/2 su bardağı ayçekirdeği içi""]","[""Tüm malzemeleri ve damak zevkinize göre eklemek istediğiniz baharatları karıştırıp oldukça yumuşak bir hamur elde edin."", ""Yağlı kağıt serip üstüne hamuru yerleştirin, üzerine biraz un serpip tekrar yağlı kağıt ile kapatın."", ""Oklava yardımı ile açabildiğiniz kadar açın. Daha sonra ayçekirdeği içi ve haşhaş ekleyin."", ""Fırın tepsinize alıp 180 derecede 20 dakika kadar pişirin. Afiyet olsun.""]"
d4ac0540-85b7-47cc-909d-e10a8cdff65b,Mantarlı Pilav,Turkey,"Zeytinyağı ve tereyağıyla hazırlanan lezzetli mantarlı pilav, sofralarınıza şık bir dokunuş katıyor",Pilav & Makarna,"[""1 su bardağı pirinç"", ""2-3 yemek kaşığı zeytinyağı"", ""1 yemek kaşığı tereyağı"", ""200 gram mantar"", ""1 çay kaşığı tuz"", ""1 çay kaşığı karabiber"", ""1 adet soğan"", ""1.5 su bardağı sıcak su""]","[""Pirincinizi güzelce yıkayıp, 15 dakika sıcak tuzlu suda bekletin. Soğanı yemeklik doğrayın. 2-3 dakika kadar kavurun."", ""Mantarları ince ince doğrayın ve tavaya alın. Mantarları da suyunu salıp çekene kadar kavurun."", ""Suyunu süzdüğünüz pirinci ekleyin. Tuz ve karabiberi de ilave edin, karıştırın."", ""Sıcak suyunuda koyduktan sonra ağzını kapatın ve kısık ateşte pişmeye bırakın."", ""Suyunu çekip piştikten sonra arasına bir havlu kağıt koyup 10 dakika pilavı dinlendirin."", ""Süre sonunda dereotunu ince kıyın ve pilava ekleyip karıştırın."", ""Servis tabağına alın. Afiyet olsun.""]"
7b9ffd64-fc29-4117-8cca-f1eae52eed8d,Karamel Bisküvili Cheesecake,Turkey,"Karamelize bisküvi tabanıyla bezeli, kremsi ve tatlı cheesecake lezzeti",Ana Yemek,"[""250 gram karamelli bisküvi"", ""75 gram tereyağı"", ""1 su bardağı toz şeker"", ""1 yemek kaşığı nişasta"", ""1 yemek kaşığı un"", ""1 paket vanilya"", ""600 gram labne"", ""1 paket krema"", ""3 adet yumurta""]","[""Tabanı için bisküvi ve tereyağını karıştırıp kalıbın tabanına bardak yardımı ile bastırarak yerleştiriyoruz. Dinlenmesi için dolaba kaldırıyoruz."", ""Öncelikle kuru malzemeleri karıştırıyoruz."", ""Daha sonra labneyi ve kremayı ekleyip karıştırmaya devam ediyoruz. Yumurtaları tek tek ilave edip karıştırıyoruz."", ""Fırına su dolu kap koyuyoruz .Önceden 150 derecede ısıttığımız fırında 180 derecede 35-40 dakika pişiriyoruz. Süre tamamlandıktan sonra fırının kapağını açmadan 2 saat dinlendiriyoruz."", ""Üzeri için kremayı mikrodalga veya benmari şeklinde eritiyoruz."", ""Beyaz çikolatamız da benmari eritip üzerine kürdan yardımı ile şekil vererek döküyoruz. Bisküvi kırıntıları ile süslüyoruz. Afiyet olsun.""]"
e8d7c88f-fb18-43a5-be3f-bb8ab8c0e767,Patlıcan Yoğurtlama,Turkey,Patlıcanların yoğurt ve sarımsaklı sosla buluştuğu lezzetli ve ferah bir mezze,Sebze Yemekleri,"[""3 adet orta boy patlıcan"", ""1 yemek kaşığı tuz (tuzlu suda bekletmek için)"", ""3 su bardağı su (patlıcanları bekletmek için)""]","[""Patlıcanları yıkayın ve alacalı olarak soyun."", ""Ardından halka halka dilimleyin."", ""Bir kapta 3 bardak su ve 1 yemek kaşığı tuzu karıştırın ve doğradığınız patlıcanları bu tuzlu suda, yaklaşık 15 dakika kadar bekletin. Böylece acı suları çıkmış olacak. Ardından süzün ve güzelce kurul"", ""Bir kızartma tavasına aldığınız yağ kızdıktan sonra, patlıcanları güzelce kızartın."", ""Fazla yağlarını çekmesi için, kağıt havlu üstüne alın."", ""Sosu için yoğurda sarımsakları rendeleyin ve güzelce karıştırın."", ""Kızarmış patlıcanları bir servis tabağına alın ve üstüne sarımsaklı yoğurdu gezdirin."", ""Bir tavada tereyağını kızdırın ve salçayı kokusu çıkana dek kavurun."", ""Bu salçalı sosu da en üstlerine gezdirip, ılık ılık servis edin. Afiyetler olsun!""]"
4f683e9e-87b5-4add-a9a9-a19b755dfe14,Fındık Ezmeli Madlen Kek,Turkey,"Fındık ezmeli madlen kek, çıtır fındık parçacıkları ve zengin madlen çikolata ile dolu, yumuşacık dokulu bir lezzet şöleni",Tatlı,"[""90 gram tereyağı (6 yemek kaşığı)"", ""220 gram toz şeker (1 su bardağı + 2 yemek kaşığı)"", ""2 adet büyük boy yumurta"", ""220 gram fındık ezmesi"", ""40 gram un (1/4 su bardağı + 1 yemek kaşığı)"", ""300 gram bitter çikolata"", ""1 çay kaşığı vanilya özütü (opsiyonel)"", ""1/2 çay kaşığı tuz"", ""1 yemek kaşığı tereyağı (kalıbı yağlamak için)"", ""1 tatlı kaşığı toz fındık""]","[""Fırını 175 dereceye ısıtın. Madlen kalıbınızı veya kullanacağınız kalıbı yağlayın."", ""Tereyağı ve şekeri bir sos tenceresine alın ve eritin. 10 dakika soğumaya bırakın. Ardından bir kaba alın."", ""Yumurtaları tereyağlı karışıma teker teker ekleyerek çırpın."", ""Yerfıstığı/ fındık ezmesini ekleyin ve iyice karışana kadar çırpın."", ""Vanilya özütü, un ve tuzu da ekleyip karıştırın."", ""Bir kaşık yardımıyla kalıplara boşluk bırakmadan eşit şekilde dağıtın."", ""15-18 dakika, üzerleri renk alana kadar pişirin. Fırından alın, birkaç dakika soğumasını bekleyin ve kalıptan alın."", ""Çikolatayı benmari usulü eritin. Küçük bir kaba alın. Tezgaha dikdörtgen bir tepsi yayın, üzerine fırın kağıdı serin."", ""Madlenleri tek tek çikolataya batırıp çıkarın ve yağlı kağıdın üzerine koyun. Dilerseniz çikolata soğumadan üzerlerine toz fındık serpebilirsiniz."", ""Hepsi bitince 30 dakika dışarıda tutun, sonra buzdolabına kaldırıp 2 saat bekletin.""]"
a73762e4-b085-49dc-a4f3-b619c51226fb,Keşkül,Turkey,"Bademli pirinç unuyla hazırlanan geleneksel Türk tatlısı keşkül, kremsi dokusuyla damakları şenlendirir",Ana Yemek,"[""1 litre süt"", ""1 su bardağı toz şeker"", ""5 yemek kaşığı pirinç unu"", ""1,5 su bardağı çiğ badem"", ""1 paket vanilin""]","[""Süt, şeker ve pirinç ununu tencerede karıştırarak pişirin."", ""Karışım koyulaşmaya başlayınca iri kıyılmış bademler ve vanilini ekleyin."", ""Koyulaşan keşkülü kaplara alıp soğutun."", ""Dilerseniz toz fıstık ile süsleyip servis edebilirsiniz. Afiyet olsun.""]"
8d459edb-53c6-44c4-bc69-bd4f242684ea,Etli Bezelye,Turkey,"Lezzetli ve doyurucu etli bezelye yemeği, sebzelerle birlikte harika bir ana yemek",Et Yemekleri,"[""500 gram bezelye"", ""1 adet orta boy patates"", ""1 adet havuç"", ""250 gram kuşbaşı dana eti"", ""1 adet orta boy soğan"", ""4 yemek kaşığı sıvı yağ"", ""1 tatlı kaşığı domates salçası"", ""1 tatlıbiber salçası"", ""1 çay kaşığı tuz"", ""1 çay kaşığı kırmızı toz biber"", ""1 çay kaşığı karabiber"", ""3 su bardağı sıcak su""]","[""Tencereye etleri koyun. Üzerine sıcak su ekleyip haşlayın. Etler suyunu çektikten sonra 4 yemek kaşığı sıvı yağını ekleyin."", ""Yemeklik doğranmış 1 adet soğanı etlerin üzerine ekleyip diriliğini kaybedene kadar kavurun."", ""Daha sonra 1 adet patatesi ve 1 adet havucu küp küp doğradıktan sonra ilave edip birkaç dakika kavurun. Daha sonra 1 tatlı kaşığı biber ve domates salçalarını, 1 çay kaşığı tuz, karabiber, kırmızı toz"", ""Yarım kilo bezelyeyi de ilave ederek karıştırın. Eğer daha önceden haşladığınız bezelye veya konserve bezelyeden kullanacaksanız o zaman bezelyeleriniz ve patatesler pişmeye yakın eklemelisiniz çünkü"", ""Son olarak üzerini geçecek kadar yaklaşık 3 su bardağı sıcak su ekleyip önce orta ateşte daha sonra kısık ateşte etler ve bezelyeler yumuşayıncaya kadar pişirin.""]"
e37ecc65-34bc-4817-b968-e38869c3756e,Tavuklu Bulgur Pilavı,Turkey,"Lezzetli tavuk göğsü ve bulgurun mükemmel uyumuyla hazırlanan, doyurucu ve pratik bir ana yemek",Pilav & Makarna,"[""1,5 su bardağı su"", ""1 adet soğan"", ""2 adet tavuk göğsü"", ""1 yemek kaşığı zeytinyağı"", ""2 yemek kaşığı tereyağı"", ""2 su bardağı pilavlık bulgur"", ""3 adet büyük boy domates"", ""1 yemek kaşığı domates salçası"", ""1 çay kaşığı tuz"", ""1 çay kaşığı karabiber"", ""1 çay kaşığı pul biber""]","[""Tavukları iri küpler halinde doğrayın."", ""Sarımsağın kabuğunu soyun ve ezin."", ""Domatesi rendeleyin. Soğanın kabuklarını soyarak küp küp doğrayın."", ""Bir tencerenin içerisine salça, zeytinyağı, tereyağı, sarımsak ve küp küp doğranmış soğanları alın. Hafifçe kavurun."", ""Üzerine tavukları ilave edin. Güzelce kavurarak pişirin."", ""Ardından üzerine bulguru ilave edin. Bir müddet daha kavurduktan sonra rendelenmiş domatesleri de ekleyin."", ""Hafif kaynamaya başladığında su, tuz ve baharatlarını ekleyerek kapağını kapatın ve pişmeye bırakın."", ""Suyu çektiğinde ocaktan alın ve demlenmeye bırakın."", ""Demlendikten sonra güzelce karıştırıp servis edin.""]"
041752cd-75a5-4ff6-970e-9c93a79c1207,Mini Tava Pizzası,Turkey,"Hızlı ve pratik mini tava pizzası, sadece 3 malzemeyle hazırlanabilir lezzetli atıştırmalık",Ana Yemek,"[""1 adet yumurta"", ""2 yemek kaşığı tam buğday unu"", ""1/4 su bardağı süt"", ""1/2 su bardağı peynir"", ""2 tatlı kaşığı acuka"", ""2 yemek kaşığı mısır"", ""1 paket kabartma tozu""]","[""Yumurtayı çırpıyoruz. Sütü,unu ve kabartma tozunu ilave edip çırpmaya devam ediyoruz. Az yağlanmış tavada arkalı önlü pişiriyoruz."", ""Üzerini süsleyip 180 derece fırında 7-8 dakika tutuyoruz. (fırın süresi değişiklik gösterebilir) Afiyet olsun.""]"
fcc33311-4103-48b5-be1d-5acde1b5c40a,Fırında Sebze Kızartma,Turkey,Fırında harmanlanan sebzelerin lezzetli ve sağlıklı bir kombinasyonu,Sebze Yemekleri,"[""2 adet patlıcan"", ""2 adet patates"", ""10 adet biber"", ""2 adet kabak"", ""1 büyük çay bardağı sıvı yağ"", ""1 çay kaşığı tuz"", ""1/2 çay kaşığı karabiber ve pulbiber"", ""4 adet büyük boy domates rendesi"", ""1 adet büyük diş sarımsak"", ""1/2 çay kaşığı şeker""]","[""Sebzelerimizi soyuyoruz. Dilediğiniz gibi doğrayabilirsiniz ben hepsini büyük kareler şeklinde doğramayı tercih ettim."", ""Önceden ısıttığımız 200 derecelik fırına ilk önce yağlamış olduğumuz patatesleri ekliyoruz. Ben patatesleri diğerlerinden önce biraz pişirmeyi tercih ettim üstünün kızarmasını istediğim için."", ""Patateslerimiz hafif kızardıktan sonra, doğramış olduğumuz kabak ve patlıcanları yağlayıp patateslerin üstüne koyuyoruz ve tekrar fırına veriyoruz."", ""En son olarak ise yağlayıp tuzladığımız biberlerimizi koyuyoruz."", ""Bütün sebzeler fırında güzelce kızarırken ara ara kontrol etmeyi unutmayalım ve bu arada domates sosumuzu hazırlayacağız."", ""Küçük bir tencerenin içinde domates rendelerimizi ve bir yemek kaşığı yağı ocağa koyuyoruz. Tuzunu atıyoruz ve en önemlisi asidini alması için bir çay kaşığından az şeker atıp pişiriyoruz. Afiyet olsu""]"
62c75526-5fd8-46f6-8542-86c307f91429,Üç Peynirli Lazanya,Turkey,"Farklı peynirlerin harika uyumuyla hazırlanan, lezzetli ve doyurucu üç peynirli lazanya",Ana Yemek,"[""10 adet lazanya yaprağı"", ""100 gram rendelenmiş mozarella"", ""150 gram lor peyniri"", ""150 gram rendelenmiş kaşar peyniri"", ""1 adet yumurta"", ""2 yemek kaşığı zeytinyağı"", ""2 çay kaşığı karabiber""]","[""Sarımsakların kabuklarını soyun ve ince ince doğrayın."", ""Bir sos tenceresinin içine zeytinyağı ve sarımsakları alın. Hafifçe soteleyin."", ""Üzerine domates salçası ve rendelenmiş domatesleri ekleyerek güzelce karıştırın. Salçanın içinde erimesini sağlayın."", ""Ardından su, tuz ve baharatlarını ekleyerek kıvam almasını bekleyin."", ""Kıvam alınca ocaktan alın.""]"
4dd8a56f-96e6-461e-b1eb-1ca553890517,Bezelyeli Patates Yemeği,Turkey,"Lezzetli ve besleyici bezelyeli patates yemeği, pratik ve doyurucu bir ana yemek seçeneği",Ana Yemek,"[""2 adet büyük boy patates"", ""1 adet soğan"", ""1 adet büyük boy havuç"", ""1 adet biber"", ""2 yemek kaşığı salça"", ""2 yemek kaşığı sıvı yağ"", ""1 paket haşlanmış bezelye (hazır satılanlardan)"", ""1 çay kaşığı tuz"", ""1 çay kaşığı karabiber"", ""1 çay kaşığı pul biber""]","[""Öncelikle yağı, soğanı ve biberi tavamıza alalım ve kavuralım."", ""Kavrulunca salçamızı ekleyelim. Ardından kokusu çıkana kadar karıştıralım."", ""Üzerine küp küp doğradığımız patatesleri ve havuçları ekleyip bir tur karıştıralım."", ""Üzerini geçecek kadar sıcak su ekleyelim ve patatesler biraz yumuşayana kadar üzeri kapalı şekilde pişirelim."", ""Patateslerin yumuşamaya başladığı yerde suyunu süzüp yıkadığımız bezelyeleri ekleyelim ve tamamen yumuşayana kadar pişmeye bırakalım. Sıcak servis edelim, afiyet olsun.""]"
e0438801-7066-4e87-8811-dd456b92648c,Pratik Çikolata Topları,Turkey,"Pratik ve lezzetli çikolata topları, sağlıklı atıştırmalık arayanlar için mükemmel bir seçim",Tatlı,"[""1 su bardağı tuzsuz yer fıstığı"", ""20 adet günkurusu kayısı"", ""2 yemek kaşığı kakao""]","[""Fıstıkları rondodan geçirip küçük parçacıklar haline getiriyoruz ve bir kaba ayırıyoruz."", ""Gün kurusu kayısılarımızı rondodan geçirip püre haline getiriyoruz ve üzerine fıstık, kakao, 4 yemek kaşığı içme suyu ilave edip tekrar rondodan geçiriyoruz."", ""Elde ettiğimiz hamura şekil veriyoruz verdikten sonra servis edebiliriz. Afiyet olsun.""]"
94966439-9b16-4ba8-b7e8-bc8fcdba5a3e,Karnıyarık Poğaça,Turkey,"Lezzetli karnıyarık poğaça, çay saatlerinin vazgeçilmezi olacak. İçerisindeki harika malzemelerle damakları şenlendirin",Börek & Hamur İşi,"[""2 çay bardağı süt"", ""1 çay bardağı ılık su"", ""1 çay bardağı sıvı yağ"", ""2 yemek kaşığı şeker"", ""1/2 yemek kaşığı tuz"", ""1 adet yumurta beyazı (sarısı üzerine)"", ""2 yemek kaşığı maya"", ""6-7 çay bardağı un""]","[""Derin bir kaba sütü, suyu ve mayayı koyup beş dakika dinlendirin sonra diğer malzemeleri de ekleyip yavaşça unu da ekleyip ele yapışmayacak ama çok yumuşak bir hamur elde edin."", ""Üzerini örtüp 30 dakika dinlendirin ve küçük bezeler yapıp yuvarlak bir şekilde açın."", ""İçine peyniri koyup ortaya birleştirerek kapatın ve ters çevirip yağlı tepsiye dizin."", ""Üzerine yumurta sarısını sıvı yağla açıp sürün. Susam ve çörek otu serpeleyip makasla karnını yarın. Domates ve biberi yerleştirip 180 derece fırında kızarana kadar pişirin. Afiyet olsun.""]"
df704efe-8f03-454d-a4d8-cdff1974637f,Kuskuslu Izgarella Salata,Turkey,"Izgarella ve kuskusun harmanlandığı, nohutlarla zenginleştirilmiş ferahlatıcı ve doyurucu bir salata",Salata,"[""180 gram Izgarella"", ""1/2 paket kuskus makarna (haşlanmış)"", ""1 su bardağı haşlanmış nohut"", ""2 adet salatalık"", ""1 adet havuç"", ""2 adet sivri biber"", ""4 adet kiraz domates"", ""1/4 adet kırmızı soğan"", ""1/2 çay kaşığı tuz"", ""4 yemek kaşığı nar ekşisi"", ""4 yemek kaşığı zeytinyağı""]","[""Salatalık, havuç, biber, soğan, domates ve maydanozları ufak küpler halinde doğrayın."", ""Geniş bir kasede haşlanmış kuskus, haşlanmış nohutlar, doğranmış sebzeler, tuz, zeytinyağı ve nar ekşisini karıştırın."", ""Izgarella'ları ortadan ikiye kesin ve yağlanmış, sıcak ızgara tabasında önlü arkalı kızartın."", ""Salatayı servis kasesine alın, üzerine sıcak Izgarella'ları yerleştirip servis edin. Afiyet olsun.""]"
fb088401-e5b6-45a7-8f3a-0c15ea34723a,Şekersiz Tahinli Muhallebi,Turkey,"Şekersiz tahinli muhallebi, sağlıklı alternatif arayanlar için doyurucu ve lezzetli bir tatlı seçeneği",Tatlı,"[""1 litre süt"", ""1 adet yumurta sarısı"", ""1 tatlı kaşığı tereyağı"", ""3 yemek kaşığı nişasta"", ""2 yemek kaşığı tam buğday unu"", ""4 yemek kaşığı bal"", ""1 çay bardağı tahin""]","[""Süt, yumurta sarısı, un ve nişastayı tencerede çırpıyoruz. Kısık ateşte karıştırarak pişiriyoruz."", ""Kaynayınca altını kapatıp içine tereyağı, tahini ve balı atıyoruz. Karıştırıp kaselere döküyoruz."", ""Biraz soğuduktan sonra fındıkla süsleyip tüketebilirsiniz. Soğuk ve hafif bir tatlı oluyor, biz çok sevdik. Deneyeceklere afiyet olsun.""]"
a95df043-2b35-40ce-8726-8261af1c9dbc,Çikolata Parçacıklı Kek,Turkey,"Lezzetli çikolata parçacıklarıyla bezeli, yumuşacık ve pratik bir kek tarifi",Tatlı,"[""1 bardak yoğurt"", ""1 bardak sıvı yağ"", ""1 bardak şeker"", ""3 bardak un"", ""3 adet yumurta"", ""1 paket kabartma tozu"", ""1 paket vanilin"", ""2 silme tatlı kaşığı gr anül kahve"", ""60 gram bitter çikolata (yüzde 60 kakao içeren)"", ""1 silme yemek kaşığı kakao""]","[""Yumurtaları ve şekeri iyice karışana kadar çırpınıyoruz. Üzerine yağ ve yoğurt ekleyip, iyice çırpıyoruz."", ""Ayrı bir kaba; un, kakao, kabartma tozu ve vanilini eleyerek karıştırıyoruz. Üzerine kahve ilave ediyoruz."", ""Kuru malzemelerimizi 2-3 seferde aralarda karıştırarak ekliyoruz."", ""Çikolatayı küçük küçük parçalara ayırıp hamurumuza ekliyoruz. Biraz karıştırıyoruz."", ""Kelepçeli bir kaba veya farklı bir kek kalıbına dökün."", ""Önceden ısıtılmış 180 derecelik fırında 30 dakika kadar pişirin. Kürdan kontrolü ile fırından alabilirsiniz. Afiyet olsun.""]"
e0e03f5a-def6-48c1-a20f-73ee2abbb8ce,Nefis Ev Keki,Turkey,"Pratik malzemelerle hazırlanan, yumuşacık ve lezzetli ev keki tarifi",Tatlı,"[""2 adet yumurta"", ""1 su bardağı şeker"", ""1 su bardağı yoğurt"", ""1 çay bardağı sıvı yağ"", ""1 paket kabartma tozu"", ""2 su bardağı un"", ""1 su bardağı kuru üzüm"", ""1 yemek kaşığı portakal kabuğu rendesi"", ""1 yemek kaşığı limon kabuğu rendesi""]","[""Yumurta ve şeker beyaz olana kadar çırpılır."", ""Yoğurt, sıvı yağ, kabartma tozu, portakal ve limon kabuğu rendesi, eklenip karıştırılır."", ""Üzümler yıkanıp hafif unlanır ve fındıklarla beraber harca eklenir."", ""Önceden ısıtılmış 180 derecelik fırında pişirin. Afiyet olsun.""]"
e0ec89a1-953f-45ff-97d0-2f6ac789e8bc,Tuzlu Waffle,Turkey,Lezzetli tuzlu waffle'lar için pratik tarif. Kahvaltıda veya öğün aralarında harika bir seçim,Ana Yemek,"[""2 adet yumurta"", ""200 gram un (2 su bardağı)"", ""1 su bardağı süt"", ""1 çay kaşığı kabartma tozu"", ""1/2 çay kaşığı karabiber"", ""1 çay kaşığı tuz""]","[""Karıştırma kabına yumurtaları kırıp, çırpalım."", ""Üzerine süt ve unu ekleyerek pürüzsüz bir kıvam alana kadar çırpıcı ile karıştıralım."", ""Kabartma tozunu ilave edelim. Tuz ve karabiber ekleyelim. Beyaz peynirden bir parça alıp içine ufalayalım."", ""Homojen bir kıvam olunca, önceden ısıtılmış waffle makinesine hamurdan bir kepçe alarak koyalım ve pişirelim."", ""Kahvaltılık salata ile servis edelim. Afiyet olsun.""]"
f02a1243-e0fc-404e-ac73-8191dd0fc7c4,Krep Bazlama,Turkey,"Lezzetli ve pratik krep bazlama tarifi, kahvaltıların ve atıştırmalıkların vazgeçilmezi",Ana Yemek,"[""1 su bardağı un"", ""1,5 su bardağı su"", ""1 çay kaşığı tuz""]","[""Bütün malzemeleri karıştırma kabına alıyoruz."", ""Homojen bir kıvam alana kadar çırpıyoruz."", ""Krep tavasını iyice ısıtıyoruz."", ""Isınan tavaya bir kepçe ilave edip krep pişirir gibi pişiriyoruz."", ""Arkalı önlü pişen krep bazlamamız hazır.""]"
c8672d9e-2938-4c56-9221-53d753b1fd5c,Süt Çorbası,Turkey,"Kremamsı ve lezzetli süt çorbası, soğuk kış günlerinde içinizi ısıtacak harika bir başlangıç",Çorba,"[""3 su bardağı süt"", ""2 yemek kaşığı zeytinyağı"", ""1 yemek kaşığı tereyağı"", ""1,5 yemek kaşığı un"", ""3/4 su bardağı tel şehriye"", ""1 tatlı kaşığı tuz"", ""1 çay kaşığı karabiber"", ""1 su bardağı su"", ""1/2 adet limon""]","[""Derin bir tencereye yağları alın ve ısıtın."", ""Unu, kokusu gidip, hafif vanilya kokusu alana kadar kavurun."", ""Su ve sütü bir kapta birleştirin ve tencere azar azar bir yandan karıştırarak ekleyin. Böylece topaklanmayı önlemiş olursunuz."", ""Kaynadıktan sonra içerisine tel şehriye ekleyin. Tuz ve karabiber ekleyin."", ""Şehriyeler pişene kadar kısık ateşte arada karıştırarak pişirin."", ""Şehriyeler pişmeye yakın limon suyunu ekleyin. Sürekli karıştırmayı unutmayın."", ""Son bir kaynattıktan sonra ocaktan alın ve servis edin. Afiyet olsun.""]"
9223bb1c-fc58-4d08-a23e-94c18218e430,Çikolatalı Tart,Turkey,"Kıtır mısır gevreği, beyaz çikolata ve pralin ile hazırlanan lezzetli ve pratik çikolatalı tart",Tatlı,"[""25 gram mısır gevreği (corn flakes)"", ""15 gram beyaz çikolata"", ""30 gram pralin"", ""45 gram süt"", ""30 gram krema"", ""15 gram toz şeker"", ""10 gram yumurta sarısı"", ""40 gram bitter çikolata""]","[""Tart tabanı için; corn flakes’i merdane yardımıyla iyice ezin."", ""Kaynamakta olan bir su buharı üzerinde cam bir kapta benmari usulü erittiğiniz beyaz çikolatayı, pralinle karıştırın."", ""Ezilmiş corn flakes ile karıştırdığınız beyaz çikolatalı pralin karışımını kalıba alıp üzerini düzelttikten sonra taban olarak bekletin."", ""Süt, krema, toz şeker ve yumurta sarısını ocakta kaynama noktasına gelene kadar karıştırın. İçine ayrı bir yerde eritilmiş bitter çikolata ilave edin."", ""Hazırlanan kalıp içerisindeki karışımın üzerine döküp tatlıyı soğumaya bırakın."", ""Oda ısısında soğutulan tatlıyı, dört derecelik buzdolabında bir gün beklettikten sonra vanilyalı dondurma eşliğinde servis edin.""]"
cd34a7cc-82e5-4af3-a8c1-a5e2f9720b24,Adana Usulü Yaprak Sarması,Turkey,"Geleneksel Adana usulü hazırlanan, özel baharatlarla harmanlanmış yaprak sarması tarifi",Et Yemekleri,"[""2,5 su bardağı pirinç (sıcak suda beklemiş, iyi yıkanıp süzülmüş)"", ""4 adet kuru soğan"", ""4 adet domates rendesi"", ""1 çay bardağı zeytinyağı"", ""1 yemek kaşığı domates salçası"", ""1 yemek kaşığı biber salçası"", ""1 tatlı kaşığı kimyon"", ""1 tatlı kaşığı pul biber"", ""1 tatlı kaşığı kuru nane"", ""1 yemek kaşığı tuz"", ""600-700 gram asma yaprağı""]","[""Tuzlu olan salamura yaprakları yıkayın, ılık suda bekletin."", ""Ara ara suyunu değiştirip tuzu gidene kadar tadına bakın."", ""Pirinçleri sıcak suda 1 saat bekletin, yıkayın ve süzün."", ""Soğanları minik minik doğrayın, maydanoz ve naneyi incecik kıyın, sarımsakları ezin, domatesleri minicik doğrayın. Pirinç, salçalar, zeytinyağı ve baharatları da ekleyip karıştırın."", ""Yaprakları süzün ve damarlı yüzeyi üste gelecek şekilde bir tepsiye alın."", ""İç harcından bir tatlı kaşığı kadar koyup sıkıca sarın."", ""Yaprakların saplarını tencerenin tabanına serin. Üzerine hazırladığınız sarmaları dizin."", ""Ocağa alın ve üzerlerine de biraz daha zeytinyağı gezdirin."", ""Sarma taşı veya bir tabak kapatın sarmaların üzerine."", ""Sarmaların hizasına gelecek şekilde kaynar su verin ve kapağını kapatın. 10 dakika harlı ateşte, sonra orta kısık ateşte suyunu çekene kadar pişirin. Afiyet olsun.""]"
761ad2c9-1459-4ec6-8aa0-907fb5dfc688,Cool Lime,Turkey,Serinletici ve ferahlatan lime lezzetiyle hazırlanan basit bir içecek tarifi,Ana Yemek,"[""2 adet lime suyu (veya limon)"", ""2 adet limon kabuğu rendesi"", ""100 mililitresıcak su"", ""900 mililitresoğuk su"", ""2,5 yemek kaşığı bal""]","[""Nane yaprakları, limon kabuğu rendesi, limon suyu ve sıcak suyu bir kapta ovun. 1-2 dakika bekletin"", ""İçerisine balı da ilave edip karıştırın."", ""Bal tamamen eridikten sonra soğuk suyu ilave edin ve bir 5 dakika bekletin. Afiyet olsun.""]"
f9793422-fa44-4087-ba99-383871e17e3f,Yumurtasız Yayla Çorbası,Turkey,"Yumurtasız pratik ve lezzetli yayla çorbası, yoğurt ve pirinç ile hazırlanan doyurucu bir başlangıç",Çorba,"[""4 yemek kaşığı pirinç"", ""1 yemek kaşığı un"", ""1.5 su bardağı yoğurt"", ""3.5 su bardağı su"", ""1 çay kaşığı tuz"", ""2 yemek kaşığı tereyağı"", ""1 tatlı kaşığı kuru nane""]","[""Pirinçleri yıkayıp tencerenin içine alıyoruz."", ""Daha sonra üç buçuk su bardağı suyumuzu ilave edip ocağımıza koyuyoruz ve pirinçler yumuşayana kadar pişiriyoruz."", ""Bir kabın içine yoğurt ve un katıp iyice çırpıyoruz."", ""Haşlanan pirinç suyundan yoğurt ve unu kabımıza katıyoruz."", ""Çorbanın topaklanmaması için karışımı tencerenin içine yavaşça iplik halinde katıyoruz."", ""Bu aşamada eğer çorbamız çok koyu ise su katarak açabilirsiniz. Kaynadıktan sonra tuzunu ilave edin."", ""Ayrı bir tavanın içerisine tereyağımızı alıyoruz ve eritiyoruz. Hafif kızardıktan sonra ocağın altını kapatıp kuru nanemizi ekliyoruz."", ""Daha sonra yaptığımız tereyağlı sosumuzu çorbanın üzerine döküyoruz. Afiyet olsun.""]"
fe9bbbe3-56a5-4983-9970-58ce6f6307a6,Yoğurt Pastası,Turkey,"Lezzetli ve pratik yoğurt pastası, çay saatlerinin vazgeçilmezi olacak",Ye,"[""2 adet yumurta sarısı"", ""3 yemek kaşığı toz şeker (60 gram)"", ""1/2 su bardağı eritilmiş tereyağı (80 gram)"", ""1/2 paket kabartma tozu (5 gram)"", ""2 su bardağı un (200 gram)""]","[""Taban ve üzeri için derin bir kasede yumurta sarıları ve toz şekeri koyu akışkan bir hal alana kadar çırpın."", ""Karışıma erimiş tereyağı azar azar ekleyerek çırpmaya devam edin."", ""Karışıma son olarak kabartma tozunu ve unun üçte birini eleyerek ekleyin ve çırpın. Çırpıcıyı karışımdan çıkartın ve kalan unu azar azar ekleyip parmaklarınızla karışıma yedirin."", ""Karışımı avuçlarınızın arasında ovalayarak ufalayın ve kırıntı haline getirin. Hamuru buzdolabına kaldırın ve yarım saat dinlendirin."", ""İç harç için temiz bir kasede yumurta beyazlarını mikserle düşük devirde köpürtmeye başlayın ve içerisine azar azar şeker ekleyip pürüzsüz, parlak, kabarık bir hal alana kadar çırpın. Son olarak tuz,"", ""Çırptığınız karışıma nişastayı ekleyin ve havasını kaçırmamaya özen göstererek spatula ile karıştırın. Bu işleme yoğurdu da ekleyerek devam edin. Son olarak limon kabuklarını ekleyip harcı hazır hale"", ""18 santimetrelik kelepçeli kalıbın tabanına buzdolabında bekleyen kırıntılı karışımın üçte ikisini koyun ve tabanı düz bir bardakla tabana iyice bastırın."", ""Yoğurtlu harcı tabanın üzerine dökün ve yavaşça sallayıp, bir kaç defa tezgaha nazikçe vurun. Son olarak kalan kırıntılar ile yoğurtlu harcın üzerini kaplayın."", ""Yoğurt pastanızı 175 derecede alt, üst, fanlı sıcak fırında 35 dakika üzeri kızarana kadar pişirin."", ""Pişen pastayı oda sıcaklığında en az 3 saat dinlendirip kalıptan çıkarın, üzerine pudra şekeri serpin ve dilimleyip servis edin. Afiyet olsun.""]"
c389f0db-48bf-4817-9dd9-310fc1e23ffe,Fıstıklı Çikolatalı Kek,Turkey,"Fıstıklı çikolatalı kek, çikolata ve fıstığın mükemmel uyumunu bir araya getiren lezzetli bir tatlıdır",Tatlı,"[""3 adet yumurta"", ""1/2 su bardağı şeker"", ""100 gram tereyağı"", ""2 paket bitter çikolata (160 gram)"", ""1 çay bardağı damla çikolata"", ""1 su bardağı un"", ""1 tatlı kaşığı gr anül kahve"", ""1 çay bardağı yer fıstığı""]","[""Yumurta ve şekeri çırpın."", ""100 gram tereyağını biraz eritip, içine çikolataları ekleyip o sıcaklıkla eritin ve yumurtalı şeker karışımına ekleyin."", ""Granül kahve ve unu ekleyip çırpın, yağlı kağıt serili borcama ekleyin."", ""Fıstıkları serpin. 180 derece fırında üzeri çatlayana kadar pişirin, ilk sıcaklığı çıkınca kesip servis edebilirsiniz. Afiyet olsun.""]"
27ede5b8-8114-43c0-bcd4-8214db3f8737,Çikolatalı Kek,Turkey,Lezzetli ve nemli çikolatalı kek tarifi. Kolay hazırlanışı ve muhteşem tadıyla misafirlerinizin favorisi olacak,Ye,"[""3 adet yumurta"", ""1 su bardağı şeker"", ""3 yemek kaşığı kakao"", ""1 çay bardağı sıvı yağ"", ""1 su bardağı süt"", ""50 gram bitter çikolata"", ""1 paket vanilya"", ""1 paket kabartma tozu"", ""2 su bardağı un""]","[""Çırpma kabına yumurta ve şekeri alın.Tuzu ekleyip iyice çırpın."", ""Diğer malzemeleri ekleyip karıştırın."", ""Yağladığımız kek kalıbına harcımızı dökelim."", ""Önceden ısıtılmış 180 derecelik fırında pişirin. Bıçak yardımıyla kontrol edin."", ""Soğuduktan sonra çikolata sosunu üzerine dökün. Üzerine Antep fıstığı serperek servis edebilirsiniz.""]"
d1f78603-28ee-4b00-a312-c1a237f707cd,Çökertme Kebabı,Turkey,"Güneydoğu mutfağının lezzetli ve pratik kebap tariflerinden biri olan Çökertme Kebabı, az malzemeyle harika bir sunum imkanı sunar",Ye,"[""300 gram dana kontrfile"", ""2 yemek kaşığı sıvı yağ"", ""1/2 çay kaşığı tuz"", ""1/2 çay kaşığı taze çekilmiş tane karabiber""]","[""Çökertme kebabı için fazla yağlı kısımlarından arındırılmış biftek ya da bonfile dilimlerini uzun ince şeritler halinde kesin."", ""Et marinasyonu için tüm malzemeleri bir kapta karıştırın ve üzeri streç filmle kaplı kapta buzdolabında 1 saat kadar dinlendirin."", ""Domates sosu hazırlamak için; tereyağını küçük bir tavada kızdırın. Üzerine pul biber ve rendelenmiş domatesi ekleyip, 10 dakika kadar pişirin ve ocaktan alın."", ""Kabuğunu soyduğunuz patatesleri kibrit büyüklüğünde kesin. Bol suda durulayıp üzerlerini kağıt havlu yardımıyla kurulayın."", ""Küçük bir tencerede kızdırdığınız derin yağda, birkaç partide altın sarısı rengini alana kadar kızartın. Kağıt havlu serili bir tabağa alıp dinlendirin."", ""Etleri kızartmak için mümkünse döküm bir tavada az miktarda sıvı yağı kızdırın. Tereyağını ekleyin. Marine olan etleri yüksek ateşte pişirin. Renk aldıklarında tuz ve taze çekilmiş tane karabiberi kat"", ""Servis tabaklarına sırasıyla; kızartılmış kibrit patates, çırpılmış sarımsaklı yoğurt, domates sos ve sotelenmiş et dilimlerini alıp kızarmış domates ve yeşil biberle süsledikten sonra çökertme kebabı""]"
cb1a6223-73ce-457d-bb92-dc120113a75b,Yoğurtlu Kolay Kek,Turkey,"Pratik ve lezzetli yoğurtlu kek tarifi, az malzemeyle hızlıca hazırlanır",Tatlı,"[""1 su bardağı yoğurt (sulu bir kıvamda)"", ""1 su bardağı toz şeker"", ""1 su bardağı sıvı yağ"", ""3 adet yumurta"", ""1 paket kabartma tozu"", ""2 paket vanilin"", ""3,5 - 4 su bardağı un""]","[""Yumurtaları bir kabın içerisine kırın. Üzerine toz şeker ilave ederek mikser ya da çırpma teli yardımıyla güzelce çırpın."", ""Üzerine sıvı yağ, yoğurt, vanilin ilave ederek çırpma işlemine devam edin."", ""Son olarak kabartma tozunu, azar azar elenmiş unu ilave ederek spatula yardımıyla harca güzelce yedirin. İçerisinde tortu kalmaması için unu eleyerek koymaya özen gösterin."", ""Yağlanmış unlanmış kek kalıbına hazırladığınız harcı aktarın ve 180 derecede önceden ısıtılmış fırında yaklaşık 30-40 dakika arasında pişirin."", ""Çıkarıp oda sıcaklığında soğuttuktan sonra dilimleyerek servis edin. Afiyetler olsun!""]"
77d4e453-b0ee-40c8-bc91-662ff7f92fb6,Simitli Yumurta,Turkey,Simitin lezzetli dokusuyla yumurtayı birleştiren pratik ve doyurucu bir kahvaltı tarifi,Börek & Hamur İşi,"[""1 adet yumurta"", ""1 adet simit"", ""1 tatlı kaşığı tereyağ""]","[""İlk olarak simidi ortadan ikiye ayırın, ardından sucukları küçük küçük kesip tavaya alıp pişirin ve tereyağını ekleyin."", ""Daha sonra kestiğiniz simidin yarısını tavaya iç kısmı gelecek şekilde yerleştirin, sucuğun yağını simit emsin."", ""Ardından sucukları tavadan alın ve simidi ters çevirin, ortasına yumurta kıracağız ama ilk beyazını daha sonra sarısını ilave ediyoruz. Piştiğine emin olduktan sonra sucukları üstüne koyun."", ""Dilerseniz yarım kalan simidi de üstüne koyabilirsiniz. Afiyetler olsun!""]"
ed8bc1bf-e84f-4c22-a62f-6b2095233332,Peynirli Kekikli Pizza,Turkey,"Lezzetli peynir ve kekikle harmanlanmış, ev yapımı kolay pizza tarifi",Ye,"[""5 su bardağı un"", ""1 paket instant maya"", ""1 yemek kaşığı toz şeker"", ""1/2 yemek kaşığı tuz"", ""4 yemek kaşığı zeytinyağı"", ""2 su bardağı ılık su""]","[""Unu yoğurma kabına alalım ve ortasını havuz şeklinde açalım. Unun ortasına instant maya, şeker, tuz, zeytinyağı ve ılık suyu yavaş yavaş ilave ederek hamurumuzu yoğurmaya başlayalım."", ""Yumuşak kıvamlı ele yapışmayan bir hamur elde edelim. Toparlanan hamurumuzun üzerini streç film örterek yaklaşık 30 dakika kadar mayalanmaya bırakalım."", ""Mayalanan hamurun üzerini açalım ve un serptiğimiz tezgaha hamuru alalım. Elimizle yine toparlayıp havasını aldıktan sonra 2 eşit parçaya bölelim."", ""Kestiğimiz parçayı beze haline getirerek un serptiğimiz tezgahta merdane yardımıyla açalım."", ""Hafifçe un serperek merdaneye yapışmamasını sağlayabilirsiniz. Açtığımız hamuru pizza tepsisine almadan önce boyutu uygun mu diye kontrol edelim."", ""Açtığımız hamuru unladığımız pizza tepsisine alalım ve elimizle etrafını düzeltelim."", ""Bir çatal yardımıyla hamurumuzun tüm yüzeyine delikler açalım böylelikle hamur pişerken kabarmayacaktır."", ""Pizza tepsisini önceden ısıttığımız 200 derecelik fırına sürerek hamurumuzu 10 dakika pişirelim."", ""Sosu için malzemeleri 10 dakika kaynatıp pizza hamuruna sürelim."", ""Sosu bolca sürdükten sonra üstüne kaşar mozarella peynirini ekleyip diğer malzemeleri de ekleyelim."", ""Son olarak pizzamızı tekrar fırına sürelim ve 200 derecelik fırında 20 dk daha pişmeye bırakalım. Afiyet olsun.""]"
68a141f1-16b5-4288-b0dd-af43d65abd6a,Sürpriz Patates Püresi,Turkey,Lezzetli kıymalı iç harcıyla şaşırtıcı bir patates püresi tarifi,Ye,"[""5 adet patates"", ""200 gram kıyma"", ""3 yemek kaşığı zeytinyağı"", ""3 yemek kaşığı süt"", ""1 adet soğan"", ""1 çay kaşığı karabiber"", ""1 çay kaşığı pul biber"", ""1 tatlı kaşığı tuz""]","[""Haşlanmış patates püre yapılır. 3 kaşık zeytinyağı, 3 kaşık süt, baharatlar ve ince doğranmış maydanoz eklenir, iyice karıştırılır. Soğan ve kıymayı kavurarak baharat eklenir."", ""Derin bir kase iyice yağlanır, patatesin yarısı döşenir, peynirin yarısı ve kıyma içine doldurulur."", ""Kalan peynir de üstüne konarak kalan patatesle kapatılır düzeltilir. Servis tabağına ters çevrilir. Yumurta ve salatayla süslenir. Sıcak servise sunulur...""]"
cdb822f7-aa19-4f05-aa51-381c809d0d16,Kuru Meyveli Pratik Kek,Turkey,"Kuru meyvelerle zenginleştirilmiş, pratik ve sağlıklı tam buğday keki tarifi",Ye,"[""2 adet yumurta"", ""1/2 su bardağı süt"", ""1/2 su bardağı tam buğday unu (+1 yemek kaşığı)"", ""6 adet hurma (yumuşak)"", ""1/2 su bardağı çiğ fındık"", ""1/2 su bardağı dut kurusu"", ""1 adet portakal kabuğu"", ""1/2 su bardağı sıvı yağ"", ""1 paket kabartma tozu""]","[""Badem ve kuru dutu rondodan çekip, un haline getirelim."", ""Hurmaları 15 dakika sıcak suda bekletip yıkayalım."", ""Çekirdeklerini çıkarıp, rondodan çekelim eğer çekerken zorlanırsanız içine sütü ilave edin."", ""Çok daha kolay püre olacaktır. Yumurtayı çırpıp sıvı malzemeleri ekleyip daha sonra kuru malzemeleri ekleyelim."", ""Portakal kabuğunu da ekleyip yağlanmış kalıpta ısıtılmış 180 dereceli fırında pişirelim."", ""Kürdan testiyle pişme durumunu kontrol edebilirsiniz."", ""Üzerine benmari usulü eritilmiş çikolata ve portakal kabuğu ve dilimleriyle süsleyelim. Afiyet olsun.""]"
b7c72bd7-ca5e-4872-804d-03c09542e957,Kirazlı Kıbrıs Tatlısı,Turkey,"Kirazlı Kıbrıs Tatlısı, yumuşak dokusu ve taze kirazlarla harmanlanmış geleneksel bir lezzettir",Ye,"[""3 adet yumurta"", ""1/2 su bardağı toz şeker"", ""1/2 su bardağı sıvı yağ"", ""1 su bardağı Hindistan cevizi"", ""1 su bardağı ceviz içi (toz halinde)"", ""1 su bardağı galeta unu"", ""1 adet kabartma tozu""]","[""Kek için geniş bir kasede mikser ile yumurta ve şekeri köpürtün. Karışıma sıvı yağı da ekleyip yumuşak bir kıvam alana kadar çırpın."", ""Sıvı kek karışımına tüm kuru malzemeleri ekleyip spatula ile yedirin. Kek karışımını önceden yağlanmış 30x20 ebatlarında dikdörtgen bir tepsiye alın ve 160 derecelik fanlı fırında 30-35 dakika pişmeye"", ""Kekin şerbeti için soğuk su ile şekeri hiç şeker tanesi kalmayana kadar karıştırın ve buzdolabında bekletin."", ""Kiraz kreması için kirazların çekirdeklerini çıkartın orta boy bir tencereye alın, şekeri ve suyun yarım bardağını ekleyip orta ateşte kirazlar yumuşayana kadar pişirin. Kalan su ve nişastayı ayrı bir"", ""Keki fırından çıkartın 5 dakika dinlendirip soğuk şerbeti üstüne dökün."", ""Kek oda sıcaklığında şerbeti çektikten sonra kirazlı kremayı da kekin üzerine alıp spatula ile nazikçe yaydırın ve oda sıcaklığında dinlendirin."", ""Soğuk krema ve pudra şekerini mikserle köpürtün."", ""Kremayı da kirazlı katmanın üzerine ince bir katman halinde sürün ve tatlıyı buzdolabında 2 saat dinlendirin."", ""Dinlenmiş tatlınızın üzerine Hindistan cevizi serpin ve kirazlarla süsleyip dilimleyerek servis edin. Afiyet olsun.""]"
add49029-cd2b-41e3-9add-7ae8111f7713,Jöleli İrmik Tatlısı,Turkey,"Tatlı ve hafif jöleli irmik tatlısı, hem göze hem damaga hitap eden lezzetli bir tatlı seçeneği",Tatlı,"[""1 litre süt"", ""7 yemek kaşığı irmik"", ""2 tepeleme yemek kaşığı nişasta"", ""1 su bardağı şeker"", ""2 paket kakaolu bisküvi"", ""5 su bardağı vişne suyu"", ""3 yemek kaşığı nişasta (mısır veya buğday nişastası)""]","[""Süt, irmik, nişasta ve toz şeker tencere alınıp ocağa koyulur."", ""Kaynanana kadar karıştırarak pişirilir. Kek kalıbı ıslatılır ve içine dökülür."", ""Bisküviler muhallebinin içine batırılır. Soğumaya bırakılır."", ""İrmikli muhallebi donunca üzerinin jölesi hazırlanır."", ""Vişne kompostosu nişasta ile beraber tencereye alınır."", ""Kaynayana kadar karıştırılarak pişirilir."", ""Koyulaşır pişince muhallebinin üzerine jöle dökülür. Soğumaya bırakılır."", ""Buzdolabında en az beş 6 saat bekletilir."", ""Kalıptan çıkarılır, servis edilir. Afiyet olsun.""]"
31a07b65-5125-4bb4-b875-217a4a782c47,Tahinli Sıcak Hurma,Turkey,"Tahin ve susamla harmanlanmış sıcak hurmalar, doyurucu ve lezzetli bir tatlı alternatifi sunar",Ana Yemek,"[""12 adet hurma"", ""2 yemek kaşığı tahin"", ""2 yemek kaşığı susam"", ""1 yemek kaşığı tereyağı""]","[""Bir tavaya yaklaşık 1 yemek kaşığı kadar susamı alıp kavuruyoruz, susamları kenara alıyoruz"", ""1 tatlı kaşığı kadar tereyağında çekirdeği çıkarılmış hurmaları 5 dakika kadar kavuruyoruz biraz yumuşayıp kokusunun çıkması gerekiyor."", ""Ardından hurmaları bir tabağa alıp üzerine tahin gezdiriyoruz ve tatlımız hazır! Afiyetler olsun.""]"
d3a238a0-1e50-452f-9b1e-ed84d0d37fbb,Fırında Patlıcan,Turkey,"Fırında harika bir lezzet olan patlıcan yemeği, sebzelerin doğal lezzetlerini bir araya getirir",Sebze Yemekleri,"[""2 adet orta boy patlıcan"", ""1 adet orta boy yeşil biber"", ""1 adet orta boy domates"", ""2 yemek kaşığı zeytinyağı"", ""1 çay kaşığı tuz""]","[""Biberi orta büyüklükte doğrayın."", ""Patlıcanı da alacalı bir şekilde soyup doğrayın. Fırın kabına tüm sebzeleri ekleyin. Üzerine zeytinyağı ve tuzu döküp karıştırın. Fırında 15 dakika kadar pişirin."", ""Orta büyüklükte kestiğiniz domatesleri de ekleyin ve 20 dakika daha pişirin."", ""Domates sosu için zeytinyağını tavaya dökün ve yemeklik doğradığınız soğanı da ekleyip kavurun. Salçayı ekleyip kavurmaya devam edin. Suyunu ve baharatını ekleyip kıvam alana kadar pişirin."", ""Sebzelerin üzerine sosunu döküp 15 dakika daha pişirin. İsterseniz sıcak, isterseniz soğuk olarak yiyebilirsiniz."", ""Fırında patlıcan tarifiniz hazır. Afiyet olsun!""]"
e0a84ff3-6ad9-41f1-917c-b0aee8c5b0d7,Kekikli Lorlu Kahvaltılık,Turkey,Taze kekik ve baharatlarla harmanlanmış lor peynirinden yapılan pratik ve lezzetli kahvaltılık,Tatlı,"[""1 tatlı kaşığı taze kekik"", ""1 çay kaşığı kırmızı pul biber"", ""1 çay kaşığı toz kırmızı biber"", ""1 çay kaşığı tuz"", ""1/2 çay bardağı zeytinyağı""]","[""Lor peyniri bir kaba alın. Üzerine baharatlar, tuz ve yağı ekleyerek güzelce karıştırın."", ""Sunum tabağına alıp servis yapın. Çok pratik ama bir o kadar lezzetli kahvaltılık tarifimiz hazır. Afiyet olsun.""]"
ced57194-2df4-4fc5-bb5e-a4bbec556473,Kadayıf Dolması,Turkey,"Tel tel ayrılmış kadayıfların şerbetle buluştuğu, çıtır dokusuyla damakları şenlendiren geleneksel bir tatlı",Tatlı,"[""250 gram taze kadayıf"", ""1,5 su bardağı toz şeker"", ""1 su bardağı su"", ""1-2 damlalimon suyu""]","[""Öncelikle şerbeti hazırlayın. 10 dakika kaynatıp altını kapatın."", ""Kadayıftan bir parça alıp bir ucuna cevizi koyup çok sıkmadan rulo şeklinde sarın."", ""Yumurtalı karışıma bulayıp her yeri eşit şekilde kızartıp soğuk şerbete koyun."", ""Şerbette çok bekletmeden servis tabağına alın. Afiyet olsun""]"
d5fc7b31-92dc-4f22-8712-0444d0f8cbc9,Prenses Lokumu,Turkey,"Tahinli cevizli prenses lokumu, irmik ve sütle hazırlanan yumuşacık, şerbetli bir tatlıdır",Tatlı,"[""2 su bardağı süt (500 ml)"", ""8,5 yemek kaşığı irmik"", ""6 yemek kaşığı şeker"", ""1 tatlı kaşığı buğday nişastası""]","[""Öncellikle 2 bardak sütümüzü orta boy bir tencereye alıyoruz. Daha sonra üzerine irmik ve şekerimizi ekleyip kıvam alıncaya dek karıştırıyoruz."", ""Kıvam almaya başladıktan sonra üzerine 1 tatlı kaşığı buğday nişastamızı ekleyip birkaç kez daha karıştırıyoruz."", ""Kıvam alan tatlımızın asıl harcını ocaktan alıp kenara soğumaya bırakıyoruz."", ""Harcımız el yakmayacak hafif ılık kıvama geldiğinde yanımıza bir kase su alıp elimizi ıslattıktan sonra harçtan minik parçalar koparıp küçük toplar yapıyoruz."", ""Toplarımızı Hindistan cevizi veya kakaoya bulayıp dilediğimiz şekilde süslüyoruz.""]"
b251b3e3-5464-4c9d-9a46-202b62266c60,Mereng,Turkey,"Hafif ve lezzetli mereng tarifi, sadece iki basit adımda hazırlanabilir",Ana Yemek,"[""3 adet yumurta akı (oda sıcaklığında)"", ""1 su bardağı pudra şekeri"", ""Etimek Tatlısı Tarifi"", ""Damla Çikolatalı Kurabiye"", ""Tatlı Tarifleri Spoonful Mozaik Pasta Çikolatalı Sufle İrmik Helvası Fırın Sütlaç Profiterol Revani Magnolia"", ""Kahvaltılık Tarifler Pancake Krep Pişi Kuymak Kaygana Kahvaltılık Sos Menemen Muhlama Yumurtalı Ekmek Omlet"", ""Omlet""]","[""Tüm malzemeleri stand mikseriniz ile koyulaşsana kadar çırpın (çırpıcı ucu ters çevirdiğinizde almayacak kıvama gelinceye kadar)."", ""75 derecede kıvam alana kadar yaklaşık 1-1,5 saat kadar pişirin. Soğumaya bırakın ve günlerce bayatlamadan yiyebilirsiniz. Afiyet olsun.""]"
317be38d-d151-4f97-918e-d1ae33ce26e8,Tahinli Fit Kurabiye,Turkey,"Sağlıklı ve lezzetli tahinli fit kurabiye tarifi. Yulaf, tahin ve hurmanın mükemmel uyumuyla tatlı krizlerinize doğal çözüm",Tatlı,"[""1 su bardağı yulaf"", ""1 çay bardağı tahin"", ""7 adet medine hurması""]","[""Hurmaları suda bekletin. Kabuklarını ve çekirdeklerini çıkartın."", ""Rondodan geçirin ve diğer malzemeler ile birleştirin."", ""Şekil verin ve 170 derecelik fırında 10-12 dakika kadar pişirin.""]"
7d267525-b9c4-49f9-a8c3-057bae022f1c,Uzak Doğu Usulü Havuç Çorbası,Turkey,"Zencefilin ferahlatıcı aromasıyla hazırlanan bu Uzak Doğu usulü havuç çorbası, lezzeti ve besleyiciliğiyle sizi şaşırtacak",Çorba,"[""5 yemek kaşığı sıvı yağ"", ""1/2 adet kuru soğan"", ""1 yemek kaşığı taze zencefil"", ""2 adet havuç"", ""1/2 adet chili biberi"", ""2 çay kaşığı tuz"", ""1 çay kaşığı toz kişniş"", ""1/2 çay kaşığı kimyon"", ""1 tatlı kaşığı zerdeçal"", ""1 tatlı kaşığı köri"", ""1 tatlı kaşığı fıstık ezmesi"", ""1 tatlı kaşığı ketçap"", ""1 tatlı kaşığı balık sosu"", ""1/2 adet limonun suyu"", ""1 litre su""]","[""Orta boy bir tencereye sıvı yağı koyun ve ısıtın. Soğan, sarımsak, zencefil, chili biber ve havucu orta irilikte doğrayıp yağda kavurun."", ""Kavrulan sebzelere tüm baharatı, fıstık ezmesini, ketçabı ve balık sosunu da ekleyip orta ateşte hafif dibini tutturarak kavurmaya devam edin."", ""Son olarak limon suyu ve sıcak su ile dibini kazıyarak karışımı tamamlayın, ocağın altını kısın ve sebzeler yumuşayana kadar pişirin."", ""Pazıların sert kısımlarını kesin, sıcak tuzlu suda bir dakika pişirin ve süzün. Sebzeleri yumuşayan çorbayı pürüzsüz olana kadar blenderden geçirin ve üzerine haşlanmış pazı yaprakları koyarak servis""]"
6c796db7-2838-4de3-851e-892655d6a32a,Üzümlü Pekmezli Kurabiye,Turkey,"Üzümlü pekmezli kurabiye, geleneksel lezzetleri modern dokunuşla birleştiren, çay saatlerinin vazgeçilmezi bir tatlıdır",Tatlı,"[""125 gram tereyağı (oda sıcaklığında)"", ""1/2 çay bardağı sıvı yağ"", ""1 adet yumurta akı (sarısı üzerine)"", ""1 çay bardağı toz şeker"", ""2 yemek kaşığı pekmez (tercihen)"", ""1/2 paket vanilin"", ""1 çay bardağı kuru üzüm (doğranmış)"", ""1 yemek kaşığı portakal kabuğu rendesi"", ""2,5-3 su bardağı un""]","[""Kurabiye hamuru hazırlanır. Üzüm hariç diğer malzemeler geniş bir kaseye alınır. Güzel bir kıvam elde edilir. Unu kontrollü ekleyelim. Üzümler 10 dakika sıcak suda bekletilir. Kurulanıp irice doğranır"", ""Hamura eklenip karıştırılır. Dilediğiniz gibi şekil verilir."", ""Yumurta sarısı pekmezle karıştırılır, üzerilerine sürülür. Çatalla çizikler atılır."", ""Önceden ısıtılmış fırında alt üst ayarda 20-25 dakika pişirilir. Soğuduğunda servis yapılır. Afiyet olsun.""]"
d2c4fe75-fa01-4120-a3aa-6b8d03b573be,Çıtır Yufkalı Semizotu Salatası,Turkey,"Çıtır yufka parçalarıyla zenginleştirilmiş, ferahlatıcı semizotu salatası",Salata,"[""1 adet yufka"", ""2 adet salatalık"", ""2 yemek kaşığı haşlanmış mısır"", ""1 çay kaşığı tuz"", ""1 çay bardağı sıvı yağ (Yufkaları kızartmak için)""]","[""Semizotunu yıkayıp doğradıktan sonra salatalıkları da soyup küp küp doğruyoruz."", ""Haşlanmış mısırları ekliyoruz."", ""Yufkayı 20 parçaya bölerek küçük küçük sigara böreği şeklinde içi boş halde sarıyoruz. Sardığımız yufkaları kızgın yağda kızartıyoruz."", ""Yoğurdu semizotu karışımına ilave edip harmanlıyoruz."", ""Servis tabağına salatayı alıp üzerine kızarttığımız yufkaları koyuyoruz."", ""En son tavada zeytinyağı, ceviz ve pul biberi biraz çevirip en üste dökerek servis ediyoruz. Afiyet olsun.""]"
604a3ec2-66b6-4d33-886e-0c56dcd93fe4,Milföyden Şöbiyet Tatlısı,Turkey,Milföy hamurları ve fıstık içi ile hazırlanan pratik ve lezzetli şöbiyet tatlısı,Tatlı,"[""6 adet milföy hamuru"", ""100 gram fıstık içi (ya da ceviz)"", ""1/2 su bardağı süt"", ""1,5 yemek kaşığı irmik""]","[""İç harcını yaparak işe başlayın. Bir tencereye süt ve irmiği koyarak, koyulaşana kadar pişirin. Kaynayıp, koyulaştıktan sonra ocaktan alın ve ılıması için dinlendirin."", ""Daha sonra şerbetini hazırlayın. Bir tencereye su ve şekeri alarak kaynatmaya başlayın, şeker eridikten sonra limon suyunu koyun ve ocaktan alın."", ""Her bir tekli milföyü 4 ayrı kareye bölün."", ""İçine ister fıstık, isterseniz de ceviz koyun. Kaymaktan da yeteri kadar koyup üçgen şeklinde kapatın."", ""Bir borcama dizin, diğer taraftan tereyağını eritin. Eriyen tereyağını üzerlerine tek tek sürün."", ""180 derecedeki fırında üzerleri kızarana kadar pişirin. Fırından çıkardıktan 3-4 dakika sonra şerbeti dökün."", ""Soğuduktan sonra üzerine Hindistan cevizi veya Antep fıstığı serperek servis edin. Afiyet olsun.""]"
7b907994-384c-486f-924a-d3dc2811c1ab,Çikolatalı Pratik Kek,Turkey,"Çikolatalı pratik kek, sadece 3 malzeme ile hazırlayabileceğiniz lezzetli ve kolay bir tatlı tarifi",Tatlı,"[""2 adet yumurta"", ""3 yemek kaşığı çikolata kreması"", ""1/2 paket vanilin"", ""2 silme çay kaşığı kabartma tozu"", ""1 yemek kaşığı kakao"", ""1/2 su bardağı un""]","[""İlk önce bir kaba yumurtamızı ve çikolata kreması için ekleyip çırpıyoruz."", ""Daha sonrasında ise kalan malzemelerimizi ekleyip çırpmaya devam ediyoruz."", ""En sonunda ise önceden ısıtılmış 180 derecelik fırınımızda pişiyoruz. Afiyet olsun.""]"
9ef87ef1-fbb7-4128-96a8-27cf5d1d5817,İçi Yumuşacık Waffle,Turkey,"İçi yumuşacık, dışı çıtır mükemmel waffle tarifimizle kahvaltılarınıza lezzet katın. Pratik ve hızlı yapımıyla favori tariflerinizden biri olacak",Ana Yemek,"[""1 yemek kaşığı tereyağı"", ""2 adet yumurta"", ""200 mililitresüt"", ""1 yemek kaşığı toz şeker"", ""1/2 çay kaşığı tuz"", ""300 mililitreun"", ""1 çay kaşığı kabartma tozu"", ""1 paket vanilya""]","[""Tereyağını küçük bir tavada eritelim."", ""Karıştırma kabında yumurtaları güzelce çırpalım."", ""Sütü, şekeri, tuzu ve yağı ekleyip bir daha çırpalım."", ""Unu, kabartma tozunu ve vanilyayı da ekleyip pürüzsüz kıvamı yakalayana kadar son defa daha çırpalım."", ""Makine ısınınca hamuru kaşık yardımıyla döküp pişirelim."", ""Damak tadımıza göre soslar ve meyvelerle süsleyip servise hazırlayalım. Afiyet olsun.""]"
7f54c3f5-4f74-4494-a2c7-98cbd7d8cfd6,Mandalina Rüyası,Turkey,Taze mandalinaların beyaz çikolata ile buluştuğu ferahlatıcı ve lezzetli bir tatlı,Ana Yemek,"[""1 kilogram mandalina"", ""250 gram beyaz çikolata"", ""0.004 gram pektin"", ""1 kilogram krem şanti"", ""150 gram mandalina sosu"", ""1 adet pandispanya keki"", ""1 kilogram yumurta"", ""850 gram şeker"", ""950 gram un"", ""15 gram vanilya"", ""200 ml mandalina suyu"", ""40 gram kabartma tozu"", ""15 gram pasta katkı maddesi""]","[""Mandalina kaynatılır, pektin atılır ve koyulaştırılır."", ""Beyaz çikolata eklenir, 40 dereceye gelince krem şanti eklenir ve çırpılır."", ""Pandispanya ve bütün malzemeler 6 dakika hızlı devirde çırpılır, 45 dakika pişirilir. İçine 2 adet mandalina ve fıstık taneleri atılır."", ""Dolapta 24 saat dinlendirilir ve servis edilir.""]"
c39b9678-6665-4e1d-8c74-2cc7dab24c6e,Zeytinyağlı Türlü,Turkey,Sebzelerin zeytinyağıyla harmanlandığı lezzetli ve sağlıklı bir Türk klasik,Meze,"[""1 adet patlıcan"", ""2 adet kabak"", ""1 adet patates"", ""2 adet domates"", ""1 adet soğan"", ""2 adet kırmızı kapya biber"", ""4 yemek kaşığı zeytinyağı"", ""1 tatlı kaşığı tuz"", ""1 çay kaşığı karabiber""]","[""Soğanları jülyen (yarım ay) şeklinde doğrayın."", ""Tencereye zeytinyağını koyup yağ kızdığında soğanları ekleyin ve hafif renk alıncaya kadar kavurun. Ardından ince doğradığınız sarımsakları da ekleyin."", ""Patatesleri ve biberi de küp şeklinde doğrayıp tencereye ekleyin."", ""Kabak ve patlıcanları yuvarlak şekilde kesip diğer malzemelerin üzerine ilave edin ve kavurmaya devam edin."", ""Son olarak domatesleri de rendeleyip üzerine ekleyin. Tuz ve karabiberi de katıp tüm sebzeler yumuşayıncaya kadar düşük ateşte ağır ağır pişirin.""]"
2cebe967-5679-4d7a-ab69-f6dc4c840ceb,Pastane Usulü Un Kurabiyesi,Turkey,Hafif ve dağılan dokusuyla pastanelerdeki gibi lezzetli un kurabiyesi tarifi,Tatlı,"[""250 gram tereyağı"", ""1 su bardağı pudra şekeri"", ""4 su bardağı (bir parmak eksik) un""]","[""Oda sıcaklığındaki tereyağını karıştırma kabına alın."", ""Pudra şekerini tereyağıyla krema kıvamını alana kadar karıştırın."", ""Elenmiş unu azar azar katıp kurabiye hamurunu toparlanana kadar yoğurun."", ""Elimizle şeklimizi verdiğimiz hamuru istediğimiz gibi aralıklı olarak yağlı kağıt serili tepsimize yerleştiriyoruz."", ""20 dakika 180 derece fırında pişiriyoruz.""]"
64f35560-6ba0-4b87-bb53-c8778d6b01ac,Ev Yapımı Kayseri Yağlaması,Turkey,"Geleneksel Kayseri mutfağının lezzetli ve pratik bir yiyeceği olan yağlama, özel hamuruyla damaklarda unutulmaz bir tat bırakır",Ana Yemek,"[""1 su bardağı süt"", ""1 su bardağı su"", ""1 yemek kaşığı şeker"", ""1 yemek kaşığı tuz"", ""1 paket instant maya"", ""2 su bardağı un"", ""1/2 çay bardağı sıvı yağ""]","[""Hamuru için yoğurma kabımızın içerisine süt, su, şeker, tuz ve mayayı ekliyoruz. Çırpıcı ile karıştırıyoruz. Sıvı yağımızı ekleyip tekrar karıştırıyoruz."", ""Alabildiği kadar ununu ekliyoruz ve eklerken yoğurmaya başlıyoruz. Kıvama gelince yarım saat / kırk beş dakika civarı mayalanması için bekletiyoruz."", ""Harcına geçebiliriz. Sebzelerimizi küçük küçük doğruyoruz. Kıymamızı pişirme tavasına alıyoruz Sırasıyla soğan, biber ve domateslerimizi pişirme tavasına alıyoruz."", ""Salçamızı ekliyoruz. Baharatlarımızı ekliyoruz. Suyumuzu ekliyoruz."", ""Mayalanan hamurumuzu lavaşımıza göre açıyoruz. Tavada lavaşımızı pişiriyoruz. Sırasıyla lavaş ve üzerine hazırladığımız kıyma harcımızı yaydırıyoruz."", ""Toplamda 12 kat yapıyoruz. Üzerine sarımsaklı yoğurt dökebilirsiniz. Deneyen herkese afiyet olsun.""]"
7a2ea24d-668b-4f48-a0cc-fb93f2dc50c7,Havuçlu Cevizli Kek,Turkey,"Lezzetli ve nemli havuçlu cevizli kek, çay saatlerinin vazgeçilmezi olacak",Tatlı,"[""4 adet yumurta"", ""1 su bardağı şeker"", ""1 su bardağı sıvı yağ"", ""1 su bardağı ceviz"", ""2 adet havuç"", ""1 tatlı kaşığı tarçın"", ""1 paket vanilya"", ""1 paket kabartma tozu"", ""2 su bardağı un""]","[""Yumurta, şeker ve vanilyayı iyice çırpın. Sıvı yağ ekleyin karıştırın."", ""Havuçları soyup rendenin ince kısmı ile rendeleyin kek harcına ekleyin. Cevizleri biraz iri taneli kalacak şekilde ekleyin. Tarçını da ilave edip karıştırın."", ""Un, kabartma tozu ve karbonatı eleyerek ekleyin. Güzelce karıştırın."", ""Kek kalıbını yağlayın. Kek harcını içine boşaltın. Önceden ısıtılmış 180 derece alt üst ayar fırında yaklaşık kırk dakika pişirin. Kürdan testi ile kontrol edip fırından çıkarın."", ""Kalıptan rahat çıkması için kenarlarından bıçakla gevşetin. Kalıptan çıkan keki soğuyunca servis edin.""]"
80249fdd-cff3-409e-97de-b1d31b32327d,Yeşil Mercimek Çorbası,Turkey,"Lezzetli ve besleyici yeşil mercimek çorbası, soğuk kış günlerinde içinizi ısıtacak",Çorba,"[""1 su bardağı yeşil mercimek"", ""1 yemek kaşığı biber salçası"", ""2 adet orta boy rendelenmiş domates"", ""2 yemek kaşığı tereyağı"", ""1 litre tavuk suyu"", ""1 çay bardağı arpa şehriye"", ""1 tatlı kaşığı kurutulmuş fesleğen"", ""1 çay kaşığı toz biber"", ""1 çay kaşığı tuz""]","[""Yeşil mercimekleri yıkayıp tencereye alın üzerini geçecek kadar su ekleyip bir saat bu şekilde bırakın."", ""Domatesleri rendeleyip tereyağında soteleyelim daha sonra salçamızı ekleyip bir iki dakika daha"", ""Soteleyelim ve et yada tavuk suyu elinizde ne varsa 1,5 litre et yada tavuk suyunu ekleyin 5-6 dakika kaynasın."", ""Daha sonra yeşil mercimeği ekleyin 20-25 dakika kaynatın."", ""Son 10 dakika arpa şehriyeyi baharat ve tuz ekleyip, biraz daha pişirdikten sonra servis edin. Afiyet olsun.""]"
84b799fa-8a22-4fd9-9726-e5a3bd96c823,Çikolatalı Acılı Tart,Turkey,"Tatlı ve acının mükemmel uyumunu sunan çikolatalı acılı tart, damaklarda unutulmaz bir lezzet bırakıyor",Tatlı,"[""200 gram un"", ""100 gram pudra şekeri"", ""125 gram tereyağı"", ""1 adet yumurta sarısı""]","[""Fırını önceden 190 derece ısıtın. Tart hamurunu hazırlamak için; elenmiş un ve pudra şekerini mutfak robotuna alın."", ""Soğuk tereyağını una ekleyip bezelye büyüklüğüne gelene kadar karıştırmaya devam edin."", ""Yumurta sarısını ekleyip hamuru toparlanana kadar karıştırın. Streç filmle sardığınız hamuru buzdolabında 1 saat kadar bekletin."", ""Dinlenen tart hamurunu, bir merdane yardımıyla açtıktan sonra 23 cm.’lik tart kalıbına yerleştirin. Üzerini folyoyla kapattığınız tartın üzerine nohutları doldurun."", ""Önceden ısıtılmış fırında bu şekilde 25 dakika kadar pişirdiğiniz tartı, üzerinde bulunan folyoyu kaldırdıktan sonra 8 dakika daha pişirmeye devam edin."", ""Hafif bir renk alana kadar pişen tart hamurunu, fırından çıkardıktan sonra soğumaya bırakın."", ""Ganajı hazırlamak için; küçük bir kaba aldığınız kremayı kaynama noktasına gelene kadar ısıtın."", ""Küçük parçalar halinde kestiğiniz sütlü kuvertür çikolatayı, ısınan kremayla birleştirin."", ""Pürüzsüz bir kıvam elde edene kadar karıştırdığınız ganaja toz acı biber ekleyin."", ""Hazırlanan ganajı pişen tart hamuruna dökün, üzerini düzelttikten sonra buzdolabında soğumaya bırakın."", ""Dilimledikten sonra üzerine kakao elediğiniz çikolatalı acılı tartı, arzuya göre böğürtlenli sorbe eşliğinde servis edin.""]"
83d91522-a072-4cfc-a324-29e7605673d7,Portakal Soslu Baby Ispanak Salata,Turkey,"Taze baby ıspanak, portakal ve yeşil elmanın ferahlatıcı lezzetini bir araya getiren bu salata, portakallı sosuyla damakları şenlendirir",Salata,"[""1 adet baby ıspanak"", ""1 adet portakal"", ""1 adet yeşil elma"", ""3/4 adet sarı cherry domates"", ""1 çay bardağı ceviz""]","[""İlk olarak ıspanak ve rokayı kabın içerisine küçülterek bölün, ardından portakalın kabuklarını soyun ve dilimler keserek küp doğrayın yeşilliğin içerisine ekleyin."", ""Yeşil elmayı da dilimler çıkararak küp doğrayın ve ekleyin daha sonra sarı çeri domatesi bölün karışıma ilave edin. Salatanın portakal sosunu karışma dökün ve karıştırın."", ""Ardından servis tabağına koyun, üzerine küp doğranmış peynir ve yeşil elma ekleyin son olarak ufaltılmış cevizi serpin. Son olarak tabağınızı süsleyin."", ""Sosu için bir kap içerisine zeytinyağı dökün, portakal ve limonu sıkın ardından tuz ile karabiberi ilave ederek çırpın.""]"
77f40c71-2394-4b8c-86ae-048433cf87b1,Çikolatalı Yulaflı Bar,Turkey,"Lezzetli ve besleyici çikolatalı yulaflı barlar, atıştırmalık için ideal bir tarif",Tatlı,"[""1.5 su bardağı yulaf"", ""1 adet yumurta"", ""2 yemek kaşığı pekmez"", ""150 gram eritilmiş bitter çikolata""]","[""Yulafı bir kaseye alıyoruz."", ""Üzerine yumurta ve pekmezi ekleyip, yoğuruyoruz."", ""Kıvam aldıktan sonra elimizle çanak şeklini veriyoruz."", ""180 derece 20 dakika fırına atıyoruz."", ""Fırından çıktıktan sonra 10-15 dakika dinlenmesini bekliyoruz."", ""Hafif soğuduktan sonra erittiğimiz bitter çikolataları çanakların içine koyuyoruz."", ""Kahvenin yanda servis ediyoruz. Afiyet olsun.""]"
f82f2139-46ef-41e8-bbbc-098cdd6eca6b,Limonlu Kolay Muhallebi,Turkey,"Ferahlatıcı limon aromasıyla hazırlanan bu kolay muhallebi, pratik tarifiyle herkesin favorisi olacak",Tatlı,"[""1 litre süt"", ""5 yemek kaşığı şeker"", ""2 yemek kaşığı un"", ""2 yemek kaşığı nişasta"", ""1 adet limonun suyu"", ""2 adet limon kabuğu"", ""1 paket vanilya"", ""1/4 çay kaşığı zerdeçal""]","[""Tencereye unu,nişastayı,şekeri ve limon kabuğunu ekleyip azcık süt ekleyip tüm malzemeler karışana kadar çırpıyoruz."", ""Sütün kalanını ekleyip ocağın altını yakıyoruz."", ""Limon suyu ekler eklemez hızlıca çırpmaya devam ediyoruz (kesilmemesi için)."", ""Kaynamaya başlayınca vanilyayı ekleyip karıştırıyoruz."", ""Kaselere boşaltıp ılıyınca buzdolabına kaldırıyoruz. Soğuk olarak servis yapınız. Afiyet olsun.""]"
ae276915-62a6-49ee-b71f-6add9691902b,Hindistan Cevizi Kurabiyesi,Turkey,"Sağlıklı ve lezzetli hindistan cevizi kurabiyesi, sadece üç malzemeyle hazırlanabilen pratik bir atıştırmalık",Tatlı,"[""3/4 su bardağı Hindistan cevizi"", ""1 yemek kaşığı tuzsuz lor peyniri"", ""1 yemek kaşığı bal"", ""1 adet yumurta akı""]","[""Yumurta akı ve balı köpüksü bir kıvama gelene kadar çırpın."", ""Üzerine lor peyniri ve Hindistan cevizini ekleyip, elinizle karıştırın. Elinizle ufak topçuklar yapın."", ""Önceden ısıtılmış 150 derece fırında orta rafta önce 30 dakika, sonra fırının bir üst rafına alıp 120 derecede bir 10 dakika daha üzerileri hafif kızarana kadar pişirin."", ""Izgara telinin üzerinde 5-10 dakika soğumaya bırakın. İçi mis gibi Hindistan cevizli, dışı çıtır çıtır harika kurabiyeleriniz olacak. Afiyet olsun.""]"
4fd8dcf0-6c6b-422a-8f04-829672307c08,Salepli Kolay Muhallebi,Turkey,"Salepli Kolay Muhallebi, salebin benzersiz aromasıyla hazırlanan, kıvamı ve lezzetiyle büyüleyen pratik bir tatlı tarifi",Tatlı,"[""3 su bardağı süt"", ""3 tepeleme yemek kaşığı pirinç unu"", ""1 silme tatlı kaşığı toz salep""]","[""Pirinç unu, salep ve şekeri bir tencereye boşaltıp çırpıcı yardımıyla karıştırın."", ""Üzerine 3 bardak sütü ekleyip orta ateşte sürekli karıştırarak pişirin."", ""Muhallebiniz göz göz olup kaynamaya başlayınca ateşten alın ve tabaklara ekleyin. Afiyet olsun.""]"
ab7488da-79bb-40e5-a991-22078a2c17b3,Tavada Pizza,Turkey,"Pratik ve lezzetli tavada pizza tarifi, hızlıca hazırlayıp afiyetle yiyebilirsiniz",Ana Yemek,"[""2 yemek kaşığı zeytinyağı"", ""1 adet yumurta"", ""3 yemek kaşığı yoğurt"", ""1/2 paket kabartma tozu"", ""1 çay kaşığı tuz"", ""7 yemek kaşığı un""]","[""Hamuru için gerekli olan malzemeleri un hariç, bir kapta karıştırın."", ""Ardından üzerine unu da ilave edin. Boza kıvamında bir hamur elde edin. Kek hamurundan biraz daha yoğun bir hamur."", ""Yapışmaz tabanlı bir tavanın dibini hafifçe yağlayın ve hazırladığınız hamuru tavaya dökün."", ""Ayrı bir tavada zeytinyağında sosisi, sucukları ve zeytini kavurun. Tavaya aldığınız hamurun üstüne hazırladığınız sostan yayın."", ""Üstüne kaşar peynirinin üçte ikisini serpin ve onun da üstüne kavurduğunuz malzemeleri ve diğer malzemeleri serpiştirin."", ""En üste kalan kaşarı tekrar serpin ve tavayı en kısık ateşte 1 dakika boyunca tutun. Sonra tavanın kapağını kapatın ve bu şekilde yaklaşık 10 dakika pişirin. Kaşar eridiğinde ve hamurunuzun altını kon""]"
bc4353b8-c7aa-47e8-8b98-053ea2978ce4,Avokado Puding,Turkey,"Sağlıklı ve kremsi bir tatlı olan avokado pudingi, sadece 3 malzemeyle hazırlanabilir",Ana Yemek,"[""1 adet küçük boy muz"", ""1 adet avokado"", ""1 yemek kaşığı süzme bal"", ""4 yemek kaşığı kakao"", ""1 yemek kaşığı su""]","[""Muzu ve avokadoyu kabuklarından ayırıp doğrayalım."", ""Meyveleri blendera alalım ve üzerine diğer malzemeleri ekleyelim."", ""Puding kıvamı elde edene kadar blenderdan geçirelim."", ""Servis edeceğimiz kaselere alalım. Dilerseniz üzerini meyve, fındık, fıstık, Hindistan cevizi ile süsleyebilirsiniz. Afiyet olsun.""]"
4b6382f1-5778-46c2-b8b6-787345350de3,Çilek Reçeli,Turkey,"Lezzetli ve doğal çilek reçeli tarifimiz, taze çileklerin tadını en iyi şekilde korur",Ana Yemek,"[""2 kilogram çilek"", ""8 su bardağı şeker"", ""1/2 adet limonun suyu""]","[""Çilekleri güzelce yıkayıp saplarını koparıyoruz."", ""Çileklerin küçük olanlarını hiç bölmeden uygun bir tencereye koyalım. Büyük olanları dilediğiniz boyutlarda bölebilirsiniz."", ""Şekeri çileklerin üzerine, her tarafına gelecek şekilde dökün ve tencerenin kapağını kapatın. Bir gece bu şekilde bekletelim, suyunu salmış olacaktır."", ""Suyunu salmış olan çilekleri orta ateşte, tencere kapağı açık bir şekilde pişirelim ve kaynamaya başladığında köpükleri üzerinden kaşık yardımı ile alalım."", ""50 dakika kadar kaynayan reçelimize limon suyunu ilave edip 10 dakika daha kaynatalım ve ocaktan alalım. Kavanozlara koyalım. Afiyet olsun.""]"
ed0c1d29-84c5-430c-9091-4a82ff586cd2,Yağ Çekmeyen Pişi,Turkey,Yağda kızartmadan pişen pratik ve lezzetli pişi tarifi,Ana Yemek,"[""2 adet yumurta"", ""1 su bardağı yoğurt"", ""1 tatlı kaşığı tuz"", ""1,5 yemek kaşığı sıvı yağ"", ""1 paket kabartma tozu"", ""1 paket karbonat"", ""2-2,5 su bardağı un""]","[""Un hariç tüm malzeme çırpılır."", ""Un kontrollü bir şekilde eklenerek yoğrulur. Hamur yumuşak ele yapışmayan kıvamda olmalı."", ""Üzeri örtülerek 1 saat dinlendirilir."", ""Hamur merdane yardımıyla açılır. İster kare ister daire şeklinde kesilir. Bu şekilde de üzeri örtülerek 20 dakika dinlendirilir."", ""Kızgın yağda pişirilir. Afiyet olsun.""]"
83538fae-7ce6-4aa7-b1ea-d17382523cd1,Tavuklu Erişteli Sebze Çorbası,Turkey,Lezzetli tavuk ve erişte ile hazırlanan doyurucu sebze çorbası,Çorba,"[""2 adet tavuk kalça (250 gram)"", ""1 litre su"", ""1 tatlı kaşığı tuz""]","[""Tavuk suyunu hazırlamak için derin bir kap içerisinde tavukları, tuzunu ve suyu koyup orta ateşte kaynamaya bırakın. Kaynama başlayınca ateşi kısın ve oluşan köpükleri bir kaşık yardımı ile alın. Tavu"", ""Çorbayı hazırlamak için sebzeleri eşit boyda ufak küpler halinde doğrayın. Ufak, derin bir tencereye yağı koyun ve sırası ile küp doğranmış soğan, havuç, patates ve brokoli saplarını aralıklarla ekley"", ""Kavrulan sebzelere baharatları da ekleyip sıcak tavuk suyu ve erişteyi ekleyip kısık ateşte sebzeler yumuşayana kadar pişirin. Pişen çorbaya tavuk parçalarını didikleyerek ekleyip limon dilimi ile se""]"
464fc095-968c-449d-a871-b6c60c443df5,Zeytinyağlı Kabak Yemeği,Turkey,Zeytinyağının lezzetiyle buluşan hafif ve sağlıklı bir yaz yemeği,Sebze Yemekleri,"[""2 adet kabak"", ""1 adet havuç"", ""1 adet soğan"", ""1 yemek kaşığı zeytinyağı"", ""1 çay kaşığı tuz"", ""1 yemek kaşığı pilavlık bulgur""]","[""Soğanı piyazlık, havucu yarım ay doğruyoruz. Azıcık ısıtılmış zeytinyağında 2-3 dakika soteliyoruz."", ""Ardından yine yarım ay doğradığımız kabakları ekleyip 1-2 dakika daha öyle soteliyoruz."", ""Bulgurları ekliyoruz, ardından yaklaşık 1 su bardağı sıcak su ekliyoruz, tuzunu da atıp kapağı kapalı şekilde pişmeye bırakıyoruz."", ""Pişmeye yakın dereotunu ilave ediyoruz, bulgurlar yumuşayınca ocaktan alabiliriz. Afiyet olsun.""]"
5f537fbd-9378-419e-8e3c-334a4c5ab498,Köz Biberli Yeşil Mercimek Salatası,Turkey,"Közlenmiş biberlerin lezzetiyle zenginleşen, sağlıklı ve doyurucu bir yeşil mercimek salatası",Ye,"[""1 su bardağı haşlanmış yeşil mercimek"", ""2 adet közlenmiş kırmızı biber"", ""1 yemek kaşığı haşlanmış mısır"", ""2 adet kornişon turşu"", ""1 çay kaşığı tuz"", ""1 adet kırmızı soğan"", ""2 yemek kaşığı zeytinyağı"", ""1/2 adet limon suyu""]","[""Haşladığınız yeşil mercimeği bir kaseye alın."", ""Üzerine doğradığınız közlenmiş kapya biberleri de ekleyin."", ""Mısırı, doğranmış turşuyu, kırmızı soğanı ve dereotunu da ekleyin."", ""Sosu için limon suyunu, zeytinyağını ve tuzu ekleyip tüm malzemeleri karıştırın."", ""Köz biberli yeşil mercimek salatası tarifiniz hazır. Afiyet olsun...""]"
f8df1b62-a5e0-4441-96ca-ecc6dbf835b1,Semizotlu Bulgur Salatası,Turkey,"Nefis semizotlu bulgur salatası, yaz aylarının ferahlatıcı ve sağlıklı lezzeti",Salata,"[""1 su bardağı başbaşı bulgur"", ""1 su bardağı su"", ""1 tatlı kaşığı tuz"", ""1/3 çay bardağı limon suyu"", ""1/3 çay bardağı zeytinyağı"", ""1 çay bardağı kornişon turşu"", ""1 çay bardağı yağlı biber turşusu"", ""1 çay bardağı mısır""]","[""Öncelikle bir tencereye koyduğumuz bulguru bir tatlı kaşığı tuz atarak bir su bardağı su ile haşlıyoruz (çok fazla haşlamayın diri kalsın)"", ""Ardından semizotlarını elimizle küçültelim."", ""Bir kapta haşladığımız bulguru, semizotunu, limonu, yağı, minik doğradığımız maydanozu, turşuyu, kırmızı biberi ve mısırı katarak karıştırıyoruz. Afiyet Olsun.""]"
820693bc-54dc-425d-afb3-3c3f20960d29,Tarçınlı Mini Kurabiyeler,Turkey,"Tarçınlı Mini Kurabiyeler, çay saatlerinin vazgeçilmezi olan lezzetli ve pratik bir tatlıdır",Ye,"[""125 gram margarin"", ""1 çay bardağı sıvı yağ"", ""1 çay bardağı pudra şekeri"", ""1 adet yumurta"", ""1 paket vanilin"", ""1 paket kabartma tozu"", ""3-4 su bardağı un"", ""1 yemek kaşığı tarçın (üzeri için)"", ""1 yemek kaşığı pudra şekeri (üzeri için)""]","[""Margarini küçük parçalara bölerek hamuru yapacağınız kaba koyun. Sıvı yağı, pudra şekerini, yumurtayı ekleyip elinizle karıştırarak margarini iyice küçültün."", ""Şekerli vanilini karışıma ekleyin. Un ile kabartma tozunu karıştırarak azar azar ekleyin ve ele yapışmayan yumuşak bir hamur elde edene kadar un ekleyerek yoğurmaya devam edin."", ""Hamuru tamamladıktan sonra istediğiniz büyüklükte parçalar kopararak yuvarlayın. Yağlı kağıt serdiğiniz tepsiye dizin. Ben bir bilyeden biraz daha büyük yaptım."", ""Şekil verdiğiniz hamurları önceden ısıtılmış 180 derece fırında ortalama 25 dakika altı ve üstü kızarana kadar pişirin."", ""Çukur bir tabakta biraz tarçın ve biraz pudra şekerini karıştırın. Kurabiyeler fırından çıktıktan 5 dakika sonra kurabiyeleri bu karışıma bulayın. Hepsi bu kadar. Afiyet olsun :)""]"
9012c58e-c356-4aec-913d-38d002917ac9,Zeytinyağlı Barbunya,Turkey,"Zeytinyağının lezzetiyle buluşan, geleneksel Türk mutfağından nefis bir barbunya yemeği",Ye,"[""1 çay bardağı zeytinyağı"", ""1 kilogram barbunya"", ""1 adet orta boy havuç"", ""1 adet küçük boy patates"", ""1 adet küçük boy kuru soğan"", ""1 adet büyük boy domates"", ""1 adet yeşil biber"", ""1 adet küçük boy kapya biber"", ""1 tatlı kaşığı tuz"", ""1 çay kaşığı şeker""]","[""Barbunyalar ayıklanıp sıcak suda haşlanır."", ""Sırasıyla soğan, biber ve havuç zeytinyağında kavrulur. İnce ince doğranmış sarımsak eklenir."", ""Sarımsağın kokusu geldikten sonra küçük küçük doğranmış domates eklenir. Domatesler suyunu çekene kadar kavrulur."", ""Haşlanmış barbunya üzerine eklenir. Tuz ve şeker ilave edilerek 1-2 dakika beklenir."", ""Üzerini hafif örtecek şekilde kaynar su eklenir. Pişmeye bırakılır. 25-30 dakikada servise hazır hale gelir. Afiyet olsun.""]"
d6a99305-251f-4fa0-abaf-e9df2780d17c,Pişmeyen Fit Puding,Turkey,"Pişmeye gerek olmayan, sağlıklı ve besleyici bir tatlı alternatifi. Trabzon hurmasının doğal tatlılığı ile keçiboynuzu ve tahinin uyumunu keşfedin",Ye,"[""250 gram Trabzon hurması (2 büyük adet)"", ""20 gram keçiboynuzu özü (2 çorba kaşığı)"", ""15 gram tahin (1 çorba kaşığı)"", ""2 adet ceviz (üzeri için)""]","[""Trabzon hurmalarını soyun, ve doğrayın çekirdekleri varsa ayırın."", ""Tüm malzemeleri bir kaba alıp blenderdan geçirin."", ""Dilediğiniz gibi servis edin. Afiyet olsun.""]"
b72b0668-18b3-4217-b874-d8b55c23b8be,Lokmalık Fit Toplar,Turkey,"Sağlıklı ve lezzetli Hindistan cevizi topları, tatlı krizleriniz için mükemmel bir atıştırmalık",Ye,"[""1,5 su bardağı Hindistan cevizi rendesi"", ""1 yemek kaşığı labne"", ""1 yemek kaşığı bal"", ""1 paket bitter çikolata""]","[""Hindistan cevizi, bal ve labne peynirini bir kaba alarak elinizle güzelce yoğurun."", ""Dilediğiniz şekli vererek yağlı kağıt serili tepsiye dizin. 10 dakika buzluğa atın."", ""Bu sırada çikolatayı benmari usulü eritin."", ""Hazırladığınız Hindistan cevizli karışımı çikolataya bulayın ve tekrar buzdolabı ya da buzlukta dışı sertleşene dek bekletin. Afiyet olsun.""]"
d691d0dd-0e04-45c9-b70a-78f7b24b5192,Brownie Kurabiye,Turkey,"Çikolatalı ve yumuşak dokulu brownie kurabiye, çay saatlerinin vazgeçilmezi",Ye,"[""125 gram tereyağı veya margarin (8,5 yemek kaşığı)"", ""1 paket kabartma tozu"", ""3 su bardağı un"", ""4 yemek kaşığı kakao"", ""1 çay bardağı pudra şekeri"", ""1 çay bardağı sıvı yağ"", ""1 adet yumurta"", ""1 paket vanilya""]","[""Yoğurma kabına tereyağını, unu, yumurtayı, kakaoyu, pudra şekerini, sıvı yağı, vanilya ve kabartma tozunu alıp yoğuralım."", ""Ele yapışmayacak bir hamur elde ettikten sonra yuvarlayıp yağlı kağıda dizelim."", ""Önceden ısıttığımız 200 derece fırında 12-15 dakika pişirelim."", ""Kurabiyeler piştikten sonra, ilk sıcaklığı gidince şerbetimizi kurabiyelerimizin üstüne dökelim. Şerbetini çekince de servis edelim. Afiyet olsun!""]"
8b17100d-ab86-421e-90c8-c9792c3ecc51,Rafine Şekersiz Elmalı Kek,Turkey,"Sağlıklı ve lezzetli rafine şekersiz elmalı kek, tam buğday unu ve taze elma ile hazırlanmış hafif bir tatlı seçeneği",Ye,"[""2 su bardağı tam buğday unu"", ""2 adet elma (rendelenmiş)"", ""1/4 su bardağı Hindistan cevizi yağı (yoksa yerine zeytinyağı da olur)"", ""3/4 su bardağı süt"", ""1 tatlı kaşığı tarçın"", ""3 adet yumurta"", ""3/4 su bardağı Hindistan cevizi şekeri (farklı bir tatlandırıcı da kullanabilirsiniz)"", ""1 paket vanilin"", ""1 çay bardağı ceviz""]","[""Yumurtayı tatlandırıcıyla iyice çırpın."", ""Üzerine rendelediğiniz elmaları, sütü, yağı ilave edip çırpmaya devam edin."", ""En son katıları da eleyerek ekleyin ve karıştırın. Yağlı kağıt serdiğiniz bir kek kalıbına dökün. Üzerine cevizleri serpiştirebilirsiniz."", ""Kontrollü bir şekilde pişirin. Afiyet olsun.""]"
33e1502d-768a-4e55-b29e-169eceb7708b,Karnabahar Tabanlı Pizza,Turkey,"Sağlıklı ve lezzetli karnabahar tabanlı pizza, geleneksel pizza tarifine hafif bir alternatif sunuyor",Ye,"[""1 adet orta boy karnabahar"", ""2 adet yumurta"", ""1 paket labne"", ""1 çay kaşığı tuz"", ""1 çay kaşığı taze çekilmiş tane karabiber""]","[""Karnabaharı çiçeklerine ayırın ve güzelce yıkadıktan sonra iyice ufalanacak şekilde rondodan çekin."", ""İçine labneyi, baharatları ve yumurtaları ekleyip güzelce karıştırın."", ""Hazırladığınız karnabaharlı harcı ikiye bölün ve birer yuvarlak oluşturacak şekilde yağlı kâğıt serilmiş bir fırın tepsisine dökün.Karnabahar tabanını önceden ısıtılmış 200 derece fırında üstü hafifçe"", ""Sürenin sonunda sırından alın ve bir kasede su, salça ve kekik karışımını hazırlayın."", ""Üzeri için gerekli malzemeleri hazırlayın."", ""Karnabahar pizza tabanının üstüne yayın."", ""Üstüne de hazırladığınız malzemeleri serpiştirin ve son olarak kaşarı da serpip tekrar fırında verin."", ""Kaşarlar eriyip, malzemeler pişince yaklaşık 10 dakika sonra fırından alın ve sıcak sıcak servis edin. Afiyetler olsun!""]"
4d995ab7-47cb-40b5-afc9-539a08a37418,Çikolatalı Muz Sandviç,Turkey,Muz ve bitter çikolatanın mükemmel uyumuyla hazırlanan pratik ve lezzetli atıştırmalık,Ye,"[""2 adet muz"", ""80 gram bitter çikolata"", ""1/2 çay bardağı yer fıstığı ezmesi""]","[""Muzları dilimleyin. Bir dilimin arasına fıstık ezmesi sürüp üzerini bir başka muz dilimiyle kapatın. Bu işlemi bütün muzlar bitene kadar yapın."", ""Muzları dondurucuda 15 dakika bekletin."", ""Çikolatayı benmari usulü eritin. Dondurucudan çıkardığınız muzların üzerine çikolatayı yayın. Afiyet olsun.""]"
c8cd8058-ee28-42a1-a121-7b3681616e21,Mürdüm Erikli Muhallebi,Turkey,"Mürdüm eriklerinin ferahlatıcı lezzetiyle buluşan, kremsi dokulu muhallebi tarifi",Ye,"[""800 mililitresüt"", ""4 yemek kaşığı (silme) buğday nişastası"", ""5 yemek kaşığı toz şeker"", ""1 paket vanilin"", ""1 adet yumurt sarısı""]","[""Süt, şeker, nişasta ve yumurta sarısını bir sos tenceresinde orta ateşte kaynama noktasına gelene kadar karıştırarak pişirin."", ""Kaynama noktasına gelen muhallebiye vanilini ekleyin. Kaynadıktan sonra altını kısın."", ""5 dakika kısık ateşte pişen muhallebiyi ocaktan alın."", ""Ocaktan aldığınız muhallebiyi soğurken kabuklanmaması için ara sıra karıştırın."", ""Mürdüm eriği püresini de hazırladıktan sonra bir bardak veya kaseye kat muhallebi, bir kat erik püresi olacak şekilde servis edin.""]"
56410e18-ca9a-43ed-b734-fd786e91a6ee,Tereyağlı Kurabiye,Turkey,"Tereyağlı kurabiye, hafif ve dağılan dokusuyla damaklarda unutulmaz bir tat bırakan klasik bir lezzettir",Tatlı,"[""250 gram tereyağı"", ""1,5 su bardağı nişasta"", ""1,5 su bardağı pudra şekeri"", ""2,5 su bardağı un"", ""1 adet yumurta"", ""1 paket kabartma tozu"", ""1 paket vanilya"", ""1 tatlı kaşığı kakao"", ""90 gram parça çikolata"", ""90 gram ceviz""]","[""Buzdolabından tereyağı çıkartıp karıştırma kabına koyuyoruz. (Tereyağının soğuk olması önemli, çok sert yapıda ise bir kaç dakika tezgahta dinlendirebilirsiniz. Fakat ısınmaması lazım.)"", ""Üzerine un, nişasta, pudra şekeri ekliyoruz. Karıştırıyoruz. Üzerine kabartma tozu, vanilya ve yumurta eklenir."", ""Hamur yoğrulmaya başlanır. Hamur yoğururken öncelikle kum kum dağılacak. Sonra toparlanıp parlak bir renk alacak."", ""Yağlı bir hamur olduğu için toparlandıktan sonra çok fazla yoğrulmamalı. Yağ yoğurtmaktan iyice erir, una ihtiyacı var gibi gözükebilir. Bu durumda un eklemek yerine buzdolabında dinlendirmelisiniz."", ""Parça çikolata ve cevizleri parçalara ayırın ve hamura ekleyip karıştırın."", ""Hamurdan ceviz büyüklüğünde parçalar koparılıp, top yapılır. Tepsiye aralıklı olarak dizilir."", ""Tepsiye dizilen kurabiyelerin üzerine herhangi bir kalıpla -çatal bile olur- hafifçe bastırarak şekil verilir. Kalıbı dilerseniz kakao veya tarçına batırıp farklı lezzet ve renk oluşturabilirsiniz."", ""Önceden 180 derecede ısıtılmış fırında yaklaşık 20 dakika pişirilir. Bu şekilde yumuşak bir kurabiye oluyor. Daha kıyır olması için kontrollü şekilde bir kaç dakika fazla pişirebilirsiniz. Afiyet olsu""]"
77199857-d576-490f-9ee8-8a6590d6125d,Kerevizli Pancar Mezesi,Turkey,"Pancarın tatlılığı ile kerevizin taze lezzetini birleştiren, zeytinyağıyla harmanlanmış sağlıklı ve renkli bir meze",Ye,"[""5-6 adet orta boy pancar"", ""1 adet orta boy kereviz"", ""3-4 yemek kaşığı zeytinyağı"", ""6-7 yemek kaşığı süzme yoğurt"", ""1 çay kaşığı tuz"", ""3-4 adet ceviz içi""]","[""Pancarların kabuklarını soyup tencereye alın üzerini geçecek kadar su ekleyip pancarlar yumuşayana kadar haşlayın."", ""Kerevizi rendeleyin ve kararmaması için limonlu su için de bekletin."", ""Yumuşayan pancarları soğuduktan sonra rendeleyin."", ""Kerevizin suyunu sıkın ve pancarların üzerine alın. Sarımsaklı yoğurdu, zeytinyağını ve tuzu da elleyip güzelce karıştırın."", ""Servis tabağına alıp üzerini cevizle süsleyin. Afiyet olsun.""]"
9d4ffd04-61f4-4a1a-9482-e166ab667329,Ev Yapımı Profiterol,Turkey,"Ev yapımı profiterol, dışı çıtır içi kremsi dokusuyla misafirlerinizi şaşırtacak lezzetli bir tatlıdır",Ye,"[""1 su bardağı su"", ""1 su bardağı un"", ""125 gram margarin"", ""3 adet yumurta""]","[""Küçük bir tencerede 1 su bardağı su ve 125 gr margarini koyup kaynatın."", ""Üzerine 1 su bardağı unu ekleyerek karıştırın. 3 dakika karışımı sürekli karıştırarak pişirin. Ocaktan alarak 15 dakika soğumasını bekleyin."", ""Soğuyan hamura önce 1 yumurtayı kırın ve iyice karıştırın. Daha sonra 1 yumurta daha kırın ve yine iyice karıştırın. Yine 1 yumurta daha kırın ve iyice karıştırın. İyice karıştırılan hamuru 10 dakika"", ""Geniş bir tepsiye yağlı kağıt serin. Dinlenen hamurdan tatlı kaşığı yardımı ile ceviz büyüklüğünde parçalar alarak yağlı kağıt serilen tepsiye 2 parmak boşluklarla dizin."", ""Daha önceden ısıtılmış 180 derece fırında üzeri kızarana kadar 40 dakika pişirin."", ""Bir tencereye 2.5 su bardağı süt, 3 yemek kaşığı un, 1.5 çay bardağı şeker ve 1 adet yumurta koyarak karıştırın. Karışımı orta ateşte kaynayan kadar pişirin."", ""Kaynayan kremayı 3 dakika daha sürekli karıştırarak pişirin ve ocaktan alın. Üzerine 1 paket vanilya ekleyerek iyice karıştırın."", ""Soğuyan kremayı profiterol toplarına ya sıkma torbası yardımı ile ya da topları ortadan keserek doldurun. Servis edeceğiniz tabağınıza dizin."", ""Bir tencereye 1 paket çikolata sosunu ve paket arkasında yazan kadar sütü ilave edin. Sürekli karıştırarak kaynamasını bekleyin. Kaynadıktan sonra 3 dakika daha sürekli karıştırarak pişirin ve ocağı k"", ""Pişen çikolata sosunu ara ara karıştırarak soğuması bekleyin. Soğuyan çikolata sosu, krema dolgulu profiterol topları üzerine istenilen miktarda dökerek servis edin. Afiyet olsun!""]"
8694bc97-5c66-4833-8204-1fd6faf575e4,Fırında Kıymalı Domates,Turkey,"Fırında pişirilen kıymalı domates, pratik ve lezzetli bir ana yemek seçeneği",Et Yemekleri,"[""250 gram kıyma"", ""200 gram domates"", ""1 çay kaşığı tuz"", ""1 çay kaşığı karabiber""]","[""Kıymayı karabiber, tuz ile harmanlayıp tepsimizin ortasına düzleştirelim. Etrafına domates ve patateslere boşluk bırakacak şekilde domatesleri ortadan ikiye bölüp etin etrafına dizelim."", ""Patatesleri soyup yıkayıp elma dilimi şeklinde dilimleyip onu da etimizin etrafına dizelim."", ""Üzerine çok az tuz serpip önceden ısıtılmış 250 derece fırında suyunu çekip kızarana kadar pişirelim. Afiyet olsun.""]"
c841f89c-95ef-48e7-b9ba-1d06687c9eab,Kremalı Kaşarlı Domates Çorbası,Turkey,"Domateslerin ferahlatıcı tadı ve kaşarın lezzetiyle birleşen bu kremalı çorba, soğuk günlerde içinizi ısıtacak",Çorba,"[""4 adet büyük boy domates"", ""2 yemek kaşığı tereyağı"", ""2 yemek kaşığı sıvı yağ"", ""2,5 tepeleme yemek kaşığı un"", ""1 litre su"", ""1 paket krema"", ""1/2 çay kaşığı karabiber"", ""1 çay kaşığı tuz"", ""2-3 yemek kaşığı rendelenmiş kaşar peyniri""]","[""Öncelikler yağlarımızı tencereye alıyoruz, hafif ısınan yağımıza unu ilave edip kavuruyoruz."", ""Domateslerimizin kabuklarını soyup rondada püre haline getiriyoruz."", ""Kavrulan unumuza domatesleri de ekliyoruz biraz daha bu şekilde kavuruyoruz ."", ""Kavurulan domatesimizin üstüne tuzu ve karabiber de ilave ediyoruz (tuz ve karabiber oranı siz nasıl isterseniz) ve suyumuzu da ekleyip kaynayana kadar karıştırıyoruz."", ""Kaynayan çorbamızın altını kapatıp ilk soğukluğu geçtikten sonra kremamızı ekleyip güzelce karıştırıyoruz ve çorbamız hazır. Üzerine kaşara serperek servis edebilirsiniz. Afiyet olsun.""]"
525b57c8-e7e0-4ceb-8e7d-c2156624a437,Somon Burger,Turkey,"Lezzetli ve sağlıklı somon burger, haşlanmış somonun yumuşak dokusuyla mükemmel bir seçim",Balık & Deniz Ürünleri,"[""100 gram haşlanmış somon"", ""1 adet yumurta"", ""1 yemek kaşığı ekmek kırıntısı"", ""1 yemek kaşığı ince kıyılmış maydanoz"", ""1/2 çay kaşığı kişniş tozu"", ""1 çay kaşığı tuz"", ""1/2 çay kaşığı beyaz biber"", ""1 tatlı kaşığı limon suyu"", ""2 yemek kaşığı sıvı yağ""]","[""Taze soğanı ve maydanozu mümkün olduğunca ince kıyın."", ""Yağ dışındaki bütün burger malzemelerini harmanlayıp bir hamburger köftesi haline getirin."", ""Yağı kızdırın ve iyice kızan yağda köftenizin her 2 tarafını üçer dakika pişirin."", ""Pişen köfteyi kenara alın. Hamburger ekmeğinin üzerine sırasıyla, roka, domates, köfte, soğanlar ve sosu koyun.""]"
624942b4-4084-40ec-a738-f145b2292b01,Sarımsaklı Tarhana Çorbası,Turkey,"Sarımsaklı tarhana çorbası, geleneksel lezzetiyle kış günlerinin en sevilen çorbalarından biridir",Çorba,"[""1 litre su"", ""6 yemek kaşığı tarhana"", ""1 yemek kaşığı salça"", ""1 adet soğan"", ""4 yemek kaşığı sebze kurusu"", ""4 yemek kaşığı sıvı yağ""]","[""Derin bir tencerede yıkanan kemikler haşlanmaya bırakılır."", ""Tarhana 2 su bardağı su ile ıslatılır."", ""Küçük bir tavada soğan, sarımsak pembeleşinceye kadar kavrulur, salça eklenir ve 3 dakika kadar beraber sotelenir."", ""Kemik suyu hazır olduğunda kemikler tencereden alınır, soğan ve salçalı harç çorba suyuna katılır."", ""Sebze kurusu ve tarhana eklenir ve tüm malzemeler pişene kadar kaynatılır, istenilen baharatlar ile çeşnilendirilir."", ""Tulum peyniri parçaları ve bir dilim limon ile servis edilir.""]"
6b8219b8-eb7c-44af-aea0-09d193d00856,Bal Kabağı Yemeği,Turkey,"Lezzetli ve besleyici bal kabağı yemeği, soğan, domates ve kapya biberle harmanlanmış eşsiz bir tat",Ana Yemek,"[""1 adet soğan"", ""1 adet domates"", ""1 adet kapya biber"", ""1 adet yeşil biber"", ""3 yemek kaşığı zeytinyağı""]","[""Bal kabakları doğrayın."", ""Tüm sebzeleri eşit büyüklükte doğrayıp kabaklarla karıştırın."", ""Yağ ve baharat ile harmanlayarak fırına verin. Kabaklar yumuşayana kadar pişirin."", ""Bal kabağı yemeği tarifiniz hazır. Afiyet olsun!""]"
664dae26-bec7-42a8-8dde-9c7bb4b8020a,Pofuduk Poğaça,Turkey,Hafif ve pofuduk dokusuyla kahvaltıların vazgeçilmezi olan pratik poğaça tarifi,Börek & Hamur İşi,"[""1 su bardağı (bir parmak eksik) yoğurt"", ""1/2 su bardağı su"", ""1/2 su bardağı sıvı yağ"", ""2 adet yumurta akı (sarısı üstüne)"", ""1 yemek kaşığı toz sebze çeşni (arzuya göre)"", ""1 tatlı kaşığı (silme) tuz"", ""1 paket instant maya (yaş maya da olur)"", ""5 su bardağı un (kulak memesi kıvamına getirin)""]","[""Yumurta sarısı ve un hariç tüm malzemeleri bir kaba alalım. Azar azar un ilave ederek yoğuralım. Kulak memesi kıvamına getirelim. Yarım saat üstü örtülü bir şekilde mayalanması İçin dinlendirelim."", ""Mayalanan hamuru tezgaha alalım güzelce eşit parçalara ayırıp yağlı kağıt serili tepsiye yuvarlak şekiller vererek dizelim."", ""Fırını 50'ye alıp alt üst ayarda 15 dakika ısıtalım(sonra kapatın). Üstü örtülü bir şekilde tepsiyi fırına koyalım. Bu yöntem çok daha güzel mayalanmasını sağlayacak."", ""20 dakika sonra fırından çıkaralım. Yumurta sarısı, dilersiniz susam, çörekotu serpiştirin. Fırını 200 dereceye alın ve üstü kızarıncaya kadar pişirin.""]"
e86859ae-e410-4ffd-b0a0-3913aff47b6d,Çikolata Dolgulu Lokma,Turkey,"Çikolata dolgulu, dışı çıtır içi yumuşak enfes lokmalar",Tatlı,"[""1 su bardağı ılık su"", ""1 su bardağı ılık süt"", ""1 paket kuru maya"", ""2 yemek kaşığı toz şeker"", ""4 yemek kaşığı zeytinyağı"", ""2 - 2,5 su bardağı un""]","[""Un hariç tüm malzemeyi karıştırın. Ardındna içerisine unu azar azar ekleyin ve pürüzsüz hale getirin. Üzeri kapalı bir şekilde ılık bir yerde bir saat kadar mayalayın."", ""Mayalanan hamurdan küçük bir kaşık yardımı ile parçalar kopartın ve orta sıcaklıktaki yağda altın sarısı renk alana kadar kızartın."", ""Çikolata hariç tüm malzemeyi karıştırın ve ocakta koyulaşana kadar pişirin. Sıcakken içerisine çikolatayı da ekleyin. Pişen kremayı sıkma torbasına alın.""]"
67a12600-5e16-498f-a46a-93722ce3c6b0,Limonlu Avokado Sos,Turkey,"Taze ve kremsi limonlu avokado sos, közlenmiş biberin hafif dumanlı tadıyla harmanlanmış lezzetli bir meze",Ana Yemek,"[""1 adet olgunavokado"", ""2 yemek kaşığı limon suyu"", ""1 adet közlenmiş kırmızı biber"", ""1/2 çay kaşığı tuz"", ""1/2 çay kaşığı karabiber""]","[""Olgun avokadoyu kesip çatalla eziyoruz."", ""İçerisine limon suyu ve karabiberi ekleyip güzelce harmanlıyoruz."", ""Sarımsağı soyup az tuzla dövüp sosun içine ekleyip iyice karıştırıyoruz."", ""En son köz biberi doğrayıp karıştırıyoruz. Sosumuz hazır. Afiyet olsun.""]"
817748e4-435f-47de-a90e-530f13084941,Sütsüz Yoğurtsuz Poğaça,Turkey,Sütsüz ve yoğurtsuz pratik poğaça tarifi ile lezzetli bir atıştırmalık hazırlayın,Börek & Hamur İşi,"[""1 su bardağı ılık su"", ""1/2 su bardağı sıvı yağ"", ""1 paket instant maya"", ""1 yemek kaşığı şeker"", ""1 tatlı kaşığı tuz"", ""5 su bardağı un (yaklaşık)"", ""100 gram peynir"", ""1 adet yumurta sarısı (üzerine)""]","[""Ilık su, maya ve şeker derin bir kapta karıştırılarak 5 dakika kadar bekletilir. Daha sonra yağ ve un ilave edilerek güzelce yoğrulur. Mayalanması için 1 saat ağzı kapalı bir şekilde bekletilir."", ""Hamurdan mandalinadan ufak parçalar alınır, avuç içerisinde yuvarlanarak beze haline getirilir. Bezelerden bir tanesi tezgaha alınır, elle bastırılarak hafifçe genişletilir."", ""Daha sonra ortasına peynirli maydanozlu iç harçtan koyulur ve kenar kısımları birleştirerek kapatılır."", ""Şekillendirilen poğaçalar pişirme kağıdı serili fırın tepsisine yerleştirilir, üzerlerine yumurta sarısı sürülür."", ""180 derece önceden ısıtılmış fırında üstü kızarana kadar pişirilir. Afiyet olsun.""]"
a519bb80-414e-475c-9ebb-71951bf1bf30,Kuru Domatesli Kaşık Dökmesi,Turkey,"Yumurta ve yoğurtun enfes buluşması, kuru domates ve kekikle zenginleştirilmiş pratik bir lezzet",Sebze Yemekleri,"[""2 adet yumurta"", ""1 su bardağı yoğurt (hafif sulu)"", ""1 tatlı kaşığı kekik"", ""1,5 çay kaşığı tuz"", ""1 çay bardağı zeytinyağı"", ""1,5 çay bardağı ılık su"", ""1 su bardağı un"", ""1 silme çay kaşığı karbonat""]","[""Yumurtayı çarpın. Yoğurt, rendelenmiş sarımsak,tuz,kekik ve zeytinyağını ekleyip tekrar çırpın."", ""1,5 çay bardağı ılık su ile domates kurularını blenderdan geçirip karışıma ekleyin."", ""Un ve karbonatı ekleyerek çırpın. Ben tam buğday unu kullandım siz dilediğinizi kullanabilirsiniz. Tavada arkalı önlü pankek gibi pişirin. Afiyet olsun.""]"
5f779a32-7f17-4785-9a65-a2df457fc268,Vişneli Beyaz Çikolatalı Brownie,Turkey,"Vişnelerin tatlı ekşisi ile beyaz çikolatanın yumuşak lezzetini birleştiren, damaklarda unutulmaz bir tat bırakan özel brownie tarifi",Tatlı,"[""150 gram tereyağı (7 yemek kaşığı)"", ""200 gram bitter çikolata (Ben sütlü-bitter karışık kullandım)"", ""3 adet yumurta"", ""1 su bardağı toz şeker"", ""1 paket vanilya"", ""1 su bardağı un""]","[""Öncelikle tereyağı ve çikolatamızı benmari usulü eritelim."", ""Daha sonra yumurta ve şekerimizi köpük köpük olana dek çırpalım ve tuzumuzu ekleyelim. Benmari usulü erittiğimiz çikolata ve tereyağını ekleyelim ve karıştıralım."", ""1 paket vanilya ve 1 su bardağı unu ekleyelim spatula ile karıştıralım. Yağlı kağıt serilmiş borcama harcımızı dökelim güzelce yayalım. En son 1 su bardağı vişne ve beyaz çikolatamızı brownie'nin üzer"", ""Önceden ısıtılmış 165 derece fırında 20 dakika pişirelim. Eğer daha ıslak seviyorsanız, daha az pişirebilirsiniz. Ben çok ıslak sevmediğim için 20 dakika yeterli oldu."", ""Ben en son benmari usulü eritilmiş sütlü çikolata ile üzerini süsledim, dilerseniz yapmayabilirsiniz. Afiyet olsun.""]"
2abc44ee-1fe9-4010-9bff-c1a7bf0f5fdf,Kızılcık Marmelatı,Turkey,"Lezzetli ve hafif Kızılcık Marmelatı, kahvaltılarınız için harika bir seçenek",Ana Yemek,"[""1 kilogram kızılcık"", ""1 su bardağı şeker (175 gr)"", ""Etimek Tatlısı Tarifi"", ""Damla Çikolatalı Kurabiye"", ""Tatlı Tarifleri Spoonful Mozaik Pasta Çikolatalı Sufle İrmik Helvası Fırın Sütlaç Profiterol Revani Magnolia"", ""Kahvaltılık Tarifler Pancake Krep Pişi Kuymak Kaygana Kahvaltılık Sos Menemen Muhlama Yumurtalı Ekmek Omlet"", ""Omlet""]","[""Buzluktan çıkarılan kızılcıklar buzdolabında çözdürülür. Süzgeçten geçirilip püresine toz şeker eklenir."", ""Şeker eriyene kadar karıştırılır. Kavanoza konup buzdolabında saklanır. Afiyet olsun.""]"
32764539-e6b2-4d07-a2fc-baa68432e536,Narlı Ayva Tatlısı,Turkey,"Narın ekşiliği ve ayvanın tatlılığının buluştuğu, görüntüsüyle damakları şenlendiren geleneksel bir tatlı",Tatlı,"[""5 adet ayva"", ""1 adet nar"", ""1/2 çay bardağı toz şeker (her bir ayva için)"", ""1 çay kaşığı limon suyu"", ""8-10 adet karanfil"", ""3 adet tarçın çubuğu"", ""3 çay bardağı su""]","[""Geniş bir kaba su doldurup yarım limonu suya sıkıyoruz. İşe ayvalarla başlıyoruz. Her bir ayvayı soyup, boydan ikiye kesiyoruz, ortalarını oyup, çekirdeklerini de bir kaseye ayırıyoruz."", ""Her ayva dilimini limonlu suya atıyoruz. Narı ayıklayıp bir kasede biriktiriyoruz."", ""Geniş pilav tenceresinin zeminine ayva kabuklarını seriyoruz. Üzerine ayvaları, oyuklar yukarı gelecek şekilde diziyoruz. Her bir ayva çukuruna şekeri paylaştırıyoruz."", ""Ayva çekirdeklerini ve karanfilleri üzerlerine serpiyoruz. Narları da üzerlerine paylaştırıp tarçınları ekliyoruz."", ""Tencerenin kapağını kapatıp 15 dakika dinlendirip, ocağa alıyoruz. İlk 15 dakika kısık ateşte, sonra orta ateşte toplam 1 saat pişiriyoruz. Soğuduktan sonra kaymak ve cevizle süsleyip servis ediyoruz.""]"
7f3b0efd-fed0-4775-b1c8-1e329fa76cbe,Hindistan Cevizli Bademli Yulaf Lapası,Turkey,"Kremsi ve besleyici bir kahvaltı seçeneği olan hindistan cevizi ve bademli yulaf lapası, enerji dolu bir başlangıç sunar",Ana Yemek,"[""1 silme tatlı kaşığı Hindistan cevizi yağı"", ""1 silme tatlı kaşığı Hindistan cevizi tozu"", ""1 su bardağı (bir parmak eksik) süt"", ""1 çay bardağı su"", ""4 tepeleme yemek kaşığı yulaf"", ""1 tepeleme tatlı kaşığı bal""]","[""Hindistan cevizi yağını tavaya alıyoruz. Üzerine bir avucun yarısı bademi keserek ekliyoruz. Bademler biraz kavrulunca yulafı da ekliyoruz."", ""Hindistan cevizi tozunu da ekleyip hepsini 3 dakika kadar karıştırıyoruz. En son süt ve suyu ekleyip kıvam alana kadar karıştırıyoruz."", ""Kıvam aldıktan sonra ocağın altını kapatıp balı ekleyerek iyice karıştırıyoruz. Ve servis ediyoruz. Afiyet olsun:)""]"
501e3df6-03c7-4490-bfc8-d00206a30338,Fındıklı Çikolatalı Kurabiye,Turkey,"Fındık parçacıkları ve çikolata ile lezzetlendirilen, çıtır dışı ve yumuşak içiyle damakları çatlatan özel kurabiye tarifi",Tatlı,"[""125 gram tereyağı (oda ısısında yumuşamış)"", ""1/2 su bardağı pudra şekeri"", ""1 adet yumurta sarısı"", ""1 paket vanilin"", ""1/2 paket kabartma tozu"", ""3 yemek kaşığı dövülmüş fındık"", ""1,5 su bardağı un""]","[""Derin bir kaba tereyağı, yumurta sarısı, tuz, vanilya, kabartma tozu ve 3 yemek kaşığı fındığı ekleyip homojen bir kıvam alana kadar karıştırın."", ""Unu kontrollü bir şekilde ekleyin ve ele yapışmayan, kolay şekil alan bir hamur elde edin. Kıvamını toparlaması için gerekirse bu aşamada 1/2 su bardağı kadar un ilave edebilirsiniz."", ""Hamurdan ceviz büyüklüğünde parçalar koparıp yuvarlayın. İlk önce yumurta beyazına daha sonra fındık kırığına batırın. Ardından yağlı kağıt serili fırın tepsisine kurabiyeleri dizin."", ""Hamur bitene kadar bu işleme devam edin."", ""Önceden ısıtılmış 180 derece fırında kontrollü olarak yaklaşık 15 dakika pişirin. Kurabiyeler soğuduktan sonra üzerini benmari usulü eritilmiş çikolata ile süsleyin.""]"
9d83849e-55f8-4375-b9c0-7f12a2eee7e9,Kupta Tiramisu,Turkey,"Pratik ve lezzetli kup tiramisu tarifi, kedi dili bisküvilerle hazırlanır",Ana Yemek,"[""1 paket kedi dili bisküvi"", ""1 su bardağı (2 yemek kaşığı fazla) şeker"", ""5 su bardağı süt"", ""4 yemek kaşığı un"", ""300 gram labne peyniri"", ""1 paket vanilya""]","[""Kreması için şeker, süt ve unu pişirin. Ilınınca içine labne peyniri ve vanilyayı koyup mikserle çırpın."", ""Bisküvileri ıslatmak için gereken tüm malzemeleri eriyinceye kadar karıştırın."", ""Kakaolu kedi dili bisküvilerin yarısını ıslatarak kupların kenarlarına dizin."", ""Geri kalanını elinizle kırarak ıslatıp kupların dibine koyun. Bisküvinin üzerine kupun yarısına kadar kremadan koyun. Afiyet olsun.""]"
5b00e1b0-b893-4621-b375-19e143cd5b37,Biberli Domatesli Kahvaltılık,Turkey,Yeşil biber ve domatesin zeytinyağıyla buluştuğu pratik ve lezzetli bir kahvaltılık,Sebze Yemekleri,"[""4 adet yeşil biber"", ""1 adet domates"", ""3 yemek kaşığı zeytinyağı"", ""1 çay kaşığı tuz"", ""1 çay kaşığı karabiber"", ""1 çay kaşığı kekik""]","[""Küçük parçalara böldüğünüz biberleri rengi dönene kadar kavurun."", ""Domatesleri ilave edin. Tuz, karabiber ve bolca kekik ekleyip,domates suyunu çekene kadar pişirin."", ""Kapatmadam 3 dakika önce kaşar peyniri ekleyin."", ""Peynir eriyince ocaktan alın ve sıcak sıcak servis edin. Afiyetler olsun.""]"
7bc04a91-5c0f-4433-b408-2d9bf4e19bb5,Limonlu Kek,Turkey,"Taze limon aromasıyla ferahlatan, pratik ve lezzetli bir kek tarifi",Tatlı,"[""3 adet yumurta"", ""1 su bardağı (bir parmak eksik) toz şeker"", ""1 su bardağı (2 parmak eksik) sıvı yağ"", ""1 su bardağı süt"", ""3 adet limon kabuğu rendesi"", ""1/2 adet limon suyu"", ""2,5 su bardağı un"", ""1 paket kabartma tozu"", ""1 paket vanilya""]","[""Yumurta ve toz şekeri beyazlayana kadar çırpın. Ardından sıvı yağ ve sütü ekleyip çırpılır."", ""Unu, kabartma tozunu ve vanilyayı elekten geçirilip eklenir."", ""3 limon rendesi, yarım limon suyu eklenip karıştırılır, kalıba alınır. (Yağlanmış,unlanmış kalıp)"", ""180 derece önceden ısıtılmış fırında pişirilir. Afiyet olsun.""]"
23d59a44-58db-41ae-ace8-ee09ebafb962,Mayasız Peynirli Hamur Kızartması,Turkey,"Pratik ve lezzetli mayasız peynirli hamur kızartması, çay saatlerinin vazgeçilmezi",Ana Yemek,"[""1 adet yumurta"", ""1 yemek kaşığı yumuşak tereyağı"", ""1,5-2 su bardağı un"", ""1 çay bardağı beyaz peynir (ezilmiş)"", ""1 çay bardağı kaşar peyniri (rendelenmiş"", ""1 çay kaşığı tuz"", ""1/2 paket kabartma tozu"", ""1 su bardağı sıvı yağ (kızartmak için)""]","[""Malzemelerin hepsi karıştırılır. Güzel bir kıvam alana kadar yoğrulur."", ""Çalışacağınız tezgah biraz yağlanır. Hamur merdane yardımıyla inceltilir. 1 cm kadar yeterlidir."", ""Kare formu verilir. Kısa çubuklar şeklinde kesilir."", ""Kızgın yağda çevirerek kızartılır. Çayınızın yanına çok yakışacak. Deneyeceklere afiyet olsun.""]"
42ea1525-00a5-4a6e-a97f-f5bcfeaa062b,Creme Brulee (Krem Brüle),Turkey,"Klasik Fransız tatlısı krem brüle, üzeri karamelize şekerle kaplı pürüzsüz ve kremsi bir lezzettir",Ana Yemek,"[""125 mililitrekrema (1 paket)"", ""100 mililitresüt"", ""4 adet yumurta sarısı"", ""1 paket vanilya"", ""50 gram şeker""]","[""Yumurta, şeker ve vanilya köpük kıvamına gelinceye kadar çırpılır."", ""Süt ve krema bir taşım kaynatıldıktan sonra karışıma yavaşça eklenerek bir yandan çırpılır."", ""Karışım iyice çırpıldıktan sonra, iki kez süzmenizi öneririm. Bu işlem tatlınızın daha ipeksi kıvam almasını sağlayacaktır."", ""Üstünde oluşan köpükler alınır. Kaplara paylaştırılır."", ""125 derece fırında 40 dakika pişirilir."", ""En az 3 saat buzdolabında dinlendirilir. 1 gün kalırsa daha güzel olur."", ""Üzerine 1 tatlı veya yemek kaşığı şeker eklenir ve pürmüzle yakılır.""]"
e4ccdf7a-c477-475a-bcfa-602ba5b64005,Çikolata Dolgulu Kurabiye,Turkey,Lezzetli çikolata dolgulu kurabiye tarifi,Tatlı,"[""2 yemek kaşığı tereyağı"", ""2 yemek kaşığı süt"", ""2 çay kaşığı bal"", ""6 yemek kaşığı tam buğday unu"", ""2 yemek kaşığı Hindistan cevizi unu"", ""1 çay kaşığı kabartma tozu""]","[""Oda sıcaklığındaki tereyağını, sütü ve balı karıştırıyoruz."", ""Sırasıyla unları ekliyoruz ve hamurumuzu dinlendiriyoruz."", ""Yuvarlak şekiller vererek ortasını çukurlaştırıyoruz."", ""150°C'de 10 dakikada pişiriyoruz."", ""Piştikten sonra üzeri için çikolatayı benmari usulü eritiyoruz ve kurabiyemize ekliyoruz. Afiyet olsun.""]"
6af7ef9d-2be3-4130-885a-fea071e1453b,Mini Baklava Topları,Turkey,"Antep fıstığı ve Hindistan cevizi ile hazırlanan pratik, lezzetli mini baklava topları",Tatlı,"[""4 yemek kaşığı Hindistan cevizi unu"", ""3 yemek kaşığı toz Antep fıstığı"", ""4 tatlı kaşığı Antep fıstığı ezmesi"", ""3 yemek kaşığı agave şurubu"", ""1 çay kaşığı vanilya özütü"", ""1 tatlı kaşığı Hindistan cevizi yağı"", ""1 paket beyaz çikolata (arzuya göre)(süslemek için)""]","[""Tüm malzemeleri yoğurma kabına alıp homojen hale gelene kadar yoğuruyoruz. Eşit toplar halinde yuvarlayıp buzlukta 1 saat bekletiyoruz."", ""Beyaz çikolatayı benmari eritip donmuş toplara buluyoruz ve sonrasında dolapta muhafaza ediyoruz. Afiyet olsun.""]"
61ed658b-9457-4540-9cfb-6d565bf23a9e,Üzümlü Kek,Turkey,"Lezzetli ve pratik üzümlü kek, çay saatlerinin vazgeçilmezi olacak",Tatlı,"[""3 adet yumurta"", ""1 su bardağı toz şeker"", ""1 su bardağı sıvı yağ"", ""1 çay bardağı kuru üzüm"", ""1 su bardağı süt"", ""2,5 su bardağı un"", ""1 paket kabartma tozu"", ""1 paket vanilin""]","[""Yumurta, şeker ve vanilyalı üç dört dakika kadar çırpın."", ""Ardından sıvı yağ ve süt ilave ederek çırpmaya devam edin."", ""Eleyerek un ve kabartma tozunu ilave edin. Karışımı çok fazla çırpmadan homojen hale getirin."", ""Son olarak 1 yemek kaşığı un ile üzümü karıştırarak harca ekleyin. Bu şekilde yaptığınızda üzüm her yere eşit olarak dağılır, dibe çökmez."", ""Yağlanmış olan fırın kalıbınıza alın."", ""Önceden ısıtılmış 180 derece fırında 30-40 dakika hiç açmadan pişirin. Afiyet olsun.""]"
cda9af63-6335-443b-b5f2-024b49661e20,Patatesli Bulgur Pilavı,Turkey,"Lezzetli ve doyurucu patatesli bulgur pilavı, soğan ve patatesle zenginleştirilmiş kolay bir tarif",Pilav & Makarna,"[""1,5 su bardağı pilavlık bulgur"", ""1 adet patates"", ""1 adet soğan"", ""1 adet biber"", ""1 adet domates"", ""1 yemek kaşığı salça"", ""1 yemek kaşığı tereyağı"", ""2 yemek kaşığı zeytinyağı"", ""1 çay kaşığı nane"", ""1 tatlı kaşığı tuz""]","[""Tencereye tereyağını ve zeytinyağını alıp ocağın altını açıyoruz. Yemeklik doğradığımız soğanı, küp küp doğradığımız patatesi ve doğradığımız biberi ekleyip kavuruyoruz."", ""Salçasını da ekleyip 2 dakika kadar salçanın kokusu çıkana kadar kavuruyoruz."", ""Bulguru ekleyip karıştırıyoruz ve kavurmaya devam ediyoruz."", ""Rendelenmiş domatesini ve baharatlarını ekliyoruz."", ""3 su bardağı su ekleyip kısık ateşte pişiriyoruz. Suyunu çektikten sonra 5 dakika kadar demlendiriyoruz.""]"
ac7d00ca-9d63-4260-b09e-a72a8794eab5,Muzlu Kek,Turkey,Muzun lezzetiyle yumuşacık bir kek tarifi. Pratik ve hızlı yapımıyla favori tatlılarınızdan biri olacak,Tatlı,"[""3 adet yumurta"", ""1 su bardağı şeker"", ""1 çay bardağı sıvı yağ"", ""1 çay bardağı süt"", ""2 yemek kaşığı kakao"", ""2 su bardağı un"", ""1 paket vanilya"", ""1 paket kabartma tozu"", ""3 adet muz""]","[""Yumurtayı şekerle köpürene kadar çırpalım. Sıvı yağ ve süt ekleyip karıştıralım. Kuru malzemeleri ekleyip hamuru hazırlayalım."", ""Küp küp doğradığımız muzu ekleyelim. Harca hafifçe karıştıralım. Varsa ceviz veya fındığı ekleyip yağlayıp unladığımız kalıba harcı dökelim."", ""Önceden ısınmış 180 derece fırında 40 dakika pişirelim. Fırından çıktıktan sonra ılık şekilde servis edelim. Muzlu kek hazır, afiyet olsun.""]"
3c0b8e51-506d-41d0-947a-7579f1ea4320,Prenses Lokumu,Turkey,"Yumuşacık ve şerbetli prenses lokumu, irmik ve sütün mükemmel uyumuyla damakları şenlendirir",Tatlı,"[""3 su bardağı süt"", ""8 yemek kaşığı irmik"", ""8 yemek kaşığı toz şeker"", ""1 paket Hindistan cevizi"", ""1 paket krem şanti""]","[""Süt, irmik ve toz şeker koyup, orta ateşte kaynatılır."", ""Fokurdamaya başladıktan sonra kapatıp, ateşten alın."", ""Krem şanti ekleyin ve karıştırın. Soğutun ve soğuduktan sonra top top yapıp, Hindistan cevizi ile süsleyin. Afiyet olsun.""]"
81c65c6a-93dc-4a67-ba34-dc85b004bd1e,Yeşil Zeytin Salatası,Turkey,"Taze yeşil zeytinlerin beyaz peynir ve mısır ile buluştuğu, pratik ve lezzetli bir salata tarifi",Salata,"[""1 su bardağı çekirdeksiz yeşil zeytin"", ""100 gram beyaz peynir"", ""1 su bardağı mısır konservesi"", ""2 yemek kaşığı zeytinyağı"", ""1 tatlı kaşığı nar ekşisi"", ""1 tatlı kaşığı balsamik sirke"", ""1 çay kaşığı kekik""]","[""Zeytinleri ve beyaz peyniri minik minik doğrayın."", ""Taze soğanı ince ince kıyın."", ""Doğradığınız zeytini, peyniri, suyunu süzdüğünüz mısırı ve taze soğanı derin bir kapta karıştırın."", ""Üzerine zeytinyağı, nar ekşisi, sirke ve kekiği ekleyerek güzlece karıştırın."", ""İri kıyılmış ceviz serperek afiyetle tüketin.""]"
b19a852c-ecb2-4134-8540-2a91da633752,Sütsüz Pancake,Turkey,Sütsüz ve pratik pancake tarifi ile lezzetli kahvaltılara hazır olun. Yoğurt ile yumuşacık bir dokuya sahip olan bu pancake'ler hem kolay hem de çok lezzetli,Ana Yemek,"[""1 adet yumurta"", ""1 yemek kaşığı toz şeker"", ""1/2 çay bardağı yoğurt"", ""1 su bardağı (1 parmak eksik) un"", ""1 paket vanilin"", ""1/2 paket kabartma tozu""]","[""Yumurta ve şekeri çırpın."", ""Ardından tüm malzemeleri ilave edin."", ""Isınmış ve yağlanmış tavaya birer yemek kaşığı döküp önlü arkalı pişirin."", ""Sütsüz pankek tarifiniz hazır. Afiyet olsun!""]"
17504ea6-ec04-4454-abee-6d234527f98c,Etli Makarna,Turkey,Lezzetli ve pratik etli makarna tarifi. Hem doyurucu hem de kolay hazırlanabilen bir öğün seçeneği,Pilav & Makarna,"[""1 paket spagetti makarna"", ""2,5 su bardağı su"", ""1 tatlı kaşığı tuz"", ""3-4 adet tane karabiber"", ""1 yemek kaşığı zeytinyağı""]","[""Derin bir tencerenin içine suyu koyun. Tane karabiber, tuz ve zeytinyağını ilave ederek kaynamaya bırakın."", ""Su kaynadığında makarnayı suya atın ve paketin üzerinde yazan talimatlara uygun biçimde pişirin."", ""Piştiğinde içindeki tane karabiberleri çıkararak süzdürün."", ""Derin bir tavanın içerisine zeytinyağını, sarımsağı ve kıymayı alın. Kıyma suyunu bırakıp çekene kadar pişirin."", ""Suyunu çektiğinde tüm baharatlarını, salçasını ve tuzunu ilave ederek ocaktan alın."", ""Haşlanmış makarnalarla birlikte buluşturun. Daha da lezzetlendirmek adına zeytinyağı ilave ederek güzelce harmanlayın ve servis edin.""]"
c7be942c-3d94-4c3e-9865-c5f82c444fea,Kremalı Mantar Çorbası,Turkey,"Lezzetli ve doyurucu kremalı mantar çorbası, soğuk günlerin vazgeçilmezi",Ye,"[""400 gram mantar"", ""1 adet küçük boy soğan"", ""2 yemek kaşığı tereyağı"", ""2 yemek kaşığı un"", ""1 adet bulyon"", ""5 su bardağı su"", ""1 paket krema"", ""1 çay kaşığı tuz"", ""1 çay kaşığı karabiber""]","[""Tereyağı ve unu beraber derin bir tencerede 3 dakika kadar kavurunuz. Sarımsakları ve ince kesilmiş soğanı da ekleyerek tekrar karıştırınız."", ""Mantarları dilediğiniz şekilde kesiniz ve onları da tencereye koyup sularını salana kadar kavurunuz."", ""Bulyon ve 5 bardak suyu ekleyerek karıştırınız ve 15 dakika kadar kaynatınız. Ocaktan alıp kremayı ekleyiniz."", ""5 dakika daha kaynatınız. Tuz ve karabiberi de ekleyip afiyetle yiyebilirsiniz.""]"
f9c8ca86-0ff3-4993-90de-4bfedfd34241,Şerbetli Sultan Tatlısı,Turkey,"Şerbetli Sultan Tatlısı, çıtır hamuru ve tatlı şerbetiyle damaklarda unutulmaz bir lezzet bırakan geleneksel bir tatlıdır",Ye,"[""125 gram tereyağı"", ""1 çay bardağı sıvı yağ"", ""1 adet yumurta"", ""1/2 çay bardağı galeta unu"", ""1 çay bardağı ince çekilmiş ceviz içi"", ""1 çay bardağı Hindistan cevizi"", ""1 paket kabartma tozu"", ""3,5 su bardağı un (kontrollü ekleyin)""]","[""Öncelikle şerbetimizi hazırlayalım. Şerbeti hazırlamak için uygun bir tencereye su ve şekeri alalım, ocakta kaynatalım. Kaynayan şerbetimize limon damlatıp 5 dakika daha kaynatalım."", ""Ocaktan alalım ve 1 çay bardağı pekmezi ekleyip karıştıralım ve soğumaya bırakalım."", ""Hamuru için, tereyağı, yumurta, sıvı yağ, galeta unu, Hindistan cevizi, toz ceviz ve kabartma tozunu ekleyip elimizle yoğuralım ve kontrollü un ekleyerek yumuşak ele yapışmayan bir hamur elde edelim."", ""Hamurdan parçalar alıp uzunlamasına olacak şekilde rulo yapalım.(Bu aşamada hamuru elinizle sıkıştırarak yaparsanız kırılma daha az olacaktır.)"", ""Rulo haline getirdiğimiz hamurları 3 parmak kalınlığında kesip fırın tepsimize dizelim. Önceden ısıtılmış 180 derecede 20 dakika kontrollü pişirelim.""]"
be600455-23ed-4208-9026-92bba51e0733,Vişneli Fit Muhallebi,Turkey,"Düşük kalorili ve lezzetli vişneli fit muhallebi, tam buğday unu ve bal ile hazırlanan sağlıklı bir tatlı alternatifi",Ye,"[""1 su bardağı süt"", ""1,5 yemek kaşığı tam buğday unu"", ""1 tatlı kaşığı bal"", ""100 gram vişne (arzuya göre artırıp azaltılabilir)""]","[""Süt ve unu ocakta pişirin. Altını kapattıktan sonra balı ve çikolatayı ekleyip güzelce karıştırın. Yapmak istediğiniz kase ya da kavanozun en altına muhallebiden biraz koyun."", ""Wasanın yarısını kırıp muhallebinin üzerine dökün. Ardından vişne ilave edip aynı işlemi muhallebi bitene kadar sürdürün."", ""En son üzerine çilek, nar, yer fıstığı ve vişne ekleyip dilediğiniz gibi süsleyin. Buzdolabında 20 dakika kadar dinlendirin. Afiyet olsun.""]"
8f9284e8-b3b7-44c2-8cc5-1e4b0c43b1cc,Haşlanmış Brüksel Lahanası,Turkey,"Lezzetli ve sağlıklı haşlanmış Brüksel lahanası, arpacık soğan ve havuçlarla zenginleştirilmiş basit bir tariftir",Ye,"[""1 paket Brüksel lahanası (yaklaşık 20 adet)"", ""10 adet arpacık soğan"", ""2 adet havuç"", ""2 yemek kaşığı zeytinyağı""]","[""Brüksel lahanasını yıkayıp 10-15 dakika pişene kadar haşlıyoruz."", ""Arpacık soğanlarını soyuyoruz, havuçları jülyen doğruyoruz."", ""Bir tavada soğan ve havuçları soteliyoruz."", ""Haşlanan brüksel lahanasını da ekleyip 5 dakika daha soteliyoruz."", ""Denemek isteyenlere şimdiden afiyet olsun.""]"
778b90d4-c502-4762-9e09-2385430be1ce,Palamut Sote,Turkey,Lezzetli palamut filetosunun taze sebzelerle harmanlandığı pratik ve sağlıklı bir tarif,Ye,"[""1 adet palamut (fileto)"", ""1 adet küçük boy soğan"", ""1 adet biber"", ""1 adet domates"", ""3-4 adet mantar"", ""20 gram zeytinyağı (2 yemek kaşığı)"", ""1 çay kaşığı karabiber"", ""1 çay kaşığı tuz"", ""1 çay kaşığı kırmızı toz biber"", ""1 çay kaşığı sebze çeşni""]","[""Palamudu kuşbaşı doğrayıp kenara alın. Sarımsak haricindeki malzemeleri iri kuşbaşılar halinde doğrayın."", ""Ocağın büyük gözünde harlı ateşteki tavaya yağı ekleyin."", ""Sırasıyla aralarında 1,5-2 dakika olacak şekilde soğan, biber, mantar, sarımsak, palamut, domatesi ekleyin."", ""Ocaktan almaya yakın tüm baharatları ekleyip karıştırın."", ""Toplamda pişirme süresi ocağınızın ateşine göre 10-15 dakika kadar sürecektir. Sote servise hazır. Afiyet olsun.""]"
e6c65079-533a-40ed-bce6-28bfe6be85d2,2 Malzemeli Truff,Turkey,Sadece iki malzemeye ihtiyaç duyulan pratik ve lezzetli truff tarifi,Ye,"[""2 paket baton kek"", ""3 yemek kaşığı çikolatalı puding"", ""Etimek Tatlısı Tarifi"", ""Damla Çikolatalı Kurabiye"", ""Tatlı Tarifleri Spoonful Mozaik Pasta Çikolatalı Sufle İrmik Helvası Fırın Sütlaç Profiterol Revani Magnolia"", ""Kahvaltılık Tarifler Pancake Krep Pişi Kuymak Kaygana Kahvaltılık Sos Menemen Muhlama Yumurtalı Ekmek Omlet"", ""Omlet""]","[""Keklerimizi elimizle ufalıyoruz. Puding ekleyip yoğuruyoruz ve ceviz büyüklüğünde yuvarlıyoruz."", ""İstediğimiz bir malzemeye buluyoruz. Sade hali de çok güzel oluyor. Afiyet olsun.""]"
61cfd7ad-7015-44bb-ad23-ce221fe4990f,Ispanaklı Peynirli Fit Galette,Turkey,"Sağlıklı ve lezzetli ıspanaklı peynirli fit galette, tam buğday unuyla hazırlanan hafif bir atıştırmalık veya ana yemek alternatifidir",Ye,"[""1,5 su bardağı tam buğday unu"", ""1 tatlı kaşığı zeytinyağı"", ""1 yemek kaşığı tereyağı"", ""1/2 çay bardağı süt"", ""1 çay kaşığı tuz""]","[""Ispanak ve soğanı 1 tatlı kaşığı yağ ile kavurun, tuz karabiberi ekleyin."", ""Soğuyunca süzme peynir ve labne peynirini ekleyip karıştırın."", ""Hamur için tüm malzemeleri robota koyun homojen olana kadar karıştırın. Elinizle toparlayıp streç filme sarın buz dolabında 30 dakika bekletin."", ""Dinlenen hamuru iki pişirme kağıdı arasında merdane ile incecik açın."", ""İçerisine harcı koyup kenarlarını katlayın. İç harcın üzerine rendelenmiş kaşar serpin."", ""Kenarlarını ıslatıp susam serpin."", ""180 derecede hafif kızarana kadar yaklaşık 30-35 dakika pişirin. Afiyet olsun.""]"
35edfb1d-fcca-4119-a2af-aa9222831997,Porsiyonluk Mini Cheesecake,Turkey,"Pratik ve lezzetli mini cheesecake'ler, özel günleriniz için ideal tatlı seçeneği",Ye,"[""2 paket tam buğdaylı bisküvi"", ""100 gram tereyağı"", ""200 gram labne"", ""200 gram taze peynir"", ""1 kutukrema (200 ml)"", ""2 adet yumurta"", ""1 paket vanilya"", ""2 yemek kaşığı nişasta"", ""1 su bardağı pudra şekeri""]","[""Bisküvileri rondodan geçirip erittiğimiz tereyağı ile bir kabın içinde karıştırıyoruz. Bu karışımdan birer yemek kaşığı yayılmaz kek kapsüllerinin dibine koyup çay bardağının altıyla yada sarımsak döv"", ""Sıvı karışımı yapmaya başlıyoruz. Öncelikle fırınımızı 150 derecede fansız ayarda açıp tabanına bir borcamda su koyup yerleştiriyoruz."", ""Labne ve tam yağlı beyaz peynirin suyunu süzüp bir kaba alıyoruz çırpıcı ile çırpmaya başlıyoruz. Pudra şekerini ekleyip çırpmaya devam ediyoruz."", ""1 kutu kremayı ekliyoruz. yumurtaları da teker teker ekliyoruz. vanilya ve nişastayı ekliyoruz çırpmaya devam ediyoruz."", ""Birkaç dakika daha çırptıktan sonra dolaba koyduğumuz kapsülleri çıkarıp eşit miktarda dağıtıyoruz. Bu tarifte ideal olan 16 adet kapsüldür."", ""Önceden ısıttığımız fırında 45 dakika kadar pişiriyoruz. Pişince fırından çıkarıp 1 saat kadar kenarda bekletiyoruz. Kekler soğurken sosunu hazırlamaya geçebiliriz."", ""Limon sos bütün malzemeleri karıştırarak koyulaşana kadar pişiriyoruz (Katı olursa bir iki kaşık su ilave edebilirsiniz)."", ""Frambuaz sos bütün malzemeleri karıştırarak koyulaşana kadar pişiriyoruz ve tel süzgeçten geçiriyoruz."", ""Soğuyan keklerin kağıt kapsüllerini çıkarıp sunum yapacağımız tabağa yerleştiriyoruz ve üzerilerine yemek kaşığı yardımı ile soslarımızı ekliyoruz. 1-2 saat dinlendirip arzuya göre süslüyoruz. Afiyet""]"
b1475238-4598-4820-bc5b-fcae9928f082,Tahinli Kurabiye,Turkey,"Tahinin yoğun lezzeti ve esmer şekerin karamel tadıyla harmanlanan bu kurabiyeler, çay saatlerinin vazgeçilmezi olacak",Ye,"[""1 çay bardağı tahin"", ""1 çay bardağı esmer şeker"", ""1 adet yumurta"", ""1 paket vanilya"", ""1 paket kabartma tozu"", ""1 su bardağı un""]","[""Tahin ve şekeri güzelce çırpalım."", ""Yumurtayı ekleyip çırpmaya devam edelim."", ""Kuru malzemeleri de ekleyip güzel bir hamur yoğuralım."", ""Ceviz büyüklüğünde parçalar koparıp, fırın tepsisine aralıklı olarak dizelim."", ""Önceden ısıtılmış 180 derece fırında tam 10 dakika pissin."", ""Fırından çıkar çıkmaz bardağın tersiyle üstüne bastıralım. Tam kurabiye şekli olsun. Afiyet olsun.""]"
fb7e5ea6-1080-48d9-84da-d1c3323c1ee5,Kabaklı Dereotlu Muffin,Turkey,"Taze kabak ve dereotunun harika uyumuyla hazırlanan, hafif ve lezzetli muffinler",Ye,"[""3 adet yumurta"", ""45 gram toz şeker"", ""1 su bardağı süt"", ""500 gram mısır unu"", ""1 paket kabartma tozu"", ""1 çay kaşığı tuz"", ""3 yemek kaşığı zeytinyağı""]","[""Muffinin iç harcını hazırlayarak işe başlayın. Öncelikle kabağınızı rendeleyin. Bir kabın içine alın."", ""Dereotu ve fesleğenleri ince ince doğrayın. Kabakların üzerine ekleyin. Son olarak baharat ve tuzları ekleyerek karıştırın."", ""Bir kabın içinde unu, kabartma tozunu, tuz ve şekeri karıştırın."", ""Başka bir kaba yumurtaları kırın ve zeytinyağı ekleyerek, hafifçe çırpın. Kuru malzemelerin üzerine ekleyin. Bir spatula yardımıyla karıştırın."", ""Kek kıvamına gelene kadar süt ekleyin. Kıvam aldığında içine son olarak iç malzemeleri ekleyin. Muffin kaplarının içine harcı paylaştırın."", ""200 derecelik fırında üzeri kızarana kadar pişirin. Fırından çıkarıp afiyetle yiyebilirsiniz.""]"
9b014a96-6184-416f-9f76-f8830ab36fca,Bulgur Püresi,Turkey,"Lezzetli ve besleyici bulgur püresi, kolay hazırlanışı ile damaklarda unutulmaz bir tat bırakır",Ye,"[""Etimek Tatlısı Tarifi"", ""Damla Çikolatalı Kurabiye"", ""Tatlı Tarifleri Spoonful Mozaik Pasta Çikolatalı Sufle İrmik Helvası Fırın Sütlaç Profiterol Revani Magnolia"", ""Kahvaltılık Tarifler Pancake Krep Pişi Kuymak Kaygana Kahvaltılık Sos Menemen Muhlama Yumurtalı Ekmek Omlet"", ""Omlet""]","[""Bulguru güzelce yıkayın ve üstüne çıkacak kadar kaynar su döküp, yaklaşık 3-4 saat boyunca bekletin."", ""Ardından bulguru süzün ve bir tencereye alın. Üstüne 6 türk kahvesi fincanı kaynar suyu dökün ve ocağın altını açıp yaklaşık 30 dakika boyunca ara ara karıştırarak pişmeye bırakın."", ""Bulgur piştikten sonra boza kıvamında olacak, el blenderı yardımıyla püre haline getirin ve ister bu şekilde isterseniz de yoğurtla karıştırarak bebeğinize servis edin."", ""Bebeğinize hazırlayacağınız çorbalarda da bulgur püresini kullanabilirsiniz.""]"
5d403f5b-6643-4fa8-b9df-7f86b3e439ae,Yumurtalı Tava Böreği,Turkey,"Pratik ve lezzetli yumurtalı tava böreği, çay saatlerinin vazgeçilmezi",Börek & Hamur İşi,"[""3 adet kuru yufka"", ""4 adet yumurta"", ""1 çay bardağı sıvı yağ"", ""1 çay bardağı su"", ""1 çay kaşığı pul biber"", ""1 çay kaşığı tuz""]","[""Yağladığımız tavaya önce 1 adet yufkayı seriyoruz."", ""Yağ,su ve 1 adet yumurtadan çırparakhazırladığımız harcı her katta ıslatıyoruz."", ""Daha sonra ikinci yufkayı ikiye ayırarak üst üste koyuyoruz."", ""Ayrı bır tavada karıştırarak pişirdiğimiz 3 yumurta ve maydanozu tavada yufkanın üzerine ekliyoruz."", ""Daha sonra üçüncü yufkayı ikiye bölerek onlarıda üst üste yerleştiriyoruz."", ""İlk serdiğimiz yufkayı kenarlarından kapatarak, kalan harcımızıda üzerine güzelce dökerek kısık ateşte pişiriyoruz. Piştikten sonra çıkarıp dilimleyerek servis edebilirsiniz. Afiyetler olsun!""]"
6e4c4ced-738b-4d4c-8ebf-2c42f618d1ee,Cevizli Tarçınlı Kek,Turkey,"Cevizin ve tarçının muhteşem uyumuyla hazırlanan, misafirlerinize ikram edebileceğiniz lezzetli bir kek tarifi",Ye,"[""4 adet yumurta"", ""1/2 su bardağı sıvı yağ"", ""1 su bardağı toz şeker"", ""3-4 su bardağı un"", ""1 çay bardağı süt"", ""1 tatlı kaşığı tarçın"", ""1 su bardağı ceviz içi"", ""1 paket vanilin"", ""1 paket kabartma tozu""]","[""Oda sıcaklığındaki yumurtaları ve şekeri çırpın."", ""Sütünü ve sıvı yağını ekleyin. Ardından kabartma tozunu, tarçını ve vanilini ekleyip biraz daha çırpın."", ""Ununu ekleyip çırpmaya devam edin."", ""Cevizi de ekleyip spatula ile karıştırın. Kek kalıbının her yerini yağlayın."", ""Hamuru kek kalıbına dökün. Önceden ısıtılmış 180 derece fırında 40-45 dakika pişirin."", ""Cevizli kek tarifiniz hazır. Afiyet olsun...""]"
be1e228b-2023-4b28-a66a-8c0ed71350fe,Pratik Zencefilli Kurabiye,Turkey,Lezzetli ve pratik zencefilli kurabiye tarifi. Kolayca hazırlayabileceğiniz bu kurabiyeler çay saatlerinin vazgeçilmezi olacak,Tatlı,"[""90 gram margarin (oda sıcaklığında)"", ""1 su bardağı toz şeker"", ""1 adet yumurta"", ""1/4 su bardağı pekmez"", ""3 su bardağı un"", ""1 tatlı kaşığı karbonat"", ""1,5 tatlı kaşığı zencefil"", ""1 çay kaşığı tarçın"", ""1/2 çay kaşığı tuz""]","[""Margarin ve şekeri güzelce birbirine karıştırıyoruz, sonra sıvı malzemeleri ilave edip karıştırmaya devam ediyoruz."", ""Diğer malzemeler de ilave edilip kontrollü bir şekilde un ilavesi yapılır. Yumuşak bir hamur elde edilir."", ""İki adet yağlı kağıt yardımı ile açma işlemi yapılır, kalıplar ile şekillendirme yapılır."", ""Önceden ısıtılmış fırında alt üst hafif kızarınca alınır."", ""İstenen şekillerde süsleme yapılabilir. Afiyet olsun.""]"
ded825e5-4735-4f08-b3bf-b18680976d08,Ev Yapımı Kaşar Peyniri,Turkey,"Ev yapımı kaşar peynirinin lezzetini kendi mutfağınızda yaşayın. Taze malzemelerle hazırlanan bu tarif, doğal ve sağlıklı bir alternatif sunuyor",Ye,"[""4 kg çiğ süt"", ""1/2 su bardağı yoğurt"", ""1 yemek kaşığı tuz"", ""1/2 su bardağı peynir mayası (ya da şirden mayası)""]","[""Sütünüzü derin bir tencerenin içine alın. Pastörize etmek için ocağın altını kısık ateşte açın."", ""70 dereceye gelene kadar yaklaşık kaynatın."", ""Ardından ocaktan alın ve içi yarısına kadar soğuk su dolu bir tencerenin içine oturtup hızlıca soğutun."", ""Parmağınızı içine soktuğunuzda elinizi yakmayan, ılık bir kıvama geldiğinde yoğurdu ilave edip güzelce karıştırın."", ""Hemen ardından da peynir ya da şirden mayasını ilave edin. Karıştırın."", ""Oda sıcaklığında üzeri kapalı bir biçimde yaklaşık 1,5-2 saat kadar mayalanmaya bırakın."", ""Mayalanan sütü yeniden ocağa alın ve peynirler minik minik topaklar oluşturana kadar tel çırpıcı ile çırparak karıştırın."", ""Tüm taneler elastik bir yapıya ulaşacaktır. Tencerenin kenarında azar azar toparlayın."", ""Topladığınız peynirleri süzgecin üzerine alın ve tahta kaşık yardımıyla sıkıştırarak toplayın."", ""Tülbetin üzerine alın, fazla suyunu süzdürün. Tülbentin içinde üzeri kapalı bir biçimde peyniri bekletin."", ""Kalıplaşan ve dinlenen peynirizi ertesi gün rondodan geçirin."", ""Yeniden minik taneler elde edin."", ""Ilık su dolu bir tencerenin içerisine aktarın ve kaynatmaya başlayın."", ""Su kaynamaya başladığında peynirleriniz erimeye başlayacaktır. Yeniden toparlayın."", ""Toparladığınız peyniri tezgahın üzerine alın ve birkaç kez katlayıp şekil verin. Tuzunu ilave edin.""]"
9f9e4d9b-970b-42b9-9dbf-f9c4ba942767,Katı Yağsız Mini Tuzlular,Turkey,"Hafif ve lezzetli katı yağsız mini tuzlular, çay saatlerinin vazgeçilmezi olacak",Ana Yemek,"[""1 adet yumurta beyazı"", ""1/2 su bardağı sıvı yağ (100 ml)"", ""2 yemek kaşığı (tepeleme) yoğurt (50 g)"", ""1 yemek kaşığı sirke (elma veya üzüm)"", ""1/2 tatlı kaşığı (silme) toz şeker"", ""1 tatlı kaşığı (silme) tuz"", ""1 çay kaşığı kabartma tozu"", ""1,5-2 su bardağı un (200-230 g)"", ""2 yemek kaşığı susam"", ""2 yemek kaşığı çörek otu""]","[""Sıvı yağ, yoğurt, yumurta beyazı ve sirkeyi geniş bir kaba alın."", ""Tüm malzemeler birleşinceye dek çırpıcıyla çırpın."", ""Önce unun yarısını üzerine ekleyip tahta bir kaşıkla yoğurun."", ""Ardından kalan yarısını azar azar ekleyerek ele yapışmayan bir hamur elde edince eklemeyi bırakın."", ""Hamuru eşit iki parçaya bölüp ince uzun rulolar halinde yuvarlayın."", ""30 eşit parçaya bölüp orta boy tuzlu kurabiyeler elde edecekesiniz. Dilerseniz daha büyük ve küçük parçalara da bölebilirsiniz."", ""Önce elinizle hamuru bastırıp ardından yuvarlayın. Tüm mini hamur bezeleri için aynı işlemi tekrar edin."", ""Çörek otu ve susuma bir kase içerisinde karıştırıp tüm mini tuzluları bu karışım içinde yuvarlayın. Eğer iyice yapışmıyorsa unu fazla gelmiş olabileceğinden yumurta sarısı sürerek daha iyi yapışmaları"", ""Yağlı kağıt sermiş olduğunuz fırın tepsisine dizin."", ""Önceden ısıtılmış 180 derece fırında 23-25 dakika kadar pişirin. Boyutunu farklı yaptıysanız pişirme süresi değişebilir, kontrollü pişirmeyi ihmal etmeyin."", ""Fırından çıkardıktan sonra 5-10 dakika kadar dinlendirip servis edin afiyetler olsun!""]"
cef21f5a-91b1-460a-ace6-1cfe20784ad6,Unsuz Protein Poğaça,Turkey,"Glutensiz ve yüksek proteinli, pratik poğaça tarifi. Lor peyniri ve yulaf ezmesi ile sağlıklı atışlık",Ye,"[""1 su bardağı glutensiz yulaf ezmesi"", ""1 su bardağı lor peyniri"", ""10 adet zeytin (çekirdekleri çıkartılmış)"", ""1 tatlı kaşığı susam ve çörek otu karışımı""]","[""Fırınımızı önceden 180 derecede ısıtıyoruz."", ""İstersek yulaf ezmesini rondoda çekerek un haline getiriyoruz."", ""Tüm malzemeleri bir kapta iyice karıştırıyoruz."", ""Yağlı kağıt serdiğimiz fırın tepsimiz üzerine karışımımızdan küçük parçalar alıyoruz ve şekil vererek tepsinin üzerine diziyoruz."", ""180 derece fırınımızda poğaçalarımızın üzeri kızarana dek pişiriyoruz.""]"
33132e4a-c6fe-4d0f-9c59-d7fd7c34611a,Beyaz Çikolatalı Mozaik Pasta,Turkey,"Pratik ve lezzetli beyaz çikolatalı mozaik pasta, hiç pişirmeden hazırlanan enfes bir tatlı",Ye,"[""2 paket petibör bisküvi"", ""1 su bardağı krema"", ""240 gram beyaz çikolata""]","[""Kremayı uygun bir tencerede kaynama noktasına getirelim."", ""İçine parçalara ayırdığımız beyaz çikolataları ekleyip erimesi için karıştıralım."", ""Bisküvileri ufalayıp kremalı karışımı üzerine ekleyerek güzelce karıştıralım."", ""Karışımı streç folyo üzerine aktarıp sıkıca rulo şeklinde saralım. Bir gece buzdolabında bekletelim."", ""Arzuya göre üzerine çikolata veya meyve ile süsleyip servis edebilirsiniz. Afiyetler olsun.""]"
c8a2818d-82e4-4eb0-b912-5919174db971,Milföyden Çıtır Su Böreği,Turkey,"Milföy hamurlarıyla hazırlanan çıtır çıtır su böreği, peynirli harcıyla damakları şenlendirir",Börek & Hamur İşi,"[""3 adet yufka"", ""250 gram beyaz peynir"", ""250 gram kaşar peyniri""]","[""Fırın tepsinizi iyice yağlayın."", ""Yufkaları aralarına bir şey sürmeden 3 katını üst üste tepsiye dizin."", ""Yufkaların üzerine peynir karışımını ekleyin."", ""Milföy hamurunu iyice çözdürün. Elinizle esneterek büyütün."", ""Milföyleri peynir karışımının üzerine yerleştirin."", ""Aralarında boşluk bırakmadan tepsiyi milföyler ile kaplayın."", ""Küçük kareler halinde böreği dilimleyin."", ""Sos için; tüm malzemeleri iyice çırpın."", ""Dilimlediğiniz böreğin üzerine sosu her yerine gelecek şekilde dökün."", ""En az 2 saat üzerini kapatarak dinlendirin."", ""Fırını önceden 220 derecede ısıtın. 20 dakika yüksek derecede pişirin. Afiyet olsun.""]"
82d2ce06-7333-468a-a21c-db0dae1cddc7,Yulaf Unlu Fit Toplar,Turkey,"Sağlıklı ve lezzetli atıştırmalık olan yulaf unlu fit toplar, enerji verici özelliği ile gününüzü canlandırır",Ana Yemek,"[""3 yemek kaşığı yulaf"", ""1 su bardağı yer fıstığı"", ""1 yemek kaşığı pekmez (bal da olur)""]","[""Fıstıkları tavada kavurduktan sonra rondoda 3-4 dakika çekerek fıstık ezmesini hazır hale getiriniz."", ""Yağı çıkmaya başlayınca istenen kıvama geldiğini anlayabilirsiniz."", ""Yulafı da rondodan geçirip inceltiniz, yulaf unu da kullanabilirsiniz direkt."", ""Elde ettiğiniz tüm malzemeleri birleştirip homojen şekilde dağılana kadar karıştırınız."", ""Elinizde top şeklini verin ve işte ara öğün atıştırmalığınız hazır! Afiyet olsun.""]"
b88a4c35-47ed-4b1d-8a71-532e6d79001a,Pratik Sağlıklı Cips,Turkey,"Haşlanmış nohut ve baharatlarla hazırlanan pratik, sağlıklı ve lezzetli ev yapımı cips tarifi",Ye,"[""1 su bardağı haşlanmış nohut"", ""1 yemek kaşığı tarhana"", ""1 yemek kaşığı mısır unu"", ""1 adet yumurta"", ""1 yemek kaşığı yoğurt"", ""2 yemek kaşığı zeytinyağı"", ""2 çay kaşığı sarımsak tozu""]","[""Tüm malzemeleri robota atıp pürüzsüz olana kadar çekiyoruz."", ""Yağlı kağıt serdiğimiz tepsiye incecik yayıyoruz."", ""175 derecede kıtır kıtır olana kadar pişiriyoruz. Afiyet olsun.""]"
963c8239-af43-4252-a5be-c31dfa3f2b47,Muhallebili Kemal Paşa Tatlısı,Turkey,"Ferahlık veren lezzetiyle Kemal Paşa tatlısı, muhallebi sosuyla buluşuyor",Tatlı,"[""1 paket Kemal Paşa tatlısı"", ""1 litre süt"", ""1 çay bardağı toz şeker"", ""1 paket vanilya"", ""3 yemek kaşığı nişasta"", ""2 yemek kaşığı un""]","[""Kemal paşa tatatlımızı üzerndeki tarife göre pişiriyoruz."", ""Süt, şeker, nişasta, un ve vanilyamızı bir tencerenin içerisinde hep birlikte karıştırıp ocağa alıyoruz. Orta ateşte muhallebi kıvamı alana kadar pişiriyoruz."", ""Pişen Kemal Paşa tatlımızı kalıba diziyoruz ve üzerine muhallebimizi döküp bir gece buzdolabında dinlendiriyoruz."", ""Tatlımız soğuyunca servis tabağına ters çevirip servis ediyoruz. Afiyetler olsun!""]"
c45d438b-dab8-4fc3-96a7-8782009ff1e9,Tiramisu Topları,Turkey,İtalyan klasiği tiramisunun pratik ve lezzetli top hali. Misafirlerinize sunabileceğiniz şık ve kolay bir tatlı,Ana Yemek,"[""3 yemek kaşığı irmik"", ""1 su bardağı süt"", ""1 yemek kaşığı labne"", ""1 yemek kaşığı bal (pekmez - keçiboynuzu özü - hurma özü de olur)"", ""1 tatlı kaşığı gr anül kahve""]","[""İrmik, süt ve granül kahveyi bir tencereye alıp muhallebi gibi pişirin."", ""Eğer bal size göre az gelirse üzerine ekleme yapabilirsiniz. Muhallebi kıvamına gelince ocağı söndürün."", ""Az karıştırın, lapa gibi olacak soğuduktan sonra labneyi içine ekleyin ve karıştırın."", ""Orta boy şeklinde yuvarlak yapıp şekil verin dolaba koyun soğusun. Soğuduktan sonra kakaoya bulayın. Afiyet olsun.""]"
902684f5-ccf2-4ce9-8f25-04922c7d9aba,Kuru Patlıcanlı Bulgur Pilavı,Turkey,Kuru patlıcanın lezzetini bulgur pilavıyla birleştiren doyurucu ve geleneksel bir tarif,Pilav & Makarna,"[""1 adet soğan"", ""1 tatlı kaşığı domates salçası"", ""1 tatlı kaşığı biber salçası"", ""3 yemek kaşığı sıvı yağ"", ""1 su bardağı pilavlık bulgur"", ""2 su bardağı su""]","[""Kuru patlıcanları ufak bir tencereye alıp hafif yumuşayana kadar haşlıyoruz."", ""Kuru biber ve kuru domatesleri bir kaseye alıp sıcak suda yumuşayana kadar bekletiyoruz."", ""Soğanı yemeklik doğruyoruz. Yumuşayan kuru domates ve biberi küçültüyoruz."", ""Pilav tenceresine yağı ve soğanı alıp soğan pembeleşene kadar kavuruyoruz."", ""Kavrulan soğana salçayı ekleyip kokusu çıkana kadar 2-3 dakika daha kavuruyoruz."", ""Tencereye haşlanmış patlıcanları, rendelediğimiz sarımsağı, ufalttığımız kuru domates ve biberleri de ekleyip 2-3 dakika daha pişiriyoruz."", ""Son olarak tencereye bulguru, suyu, tuz ve pul biberi katıp, kapağını kapatıp kaynayana kadar yüksek, kaynadıktan sonra da kısık ateşte pişmeye bırakıyoruz. Afiyet olsun.""]"
b82bf6d6-6f17-46ff-9dda-009bc22609b8,Yumuşacık Pamuk Poğaça,Turkey,"Fırından yeni çıkmış gibi yumuşacık, içi göbekli pamuk poğaça tarifi. Kolay hazırlanışı ve mis gibi kokusuyla sofraların vazgeçilmezi olacak",Börek & Hamur İşi,"[""2 su bardağı ılık süt"", ""1 su bardağı ılık su"", ""1 su bardağı sıvı yağ"", ""2 paket instant maya (yarım ölçüye 1 yemek kaşığı kullandım)"", ""3 yemek kaşığı toz şeker"", ""2 adet yumurta (sarısı üzerine)"", ""1,5 tatlı kaşığı tuz"", ""8-9 su bardağı un""]","[""Maya, su, süt ve şeker bir kapta 10 dakika bekletilir. Sonra yumurta, tuz ve unu eklenir."", ""Ele yapışan bir hamur olunca streçleyip ağzını kapatın ve 1 saat bekletin."", ""1 saat sonunda hamurdan yumurta şeklinde parçalar bölüp yuvarlayın ve tepsiye dizin."", ""Tepsi mayasını beklemek için varsa vaktiniz dışarıda 20-30 dakika bekletin."", ""Vaktiniz yoksa benim gibi 100 derece fırına verin, 10-15 dakika bekletin."", ""Kabaran hamurları fırından çıkarıp üzerine nazikçe yumurta sarılarını sürün. Tekrar fırına verin, fırın ayarı 200 derece olmalı. Pişince alabilirsiniz. Afiyet olsun.""]"
7d6a5157-d7e9-4697-ba0a-65e79dab568f,Nişastasız Fırın Sütlaç,Turkey,"Klasik fırın sütlaçtan farklı olarak nişasta içermeyen, doğal lezzetiyle damakları şenlendiren bir tatlı",Tatlı,"[""2 litre süt"", ""1,5 çay bardağı pirinç"", ""1-1,5 su bardağı toz şeker"", ""1 paket vanilin (aroma için, isteğe bağlı)""]","[""Pirinci çok dokunmadan çeşme altında yıkayalım."", ""Sütü ve pirinci aynı anda tencereye alıp pirinçler yumuşayana kadar orta ateşte 35-40 dakika kaynatalım."", ""Fırın kaplarımıza alıp fırın tepsimize yerleştirelim ve 1 çay bardağı soğuk suyu fırın tepsimize boşaltalım."", ""Fırına vermeden önce üzerinin hafif kabuklanması için 10 dakika kadar bir bez örtüp bekletelim (yanıklığı için bu işlemi yapıyorum)."", ""200 derece önceden ısıtılmış fırında sütlaçların üzeri kızarana kadar pişirelim. Afiyet olsun.""]"
bfd65a9a-bc36-4329-afe8-44490081e194,Beğendili Bonfile,Turkey,Tereyağında kızartılmış patlıcanların üzerine beğendi sosuyla hazırlanan lezzetli bonfile yemeği,Ana Yemek,"[""4 adet patlıcan"", ""2 yemek kaşığı tereyağı"", ""1,5 yemek kaşığı un"", ""1,5 su bardağı süt"", ""1/2 su bardağı kaşar peyniri"", ""1 çay kaşığı tuz"", ""1 çay kaşığı karabiber"", ""1 çay kaşığı muskat cevizi""]","[""Patlıcanları közlüyoruz, 15 dakika dinlendirip soyuyoruz."", ""Közlenen patlıcanları kabaca doğruyoruz, o arada ocağa sos tenceresi alıp tereyağını eritiyoruz. Bir yandan etler için ızgara tava ısıtıyoruz."", ""Tava iyice ısınınca etleri arkalı önlü olarak toplam 10 dakika pişiriyoruz tercihe göre süre azalıp artabilir."", ""Eriyen tereyağına unu ekleyip kokusu çıkana kadar kavuruyoruz. Doğradığımız patlıcanları da atıp 1-2 dakika daha karıştırmaya devam ediyoruz."", ""Sütü ve baharatları yavaş yavaş ekleyip sürekli karıştırmaya devam ediyoruz. 5 dakika sonunda kaşarı ekleyip karıştırıp bir kenara alıyoruz."", ""Etler pişince dilediğimiz gibi servis ediyoruz. Afiyet olsun.""]"
2d3cb318-b132-4123-820c-42d474739d57,Paskalya Çöreği,Turkey,"Paskalya'nın vazgeçilmez lezzeti olan, yumuşacık ve mis kokulu çöreği",Ana Yemek,"[""4,5 su bardağı un"", ""2 adet yumurta (1 yumurta sarısı ayrılacak)"", ""1 paket maya"", ""1 çay kaşığı tuz"", ""1/2 su bardağı ılık süt"", ""1/2 su bardağı ılık su"", ""1/2 su bardağı pudra şekeri"", ""125 gram tereyağı"", ""1 tatlı kaşığı mahlep""]","[""Un maya mahlep ve tuzu derin bir kaba koyup karıştırın."", ""Üzerine yumurta süt su ve eritilmiş tereyağını ekleyin."", ""Son olarak pudra şekerinide ekleyip güzelce yoğurun."", ""Yoğurduğunuz hamurun üzerini streç film ile kapatıp en az 45dk dinlenmeye bırakın."", ""Kabaran hamurunuzu tekrar toparlayıp 3 eşit parçaya bölün."", ""Parçaları uzun şeritler halinde dizip uçlarını birleştirin ve saç örgüsü yapın."", ""Üzerine ayırdığınız yumurta sarısını sürün. Süslemek için file fındık kuru üzün vs kullanabilirsiniz."", ""Önceden ısıttığınız 170 derece fırında üzeri kızarıncaya kadar yaklaşık 25 dakika pişirin."", ""Pişen paskalyanızı çıkarıp dinlendirin."", ""Dinlenmiş nar gibi kızaran paskalyanızı dilimleyip servis yapabilirsiniz. Afiyet olsun.""]"
dfcbd59c-8ec8-4a75-bac3-4d507b51af02,Vanilyalı Çikolatalı Yulaf Lapası,Turkey,"Vanilya ve çikolatanın mükemmel uyumuyla hazırlanan doyurucu yulaf lapası, kahvaltıların vazgeçilmezi olacak",Tatlı,"[""100 gram yulaf"", ""480 mililitresüt (2.5 su bardağı ndan 1 parmak eksik)"", ""1 tatlı kaşığı chia tohumu"", ""1 çay kaşığı vanilya özü"", ""1 yemek kaşığı agave şurubu (ya da hurma özü, 1 tam ezilmiş olgun muz)""]","[""Malzemeler bir kapta karıştırılır,"", ""Airfryer için 180 derecede 15-20 dakika kontrollü, ocakta ise kıvam alana kadar karıştırılarak pişirilir."", ""İşte bu kadar basit, afiyet olsun.""]"
ed2894fb-85fa-4a26-8eb3-508ed34d0fc6,İrmikli Toplar,Turkey,Tereyağıyla kavrulmuş irmiğin sütle pişirilerek hazırlanan lezzetli ve pratik bir tatlı,Ana Yemek,"[""5 yemek kaşığı irmik"", ""2 su bardağı süt"", ""1 yemek kaşığı tereyağı"", ""1 paket vanilin"", ""1 adet limonun kabuğu"", ""2 yemek kaşığı bal""]","[""Süt ile irmiği, süt çekene kadar pişir. Daha sonra tereyağı ve vanilyayı ilave et, ardından da limon kabuğu rendesini. Daha sonra buzdolabında soğumaya bırak."", ""Soğuduktan sonra balı ilave et, elinde top şeklini ver. Hindistan cevizine bula. Afiyet olsun.""]"
a3d0b64f-ad3c-47af-9d3c-f3825072bd0d,Remoulade Sos,Turkey,"Fransız mutfağından gelen bu kremsi ve baharatlı sos, deniz ürünleri ve sandviçlerle mükemmel uyum sağlar",Ana Yemek,"[""200 gram mayonez"", ""20 gram hardal"", ""10 gram ketçap"", ""5 gram limon suyu"", ""5 gram üzüm sirkesi"", ""5 adet arpacık soğan"", ""1 adet kereviz sap ı"", ""3 gram karabiber"", ""3 gram toz kırmızı biber"", ""3 gram tuz""]","[""Öncelikle mayonezi hazırlayın."", ""Ardından tüm malzemeleri brunoise (en küçük) doğrayın ve hazırlanan mayonezin içine ilave edin."", ""Ardından gerekli tüm sosları ve baharatları ilave ederek karıştırınız. Afiyet olsun.""]"
06b31902-7c8b-433b-a140-1a03dcb2aa3e,Beşamel Soslu Sultan Kebabı,Turkey,Beşamel sosla zenginleştirilmiş dana bonfile ve sebzelerle hazırlanan nefis Sultan Kebabı,Et Yemekleri,"[""500 gram dana bonfile (kuşbaşı doğranmış)"", ""1 adet küçük boy soğan"", ""1 yemek kaşığı tereyağı"", ""2 adet patates"", ""2 adet patlıcan"", ""2 adet orta boy havuç"", ""2 adet kapya biber"", ""1 çay bardağı bezelye (konserve de olur)"", ""1,5 çay kaşığı tuz"", ""1/2 çay kaşığı kekik"", ""1/2 çay kaşığı karabiber"", ""1/2 çay kaşığı kırmızı toz biber"", ""1/2 çay kaşığı pul biber"", ""2 su bardağı sıvı yağ (kızartmak için)""]","[""Et az yağda ve az suyla düdüklü tencerede yumuşayana kadar pişirilir. İçerisine bir tüm soğan da atabilirsiniz."", ""Havuç hariç sebzeler küp küp doğranır. Patlıcanlar tuzlu suda bekletilir."", ""Kızartmadan önce sudan çıkarılıp temiz bir bezle kurulanır. Havuçlar kabukları soyulup sıcak suda haşlanır."", ""Sonra küp şeklinde doğranır. Böylece kızartırken daha pratik oluyor."", ""Sırayla patates, patlıcan, havuç ve kırmızı biber kızartılır. Kızartırken biraz tuzla tatlandırıyorum."", ""Bütün malzemeler fırın kabına alınır. Bezelye de ilave edilir. Tuz baharatlar eklenip karıştırılır."", ""Beşamel sos hazırlanır. Yağlar eritilir un kokusu çıkıncaya kadar kavrulur, süt eklenir ve sürekli çırpılır."", ""Kaynamaya başlayınca tuz, karabiber eklenir ve kapatılır. Sebzelerin üzerine gezdirilir. Rendelenmiş kaşar peyniri serpiştirilir."", ""Fırında alt üst ayarda 190-200°’de üzeri kızarana kadar pişirilir."", ""İlk sıcağa geçince isteye bağlı olarak pilav eşliğinde servis yapılır. Afiyet olsun.""]"
d8fd4d61-c68e-4067-b726-a844bd26ba57,Kuru Fasulyeli Ton Balık Salatası,Turkey,"Pratik ve lezzetli ton balıklı salata, haşlanmış kuru fasulye ile besleyici bir öğün alternatifi",Salata,"[""1 paket ton balığı konservesi"", ""1 su bardağı haşlanmış kuru fasulye"", ""1 adet kırmızı soğan"", ""2 yemek kaşığı zeytinyağı"", ""1 çay kaşığı tuz""]","[""Maydanozu ince ince doğrayın. Soğanın da kabuklarını soyup ince ince doğrayın."", ""Kuru fasulyeyi bir servis kasesine alın. Üzerine maydanoz, tuz ve soğanları alıp güzelce karıştırın. Son olarak ton balığı, zeytinyağı ve limon suyunu da ilave ederek karıştırıp servis edin. Afiyetler""]"
87907e27-2826-46b4-b912-d91f2b6662ad,Lokanta Usulü İnegöl Köfte,Turkey,"İnegöl'ün meşhur köftelerinin lokantalardaki lezzetini evinizde yapın. Özel harmanıyla damaklarda unutulmaz bir tat bırakan bu köfte, sofranıza şölen getirir",Et Yemekleri,"[""400 gram dana kıyma"", ""100 gram kuzu kıyma"", ""2 adet soğanın suyu"", ""1 tatlı kaşığı karbonat"", ""1 çay kaşığı tuz"", ""1 çay kaşığı karabiber"", ""5-6 yemek kaşığı sıvı yağ (pişirmek için)""]","[""Kıymaları ,soğan suyunu ve baharatları güzelce yoğurun."", ""Karbanotı ekleyerek yoğurmaya devam edin ve buzdolabına kaldırın.Ara ara dolaptan çıkarın,yoğurup tekrar dolaba kaldırın.Bu işlemi birkaç kez yaptıktan sonra bir gece boyunca dolapta bekletin."", ""Ardından köftelerinize şekil verin."", ""Tavanızı iyice kızdırın. Tavanız yağ ilave edin. Hazırladığınız köfteleri arkalı önlü bir şekilde pişirin."", ""Ardından sıcak sıcak servis edin. Afiyetler olsun!""]"
da208694-8ab4-4aa8-9ada-0d6b819040dc,Peanut Balls,Turkey,"Sağlıklı ve lezzetli atıştırmalık fıstık topları, sadece üç malzemeyle hazırlanır",Ana Yemek,"[""1 silme yemek kaşığı yulaf ezmesi"", ""1,5 yemek kaşığı şekersiz fıstık ezmesi"", ""1,5 silme tatlı kaşığı tahin"", ""1 adet büyük boy şekersiz çikolata""]","[""Yulafı rondodan geçirip un haline getiriyoruz."", ""Fıstık ezmesi ve tahini ekleyip güzel bir kıvam elde ediyoruz."", ""Yuvarlak şekil verip 20 dakika buzlukta dondurduktan sonra üzeri için benmari usulü şekersiz çikolata eritiyoruz."", ""Her bir topu çikolataya daldırıp tekrar buzluğa yolluyoruz. Afiyet olsun.""]"
49bcaa39-c427-4aef-9c16-dd6e595a2945,Bayat Kekten Rulo Pasta,Turkey,Bayat kekleri değerlendirerek hazırlayabileceğiniz pratik ve lezzetli çikolatalı rulo pasta tarifi,Tatlı,"[""80 gram sütlü çikolata"", ""1 su bardağı süt"", ""1 paket krem şanti""]","[""Kekleri ufalayalım üzerine çikolata sosunu yavaş yavaş ekleyelim."", ""Sütlü çikolatayı benmari usulü eritip onuda kekin üzerine dökelim ve karıştıralım yoğuralım."", ""Streç filme döküp üzerine tekrar streç çekerek merdane ile 1 cm boyutta açalım."", ""1 su bardağı süt ile krem şantimizi hazırlayalım."", ""Üstteki streci kaldıraliım, açtığımız kekin üzerine eşit şekilde krem şantiyi yayalım."", ""Rulo şeklinde saralım en az 2-3 saat derin dondurucuda bekletelim."", ""Rulo pastamızı dilimleyerek servis yapalım. Afiyet olsun.""]"
7c1bff7c-fe01-4a77-9ab2-34ed95645778,Zeytinli ve Otlu Omlet,Turkey,"Zeytin ve taze otların harika lezzetini birleştiren, pratik ve doyurucu bir kahvaltı seçeneği",Et Yemekleri,"[""3 adet yumurta"", ""2 yemek kaşığı süt"", ""1 yemek kaşığı nişasta"", ""1 çay kaşığı tuz"", ""1 çay kaşığı karabiber"", ""7 adet zeytin"", ""1 yemek kaşığı tereyağı""]","[""Nişasta ve sütü çırpıyoruz. Yumurtaları kırıp çırpmaya devam ediyoruz."", ""Hiçbir topak kalmayınca tereyağı hariç diğer malzemeleri de ekleyip karıştırıyoruz."", ""Tereyağını bir tavada eritiyoruz. Yağ kızınca karışımı tavaya döküyoruz. Eğer karışım tavada ince bir katman olmuşsa hiç çevirmeden pişirebiliriz ancak kalın bir katman oluşturmuşsa alt taraf pişince""]"
28604fcb-202f-4e36-8865-5b526f05d307,Dereotlu Mis Poğaça,Turkey,"Mis kokulu dereotlu poğaça, tam buğday unuyla hazırlanan sağlıklı ve lezzetli bir atıştırmalık",Börek & Hamur İşi,"[""3 su bardağı tam buğday unu"", ""2 adet yumurta (birinin sarısı üzerine)"", ""1 yemek kaşığı yoğurt"", ""1 su bardağı lor peyniri"", ""1 çay kaşığı tuz"", ""1 yemek kaşığı zeytinyağı"", ""1 paket kabartma tozu"", ""1 tatlı kaşığı keten tohumu""]","[""Derin bir kapta yumurta, yoğurt ve yağı karıştırıp homojen hale getirin."", ""Unu azar azar ekleyerek yoğurun. Un az gelirse biraz daha ekleyebilirsiniz."", ""Kalan malzemeleri de sırayla ekleyip iyice yoğurun."", ""Pişirme kağıdı serili tepsiye küçük toplar halinde dizin."", ""Üzerine yumurta sarılarını sürüp keten tohumu serpin."", ""170°C' de 20-25 dakika kadar pişirin.""]"
4d040bb8-0cfe-42ef-a42d-b4be220d2d5d,Fit Böğürtlen Reçeli,Turkey,Doğal tatlandırıcılarla hazırlanan sağlıklı ve lezzetli fit böğürtlen reçeli,Ana Yemek,"[""250 gram böğürtlen (kurutulmuş ya da dondurulmuş)"", ""1/2 çay bardağı su"", ""1,5 tatlı kaşığı chia tohumu"", ""1-2 damlalimon""]","[""Böğürtlenleri önce sıcak suda bekletelim."", ""Yumuşayan böğürtlenleri chia ve yarım çay bardağı su ile ocağa alalım."", ""Kaynamaya başlayınca altını kısalım."", ""Limon suyu ekleyerek bir taşım daha kaynatın."", ""Soğuttuktan sonra servis edebilirsiniz. Afiyet olsun.""]"
baab017b-49f9-49c0-a217-c921927b02bc,Şeftalili Soğuk Çay,Turkey,"Yaz aylarının ferahlatıcı içeceği, şeftalili soğuk çay ile serinleyin. Taze şeftalilerin tatlılığı ve demli çayın uyumuyla harika bir lezzet",İçecek,"[""7 adet şeftali"", ""2,5 litre su"", ""1/2 litre demli çay""]","[""Şeftalileri iyice yıkayıp doğrayalım."", ""Çekirdeği ile birlikte tencereye alıp üzerini geçecek kadar su ekleyelim."", ""15 dakika kaynatıp suyunu süzelim."", ""1 demlik çayı ve balı ekleyip karıştıralım."", ""Sağlıklı olması için bal tercih ettik ama dilerseniz şekerle de tatlandırabilirsiniz.""]"
d6123f5e-8fde-47cf-84d2-76c66f6ef2af,Çilekli Crumble,Turkey,Taze çileklerin ferin tatlısını badem unuyla hazırlanan kıtır crumble ile birleştiren pratik bir tatlı tarifi,Ana Yemek,"[""1-2 yemek kaşığı limon suyu"", ""1 yemek kaşığı bal"", ""1 yemek kaşığı un (badem unu kullandım)""]","[""Hamurun malzemelerini bir kap içerisinde yoğuruyoruz ve kırıntılanan bir hamur elde ediyoruz."", ""Fırın kabına çilekleri dilimliyoruz ve limon,bal,unu ekleyerek güzelce karıştırıyoruz."", ""Hamuru çileklerimizin üzerine bir rende yardımı ile rendeliyoruz ve üzeri kızarana kadar 180 derece fırında 15-20 arası pişiriyoruz."", ""1 top sade dondurma ile servis ediyoruz. Afiyet olsun.""]"
feffd711-d23a-45d5-9c10-efb5bce63804,Orman Meyveli Tart Kek,Turkey,Tatlı ve lezzetli orman meyveleriyle dolu pratik bir tart keki tarifi,Tatlı,"[""2 adet yumurta"", ""1 su bardağı (1 yemek kaşığı fazla) un"", ""1/2 su bardağı süt"", ""1/2 su bardağı şeker"", ""1/2 su bardağı sıvı yağ"", ""1 paket kabartma tozu"", ""1 paket vanilin""]","[""Kekimizin malzemelerini çırpıp 180 derece fırında 20-25 dakika pişirelim. Kremamızı yaparken malzemeleri ocağa almadan çırpalım, ocağa alıp göz göz olana kadar pişirelim."", ""En son vanilya ve beyaz çikolata ekleyip ocaktan alalım. Sosu yaparken paketin üzerindeki tarife göre hazırlayalım."", ""Kekimizi fırından aldıktan sonra kremamızı üzerine sıkalım. Kremanın üzerine hazırladığımız sosu dökelim. İsteğe göre üzerine beyaz çikolata eritip sıkalım. Afiyet olsun.""]"
fb27e625-fb66-4832-a2f0-6b3d79c1c245,Zeytinyağlı İç Bakla,Turkey,"Baharın taze lezzeti zeytinyağlı iç bakla, soğan ve unla hazırlanan hafif ve lezzetli bir zeytinyağlı yemek",Meze,"[""300 gram iç bakla"", ""1/2 yemek kaşığı un"", ""1 adet orta boy soğan"", ""4 yemek kaşığı zeytinyağı"", ""1 adet küp şeker"", ""1 tatlı kaşığı tuz""]","[""İç baklayı güzelce yıkayın. Soğanı yemeklik doğrayıp kavurun."", ""Kavrulan soğanın üzerine unu ekleyin ve 1 dk kadar kavurun. Baklaları ekleyin."", ""Tuz ve şekeri de ekleyin. Baklaların üzerini geçecek kadar sıcak su ekleyip kısık ateşte pişmeye bırakın."", ""Piştikten sonra ocaktan alın ve soğumaya bırakın."", ""Servis tabağına alın dereotunu da ekleyip karıştırın. Afiyet olsun.""]"
94339b39-5ceb-4ae1-b555-32b13e755bb3,Bardakta Pratik Tatlı,Turkey,"Bisküvi, krema ve şekerle hazırlanan pratik ve lezzetli bardak tatlısı",Tatlı,"[""1 paket bisküvi (tarçınlı, tereyağlı)"", ""1 adet sıvı krema"", ""1 çay bardağı toz şeker""]","[""İlk olarak bisküvilerimizi rondodan geçirip toz haline getiriyoruz."", ""Daha sonra kremamızı hazırlıyoruz. Bunun için 1 adet sıvı kremaya toz şekerimizi ilave edip mikser ile krem şanti halini alana kadar çırpıyoruz."", ""Orman meyvelerimizi de hazır edelim."", ""Bardaklarımıza ilk biraz tarçınlı bisküvi tozumuzu koyalım üzerine krema dökelim ve onun üzerine de orman meyvesi... Bu işlemi bardak dolana kadar tekrarlayalım. Diğer bardakları da aynı şekilde yapal""]"
d7889be1-8e94-427a-b339-704c761b048c,Sütlü İrmik Tatlısı,Turkey,"Tereyağlı irmiğin süt ve şekerle pişirilerek hazırlanan, üzerine fıstık veya ceviz ile servis edilen lezzetli bir tatlı",Tatlı,"[""500 mililitresüt"", ""4 tepeleme yemek kaşığı irmik"", ""3 yemek kaşığı şeker"", ""1 paket vanilin"", ""1 adet portakal kabuğu rendesi"", ""1-2 yemek kaşığı Hindistan cevizi rendesi"", ""1 tatlı kaşığı tereyağı""]","[""Süt, şeker, irmik bir tencereye alıp göz göz olana dek pişirin."", ""Ocaktan aldıktan sonra içerisine vanilya, tereyağı ve portakal kabuğu rendesi ekleyin."", ""Eğer kalıptan çıkarıp pasta gibi sunmak isterseniz ya silikon kalıp kullanın ya da kullanacağınız normal bir kalıbı streç filmle kaplayın."", ""Bir kat hazırladığınız muhallebiden bir kat bisküvi olarak katlar çıkın. (büyük bir kalıp kullanacaksanız ölçüleri *2 katına çıkarın) 4-5 saat buzdolabında dinlendirin."", ""Ganaj için krema kaynama noktasına gelene dek ısıtın ve ocaktan alın."", ""İçerisine bitter çikolata ekleyerek erimesini sağlayın."", ""Tatlınızın üzerine dökerek dilediğiniz meyvelerle süsleyerek servis edin. Afiyet olsun.""]"
b753d529-0c68-409e-87c7-64794e990ccb,Susamlı Çubuk,Turkey,"Susamlı çubuklar, çay saatlerinin vazgeçilmez lezzetli ve çıtır çıtır atıştırmalığıdır",Ana Yemek,"[""1 adet yumurta"", ""1 adet yumurta akı"", ""200 gram eritilmiş tereyağı ya da margarin"", ""2 silme yemek kaşığı yoğurt"", ""2 tepeleme tatlı kaşığı mahlep"", ""1 tatlı kaşığı tuz"", ""1 tatlı kaşığı kabartma tozu"", ""2 silme yemek kaşığı süt"", ""4 su bardağı un""]","[""Unu, kabartma tozunu,tuzu ve mahlebi derin bir kaba alıp karıştırın."", ""Eritilmiş tereyağını ya da margarini yavaş yavaş ekleyerek bir spatula ile karıştırın."", ""Homojen bir karışım elde edene kadar karıştırmaya devam edin."", ""Hamur toparlanmamışsa kulak memesi kıvamına gelene kadar un ekleyebilirsiniz."", ""Hamurdan ceviz büyüklüğünde parçalar koparıp avucunuzun içinde yuvarlayarak 10 cm'lik çubuklar elde edin."", ""Ayırdığınız yumurta sarısının içine 2 yemek kaşığı süt ekleyip karıştırın."", ""Çubukların üzerine bu karışımdan sürüp susama bulayın. 180 derece fırında 15 dakika pişirin.""]"
d5c71578-3e61-4772-bb37-bf616bc4824f,Patatesli Kek,Turkey,"Lezzetli ve pratik patatesli kek, hem doyurucu hem de hafif bir atıştırmalık alternatifidir",Tatlı,"[""2 adet yumurta"", ""1 tatlı kaşığı tuz"", ""1 su bardağı yoğurt"", ""1/2 su bardağı sıvı yağ"", ""1,5 su bardağı un"", ""1 çay bardağı peynir"", ""3 adet orta boy patates"", ""1 paket kabartma tozu""]","[""Patatesleri soyup dörde bölün ince ince doğrayın, yeşillikleri de ince ince doğrayın kenara alın."", ""Derin bir kapta yumurta ve tuzu köpürene kadar çırpın, üzerine sıvıyağ ve yoğurt ilave edip kısa süre daha çırpın. Un ve kabartma tozunu ilave edip biraz daha çırpın."", ""Ardından doğranmış sebzeleri de katıp spatulayla güzelce karıştırın. Katı yağ ile yağlanmış orta boy borcama eşit şekilde yayın üzerine çorek otu döküp 180 derece fırında üzeri kızarana kadar pişirin."", ""Piştikten sonra fırından alıp biraz dinlendirin. Dilimleyerek servis edin. Afiyetler olsun!""]"
bb6c3dfe-16e1-482a-a055-c23a03d28816,Çıtır Patates Topları,Turkey,"Haşlanmış patateslerden yapılan, baharatlarla lezzetlendirilmiş çıtır patates topları",Ana Yemek,"[""5 adet orta boy haşlanmış patates"", ""1 tatlı kaşığı tuz"", ""1 tatlı kaşığı toz kırmızı biber"", ""1 tatlı kaşığı karabiber""]","[""Haşlanmış patatesleri güzelce ezin. Tuz, karabiber ve toz kırmızı biber ilave edip güzelce karıştırın."", ""Patatesli harçtan elinizle ceviz büyüklüğünde toplar alın ve ortasını açın. Küp kaşar peynirlerini ilave edin."", ""Kapatın ve elinizle yuvarlayın. Bir tepsiye aralıklarla dizin ve buzdolabında 15-20 dakika kadar dinlendirin."", ""Çıkarıp önce unlu-nişastalı karışıma sonra yumurtaya ve ardından galeta ununa bulayın."", ""Tavaya sıvı yağı alıp yağı kızdırın. Hazırladığınız topları kızgın yağın içerisine dikkatli bir şekilde bırakın."", ""Arkalı önlü güzelce kızartın. Ardından bir kevgir yardımıyla çıkarın."", ""Fazla yağlarını süzdürmek için bir kağıt havlunun üzerine alın."", ""Biraz dinlendirdikten sonra dilediğiniz soslarla birlikte servis edin."", ""Bizde acı sos ve sarımsaklı yoğurt ile yendi. Afiyetler olsun.""]"
eecd14bb-2cab-478e-be35-c745ac0fa465,Muzlu Kakaolu Muffin,Turkey,"Muz ve kakao ile hazırlanan, çikolata severler için ideal, pratik muffin tarifi",Ana Yemek,"[""175 gram un"", ""1 paket kabartma tozu"", ""1 paket vanilin"", ""100 gram esmer şeker"", ""1/2 çay kaşığı tarçın"", ""115 gram tereyağı"", ""2 adet muz"", ""2 adet yumurta"", ""1/3 su bardağı süt"", ""1 su bardağı damla çikolata (birazı üzeri için ayrılacak)""]","[""Bir kasede un, kakao, tarçın, kabartma tozu ve vanilini eleyip karıştırıyoruz. Sonrasında şekeri de ekleyip bir kaşık ya da spatula yardımıyla karıştıyoruz."", ""Bir yanda tereyağını eritip soğumaya bırakıyoruz."", ""Muzları bir çatal yardımıyla ezip püre haline getiriyoruz."", ""Yumurtalar, süt ve eriyen yağı iyice çırpıyoruz. Karışım homojen olunca muzları da ekleyip karıştırıyoruz."", ""Sıvı karışımı yavaşça kuru karışıma döküp spatula yardımı ile karıştırıyoruz. En son damla çikolataları içerisine ekliyoruz ve son bir kez karıştırıyoruz."", ""Kaplara döktükten sonra tekrar üzerine birazcık çikolata serpiştiriyoruz. Önceden ısıtılmış 180 derece fırında 25 - 30 dakika pişiriyoruz. Afiyet olsun.""]"
8708ffc1-e694-4e3b-bb09-d60e30c6fe6c,Fındıklı Güllaç,Turkey,"Geleneksel Ramazan tatlısı fındıklı güllaç, ferinlatıcı lezzetiyle damakları şenlendirir",Ana Yemek,"[""2,5 su bardağı süt"", ""2 adet güllaç yaprağı"", ""1 adet vanilya"", ""2 büyük su bardağı fındık kırığı"", ""1,5 çay bardağı şeker""]","[""Öncelikle ocağımıza sütü, şekeri ve yarım paket vanilyayı koyup kaynatmadan, şeker eriyene kadar ısıtıyoruz."", ""Daha sonra sütümüzü ılıklaştırıyoruz, güllaç yapraklarımızı ortadan ikiye kesiyoruz ve parlak kısmı arkada kalacak şekilde süt ile güzelce ıslatıyoruz."", ""Uzunlamasına olan kısma fındık içini güzelce yerleştiriyoruz ve önce uzun ince silindir gibi sarıp ardından gül şekli veriyoruz."", ""Daha sonra üstü kapalı bir kapta dolapta 4-5 saat dinlendiriyoruz ve yemeden önce yine süt ile ıslatıyoruz."", ""Daha sonra servis ederken tabakta hoş görünmesi adına çilek ve fıstıklarla gül şekli verir gibi süslüyoruz. Afiyet olsun.""]"
f72bbb6a-cb70-4729-889b-5e029e520b9a,Sıcak Çikolata,Turkey,"Kış aylarının en sevilen içeceği, bu basit ve lezzetli sıcak çikolata tarifiyle sizi ısıtacak",Tatlı,"[""250 mililitresüt"", ""1 yemek kaşığı kakao"", ""1 yemek kaşığı (silme) şeker"", ""2-3 adet marshmallow (opsiyonel)""]","[""Süt, kakao ve şekeri kahve cezvesinde pişirin."", ""Kaynadıktan sonra bitter çikolataları da ilave edip bardağa doldurun."", ""Üzerini marshmallow ile süsleyip afiyetle tüketin.""]"
afbd50cb-ef04-44c8-9998-32ec73e99f41,Yulaflı Dondurma,Turkey,"Sağlıklı ve lezzetli dondurma alternatifi. Sadece 3 malzemeyle hazırlanan bu yulaflı dondurma, hem doyurucu hem de ferahlatıcı bir tat sunar",Tatlı,"[""1 adet orta boy muz (donuk)"", ""5 adet orta boy çilek (donuk)"", ""2 yemek kaşığı yulaf"", ""1/2 su bardağı yulaf sütü"", ""1 paket vanilin"", ""1 tatlı kaşığı keten tohumu tozu""]","[""Bütün malzemeyi kuvvetli bir robotun içine koyun ve krema kıvamı alana kadar çekin."", ""Karışımı doğrudan servis edin ya da derin dondurucuya kaldırıp dilediğiniz zaman servis edebilirsiniz. Afiyet olsun.""]"
d8223b5e-41ec-46de-867f-402c08c9ebdc,Portakallı Tavuk Baget,Turkey,"Portakal ve limonun ferahlatıcı aromasıyla marine edilmiş tavuk bagetler, fırında mükemmel bir lezzete dönüşüyor",Et Yemekleri,"[""6 adet tavuk baget"", ""1/2 adet limon"", ""1 adet portakal"", ""2 çay kaşığı tuz"", ""1 çay kaşığı karabiber"", ""1 çay kaşığı zerdeçal"", ""1 tatlı kaşığı toz kırmızı biber"", ""1 adet portakal"", ""2 adet taze soğan""]","[""Tavukları meyvelerin suyu, sarımsaklar ve baharatlarla beraber pişirme torbasına alın ve harmanlayın."", ""Torbada bir kaç delik açıp havasını alın ve 200 derecede ısıtılmış fırında 40 dakika kadar pişirin."", ""Pişen tavukların altında biriken sosu süzün ve koyulaşana kadar kaynatın."", ""Tabağa portakal dilimleri dizin, tavukları üstüne dizin ve sosu gezdirin."", ""Son olarak ince kıyılmış taze soğanlarla süsleyerek servis edin. Afiyet olsun.""]"
fe37369d-89f1-4af1-9364-909f4ae49ec9,Tırtıl Poğaça,Turkey,"Tırtıl şeklinde hazırlanan yumuşacık poğaça, çay saatlerinin vazgeçilmezi",Börek & Hamur İşi,"[""2 su bardağı ılık süt"", ""1 su bardağı (bir parmak eksik) sıvı yağ"", ""1 yemek kaşığı toz şeker"", ""1 tatlı kaşığı tuz"", ""1 küçük paket kuru maya (1 yemek kaşığı)"", ""2 adet yumurta (sarıları üzerine)"", ""4-5 su bardağı un (kontrollü ekleyin)""]","[""Bütün malzemeleri derin bir kaseye alıp yoğuralım. Unu kontrollü ekleyelim."", ""Ele yapışmayan yumuşak bir hamur elde edelim. Kapağını kapatıp yarım saat mayalandıralım. Malzemelerin oda sıcaklığında olması, mayalanma süresini hızlandıracaktır."", ""Sonrasında yumurta büyüklüğünde parçalar koparıp yuvarlayalım."", ""Yuvarlak bezeyi genişletelim. Uç kısmına peynir koyup rulo yapalım. Tamamını yuvarlamadan uçlarını pizza ruleti veya bıçakla yarım cm aralıklarla keselim."", ""Hilal şekli verip tepsiye alalım. Tüm bezelere aynı işlemi yapıp tepsiye alalım ve mayalandırmaya bırakalım."", ""Yarım saat mayalanınca yumurta sarılarını sürün. Önceden ısıtılmış fırında, alt üst ayarda, 180 derecede, üzerleri kızarana kadar pişirin. Afiyet olsun.""]"
a4707717-2062-4390-9315-cfed59ab8065,Pırasalı Peynirli Frittata,Turkey,"Pırasa, patates ve havuçlarla hazırlanan lezzetli ve doyurucu bir frittata",Ana Yemek,"[""2-3 adet pırasa"", ""1 adet büyük boy patates"", ""2 adet havuç"", ""4 adet yumurta"", ""1 çay kaşığı karabiber"", ""1 çay kaşığı pul biber"", ""1 çay kaşığı tuz"", ""1 çay kaşığı sarımsak tozu"", ""3 yemek kaşığı zeytinyağı"", ""100 gram mozzarella peyniri""]","[""Patatesi ince dilimleyin ve zeytinyağında soteleyin."", ""Borcam ya da bir fırın kabını biraz yağlayın ve patatesleri dizin."", ""Pırasayı dilimleyip havucu rendeledikten sonra bunları da soteleyin ve patateslerin üzerine döküp yayın."", ""Yumurta ve baharatları çırpıp üzerlerine dökün."", ""Son olarak peynir ekleyin ve önceden ısıtılmış 180 derecelik fırında 20 dakika pişirin.""]"
923d7b5a-2fab-442f-8da9-83034a1f8676,Ayva Marmelatlı Kurabiye,Turkey,"Ayva marmelatlı kurabiye, tereyağıyla hazırlanan yumuşak dokulu ve ayva marmelatının tatlılığıyla harmanlanmış lezzetli bir tatlıdır",Ye,"[""65 gram Sütaş Tereyağı (oda sıcaklığında)"", ""1 adet küçük boy yumurta"", ""65 gram pudra şekeri (6 tepeleme yemek kaşığı)"", ""60 gram nişasta (6 tepeleme yemek kaşığı)"", ""2,5 gram kabartma tozu (1 tepeleme çay kaşığı)"", ""2,5 gram vanilin (1 tepeleme çay kaşığı)"", ""1 su bardağı (1 yemek kaşığı fazla) un (aldığı kadar)"", ""100 gram ayva marmelatı (1/2 su bardağı)"", ""2 yemek kaşığı pudra şekeri (üzeri için)""]","[""Hamur için, derin bir kasede Sütaş Tereyağı, yumurta, pudra şekeri, nişasta, kabartma, tozu ve vanilini karıştırın."", ""Üzerine aldığı kadar unu ilave edip yumuşak ve ele yapışmayan bir hamur elde edin."", ""Hamuru beze haline getirip üzerini kapatıp buzdolabında dinlendirin."", ""Sertleşmiş olan hamuru buzdolabından çıkardıktan sonra 3-4 dakika kadar yoğurun."", ""Hamuru tezgahta açın. Su bardağının ağzı veya bir çember kalıpla hamurdan yuvarlak şekiller çıkarın."", ""Orta kısmına bir miktar ayva reçeli ekleyip hamurun iki ucunun ortasını birleştirip şekil verin."", ""190 derece fırında 15 dakika pişirin. İlk sıcaklığı geçtikten sonra pudra şekeri serpiştirip servis edin. Afiyet olsun!""]"
c3980ced-a7f7-46d5-a717-50de8946435d,Elmalı Kek,Turkey,"Mis gibi kokan, yumuşacık dokulu elmalı kek tarifi. Çay saatlerinin vazgeçilmezi olacak bu pratik kek, hem çok lezzetli hem de yapımı kolay",Tatlı,"[""4 adet elma"", ""4 adet yumurta"", ""1 su bardağı toz şeker"", ""1 çay bardağı sıvı yağ"", ""1 çay bardağı su"", ""1 paket vanilya"", ""1 paket kabartma tozu"", ""2 su bardağı un"", ""1 yemek kaşığı tarçın"", ""1 su bardağı ceviz""]","[""4 adet elmamızı soyup dilimleyelim. 3 yemek kaşığı toz şeker ve 1 yemek kaşığı tarçını döküp iyice harmanlayalım."", ""4 yumurta ve 1 su bardağı toz şekeri iyice çırpıyoruz . Yağı ve suyu ilave edip çırpmaya devam edelim."", ""Ceviz içini, vanilyayı ,kabartma tozunu ve unumuzu ilave edip spatula ile iyice karıştıralım."", ""Dilimlediğimiz elmalarımızın bir kısmını 28 cm'lik kek kalıbımızın tabanına döşeyelim. Hamurumuzun yarısını üzerine dökelim. Elmalardan tekrar bir kısmını arasına döşeyelim."", ""Kalan hamuru üzerine döküp kalan elma dilimlerini en üste döşeyip 170 derece de 50 dakika pişirelim.""]"
cc3a1c37-abe2-49e1-a090-e5b9a578f461,Fit Muzlu Sandviç Bisküvi,Turkey,"Sağlıklı ve lezzetli fit muzlu sandviç bisküviler, doğal tatlandırıcılarla hazırlanan pratik atıştırmalıklar",Ye,"[""10 yemek kaşığı yulaf"", ""4 adet hurma"", ""4 yemek kaşığı bal"", ""Yarımçay bardağı ceviz"", ""1 tatlı kaşığı tarçın""]","[""İlk önce muzu ezip labne ile karıştırın ve dinlenmesi için buzluğa atın."", ""Alt taban için tüm malzemelerinizi robottan çekin. Yumuşak, yapışkan bir hal aldığında yağlı kağıt serilmiş bir tezgahta incecik acın. Bardakla kesin, dilerseniz yuvarlak kalıp da kullanabilirsiniz."", ""Hazırladığınız muzlu kremayı kestiğiniz alt tabana 1'er kaşık koyup üzerini yine kestiğiniz tabanla tamamlayın. Ve 1 saat dolapta dinlendirin."", ""Benmari usulü eritilmiş bitter çikolataya her bir parçayı bulayıp tekrar dinlendirin.""]"
b4220297-3cf8-40f6-97ce-000430d27135,Kırmızı Pancar Yemeği,Turkey,"Sağlıklı ve lezzetli kırmızı pancar yemeği, zencefil ve soğanla harmanlanmış eşsiz bir tat",Ye,"[""4 adet kırmızı pancar"", ""1 adet taze zencefil"", ""2 adet kuru soğan"", ""1 yemek kaşığı toz şeker"", ""1 tatlı kaşığı tuz"", ""1 tatlı kaşığı karabiber"", ""1 çay bardağı zeytinyağı""]","[""Pancarlarımızı güzelce yıkayıp soymadan halka halka, incecik dilimliyoruz. Soğanları piyazlık doğrayıp tencerenin tabanına diziyoruz."", ""Üzerine halka halka dilimlenmiş pancarlarımızı diziyoruz ve en üstüne bir kase vişneyi de ekliyoruz. Sırayla baharatları ekliyoruz, zeytinyağını da en son üzerine gezdiriyoruz."", ""En son dilimlediğimiz taze zencefili üzerine bırakıp ocağa alıyoruz. Yaklaşık 1 saat hiç karıştırmadan kısık ateşte pişmeye bırakıyoruz, afiyet olsun.""]"
95342a34-d0f1-4df4-8c88-9dd19675e646,Sütsüz Kurabiye,Turkey,"Sütsüz pratik kurabiye tarifi, çay saatleri için mükemmel bir seçim",Ye,"[""2 adet yumurta"", ""1 su bardağı toz şeker"", ""1 su bardağı sıvı yağ"", ""3 yemek kaşığı kakao"", ""3 - 3,5 su bardağı un"", ""1 paket kabartma tozu"", ""1 paket vanilin""]","[""Derin bir kap içerisinde yumurta ve şekeri çırpın. Şeker iyice erisin."", ""Üzerine diğer malzemeleri ekleyin."", ""Ele yapışmayan bir hamur yoğurun."", ""Hamurdan ceviz büyüklüğünde parçalar koparın. Fırın tepsisine dizin."", ""Önceden ısıtılmış 180 derecelik fırında 15-20 dakika pişirin. Afiyet olsun.""]"
eeb716ab-1579-4320-828b-a6c27197df40,Kaburga,Turkey,"Barbekü soslu dana kaburga, lezzetli ve kolay bir ana yemek tarifi",Ye,"[""420 gram dana kaburga"", ""5 gram deniz tuzu"", ""70 gram barbekü sos""]","[""Bütün olarak kestiğiniz dana kaburgayı, kemiğiyle birlikte parçalara ayırın."", ""Üzerine çekilmiş deniz tuzu kattığınız kaburgayı fırın tepsisine alın."", ""Çok az miktarda su ilave ettiğiniz kaburgayı, 100 derece fırında 6-7 saat kadar pişirin."", ""Kemiğinden ayrılacak derecede pişen kaburgayı üzerine barbekü sos sürdükten sonra ızgara üzerinde sos kuruyana kadar ters yüz edin."", ""Sosunu çeken dana kaburgayı, bekletmeden sıcak olarak servis edin.""]"
15b08681-429d-4832-81de-72b236582457,Bal Kabaklı Pide,Turkey,"Tatlı sevenlerin bayılacağı, cevizli şerbetli bal kabaklı pide tarifi",Ye,"[""8 adet hazır baklava yufkası"", ""100 gram iri kıyılmış ceviz içi"", ""1 su bardağı toz şeker"", ""4 yemek kaşığı ayçiçek yağı""]","[""Kabuğunu soyduğunuz kabakları bol suda duruladıktan sonra rendenin kalın tarafıyla rendeleyin."", ""1 yemek kaşığı ayçiçek yağını geniş tabanlı bir tavada kızdırın. Rendelenmiş bal kabaklarını, 1/2 su bardağı toz şeker ve ceviz içiyle birlikte 5 dakika kadar kavurduktan sonra soğuması için bir kenar"", ""Fırın tepsisine bir kat baklava yufkası serdikten sonra üzerini bir fırça yardımıyla yağlayın. Üzerine az bir miktar toz şeker serpin. Yufkalar dört kat olana kadar aynı işlemi tekrarlayın."", ""Hazırladığınız bal kabaklı iç harcı, eşit olarak yufkaların üzerine yayın. Kalan yufkaları aralarını yağlayıp, toz şeker serptikten sonra üst üste dizin."", ""Üst katına sadece ayçiçek yağı sürdüğünüz yufkayı kenar kısımlarından içe doğru kıvırarak böreğe son şeklini verin."", ""Hazırladığınız böreği önceden ısıtılmış 180 derece fırında üzeri nar gibi kızarana kadar yaklaşık 20 dakika pişirin. Fırından çıkan sıcak böreği, yufka katlarının çok fazla kırılmaması için keskin bir""]"
d12bf5a8-b49f-4de2-8f1b-cb06ce097039,Domatesli Galette,Turkey,"Zeytinyağlı hamuruyla hazırlanan, domateslerin lezzetini ön plana çıkaran pratik ve şık bir Fransız usulü turta",Ye,"[""2 su bardağı tam buğday unu (veya 320 gram beyaz un)"", ""75 mililitrezeytinyağı"", ""1 adet yumurta"", ""1 çay kaşığı tuz"", ""1 çay kaşığı keten tohumu"", ""1 çay kaşığı karabiber"", ""1 çay kaşığı kekik""]","[""Fırını 200 derece alt üst ayarda ısıtın."", ""Domatesleri dilimleyip bir kevgirde tuzlayın ki fazla suyunu atsın."", ""Hamurun tüm malzemelerini rondoya alın, rondo yoksa elle de olur. Hamurunuz toparlanmazsa biraz su ekleyebilirsiniz. Ben yaklaşık 2 yemek kaşığı su koydum."", ""Hamuru iki yağlı kağıt arasına alıp yuvarlak şekilde açalım."", ""İç harcı için domates hariç bütün malzemeleri rondoya alalım. Daha kolay bütünleşmesi için sıcak su ekleyebilirsiniz. Kenarlarından iki parmak boşluk kalacak şekilde harcı hamura dökelim."", ""Domatesleri dizelim. Yağlı kağıt yardımıyla kenarları katlayalım."", ""Kenarlarına yumurta sürelim, çörek otu ve susam ekleyelim. Domatesin üstüne biraz zeytinyağı ve karabiber dökelim."", ""Fırında tam 35 dakika, nar gibi kızarana kadar pişirelim. Afiyet olsun.""]"
b7220791-f957-4054-a2a9-7a1757899ab6,Nefis İrmik Helvası,Turkey,"Tereyağında kızartılan irmiğin sütle buluşmasıyla hazırlanan, nefis ve kıvamında bir helva tarifi",Ye,"[""2 su bardağı irmik"", ""1 su bardağı süt"", ""2 yemek kaşığı margarin""]","[""Öncelikle şerbeti hazırlayıp ocağa alıyoruz kaynaya kadar sütü ayrı bir kapta kaynatıyoruz."", ""Daha sonra bir tencereye önce margarini eritiyoruz. Daha sonra irmik ekleyip yüksek ateşte hiç durmadan kavuruyoruz kahverengi bir renk alana kadar."", ""Elinizde varsa ceviz badem ekleyebilirsiniz isteğe göre güzelce kavurduğunuz irmiğe şerbet ve sütü birlikte ekleyip yüksek ateşte karıştırıyoruz."", ""Bu arada dikkat edin sıçramasın eğer çok sıçrarsa kapağını kapatabilirsiniz ama mutlaka karıştırın. Şerbetler suyunu çekince ocağın altını kapatabilirsiniz. Sıcak servis edip üzerine badem yada tarcı""]"
3d266df4-2474-4a1b-a139-bdc68069314a,Bayatlamayan Pamuk Poğaça,Turkey,"Bayatlamayan, hafif ve lezzetli pamuk poğaça tarifi. Maden suyu sayesinde çok yumuşak ve uzun süre taze kalıyor",Ye,"[""1,5 su bardağı ılık süt"", ""1 su bardağı sıvı yağ"", ""1 çay bardağı maden suyu"", ""2 yemek kaşığı toz şeker"", ""1 tatlı kaşığı tuz"", ""1 paket kuru maya"", ""4 - 4,5 su bardağı un""]","[""Ilık süt, toz şeker ve kuru mayayı bir kabın içerisine aktarın ve güzelce çırpın."", ""Ardından sıvı yağ ve sodayı da ilave ederek güzelce karıştırın. Unu azar azar ilave etmeye başlayın. Tuzu da ekleyin."", ""Hamurunuzu yoğurmaya başlayın. Ele yapışmayan yumuşacık kıvamlı bir hamur elde edin."", ""Ardından hamuru streç filmle örtün. Oda sıcaklığında mayalandırmaya bırakın. 30 dakika kadar mayalandırın."", ""Ardından hamurunuzdan orta büyüklükte bezeler elde edin. Güzelce yuvarlayın. Üzerine yumurta sarısı sürün. Haşhaş serpin."", ""180 derecede ısıtılmış fırında üzeri kızarana kadar 25-30 dakika kadar pişirin. Piştikten sonra çıkarıp oda sıcaklığında dinlendirin. Ardından servis edin. Afiyetler olsun!""]"
7f84ead0-1ccd-4de0-a316-36f2ccce60c3,Tahin Pekmezli Kek,Turkey,"Tahin ve pekmezin muhteşem uyumunu keke döktüğümüz, pratik ve lezzetli bir tarif",Ye,"[""2 adet yumurta"", ""1 çay bardağı pekmez"", ""1 çay bardağı soda (maden suyu)"", ""3 yemek kaşığı tahin"", ""1 yemek kaşığı kakao"", ""1 paket kabartma tozu"", ""1,5 su bardağı tam buğday unu""]","[""Öncelikle büyük bir kapta yumurta ve pekmezi köpük köpük olana kadar güzelce çırpalım. Sonra soda ve tahini ekleyip tekrar çırpalım."", ""Kabartma tozu ve unu azar azar döküp karıştırmaya devam edelim. Harcın yarısını başka bir kaba aktaralım."", ""Diğer yarısına kakao ekleyip tekrar karıştıralım."", ""Küçük boy kare borcamın her yerini yağlayalım."", ""Borcamın tam ortasına bir kepçe sade kek harcından dökelim. Onun üzerine bir kepçe kakaolu kek harcından dökelim. Bu şekilde harç bitene kadar devam edelim."", ""Sonra bir kürdan yardımıyla yukarı aşağı yaparak ebruli şekli verelim."", ""Önceden ısınmış 175 derece fırında 20-25 dakika pişirelim. Fırından fırına değişebilir dikkatli pişirelim. Afiyet olsun.""]"
2f6d0905-021b-4a75-b71c-0ba4d591d798,Arpa Şehriyeli Ankara Tava,Turkey,Tereyağı ve sıvı yağda kızartılan arpa şehriyelerle hazırlanan pratik ve lezzetli Ankara Tava tarifi,Ye,"[""1,5 yemek kaşığı tereyağı"", ""1 yemek kaşığı sıvı yağ"", ""1,5 su bardağı arpa şehriye"", ""1 adet kapya biber (küçük küp doğranmış)"", ""1 çay kaşığı tuz"", ""1/2 çay kaşığı karabiber"", ""2 su bardağı et suyu (pişirdiğiniz incikten kalan)"", ""2 adet kuzu incik (düdüklüde pişirilmiş)"", ""2 adet domates (kabuğu soyulmuş, küp doğranmış)""]","[""Tereyağını ve sıvı yağı tencereye alın. Şehriyeyi kavurmaya başlayın. Kapya biberi ekleyip kavurun. Domatesleri ekleyip karıştırın."", ""Sarımsakları doğrayarak ekleyin. Tuz ve karabiberi ekleyin, pilavı karıştırıp düzleştirin ve pişirdiğiniz incikten kalan et suyunu ekleyin."", ""Kapağı kapalı bir şekilde pişmeye bırakın. Pişen pilavı tepsiye alıp yayın. Düdüklüde pişmiş inciği üzerine yerleştirin."", ""Önceden ısıtılmış 190 derece fırında 15 dakika suyunu güzelce çekene dek pişirin. Fırından çıkardıktan sonra bir süre demlenmesi için dinlendirin ve ardından sıcak olarak servis edin.""]"
bd08bd28-8453-42f1-aec6-0e6084822922,Çikolatalı Portakallı Kek,Turkey,"Portakalın ferahlatıcı aromasıyla zengin çikolatanın buluştuğu, yumuşacık dokulu nefis bir kek tarifi",Ye,"[""2 adet yumurta"", ""2 çay bardağı sıvı yağ"", ""1 su bardağı süt"", ""1,5 su bardağı toz şeker"", ""1/2 çay bardağı portakal suyu"", ""1 paket kabartma tozu"", ""1 paket vanilin"", ""2 su bardağı un"", ""1 adet portakal kabuğunun rendesi (ince rendelenmiş)""]","[""Yumurta ve şekeri köpük köpük olana kadar 5 dakika çırpın. Süt, sıvı yağ ve portakal suyunu ekleyip karıştırın."", ""Un, kabartma tozu ve vanilini eleyerek ekleyin. Portakal kabuğu rendesini de ekledikten sonra spatula yardımıyla güzelce karıştırın."", ""Karışımı kalıba dökün. Önceden ısıtılmış 180 derecelik fırında 40-45 dakika pişirin. Pişen keki soğuduktan sonra kalıptan çıkarın."", ""Bir sos tenceresinde kremayı ısıtın ama kaynatmayın. Isınan kremaya çikolataları ekleyin ve eriyinceye kadar karıştırın. Kekin üzerine çikolatayı yayın ve portakal dilimleriyle süsleyin. Dolapta dinle"", ""Çikolatalı portakallı kek tarifiniz hazır. Afiyet olsun!""]"
57c8c9f3-4eec-42d7-a709-787ae4186706,Tam Buğday Unlu Poğaça,Turkey,Lezzetli ve sağlıklı tam buğday unlu poğaça tarifi. Kolay hazırlanışı ve mis gibi kokasıyla sofralarınızın vazgeçilmezi olacak,Ye,"[""1 bardak ılık süt"", ""1 yemek kaşığı kuru maya"", ""2 silme tatlı kaşığı toz şeker"", ""1 silme tatlı kaşığı tuz"", ""5 bardak tam buğday unu"", ""1 bardak kuru domates"", ""1 çay bardağı ılık su"", ""1 çay bardağı sıvı yağ"", ""2 yemek kaşığı kekik"", ""1 adet yumurta""]","[""süt, su, şeker ve mayayı karıştırıp 5 dakika bekliyoruz. Kalan malzemeleri ekleyip iyice dokununca elinize yapışan yumuşak bir hamur elde edin. Sarıp mayalanmaya bırakın."", ""Daha sonra iki katına çıkan, mayalanan hamurunuzdan mandalina büyüklüğünde bezeler yapın tepsinize dizin."", ""İsterseniz yumurta sarısı sürebilirsiniz üstüne ama dediğim gibi ben tercih etmiyorum. 180 derece fırına atın, 25-30 dakika kadar pişirip kızarınca çıkarın. Dinlendirip servis edin. Afiyetler olsun!""]"
abf0afcc-3914-4590-abb0-998a9307b3e8,El Açması Patatesli Kol Böreği,Turkey,El açması hamurun içine harika patates harcı konularak hazırlanan lezzetli ve pratik bir börek tarifi,Ye,"[""3 adet orta boy patates (haşlanmış)"", ""1 yemek kaşığı biber salçası"", ""1 bardak sıvı yağ (ya da zeytinyağı)"", ""3 su bardağı un""]","[""İlk olarak patateslerimizi yıkayıp ortadan ikiye bölerek tencere koyup haşlayalım."", ""Ardından salça ve yağımızı tencerede kavuralım ve haşlanmış ve soyulmuş olan patatesi içine koyup ezelim ve baharatını atalım."", ""Hamurumuzu beze yapıp un ile açmaya başlayalım, bütün hamuru açtıktan sonra içine patatesimizi sepeleme şeklinde bastırmadan yayalım."", ""Ardından hamuru rulo şeklinde sarmaya başlayalım ve yağlanmış olan tepsimize koyup tekrar sarmal seklinde içeri doğru saralım."", ""Bütün hamurları bu şekilde etrafına dolayalım ve önceden ısıtılmış fırında 200° de pişirelim."", ""Böreğimizin üzeri kızarana kadar pişirdikten sonra çıkaralım ve servis edelim. Afiyet olsun.""]"
f3184dd2-3ac8-40a3-8357-a495fcc6303a,Karadutlu Pasta,Turkey,Lezzetli karadut sosuyla hazırlanan pratik ve sağlıklı pasta,Ye,"[""2 paket yulaflı bisküvi"", ""1 su bardağı fındık (fıstık, badem, ceviz vs de kullanabilirsiniz)"", ""2 adet olgun muz"", ""5-6 adet çilek"", ""5-6 adet kayısı"", ""1 çay bardağı damla çikolata"", ""4 adet kakule (ezilmiş)"", ""1 paket krem şanti""]","[""Alt taban için bisküvileri parçalayın, kuru yemişleri robottan geçirin, meyveleri minik minik doğrayın, diğer malzemelerle birlikte hepsini karıştırın, buzdolabına koyun."", ""Orta kat için krem şanti, su ve yoğurdu bir kaba alın, mikserle koyulaşana kadar çırpın, buzdolabına koyun."", ""Üst kat için küçük bir tencereye suyu, nişastayı ve şekeri alın. Kaynanana kadar karıştırın, dutları ilave edin, ara ara karıştırmaya devam edin. Dutlar hafif yumuşasın, rengi suyuna çıksın."", ""Limon suyunu ve tereyağını ekleyip karıştırın, 2-3 dakika kaynadıktan sonra ocağı kapatın. Kelepçeli kalıbınızın altına yağlı kağıt yerleştirin."", ""Alt taban için hazırladığınız harcı altına yayın. Onun üzerine krem şantili harcı yayın. En üste karadutlu harcı yayın. Afiyet olsun.""]"
24accbbf-a612-4fa7-b894-219134abd012,Çikolatalı Kup,Turkey,"Lezzetli çikolatalı kup tarifimiz, kremsi dokusu ve zengin tadıyla tatlı krizlerinize çözüm olacak",Tatlı,"[""5 su bardağı süt"", ""1 adet yumurta"", ""1 su bardağı toz şeker"", ""3 yemek kaşığı nişasta"", ""1/2 çay bardağı un"", ""1 tatlı kaşığı margarin"", ""1 paket krem şanti""]","[""Margarin ve krem şanti hariç tüm malzemeleri tencereye ekleyip karıştırıyoruz."", ""Daha sonra ocağın üstüne alıp orta ateşte koyulaşana kadar karıştırarak pişiriyoruz."", ""Bir taraftan çikolata sosu paket üzerinde yazan tarife göre pişiriyoruz."", ""Pişen muhallebiye margarini de ekliyoruz."", ""Biraz ılıdıktan sonra krem şantiyi direkt olarak muhallebiye ekleyip karıştırıyoruz."", ""Çikolata sosuna da paketteki çikolatayı parçalayıp ekliyoruz."", ""Sunum yapacağınız bardak ya da kasenin tabanına kedi dili bisküvisini kahveyle ıslatıp 2 parça koyuyoruz."", ""Üzerine muhallebiyi ekliyoruz."", ""Üzerine de çikolata sosunu ekleyip soğumaya bırakıyoruz. Afiyet olsun.""]"
db17f9d3-54dc-4380-816e-9c59c1605fc7,Şeftali Kayısı Erik Suyu,Turkey,Yaz meyvelerinin harika birleşimiyle hazırlanan ferahlatıcı ve vitamin deposu doğal meyve suyu,Ye,"[""4 adet şeftali"", ""10 adet kayısı"", ""4 adet erik"", ""2 adet çubuk tarçın"", ""1 adet karanfil (arzuya göre)"", ""10 su bardağı su"", ""1 su bardağı toz şeker""]","[""Meyveleri yıkayıp doğrayın."", ""Su, çubuk tarçın, karanfil ve şekeri ekleyip meyveler yumuşayana dek pişirin."", ""Tarçın ve karanfili alıp blender yardımıyla püre haline getirin. Kıvamı koyu gelirse su ilavesi yapabilirsiniz. Afiyet olsun.""]"
a350a0f1-4beb-4ce0-a0a3-ba18feb70c79,Çörek Tarifleri,Turkey,Soğuk çay ile hazırlanan pratik ve lezzetli çörek tarifleri,Ana Yemek,"[""Soğuk Çay""]","[""Her gün yemek yapıyor olmanın belki de en zor noktası hangi yemeği yapacağını uzun uzun düşünmek, evdeki malzemelere de uygun olarak \""Bugün ne pişirsem?\"" derdine çare aramaktır. Akşama ne pişirsem derdini ortadan kaldıracak, her bütçeye uygun yemek tariflerimiz karşınızda: Bugün Ne Pişirsem?"", ""'Yumurta haşlamakta ne var'' demeyin! Zamanın çok önemli rol oynadığı bir pişirme sürecinden bahsedeceğiz şimdi sizlere. Ocaklarınızın başında olun ve saatlerinizi ayarlayın. Mükemmel kıvamlı yumurtalar elde etmek için bunları bilmek şart: Yumurta Nasıl Haşlanır?"", ""Öğle ya da akşam yemeğine misafir davet ettiğinizde, çay saati davetlerinde \""Ben şimdi ne pişireceğim?\"", \""Nasıl bir menü hazırlamalıyım?\"", \""Misafire ne yapsam?\"" diye düşünenleriniz varsa birbirinden şık ve lezzetli tariflerimize buyur edelim: Misafir Menüsü""]"
b2849ac2-224f-48ad-a794-47cdb112163e,Narlı Avokado Salatası,Turkey,"Taze nar taneleri ve kremsi avokadonun mükemmel uyumu, zeytinyağı-limon sosuyla buluşan ferahlatıcı bir salata",Salata,"[""2 adet orta boy olgun avokado"", ""4 yemek kaşığı zeytinyağı-limon sos"", ""Etimek Tatlısı Tarifi"", ""Damla Çikolatalı Kurabiye"", ""Tatlı Tarifleri Spoonful Mozaik Pasta Çikolatalı Sufle İrmik Helvası Fırın Sütlaç Profiterol Revani Magnolia"", ""Kahvaltılık Tarifler Pancake Krep Pişi Kuymak Kaygana Kahvaltılık Sos Menemen Muhlama Yumurtalı Ekmek Omlet"", ""Omlet""]","[""Öncelikle maydanoz, dereotu gibi yeşilliklerimizi yıkayıp ince ince kıyıp servis tabağımıza alıyoruz. Ardından olgun orta boy avokadolarımızı küp küp doğrayıp tabağa ekliyoruz."", ""Üzerine yarım limonun suyunu ekliyoruz. 2 dilim tulum ve 1 dilim beyaz peynirimizi de küp küp doğrayıp servise ekliyoruz."", ""Ardından ayıklanmış nar tanelerimizle tabağımızı süslüyoruz. Afiyet olsun.""]"
898c8d31-bc06-446b-bb46-0d4392d9a10d,Air Fryer'da Sarımsaklı Ekmek,Turkey,Crispy garlic bread made in the air fryer with parmesan cheese and seasoning for a perfect appetizer or side dish,Börek & Hamur İşi,"[""1/4 su bardağı taze rendelenmiş parmesan peyniri"", ""1/4 çay kaşığı deniz tuzu"", ""1/4 çay kaşığı karabiber"", ""1/4 çay kaşığı kırmızı pul biber""]","[""Air Fryer'da Sarımsaklı Ekmek"", ""Somun ekmeğinizi yatay olarak ikiye kesin. Bir kapta yumuşatılmış tereyağını doğranmış sarımsak, ince doğranmış maydanoz, rendelenmiş parmesan peyniri ve deniz tuzu ile karıştırın."", ""Sarımsaklı tereyağını ekmek dilimlerinin her iki tarafına da eşit şekilde sürün. Air fryer’ınızı 180 dereceye ısıtın. Ekmek dilimlerini air fryer sepetine tek sıra halinde yerleştirin."", ""Ekmeklerin üzeri altın rengini alıp çıtırlaşana kadar 5-8 dakika pişirin."", ""Piştikten sonra sarımsaklı ekmekleri air fryer’dan çıkarın ve üzerine rendelenmiş parmesan peyniri ve kuru kekik serpiştirerek sıcak olarak servis yapın.""]"
cfcf578b-61a5-45b1-bb15-4c132a2d7d58,Karnabahar Graten,Turkey,Kıymalı karnabaharın béchamel sosla buluştuğu nefis bir lezzet,Sebze Yemekleri,"[""1 adet küçük boy karnabahar"", ""250 gram kıyma"", ""1 adet soğan"", ""2 yemek kaşığı salça"", ""1 tatlı kaşığı tuz"", ""1 çay kaşığı karabiber""]","[""Karnabaharları çiçeklerine ayırarak haşlayın."", ""Tavada kıymayı kavurun."", ""Ardından yağı ve küp küp doğranmış soğanları ilave edin."", ""Salçayı ve bir çay bardağı kadar suyu ilave edin. Baharatlarını ekleyip altını kapatın."", ""Sos için tereyağını eritip unu kavurun. Azar azar sütü ekleyip baharatlarını ilave edin."", ""Fırın kabınıza önce haşladığınız karnabaharı, ardından kıymalı sosu son olarak beşamel sosu ilave edin."", ""Kaşar peyniri rendesini ekleyip fırına verin. 180 derecede kaşar peyniri eriyene kadar pişirin."", ""Karnabahar graten tarifiniz hazır. Afiyetler olsun!""]"
ffa9fa66-9eb5-479f-89d6-db65b7f12f7d,Karamel Soslu Cheesecake,Turkey,"Karamelize sosla zenginleştirilmiş, kremsi dokulu ve damaklarda unutulmaz bir tat bırakan özel cheesecake tarifi",Ye,"[""400 gram yulaflı bisküvi"", ""100 gram tereyağı"", ""400 gram labne peyniri"", ""100 gram krema"", ""200 gram mascarpone peyniri"", ""150 gram pudra şekeri"", ""1 adet yumurta sarısı"", ""1 adet rendelenmiş limon kabuğu"", ""1 tatlı kaşığı taze sıkılmış limon suyu""]","[""Yulaflı bisküvileri küçük parçalar haline getirdikten sonra mutfak robotuna alın. Oda sıcaklığında beklettiğiniz tereyağı ile hamur haline gelene kadar karıştırın."", ""Cheesecake tabanı olarak kullanacağınız yulaflı bisküvili hamuru, kelepçeli bir tart kalıbının tabanına yayın. Üzerini bir spatula ya da ağırlık yardımıyla eşit olarak düzelttikten sonra kıvam alması"", ""Yumurta sarısı ve pudra şekerini ayrı bir kapta bir çırpıcı yardımıyla hızlıca karıştırın. Rendelenmiş limon kabukları ve taze sıkılmış limon suyunu ekledikten sonra karıştırma işlemini sürdürün."", ""Kreması için; sırasıyla karıştırma kabına aldığınız labne peyniri, mascarpone peyniri ve kremayı bir mikser yardımıyla pürüzsüz bir hal alana kadar çırpın."", ""Kelepçeli kek kalıbı tabanında bulunan bisküvi katı üzerine hazırladığınız kremayı eşit oranda yayın."", ""Mümkünse bir kapak ya da streç film ile üzerini kapattığınız cheesecake’i buzdolabına kaldırın. En az 6 saat kadar dondurun."", ""Karamel hazırlamak için; toz şeker, su ve taze sıkılmış limon suyunu derin bir sos kabına alın. Erimekte olan toz şekeri karıştırmadan sos kabını aralarda sallayarak şekerin karamelize olmasını sağlay"", ""Sütlü bonbon rengini alan şeker karışımına soğuk tereyağı katıp tahta bir kaşık yardımıyla karıştırın. Rengi koyulaşan ve kısık ateşte pişirmeye devam ettiğiniz karamel karışımına son olarak krema kat"", ""Kısık ateşte 2-3 dakika daha pişirdiğiniz karamel karışımını ocaktan alın. Sıcağı sıcağına cam ya da seramik bir kavanoza boşaltın ve kısa bir süre bekletin."", ""Derin dondurucudan çıkartıp dilimlediğiniz cheseecake'i servis tabağına alın. Ilınmaya başlayan karamel sosu üzerine gezdirip bekletmeden sevdiklerinizle paylaşın.""]"
d312a0c2-86ab-4ca8-b4d2-b1e88f102132,Sarı Mercimek Çorbası,Turkey,"Lezzetli ve doyurucu sarı mercimek çorbası, Türk mutfağının en sevilen klasiklerinden biridir",Çorba,"[""1 su bardağı sarı mercimek"", ""1 adet havuç"", ""1 adet patates"", ""1 adet kuru soğan"", ""1 tatlı kaşığı tereyağı"", ""1 tatlı kaşığı salça"", ""2 yemek kaşığı zeytinyağı"", ""1 çay kaşığı toz zencefil"", ""1 çay kaşığı zerdeçal"", ""1 çay kaşığı tuz"", ""1 çay kaşığı karabiber"", ""1 çay kaşığı pul biber"", ""1/2 çay kaşığı kimyon"", ""1/2 çay kaşığı köri"", ""4 su bardağı kaynar su (veya tavuk suyu)""]","[""Sebzeleri büyük küp parçalar halinde kesin, mercimeği yıkayıp süzün ve baharatlarınızı hazırlayın."", ""Tencereye zeytinyağını alın. Isınınca önce soğanı, biraz çevirdikten sonra da diğer sebzeleri ekleyin."", ""Sonrasında salça ve tereyağını ekleyin, güzelce eritin."", ""En son mercimekleri de ekleyip bir tur karıştırın."", ""Kaynar su veya tavuk suyunu ekleyin, fokurdayınca baharatları ekleyin. Altını biraz kısıp pişmeye bırakın."", ""Sebzeler pişip yumuşayınca pürüzsüz olana kadar blenderdan geçirin. Afiyet olsun.""]"
1001eeea-ddcd-4ae3-9fda-bf3cc1759c4a,Dolma ve Sarma Tarifleri,Turkey,Soğuk çay ile hazırlanan ferahlatıcı dolma ve sarma tarifleri,Ana Yemek,"[""Soğuk Çay""]","[""İncecik kabak çiçekleri, iç harcı ile buluşup harika bir uyum yakalıyor. Bu tarifle kabak çiçeği dolmasının lezzeti sofranıza taşıyabilirsiniz. Tarifi için: Kabak Çiçeği Dolması"", ""Kıymalı biber dolması, Türk mutfağının en sevilen ve lezzetli geleneksel yemeklerinden biri. Kıymalı biber dolması tarifi arayışındaysanız, size tam ölçülü bir lezzet sunuyoruz. Hem pratik hem de doyurucu olan kıymalı biber dolmasının sırrı burada: Kıymalı Biber Dolması Tarifi"", ""Kıyma, pirinç ve baharatlarla harmanlanır, ardından asma yapraklarına sarılır ve lezzetli bir sosla pişirilir. Etin doyuruculuğu ile yaprak sarmaların hafifliği mükemmel bir denge oluşturur. En iyisi bu tarifte: Etli Yaprak Sarma""]"
bac6ec9c-b4e9-40b7-b778-7570e0ee5fff,Çikolatalı Kruvasan,Turkey,"Lezzetli çikolatalı kruvasanlar, evde kolayca hazırlayabileceğiniz enfes bir kahvaltılık veya ara öğün seçeneği",Tatlı,"[""2 su bardağı ılık su"", ""1 paket maya"", ""5 yemek kaşığı şeker"", ""1 çay kaşığı tuz"", ""2 yemek kaşığı sıvı yağ"", ""5 su bardağı un""]","[""Çikolatalı kruvasanın hamuru için önce su, şeker ve mayayı karıştırarak aktive edin."", ""Sıvı malzemelerin ardından azar azar elenmiş unu ilave ederek yoğurun."", ""Hamuru yarım saat dinlendirdikten sonra 8 eşit parçaya bölün."", ""Tatlı tabağı büyüklüğünde açarak aralarına eritilmiş tereyağı sürün. Tüm katları yağlayıp üst üste koyun, en üst kata yağ sürmeyin."", ""Merdane yardımıyla açın. 16 eş parça olacak şekilde kesin."", ""Hamurların geniş kısmına çikolata ekleyerek sıkıca rulo yapın."", ""Fırın tepsisine dizerek önceden ısıtılmış 180 derece fırında 30 dakika pişirin."", ""Çikolatalı kruvasan hazır. Afiyet olsun.""]"
ca7cf7f5-eccd-4a17-bd03-7612c0ed5818,Çikolata Soslu Islak Kek,Turkey,"Lezzetli çikolata sosuyla kaplı, yumuşacık dokulu ıslak kek tarifi",Tatlı,"[""4 adet yumurta"", ""1,5 su bardağı toz şeker"", ""1 su bardağı süt"", ""1 su bardağı (2 parmak eksik) sıvı yağ"", ""4 yemek kaşığı (silme) kakao"", ""1 paket vanilin"", ""1 paket kabartma tozu"", ""2,5 su bardağı un""]","[""Öncelikle çikolata sosu yapmakla başlıyoruz.Kremayı kaynama noktasına kadar ısıtıyor veçikolataları ekleyip eritiyoruz. Daha katı kıvamlı sos için saatler öncesinden de yapılabilir."", ""Sosu kenara alıp keki yapmaya başlıyoruz. Şekeri ve yumurtaları kıvam alana kadar 5 dakika çırpıyoruz. Sıvıları ekliyoruz. Tüm kuruları eleyerek ekleyip bitiriyoruz."", ""Kek kalıbını katı yağla güzelce yağlayıp unluyoruz. Harcı kalıba alıp önden ısıttığımız 180 derece fırında 40 dakika kadar pişirmeye başlıyoruz. 30 dakikadan sonra kürdan testiyle kontrollü pişirebili"", ""Pişen keki en az 15 dakika ellemeyip soğutuyoruz. Soğuyan kekin kürdanla her tarafını delip sütü eşit şekilde gezdirip keki kalıptan çeviriyoruz. Çikolata sosun yarısını kekin üzerine gezdiriyoruz. Ka""]"
771647d9-eebf-4d9e-8e7c-38592de5da70,Bademli Hindistan Cevizli Tavuk,Turkey,"Badem ve hindistan cevizi ile harmanlanmış, çıtır çıtır lezzetli bir tavuk yemeği",Tavuk Yemekleri,"[""700 gram tavuk göğsü"", ""2 adet yumurta"", ""1 çay kaşığı tuz""]","[""Bademleri rondodan un kıvamında olana kadar çekiyoruz. Biraz iri ufaklı kalabilir"", ""Çekilmiş bademleri ve Hindistan cevizi baharatını bir kasede karıştırıyoruz."", ""Bir kapta yumurtaları çatal yardımıyla çırpıyoruz."", ""Tavuk gögüslerini ince ince kesiyoruz."", ""Tek tek yumurtaya batırdıktan sonra, badem ve Hindistan cevizi karışımımıza batırıyoruz."", ""Her yerine yapışmış şekilde, yağlı kağıt serilmiş fırın tepsimize tavuklarımızı diziyoruz."", ""Önceden ısıtılmış fırınımızda 180 derecede 45 dakika boyunca pişiriyoruz."", ""Sosumuz için: İki malzemeyi karıştırıp, servis ediyoruz. Afiyet olsun.""]"
3879adb1-1ee2-413d-9ad4-4c74015e1c99,Sebzeli Tavuk Çöp Şiş,Turkey,"Izgara sebzelerle harmanlanmış lezzetli tavuk şiş, pratik ve doyurucu bir ana yemek",Tavuk Yemekleri,"[""4 adet tavuk göğsü"", ""2 adet kırmızı biber"", ""2 adet yeşil biber"", ""3 adet kuru soğan"", ""3 yemek kaşığı zeytinyağı"", ""1,5 tatlı kaşığı tuz"", ""1 tatlı kaşığı toz kırmızı biber"", ""1/2 tatlı kaşığı karabiber"", ""1/2 tatlı kaşığı pul biber""]","[""Öncelikle fırınınızı turbo ayarda 200 dereceye ayarlayın."", ""Sebzeleri ve tavukları küçük kalmayacak şekilde doğrayın (yoksa fırında yanar)."", ""Tavukların üzerine baharatları, tuzu, zeytinyağını dökün, iyice karıştırın."", ""Tavuk karışımına sebzeleri de ekleyin, karıştırın. Fırın tepsinize yağlı kağıt serin."", ""Tavukları ve sebzeleri çöp şişe istediğiniz sırada dizin. Çöp şişleri tepsiye yerleştirin ve fırına verin."", ""15 dakika boyunca ön yüzünü pişirdikten sonra çöp şişleri ters çevirin. 15 dakika da diğer yüzünü pişirin."", ""Çöp şişler hazır! Deneyeceklere şimdiden afiyet olsun. :)""]"
50927899-6de4-4342-9bd9-5c10bffe452d,Pirinçli Kabak Sıyırma,Turkey,Taze kabakların pirinç ve soğanla buluştuğu lezzetli ve doyurucu bir Türk yemeği,Sebze Yemekleri,"[""3 adet kabak"", ""1 adet soğan"", ""2 yemek kaşığı pirinç"", ""1 yemek kaşığı limon suyu"", ""1 çay kaşığı tuz"", ""1 çay kaşığı karabiber"", ""2 yemek kaşığı zeytinyağı""]","[""Kabakları iyice yıkadıktan sonra kabuklarıyla birlikte soyacak yardımıyla sıyıra sıyıra uzunlamasına soyun."", ""Tencerenize yağınızı ve küp küp doğranmış soğanları alarak kavurun."", ""Daha sonra kabakları ekleyerek kavurmaya devam edin."", ""Pirinci ekleyin, 1 çay bardağı da su ilave ederek pişmeye bırakın."", ""Piştikten sonra biraz dinlendirin ve ılık bir şekilde servis edin. Afiyetler olsun!""]"
3259229b-ddd4-4b84-aea6-c3d4a790a1e2,Bal Kabaklı Krep,Turkey,Bal kabağı ile hazırlanan lezzetli ve besleyici krep tarifi,Sebze Yemekleri,"[""1 su bardağı süt"", ""1 çay bardağı un"", ""1 yemek kaşığı toz şeker"", ""2 tatlı kaşığı tarçın"", ""1 yemek kaşığı sıvı yağ""]","[""Bal kabağı haşlanır ve püre haline getirtilir."", ""Üzerine süt eklenerek çırpılır, sonra un, tarçın ve şeker de eklenerek karıştırmaya devam edilir."", ""Pürüzsüz hale gelince kaşık kaşık alınarak yağlanıp kızdırılmış krep tavasında pişirilir.""]"
7618b698-1944-45cb-bcb1-16969f93bf1c,Balık Tarifleri,Turkey,"Lezzetli balık tarifleri, yanında serinletici soğuk çay ve tatlı kravat için etimek tatlısı ile damla çikolatalı kurabiye sunumu",Balık & Deniz Ürünleri,"[""Etimek Tatlısı Tarifi"", ""Soğuk Çay"", ""Damla Çikolatalı Kurabiye"", ""Tatlı Tarifleri Spoonful Mozaik Pasta Çikolatalı Sufle İrmik Helvası Fırın Sütlaç Profiterol Revani Magnolia"", ""Kahvaltılık Tarifler Pancake Krep Pişi Kuymak Kaygana Kahvaltılık Sos Menemen Muhlama Yumurtalı Ekmek Omlet"", ""Omlet""]","[""Balık ile ilgili farklı lezzetler arayanlar, birbirinden pratik balık tarifleri ile sofralarına ayrı bir tat katabilir. Hamsi kuşu, palamut tava, fırında somon ve daha yüzlerce çeşit nefis ve kolay ta"", ""Balıkların en lezzetlilerinden olan somon, en çok fırına yakışıyor. Lezzeti doyumsuz, pratik bu tarif, kısa zamanda kahramanı olabileceğiniz en iyi balık tarifleri arasında yer alıyor. Yanında patates"", ""Izgarası yapılan, tavada da kızartılan çipurayı bu kez fırında pişiriyoruz. Hem suyunu kaybetmiyor hem de çok lezzetli oluyor. Fırında çipura tarifiyle nefis bir balık sofrası kuracak, yanına bir sala"", ""Deniz ürünlerinin belki de en lezzetlisi olan karides, sebzeler ile sotelendikten güvece giriyor ve fırında mis gibi pişiyor. Kaşar peyniri ve tereyağı da işin içine girince ortaya nefis bir yemek tar"", ""Fırında uskumru tarifi öylesine güzel ve sağlıklı bir balık seçeneği. Sosunda taze sıkılmış limon suyuyla birlikte portakal suyu bulunuyor. Bol yeşillikli bir salata eşliğinde doyasıya yeniyor, tadına"", ""Balığı seçmekle, pişirmekle kalmıyor mesele. Nefis bir balık sofrası kurmak için enfes eşlikçilere de yer vermeli. Balığın yanına ne gider diye sorular varsa aklınızda ya da mezesiz balık sofrası olma"", ""Evde balık pişirmenin zorlukları yok değil. Pişirmeye başlar başlamaz tüm evi saran kokusu mesela... Vakti gelen, tezgahlarda en çok gördüğümüz, tadını en çok sevdiğimiz balıkları alıyor, onları misle"", ""Her balığı zamanında yemeyi seviyor, onları en lezzetli zamanlarda bol bol tüketmekle yetinmeyip bir de en lezzetli halleriyle saklamak istiyorsanız buyurun böyle. Canınız her çektiğinde en sağlıklı ş""]"
9ada3d69-708c-421b-89aa-08900c6f538f,Çilekli Kırmızı Kadife Pasta,Turkey,"Çileklerin kırmızı kadife pastayla buluştuğu bu nefis tatlı, hem gözlerinizi hem de damak zevkinizi büyüleyecek",Tatlı,"[""1/2 kilogram çilek (yıkanıp sap ları kesilmiş ve kurutulmuş orta boy)"", ""1 su bardağı ılık süt"", ""1 yemek kaşığı sirke"", ""100 gram yumuşak tereyağı"", ""1 su bardağı toz şeker"", ""2 adet yumurta"", ""1/2 su bardağı sıvı yağ"", ""1 yemek kaşığı kakao"", ""1 yemek kaşığı kırmızı gıda boyası (su bazlı)"", ""1 paket vanilya"", ""2,5 su bardağı un"", ""1 paket kabartma tozu"", ""1 çay kaşığı karbonat"", ""1 tatlı kaşığı limon suyu""]","[""Önce sütün içine sirke katılıp karıştırılır ve 20 dakika bekletilir."", ""Tereyağı ve şeker mikserle çırpılır. Yumurtalar kırılıp çırpılır. Kesilmiş süt, sıvı yağı, kakao, gıda boyası, vanilya katılıp çırpılır."", ""Un eklenip biraz karıştırılır. En son limon suyu ile köpürtülmüş kabartma tozu ve karbonat katılıp karıştırılır."", ""Yağlı kağıt serilmiş 22 cmlik kelepçeli kalıba döküp ısıtılmış 180 derece fırında pişirilir."", ""Kek pişince soğumaya bırakılır. Kekin 3/2'si alt tarafı daha kalın olacak şekilde ikiye kesilir."", ""Üst parçası alınıp ufalanır. Servis tabağına kenarlarına yağlı kağıt koyulmuş kelepçeli kalıbın kenar koyulur."", ""Kekin alt kısmı yerleştirilir. İkiye kesilmiş iç kısımları dışa doğru bakacak şekilde çilekler kekin kenarlarına dizilir."", ""Pişmeyen krema için krem şanti, krema ve labne peyniri mikserle çırpılır."", ""Benmari usulü eritilmiş ılınmış beyaz çikolata ve Hindistan cevizi eklenip tekrar çırpılır."", ""Çilek dizilmiş kekin üzerine dökülüp düzlenir. Kremanın üzerine ufalanmış kekler yayılıp hafif bastırılır."", ""Streç filmle kapatılıp buzdolabında 1 gece dinlendirilir."", ""Ertesi gün kelepçesi ve kenardaki yağlı kağıt çıkarılıp servise sunulur. Deneyeceklere şimdiden afiyet olsun.""]"
b344135c-4009-4191-b34a-bdb2ea809dfb,Zeytin Salatası,Turkey,"Taze ve lezzetli zeytin salatası, nar ekşisiyle harmanlanmış fermete bir başlangıç",Salata,"[""1 adet kapya biber"", ""1 adet domates"", ""1 yemek kaşığı nar ekşisi"", ""2 yemek kaşığı zeytinyağı""]","[""Dereotu, taze soğan ince ince doğranır."", ""Domates minik minik doğranır."", ""Bir kaba zeytin ve doğradığımız malzemeler alınır."", ""Üzerine zeytinyağı tuz nar ekşisi gezdirilir."", ""İster içine ister üzerine ceviz konur. Afiyet olsun.""]"
d5cd91bd-3d43-4f21-93ff-944bb3751981,Haşhaşlı Unsuz Revani,Turkey,"Glutensiz ve pratik bir tatlı seçeneği olan haşhaşlı unsuz revani, şerbetli dokusuyla damakları şenlendirir",Tatlı,"[""3 yemek kaşığı sirke"", ""1/2 su bardağı pekmez"", ""1/2 su bardağı su"", ""1/2 su bardağı zeytinyağı"", ""1,5 su bardağı irmik"", ""6 yemek kaşığı haşhaş"", ""1 paket kabartma tozu"", ""1 paket vanilin""]","[""Revaninin keki için gerekli olan tüm malzemeleri bir kaba alın."", ""Küçük bir borcama dökün. Önceden ısıtılmış 180 derece fırında içini çekene dek yaklaşık 35 dakika kontrollü olarak pişirin."", ""Fırından aldıktan sonra 5 dakika bekletin. O sırada oda ısısındaki suyla pekmezi karıştırın ve sıcak revaninin üstüne dökün."", ""Oda ısısında soğuduktan sonra 1 saat kadar da buzdolabında bekletin ve dilimleyerek servis edin. Afiyetler olsun!""]"
b7c90ce9-7956-43c8-9fb9-e2b2e68f3145,Pastane Usulü Sütlaç,Turkey,Pastanelerdeki gibi kıvamında ve lezzetinde sütlaç tarifi. Üzeri fırınlanmış karamelize şeker ile servis edilir,Tatlı,"[""2 kilogram süt"", ""500 gram toz şeker"", ""3 yemek kaşığı nişasta"", ""1 adet yumurta"", ""1 su bardağı su (nişastayı inceltmek için)"", ""1/2 su bardağı pirinç"", ""1 paket vanilya""]","[""Öncelikle pirinç yıkanır ve haşlanır. Sütü uygun bir tencereye alıp şekeri de ekleyelim. Kısık ateşte kaynamaya alalım."", ""Diğer taraftan bir kaba yumurta, nişasta ve suyu alalım karıştıralım."", ""Kaynayan süte yavaş yavaş ekleyelim altını karıştırın ki tutmasın. Süt yoğunlaşacaktır."", ""Haşlanan pirinçlerin suyunu iyice süzdükten sonra onu da ekleyip karıştıralım ve en son vanilyayı ekleyip altını kapatalım."", ""Sütlacımızı dilediğiniz kaplara eşit ölçüde dolduralım. Derin bir fırın tepsisine dizelim."", ""Fırın tepsisine sıcak su ekleyip 200 derece fırında üzerileri kızarana kadar pişirelim.""]"
84f2eff6-9390-4624-bd4d-3502375aa85f,Bisküvili Manolya,Turkey,"Bisküvili Manolya, ferinle yoğrulmuş bisküviler ve krema ile hazırlanan hafif bir tatlıdır",Ana Yemek,"[""1 litre süt"", ""3 yemek kaşığı un"", ""2 yemek kaşığı nişasta"", ""1 su bardağı toz şeker"", ""1 adet yumurta sarısı"", ""1 paket krema"", ""1 paket vanilya"", ""1,5 paket tam buğdaylı bisküvi""]","[""Süt, şeker, nişasta, un ve yumurtayı iyice çırpın."", ""Ocağa alın koyulaşıp göz göz olunca ocaktan alın, vanilya ekleyin."", ""Karıştırarak soğumaya bırakın."", ""Bisküvileri rondodan geçirin. Muhallebi soğuduktan sonra kremayı ekleyip iyice çırpın."", ""Dilediğiniz gibi şekil verin ve soğuması için buzdolabına koyun. Afiyet olsun.""]"
e2217daf-ca8f-45de-bb2b-bcffac6e8baa,Pastırmaya Sarılı Turplu Köfte,Turkey,"Pastırmaya sarılı turplu köfte, lezzetli köftelerin pastırma ile sarılıp turşuyla sunulan enfes bir yemektir",Et Yemekleri,"[""500 gram köftelik kıyma"", ""120 gram pastırma"", ""1 yemek kaşığı hardal"", ""1 yemek kaşığı rendelenmiş turp"", ""1 adet yumurta"", ""50 gram krema"", ""1 tatlı kaşığı tuz"", ""1 çay kaşığı karabiber""]","[""Derin bir kabın içinde pastırma hariç tüm malzemeleri karıştırın ve güzelce yoğurun."", ""Baton bir kek kalıbının dibini ve kenarlarını yağlayın, pastırmaları kalıbın tüm zeminini ve yanlarını kapatacak şekilde yerleştirin."", ""Yoğurduğunuz köfte harcını pastırmayla kapladığınız kek kalıbına bastırarak yerleştirin."", ""Önceden ısıttığınız 165 derece fırında ilk önce 40 dakika pişirin, ardından ısıyı 225 dereceye çıkartın ve 15 dakika daha pişirin."", ""Pişirme süresinin sonunda kalıbı fırından alın ve biraz soğduktan sonra bir servis tabağına ters çevirin. Sıcak servis edin.""]"
4fdd4d86-5b6c-4bb1-ad03-1f5e362d0f09,10 Dakikada Muzlu Bisküvili Pasta,Turkey,"Pratik ve lezzetli muzlu bisküvili pasta, sadece 10 dakikada hazırlanır. Süt, muzlu puding ve petibör bisküvilerle yapılan bu tatlı, soğuk servis edilir",Tatlı,"[""1 litre süt"", ""2 paket muzlu puding"", ""2 paket petibör bisküvi""]","[""2 paket muzlu pudingi 1 lt sütü bir araya getirip kaynayana kadar karıştırın."", ""Kaynadıktan sonra biraz soğumasını bekleyin,ardından dört parçaya böldüğünüz bisküvileri içine alarak karıştırın."", ""Tezgaha streç film yayın ve harcın bir kısmını ortasına aktarın. Streçe güzelce sardıktan sonra elinizle piramit şekli verin ve dondurucuya atın. Buzlukta en az 3-4 saat dondurun."", ""Ardından streç filmden çıkarıp dilimleyin. Üzerini de eritilmiş beyaz çikolata, fındık ve fıstıkla süsleyerek servis edin. Afiyetler olsun.""]"
19eae5fa-52e3-4a2e-868e-f732e2a18a9b,Ağızda Dağılan Un Kurabiyesi,Turkey,"Kıvamında eriyen, hafif ve lezzetli un kurabiyesi tarifi. Bu kurabiyeler ağızda dağılan dokusuyla damaklarda unutulmaz bir tat bırakır",Ye,"[""250 gram tereyağı (oda ısısında yumuşamış)"", ""4 yemek kaşığı buğday nişastası"", ""1 su bardağı pudra şekeri"", ""3-3,5 su bardağı un""]","[""Un hariç tüm malzemeleri bir araya getirip karıştırın."", ""Azar azar unu ekleyin."", ""Hamurdan bir miktar alıp tezgaha uzunlamasına açın. Çatalla üstüne çizik atın."", ""180 derecede 20 dakika kadar pişirin."", ""Ağızda dağılan un kurabiyesi tarifiniz hazır. Afiyet olsun!""]"
fee18200-6fe0-4035-b06b-432a5e16dd63,Çilekli Parfe,Turkey,"Taze çilek ve kremanın harika birleşimiyle hazırlanan bu hafif ve lezzetli parfe, yaz aylarının vazgeçilmez tatlısı olacak",Ana Yemek,"[""300 gram çilek"", ""1 paket sıvı krema"", ""1 paket bisküvi"", ""1/2 su bardağı pudra şekeri"", ""1/2 çay bardağı fındık içi"", ""1/2 çay bardağı damla çikolata"", ""1/2 adet limonun suyu""]","[""Yıkanmış ayıklanmış çilekleri iri iri doğrayalım, bisküvileri iri iri parçalara bölelim."", ""Fındık içi ve damla çikolataları da ekleyip karıştıralım. Karıştırma kabında krema ve pudra şekerini çırpalım."", ""Bütün malzemeleri bu karışıma ilave edelim ve limon suyunu da ekleyelim."", ""Dilediğiniz bir kaba streç film serin içine karışımı koyun. Her yerini kapatıp dondurucuya alın ve 2 saat kadar bekletin. Afiyet olsun.""]"
0f8449a6-d0d2-4cd8-9bdd-3b994851258f,Kıtır Lavaş Üzeri Haydari,Turkey,Kıtır lavaşların üzerine hazırlanan nefis haydari ile pratik ve lezzetli bir atıştırmalık,Meze,"[""5 yemek kaşığı süzme yoğurt"", ""1 yemek kaşığı (tepeleme) tereyağı"", ""1 yemek kaşığı (tepeleme) nane"", ""1 çay kaşığı tuz"", ""1 çay kaşığı kekik""]","[""Minik bir sos tencerenin tereyağını eritin. Üzerine naneyi ekledim ve 1-2 tür çevirin."", ""İyice soğuduktan sonra süzme yoğurt, ezilmiş beyaz peynir ve baharatlarla buluşturun ve karıştırın."", ""Mezemiz servise hazır. Ben kıtır lavaşlarla servis ettim. Afiyet olsun.""]"
374b7d76-debc-4734-9677-74cc70ec849f,Altın Pankek,Turkey,"Altın rengi, lezzetli pankekler için basit ve hızlı tarif. Mükemmel kahvaltılık!",Tatlı,"[""2 adet yumurta"", ""2 yemek kaşığı toz şeker"", ""2 su bardağı süt"", ""2,5 su bardağı un"", ""1 paket kabartma tozu"", ""1 paket vanilin""]","[""2 adet yumurta ile 2 yemek kaşığı toz şekeri karıştıralım ve sırayla diğer malzemeleri de ekleyerek akışkan bir hamur elde edelim."", ""Pankek tavamızı ısıtalım ve kaşık yardımı ile pankeklerimizi dökelim."", ""Kısık ateşte göz göz olana kadar pişirelim. Sırasıyla aynı işlemi devam edelim. Afiyet olsun.""]"
2be3ac81-32c5-42b5-9dc3-5752f81bce95,Kolay Pandispanya,Turkey,Hafif ve yumuşak dokusuyla herkesin seveceği pratik pandispanya tarifi,Ana Yemek,"[""2 adet yumurta"", ""1 su bardağı toz şeker"", ""1 su bardağı süt"", ""4 yemek kaşığı sıvı yağ"", ""2 paket kabartma tozu"", ""2 paket vanilin"", ""3 su bardağı un""]","[""Yumurta ve şeker çırpılır."", ""Sıvı malzemeler eklenir ve karıştırılır."", ""Toz malzemeler un hariç eklenir."", ""Un elenerek kontrollü şekilde eklenir."", ""15-16 cm'lik yağlı kağıt konmuş kalıpta 180 derece önceden ısıtılmış fırında 50 dakika pişirilir. Afiyet olsun.""]"
510c8428-4c7e-4a47-985f-8270b8354b52,Erişte,Turkey,"Zeytinyağı ve tereyağı ile lezzetlendirilen, pratik ve doyurucu bir erişte tarifi",Ana Yemek,"[""2 su bardağı erişte"", ""1 yemek kaşığı zeytinyağı"", ""1 yemek kaşığı tereyağı"", ""3 su bardağı sıcak su"", ""1 çay kaşığı tuz""]","[""Tereyağı ve zeytinyağını geniş tabanlı bir tavada kızdırın."", ""Erişteleri katıp kısık ateşte renk alana kadar karıştırarak kavurun."", ""Eriştelerin üzerini hafif geçecek kadar sıcak su ve tuz ekleyip kısık ateşte yumuşayana kadar pişirin."", ""Suyunu çeken erişteleri tel tel olması için dinlendirin."", ""Servis tabağına aldığınız eriştelerin üzerine kıyılmış ceviz serperek servis edin. Afiyet olsun!""]"
469d6b4f-2d56-493e-bab1-218478145115,Brokolili Tavuklu Pilav,Turkey,Lezzetli brokoli ve didiklenmiş tavuk etiyle hazırlanan pratik ve besleyici bir pilav tarifi,Pilav & Makarna,"[""100 gram pirinç"", ""200 gram brokoli"", ""1 adet haşlanmış tavuk budu (didiklenmiş)"", ""1 yemek kaşığı zeytinyağı"", ""1 tatlı kaşığı tuz"", ""1 litre su""]","[""Pirinçleri soğuk suda nişastası akana kadar yıkayın ve süzün. Suyu kaynatın, tuzu ve pirinçleri ekleyip ara ara karıştırarak kısık ateşte pişirin."", ""Pirinçlerin yumuşamasına yakın ufak ufak doğranmış olduğunuz brokolileri de ekleyip 1-2 dakika daha pişirin ve ardından süzün. Pilav sıcakken haşlayıp didiklemiş olduğunuz tavuk parçaları ve zeytinyağ""]"
f53ac7d5-7db1-470d-a8bb-859d8511e3c4,Karpuz Tabanlı Cheesecake,Turkey,"Taze karpuzun ferahlatıcı lezzeti ile kremsi cheesecake'in mükemmel uyumu, yaz aylarının vazgeçilmez tatlısı",Ana Yemek,"[""250 gram tuzsuz lor peyniri"", ""150 gram labne peyniri"", ""2 yemek kaşığı bal"", ""1 adet limonun kabuğu""]","[""1 cm kalınlığında yuvarlak şeklinde kestiğiniz karpuz dilimini 20cm'lik kelepçeli kalıbın dibine yerleştirin."", ""Ayrı bir kapta peynirleri ve balı güzelce karıştırın."", ""Limonun kabuğunu ince rende ile rendeleyip peynirli karışıma ekleyin."", ""Peynirli karışımı karpuz tabanın üzerine güzelce yayın ve kalıbı dondurucuya koyun, 2 saat kadar dondurucuda bekletin."", ""Dondurucudan çıkardığınız kalıbın kelepçeli kısmını çıkarıp, üzerini dilediğiniz gibi süsleyerek afiyetle tüketin.""]"
a74b736d-4c20-4fde-8e62-2a40df845c5a,Çikolatalı Ekler,Turkey,"Lezzetli çikolatalı ekler tarifimiz, üç basit malzemeyle hazırlanan pratik bir tatlı seçeneği sunuyor",Tatlı,"[""1 su bardağı un"", ""1 su bardağı su"", ""11 yemek kaşığı margarin"", ""4 adet yumurta""]","[""Hamur için tencereye yağımızı koyarak başlıyoruz."", ""Yağ eriyince su ve tuzu ekliyoruz."", ""Su kaynamaya başlayınca unu ekleyip altını kapatıyoruz ve spatula yardımıyla iyice karıştırıyoruz."", ""Un tamamen karışınca altını açıp 1-2 dakika kısık ateşte karıştırarak pişiriyoruz."", ""Sonrasında altını kapatıp biraz karıştırıyoruz. Soğumasını bekliyoruz."", ""Eğer işlemi hızlandırmak istiyorsanız bir kaba alıp hamuru mikserle de karıştırabilirsiniz."", ""Hamur tamamen soğuyunca, mikserle karıştırmaya devam edip bir yandan tek tek yumurtaları içine kırıyoruz. Karıştırmaya devam ediyoruz."", ""Pürüzsüz bir kıvama gelen hamuru buzdolabında 1 saat bekletiyoruz."", ""Hamurun soğumasını beklerken pastacı kremamızı yapmaya başlıyoruz."", ""Tencereye un, şeker, tuz ve vanilin ekleyip bir yandan karıştırırken içine sütü ekliyoruz. Orta ateşte sürekli çırpıyoruz."", ""Kaynamaya başlayıp kıvam alınca, yumurta sarılarımızın üzerine 2-3 kaşık karışımdan ekleyip hemen çırpıyoruz."", ""Sonrasında yumurtalı kremayı tencereye ekleyip, 2-3 dakika daha pişirip altını kapatıyoruz."", ""Üzeri için kalıp çikolatalarımızı benmari usulü güzelce eritiyoruz."", ""Soğumuş hamuru dolaptan alıp sıkma torbamıza ekliyoruz. Yıldız uç kullanırsanız çok iyi olacaktır."", ""Uzun ve kalın bir parmak gibi tepsimize hamurumuzu tek tek sıkıyoruz.""]"
67170f1f-53f3-4d09-812f-bddd7c13fdb1,6 Aydan Büyüklere Ayva Tatlısı,Turkey,Bebekleriniz için sağlıklı ve lezzetli ayva tatlısı. Doğal tatlarla tanışın,Tatlı,"[""1 adet ayva"", ""1 su bardağı su"", ""1/3 adet elma""]","[""Ayva ikiye bölünerek içi temizlenir."", ""Üzerini biraz geçecek kadar suyla doldurulur ve pişirilir."", ""Elma rendelenir, tavada biraz pişirilir ve pişmiş olan ayvanın içi doldurulur. Afiyet olsun.""]"
cc7baaf1-4650-4356-9728-aa335f77c010,Kıymalı Pide,Turkey,"Lezzetli kıymalı pide, evde kolayca hazırlayabileceğiniz enfes bir lezzet",Ye,"[""1 su bardağı ılık süt"", ""1/2 su bardağı ılık su"", ""1 paket yaş maya"", ""1 tatlı kaşığı şeker"", ""2 tatlı kaşığı tuz"", ""2 yemek kaşığı tereyağı"", ""4 su bardağı un (aldığı kadar)""]","[""Öncelikle hamur için tüm malzemeleri bir araya getirip hazırlayım, mayalanması için 1 saat bekletelim. Beklerken iç harcını hazırlayalım."", ""İç harcı için ince kıydığımız soğan ve maydanozu kıymaya katalım ve diğer malzemeleri de ekleyip iyice karıştıralım. Mayalanan hamuru 10-11 bezeye ayırıp açmaya başlayalım."", ""Pide şeklinde açtığımız hamurun iç harcını doldurup kenarlardan ve uçlardan kapatalım. Üzerine yumurta ve yağ karışımından sürüp önceden ısıttığımız 180 derecelik fırında kızarana kadar pişirelim.""]"
5eaa0ea3-3b58-46ad-b5cf-d114c6a7e823,Barbekü Soslu Tavuk,Turkey,"Barbekü sosuyla marine edilmiş kemiksiz tavuk butu, kapya biber ve mor soğanla harmanlanmış lezzetli bir ana yemek",Tavuk Yemekleri,"[""400 gram kemiksiz but eti (iri kuşbaşı kesilmiş)"", ""2 adet kapya biber (halka doğranmış)"", ""1 adet mor soğan (piyazlık kesilmiş)"", ""3 yemek kaşığı sıvı yağ"", ""1/2 su bardağı barbekü sos"", ""1 çay kaşığı tuz (sos miktarınıza göre değişir)"", ""1/4 çay kaşığı karabiber"", ""1/2 çay kaşığı pul biber""]","[""Tavaya önce yağı ardından soğanları ekleyin. Biraz kavurduktan sonra biberleri ilave edin."", ""Biberleri de biraz kavurduktan sonra tavukları ekleyin."", ""Tavuklar ile birlikte sebzeleri güzelce kavurun. Tuzu, karabiberi ve pul biberi ekleyin."", ""Barbekü sosu ekledikten sonra sadece 1-2 kez çevirin ve ocaktan alın."", ""Yemeğiniz hazır, afiyet olsun!""]"
6c7423b4-fda3-40f7-8933-7dac7e29fa1c,Peynir Fondü,Turkey,"İsviçre ve Fransa'nın en lezzetli peynirlerinin birleşimiyle hazırlanan, sıcak ve akıcı fondü sosu",Ana Yemek,"[""250 gram fransız emmental peyniri"", ""200 gram isviçre gr uyer peyniri"", ""10 gram mısır nişastası (1/2 çay bardağı su ile karıştırılmış)""]","[""Emmental ve Gruyer peynirlerini rendenin kalın tarafıyla rendeleyin."", ""Beyaz şarabı bir tencereye aktarın. Kaynama noktasına gelene kadar orta ateşte bekletin."", ""Ocağın altını kısın ve rendelediğiniz peynirleri azar azar ekleyin. Tahta bir kaşık yardımıyla karıştırarak erimelerini sağlayın. Peynirlerin yanmasına asla izin vermeyin."", ""Aromasını vermesi için bu aşamada rendelenmiş muskat cevizini katın ve karıştırın."", ""Nişastayı kullanacağınız az miktarda su ile saydam hale getirin. Kirsch ile birlikte eriyen peynir karışımına ilave edin. 3- 4 kadar kısık ateşte karıştırarak pişirin."", ""Fondüyü servis edeceğiniz demir ya da seramik kabı kızdırdıktan sonra ortadan ikiye böldüğünüz sarımsaklar ile sıvayın. Bu sayede sarımsağın tüm aromasının servis kabına geçmesini sağlayın."", ""Homojen hale gelen karışımı, sarımsağın iştah açan kokusu ile kendinden geçen kızgın fondü kabına aktarın."", ""Fondü kabını set düzeneğinin üzerine yerleştirin. Altında yer alan küçük ocağı ateşleyin ya da mumu yakın."", ""Servisinde kullanmak üzere ayrı bir sepette ikram edeceğiniz fırınlanmış bayat ekmek dilimlerini uzun fondü çatallarının uç kısmına taktırıp, eriyen peynire batırdıktan sonra ılık olarak tüketin."", ""Damak tadınıza göre bir sürü seçenek ile servis edebileceğiniz, uzun sürecek bu lezzet deneyimini sevdiklerinizle paylaşın.""]"
15eda952-243d-4027-b3d3-517f04f266f8,Ekmek Hamurundan Pişi,Turkey,Bayat ekmek hamurundan lezzetli pişiler yaparak değerlendirebileceğiniz pratik bir tarif,Ye,"[""2 adet ekmek hamuru"", ""1 su bardağı sıvı yağ"", ""Etimek Tatlısı Tarifi"", ""Damla Çikolatalı Kurabiye"", ""Tatlı Tarifleri Spoonful Mozaik Pasta Çikolatalı Sufle İrmik Helvası Fırın Sütlaç Profiterol Revani Magnolia"", ""Kahvaltılık Tarifler Pancake Krep Pişi Kuymak Kaygana Kahvaltılık Sos Menemen Muhlama Yumurtalı Ekmek Omlet"", ""Omlet""]","[""Ekmek hamurlarından ceviz büyüklüğünde parçalar koparın."", ""Merdaneyle çok ince olmayacak şekilde açın. Bu işlemi elinizde yapabilirsiniz."", ""Tavaya yağı alın. Yağı iyice kızdırın. Pişileri arkalı önlü altın rengi alana kadar kızartın."", ""Yağdan süzdürerek alın ve sıcak sıcak servis edin. Afiyetler olsun.""]"
b8e3f7c1-625b-48b6-98a5-3360a5acf8bd,Düdüklüde Yumuşacık Et Kavurma,Turkey,"Düdüklü tencerede pişirilen, tereyağıyla lezzetlendirilmiş yumuşacık dana eti kavurması",Ye,"[""1 kilogram dana kuşbaşı eti"", ""1 adet soğan (doğranmış)"", ""2 yemek kaşığı tereyağı"", ""1 yemek kaşığı sıvı yağ"", ""1 tatlı kaşığı kekik"", ""2 çay kaşığı tuz"", ""1 çay kaşığı karabiber"", ""1 litre su (5 su bardağı)""]","[""Düdüklü tencerede yağları eritin. İyice ısındıktan sonra kuşbaşı etleri düdüklüye alın ve mühürleyin."", ""Etler suyunu salıp çekene kadar kavurun."", ""Etler suyunu çektikten sonra soğan ve sarımsağı ekleyin."", ""Son olarak baharat, tuz ve suyunu da ekleyip düdüklünün kapağını kapatın."", ""20 dakika orta ateşte, 30 dakika da kısık ateşte pişirin."", ""Yumuşacık etleriniz hazır. Afiyet olsun.""]"
fe46e29e-7273-4f85-aa70-85151f67b3e6,Hamsi Köftesi,Turkey,"Karadeniz'in lezzetli hamsileriyle hazırlanan, nefis köfteler. Hem pratik hem de doyurucu bir tarif",Ye,"[""500 gram hamsi"", ""1 adet kuru soğan"", ""1 adet yumurta"", ""3 su bardağı mısır unu"", ""1 çay kaşığı tuz"", ""1 çay kaşığı karabiber""]","[""Hamsileri temizleyin, kılçıklarını ayıklayın ve bol suyla yıkayın."", ""Kılçığı ayıklanmış hamsileri ince ince doğrayın ve derince bir kabın içerisine alın. Üstüne kuru soğanı rendeleyin ve diğer malzemeleri de ilave edip güzelce yoğurun."", ""Hazırladığınız karışımdan parçalar kopartın ve elinizle şekillendirin."", ""Bir kızartma tavasında iyice kızdırdığınız bolca ayçiçek yağında, köftelerin her iki tarafı da güzelce kızarana dek kızartın."", ""Sıcak sıcak servis edin.""]"
edaaf4e9-573a-4c00-937d-92661ffb1aac,Toyga Çorbası,Turkey,"Toyga çorbası, doyurucu buğday ve nohutun harmanlandığı geleneksel ve lezzetli bir çorbadır",Ye,"[""1/2 su bardağı yarma buğday (önceden suda bekletilmiş)(haşlanmış)"", ""1 su bardağı haşlanmış nohut"", ""6 su bardağı sıcak su"", ""2 yemek kaşığı un"", ""1 su bardağı süzme yoğurt"", ""1 adet yumurta sarısı"", ""1/2 tatlı kaşığı tuz""]","[""Tencereye önceden suda bekletilmiş, haşlanmış yarma ve nohutu ekleyip üzerine sıcak su ekleyin."", ""Bir kaseye yoğurt, tuz, yumurta ve unu koyun."", ""Birbirine karışana kadar çırpın."", ""Çorbanın suyundan biraz ilave edin ve karışımların ısısını dengeleyin. Daha sonra yoğurtlu karışımı azar azar çorbaya ilave edin. Çorbayı 15 dakika pişirmeye bırakın."", ""Ayrı bir küçük tavada tereyağını kuru nane ile birlikte kızdırın."", ""Çorbanın üzerine ekleyip servis edin. Afiyet olsun!""]"
2fb021fd-5029-41a9-89b1-efb0dc52b64e,Bal Kabaklı Pankek,Turkey,Lezzetli ve besleyici bal kabağı püresi ile hazırlanan yumuşacık pankekler,Ye,"[""200 gram bal kabağı püresi"", ""2 adet yumurta"", ""1 su bardağı süt"", ""1 yemek kaşığı tereyağı (eritilmiş)"", ""4 yemek kaşığı şeker"", ""2 su bardağı un"", ""1 paket kabartma tozu""]","[""Bal kabaklarını çok az suda haşlayın."", ""Haşlanan bal kabaklarını püre haline getirin. Bal kabak püresinin üzerine yumurta ve şekeri ekleyip çırpın."", ""Karışımın üzerine tereyağı, un ve kabartma tozunu ekleyip karıştırın."", ""Yanmaz yapışmaz tavaya karışımdan bir kepçe dökün."", ""Bal kabaklı pankek tarifiniz hazır. Afiyet olsun.""]"
db96d3a5-e411-42e9-92d4-3d7554d5af1c,Kaşarlı Patates Topları,Turkey,"Haşlanmış patateslerin içine kaşar peyniri eklenerek hazırlanan, çıtır çıtır lezzetli atıştırmalıklar",Ana Yemek,"[""5 adet haşlanmış patates"", ""1 çay kaşığı tuz"", ""1 çay kaşığı karabiber"", ""1 çay kaşığı pul biber"", ""1-1,5 su bardağı sıvı yağ (kızartmak için)""]","[""Patatesleri haşlayıp ezdikten sonra baharatlarla birlikte iyice yoğurun."", ""Elinize ceviz büyüklüğünde parçalar alıp ortasına kaşar peyniri koyun ve yuvarlayın."", ""Buzdolabında yarım saat bekletin."", ""Sırasıyla una, yumurtaya ve galeta ununa bulayıp kızartın. Afiyet olsun.""]"
57b69c86-faf5-407f-ae81-645d508b93ec,Narlı Chia Pudingi,Turkey,"Narlı chia pudingi, sağlıklı ve lezzetli bir tatlı alternatifidir. Chia tohumlarının jel kıvamını, taze nar taneleri ve tatlı yoğurtla birleştirerek hazırlayabilirsiniz",Ana Yemek,"[""2 yemek kaşığı chia tohumu (30 gram)"", ""1 yemek kaşığı süzme yoğurt"", ""1 yemek kaşığı bal (ya da 2 yemek kaşığı pudra şekeri)"", ""1 su bardağı süt (200 ml)""]","[""Bir kasede yoğurt ve balı (ya da pudra şekeri) karıştırın. Sütü ekleyerek pürüzsüz bir kıvama getirin."", ""Sütlü karışımı pudingi servis edeceğiniz kavanoz veya cam kaseye alın, içine chia tohumu ekleyip karıştırın. Servis kabını üzerini kapak veya streç filmle kapatarak buzdolabına koyun."", ""Chia tohumlarının topaklanmaması için bir saat sonra pudingi bir kez daha karıştırın. Kabın ağzını yine kapatarak üç saat kadar (ya da bir gece) buzdolabında saklayın."", ""Pudingi, üzerine nar tanelerini ekleyerek servis yapın.""]"
e1004429-eb95-4e02-8f0d-ee48978f0bc7,Dilimli Çıtır Börek,Turkey,"Çıtır çıtır dilimlenmiş börekler, hem pratik hem de lezzetli bir atıştırmalık",Ye,"[""3 adet yufka"", ""1/2 su bardağı sıvı yağ"", ""1/2 su bardağı su"", ""1 yemek kaşığı un"", ""1/2 yemek kaşığı sirke""]","[""Önce tavamıza kıymayı, rendelenmiş patatesi, ince doğranmış soğanı koyuyoruz ve rengi değişene kadar kavuruyoruz."", ""Rengi değişince tuz ve karabiber ilave edip soğumaya bırakıyoruz. iç harcımız hazır."", ""Başka bir kaba su, yağ, un ve sirkemizi koyup karıştırıyoruz."", ""Daha sonra düz bir zemine yufkamızın tekini seriyoruz. yarısına bu karışımdan sürüp diğer yarısını üzerine kapatıyoruz."", ""Tekrar yağlı karışımdan sürüyoruz. geniş kısmına uzunlamasına kıymalı harçtan koyup rulo şeklinde sarıyoruz."", ""Sulu karışımdan sürüp galeta ununa buluyoruz ve dilim dilim kesiyoruz. 200 derecede üzeri kızarana kadar fırınımızda pişiriyoruz.""]"
5e0f1ca1-3c79-46cf-861e-8d96c6e46d16,Çilekli Pasta,Turkey,"Taze çileklerle hazırlanan hafif ve lezzetli pasta, özel günleriniz için ideal tatlı seçeneği",Ye,"[""5 adet yumurta"", ""1,5 su bardağı toz şeker"", ""1/2 çay bardağı sıcak su"", ""1 su bardağı un"", ""1/2 su bardağı nişasta"", ""1 paket kabartma tozu"", ""1 paket vanilin""]","[""Pandispanya yapımı ile başlayalım. Yumurta sarılarını ve beyazlarını ayrı kaplara alalım. Dikkat edelim beyazına sarıları karışmasın."", ""Yumurta beyazı ve şekeri mikserin yüksek devirinde bir fiske de tuz ekleyerek iyice beyazlayana kadar 6-7 dakika çırpalım. Kabı ters çevirince akmayacak kıvamdaysa tamamdır. Onu kenara alalım."", ""Sarılarını ve şekeri de 5-6 dakika çırpalım. Mikser çalışırken sıcak suyunu da ekleyelim. Bu sayede şekerler eriyecektir."", ""Kuru malzemeleri de eleyerek yumurta sarılı olan karışıma ekleyip mikserle sadece karışana kadar 1 dakika kadar çırpalım. Mikseri kenara alalım. Spatula ile devam edelim."", ""Kenara ayırdığımız yumurta beyazlarını spatula ile diğer hamura ekleyip 2-3 seferde alttan üste yavaş yavaş karıştırarak yedirelim."", ""18-20 cm ebatındaki çember kalıbın tabanına ve kenarlarına yağlı kağıt serelim."", ""Harcımızı kalıba dökelim 200 derece fansız ayardaki fırında 5 dakika , daha sonra 150 dereceye düşürüp yaklaşık 40 dakika kadar pişirelim. Kürdan testi yapıp fırından alalım."", ""Kalıbı fırın telinin üzerine ters çevirip oda ısısında soğumaya bırakalım. Tamamen soğuyunca bıçakla keseceğiz. 2 veya 3 kat elde edebilirsiniz. Ben 3 katlı bir pasta yaptım."", ""Pastacı kremasına başlayalım."", ""Krema, krem şanti ve vanilin hariç tüm malzemeleri ocakta fokurdayana dek pişirelim. Başka bir kaba alıp üzerine streç film değecek şekilde kapatalım soğumaya alalım."", ""Buz gibi soğuk olana dek bekleyeceğiz. Krema ve krem şantiyi 1-2 dakika kadar çırpalım. Bekleyelim."", ""Diğer muhallebi iyice soğuyunca önce mikserle havalandıralım. Daha sonra krema ve krem şantiyi ekleyip son halini verelim. Pastacı kreması hazır."", ""Dışını da bu krema ile kaplayabilirsiniz ama ben farklı bir krema hazırladım."", ""150 gram benmari erimiş beyaz çikolatayı 200 gram sade fındık kreması ile 1 dakika çırpalım. 1 kutu kremayı da ekleyip 1 dakika daha çırpalım kapatalım."", ""Tüm pasta malzemeleri hazır oldu demektir.""]"
bf93fec2-be02-4726-9d5c-01b1ee6a4553,Midye Tadında Tavuk Şiş,Turkey,"Midye lezzetini andıran, tavuk kalçadan yapılan harika şiş kebabı tarifi",Tavuk Yemekleri,"[""1 kilogram tavuk kalça (kemiksiz)"", ""1 adet yumurta"", ""5 yemek kaşığı un"", ""1 yemek kaşığı tavuk baharatı"", ""1 tatlı kaşığı tuz"", ""1 tatlı kaşığı pul biber"", ""1 çay kaşığı köri""]","[""Derince bir kabın içine yumurtayı kırıp çırpalım. Un ve baharatları ekleyip soda ile bulamaç haline getirelim. Kuşbaşı doğranmış tavuk etlerini bu bulamaca bulayıp mümkünse buzdolabında iki saat veya"", ""Beklettikten sonra çöp şişlere takalım. Bir süre bu şekilde bekletelim. Bulamacın fazlası süzülsün."", ""Sıvı yağı tavaya koyup ısıtalım. Çöp şişleri çevirerek, altın sarısı renk alana kadar kızartalım. Kağıt havlu üzerine çıkarıp fazla yağını çektirelim."", ""Yanında servis edeceğimiz tarator sos için tüm malzemeleri karıştırıp çırpalım. Bu isteğe bağlı, dilerseniz yanında pilav ve salata ile de servis edebilirsiniz. Afiyet olsun.""]"
71114fe1-fa90-45df-aa28-fe61a69abdf0,Glutensiz Krep,Turkey,Glutensiz unla hazırlanan hafif ve lezzetli krep tarifi. Her öğünde keyifle tüketebileceğiniz pratik bir kahvaltı seçeneği,Ana Yemek,"[""1 su bardağı süt"", ""1 adet yumurta"", ""1 su bardağı glutensiz un"", ""1-2 damlasıvı yağ""]","[""Tüm malzemeleri çırpıp homojen bir karışım elde edin."", ""Tavanızı ısıtarak yağ sürün. Kepçe yardımıyla harçtan tavaya aktarın."", ""Önlü arkalı pişirin. Harç bitene kadar aynı işleme devam edin."", ""Glutensiz krep tarifiniz hazır. Afiyet olsun!""]"
e1f9f70e-9355-4cef-92f1-ba3ad859351e,Kakaolu Çikolata Parçalı Kurabiye,Turkey,"Lezzetli kakaolu çikolata parçalı kurabiyeler, çay saatlerinin vazgeçilmezi",Tatlı,"[""125 gram tereyağı"", ""1/2 su bardağı sıvı yağ"", ""1 su bardağı pudra şekeri"", ""1/2 su bardağı buğday nişastası"", ""3/4 çay bardağı kakao"", ""1 çay bardağı damla çikolata"", ""2,5 su bardağı un"", ""1 paket vanilya""]","[""Un ve çikolata hariç bütün malzemeyi karıştırma kabına alıp güzelce birbirine yedirerek karıştırıyoruz."", ""Unu yavaş yavaş ekleyerek bu karışıma yediriyoruz yumuşak ele yapışmayan kıvamda bir hamur olacak."", ""Kıvama gelen hamura en son olarak damla çikolataları ilave edip karıştırıyoruz."", ""Ceviz büyüklüğünde parçalar kopararak fırın tepsisine diziyoruz."", ""Önceden ısıttığımız 150 derecedeki fırında 15 - 20 dakika arası pişiriyoruz."", ""Fırından çıkardığımızda kurabiye yumuşak olacaktır 10 dakika bekledikten sonra tepsiden alabilirsiniz. Afiyet olsun efendim harika bir kurabiye yaptınız.""]"
98a301c6-aa49-4a8f-a979-f7551021cd95,Yulaflı Chia Puding,Turkey,"Sağlıklı ve doyurucu bir kahvaltı alternatifi olan yulaflı chia puding, besleyici özellikleriyle gününüze enerji katıyor",Ana Yemek,"[""1 su bardağı yulaf"", ""1 çay kaşığı tarçın"", ""1 su bardağı chia tohumu"", ""4 su bardağı süt"", ""5 tatlı kaşığı bal""]","[""Chia tohumunu süt ve 4 tatlı kaşığı bal ile karıştırın ve saklama kabına koyup dolaba kaldırın. Arada sırada çatal ile karıştırın ki chia tohumları yapışmasın. 1 gece dolapta bekletin."", ""Tavada önce fındıkları hafif kavurun daha sonra yulaf ezmesini ilave edin."", ""Yulafın rengi dönene kadar kavurun."", ""Tarçını ve 1 tatlı kaşığı balı en son ilave edip çok az daha kavurun. Afiyet olsun.""]"
d14b1d4c-4d40-4b11-b520-c46b7f004e00,Muzlu Mini Pankek,Turkey,"Sağlıklı ve pratik muzlu mini pankekler, kahvaltılar için mükemmel bir seçenek",Tatlı,"[""1-2 su bardağı yulaf"", ""1 adet yumurta"", ""1 adet küçük boy muz"", ""5 yemek kaşığı süt"", ""1 çay kaşığı kabartma tozu""]","[""Bütün malzemeleri randodan geçirin."", ""Yağladığınız pankek tavasına çay kaşığı ile küçük küçük dökün."", ""Tabağınıza alın ve dilediğiniz gibi süsleyin. Afiyet olsun.""]"
3587f37e-5938-4633-bb20-fd4776ac61a4,Püre Yatağında Mantarlı Sote,Turkey,Patates püresinin üzerinde sote edilmiş mantarların lezzetli uyumuyla hazırlanan doyurucu bir yemek,Ana Yemek,"[""3 adet patates"", ""6-7 adet mantar"", ""2 yemek kaşığı kuzu eti"", ""1 adet soğan"", ""2 adet kuru domates"", ""1 tatlı kaşığı nişasta"", ""1,5 su bardağı su"", ""2 yemek kaşığı soya sosu"", ""2 yemek kaşığı zeytinyağı""]","[""Patatesleri haşlayıp, soyup eziyoruz. Tuz ve karabiber ekleyip kenara alıyoruz."", ""Soğan ve sarımsağı doğrayıp yağda soteliyoruz, üzerine kuru domates, 1 adet mantar ve baharatları ekliyoruz. Yumuşayana kadar pişiriyoruz."", ""Üzerine 1,5 su bardağı su içinde erittiğimiz nişastayı ekleyip kaynayana kadar karıştırıyoruz. Kaynayınca soya sosunu da ekleyip kısık ateşte 20 dakika kadar pişmeye bırakıyoruz."", ""Pişen sosu blenderdan geçirip kenara alıyoruz."", ""Eti ayrı bir tavada soteleyip, üzerine kalan mantarları ekleyip baharatla tatlandırıyoruz."", ""Tabağa püre, sote ve sosu alıyoruz. Afiyet olsun.""]"
78091946-d517-4b62-9db8-038a4c528780,Kakiage,Turkey,"Kakiage, sebzelerin hafif hamurda kızartılmasıyla yapılan lezzetli bir Japon yemeğidir",Ana Yemek,"[""1 adet kırmızı soğan"", ""1 adet havuç"", ""1 adet kabak"", ""4 adet taze fasulye"", ""1 adet taze soğanın yeşil kısımları"", ""1 su bardağı un"", ""1 su bardağı buzlu su""]","[""Sebzelerimizin hepsini jülyen doğruyoruz."", ""Bir kapta buzlu su ve unu karıştırıyoruz."", ""Karışımı sebzelerimize ekliyoruz."", ""Sebze karışımından bir kaşık alıp kızgın yağa bırakıyoruz.""]"
79994991-7617-4444-af22-a133761d00f7,Meksika Pilavı,Turkey,"Meksika mutfağının lezzetli ve renkli pilavı, fasulye ve bezelyeyle zenginleştirilmiş özel bir tarif",Pilav & Makarna,"[""1 su bardağı pirinç"", ""1/2 su bardağı Meksika fasulyesi"", ""1/2 su bardağı bezelye"", ""1 adet soğan"", ""1/2 su bardağı mısır"", ""1 adet yeşil biber"", ""2 su bardağı su"", ""1 tatlı kaşığı salça (acılı)"", ""1 çay kaşığı tuz"", ""1 çay kaşığı karabiber"", ""1 çay kaşığı kimyon""]","[""Meksika pilavı için soğanıyağ eklediğiniz tencerede kavurun. Biberleri ince ince doğrayıp üzerine ekleyin."", ""Sarımsağı ve salçayı ekleyip kavurmaya devam edin. Pirinçleri ekleyin."", ""Üzerine bezelyeleri de ilave edin."", ""Suyunu koyun. Tuz ve baharatları ekleyip pişirin."", ""Pişen pilava mısır ve Meksika fasulyesini de ekleyip demlenmeye bırakın."", ""Demlenen Meksika pilavı tarifiniz hazır. Afiyet olsun!""]"
1abee020-3454-47f4-9b1b-c13f5ebd0ee3,Yeşil Zeytin Ezmesi,Turkey,Zeytinyağı ve kekiğin eşsiz lezzetiyle harmanlanmış yeşil zeytinlerden hazırlanan pratik ve lezzetli bir meze,Ana Yemek,"[""250 gram yeşil zeytin"", ""3 yemek kaşığı zeytinyağı"", ""1 çay kaşığı kekik"", ""1/2 çay kaşığı pul biber"", ""1/2 çay kaşığı kimyon""]","[""Yeşil zeytin ezmesi için çekirdeklerini çıkarttığınız yeşil zeytinleri rondoya alın."", ""Üzerine zeytinyağı, sarımsak ve baharatları ekleyin."", ""Püre haline gelene kadar çekin. Ezmeyi servis tabağına alın."", ""Üzerine zeytinyağı gezdirerek yeşil zeytin ezmesini servis edin. Afiyet olsun.""]"
af337fed-9b18-4bcc-ae06-e9e594bbf638,Zerdeçallı Kahvaltı Keki,Turkey,"Zerdeçallı kahvaltı keki, sağlıklı ve lezzetli bir başlangıç için ideal tarif. Pratik hazırlanan bu kek, enerji dolu bir kahvaltı seçeneği sunar",Tatlı,"[""2 adet yumurta"", ""2 yemek kaşığı yoğurt"", ""2 yemek kaşığı yulaf ezmesi"", ""2 yemek kaşığı yulaf unu"", ""3 çay kaşığı kabartma tozu"", ""1 çay kaşığı zerdeçal""]","[""Yumurta ve yoğurdu karıştırıp pürüzsüz olana kadar çırpalım."", ""Üzerine yulaf ezmesi, yulaf unu, kabartma tozu, tuz ve zerdeçalı ekleyelim ve un tortusu gidene kadar elimizle çırpalım."", ""Karışımı mini kek kalıplarına boşaltalım."", ""İçlerine küçük doğranmış olan kaşar peynirlerini atalım."", ""Üzerini çörek otu ile süsleyip önceden ısıtılmış 160 derece fırında yaklaşık 20 dakika pişirelim.""]"
ad298bd4-e261-494e-8067-7b39b5d47745,Yeşil Mercimekli Lahana Sarması,Turkey,"Yeşil mercimek ve bulgurun lezzetli buluşmasıyla hazırlanan, sağlıklı ve doyurucu lahana sarması",Sebze Yemekleri,"[""1 adet beyaz lahana"", ""1 su bardağı haşlanmış mercimek"", ""1 su bardağı bulgur"", ""1/2 su bardağı pirinç"", ""2 adet kuru soğan"", ""1/2 su bardağı zeytinyağı"", ""1 yemek kaşığı domates salçası"", ""1 yemek kaşığı biber salçası""]","[""Öncelikle lahanayı yapraklarına ayırıp tuzlu suda yumuşayana kadar haşlayıp kenara alıyoruz."", ""Bir kabın içine sarımsak ve soğanı yemeklik doğruyoruz. Üstüne haşlanmış mercimeği, yıkayıp süzülen bulgur ve pirinci ekliyoruz."", ""Diğer malzemeleri de tek tek ilave edip harcımızı karıştırarak hazırlıyoruz."", ""Kenarda beklettiğimiz lahanaları uzun şeritler halinde kesiyoruz ve hazırladığımız harçtan bir miktar koyarak muska şeklinde sarıyoruz. (şekilde çok takılmayın, dümdüz de sarabiliriz tabii ki)."", ""Tencereye düzgün bir şekilde diziyoruz. (Acı seviyorsanız kurutulmuş acı biberlerden de tencereye atabilirsiniz.) 2 yemek kaşığı kadar zeytinyağı gezdirip, üzerini geçecek kadar su koyuyoruz."", ""Önce yüksek ateşte pişirip suyu kaynayınca altını kısıyoruz. Kontrollü bir şekilde 1 saat kadar pişiriyoruz. Afiyet olsun!""]"
c3803f99-5de4-42a9-856a-6a20b0f7e832,Pembe Kısır,Turkey,"Pancar suyuyla renklendirilmiş, sağlıklı ve göz alıcı pembe kısır tarifi",Ana Yemek,"[""1 su bardağı pancar suyu"", ""1 su bardağı ince bulgur"", ""2 adet salatalık"", ""2 adet kornişon turşu"", ""1-2 adet pancar turşusu"", ""1/2 su bardağı mısır"", ""1/2 çay bardağı limon suyu"", ""1/2 çay bardağı sıvı yağ"", ""1 çay kaşığı tuz""]","[""Pancar suyu ısıtılır. İnce bulgurun üzerine eklenir ve ince bulgur soğuyana kadar üzeri kapalı bir şekilde bekler."", ""Malzemeler küçük küçük doğranır."", ""Soğuyan ince bulgurun içerisine tüm malzemeler eklenir. Sıvı yağ, limon suyu ve tuz eklenir karıştırılır. Afiyet olsun.""]"
32a90ce3-175c-43b3-8a59-c9369df5d759,Soya Soslu Sebze Çorbası,Turkey,"Lezzetli soya sosu ile harmanlanmış taze sebzelerden hazırlanmış, doyurucu ve besleyici bir çorba",Çorba,"[""1 adet kabak"", ""1 adet havuç"", ""1 adet soğan"", ""1/2 su bardağı pirinç"", ""2 yemek kaşığı soya sos"", ""1 yemek kaşığı balık sosu"", ""1 çay kaşığı tuz"", ""1/2 çay kaşığı karabiber"", ""1 yemek kaşığı tereyağı""]","[""Düdüklü tencerede iri doğranmış sebzeleri ve pirinci kavurun. Tuz ve karabiber ilave edip, üzerine 1,5 litre su ekleyip pişirin."", ""Pişen sebzeleri blenderdan geçirin. Balık sos ve soya sos ilave edip tereyağı ile bağlayın."", ""Doğranmış dereotu ilave edip karıştırın ve servis edin. Afiyet olsun.""]"
df1b55e9-63dd-4371-9a25-ad43621ce806,Fırında Çipura (Çupra),Turkey,"Fırında harika bir lezzet olan çipura, sebzelerle birlikte pişirilen sağlıklı ve lezzetli bir deniz ürünü yemeğidir",Balık & Deniz Ürünleri,"[""2 adet çipura (2 adet 500 gram lık)"", ""2 adet patates"", ""2 adet havuç"", ""2 adet soğan""]","[""Bir kasenin içine 2 yemek kaşığı zeytinyağı, 2 yemek kaşığı limon suyunu alalım. 2 diş sarımsak rendeleyelim. 1 çay kaşığı tuz ve 1 çay kaşığı kırmızı toz biber ekleyip karıştıralım."", ""Balıkların üzerine çizikler attıktan sonra balığın her yerine sosu sürelim. ( videoyu izlemenizi tavsiye ederim.)"", ""Fırın kabının tabanına soğan halkaları yerleştirip sosladığımız balıkları üzerine yerleştirelim. Sebzeleri de tuz ve zeytinyağı ilavesiyle tepsiye ekleyelim."", ""Önceden ısıtılmış 240 derece fırında 30 dakika pişirin.""]"
82e847bb-46ac-4d65-b5f1-be2d09273f38,Çıtır Kaşar Peyniri Çubukları,Turkey,"Çıtır kaşar peyniri çubukları, mısır cipsiyle kaplanmış ve kızartılmış lezzetli bir atıştırmalıktır",Ana Yemek,"[""250 gram kaşar peyniri"", ""1 paket mısır cipsi"", ""3 adet yumurta"", ""4 yemek kaşığı mısır unu"", ""4 su bardağı kızartma yağı""]","[""Mısır cipsini mutfak robotunda iyice çekin."", ""Kaşar peynirlerini iri dilimler halinde, dikdörtgen şeklinde porsiyonlayın."", ""Yumurtaları hafif çırpın."", ""Kaşar peynirlerini önce una sonra yumurtalı karışıma en son ciplere bulayın."", ""1-2 saat dondurucuda bekletin."", ""İyice kızmış yağın içinde iki yüzü de iyice kızarana kadar pişirin. İşte bu kadar, afiyet olsun!""]"
eff662da-b7fc-42a5-a853-fafa4e205c96,Renkli Muffin,Turkey,"Muz ve bal ile tatlandırılmış, lezzetli ve renkli muffinler. Kolay hazırlanan bu tarif hem pratik hem de çok lezzetli",Ana Yemek,"[""1 su bardağı (2 parmak eksik) süt"", ""1 adet muz"", ""4 yemek kaşığı bal"", ""2 adet yumurta"", ""1 çay kaşığı karbonat"", ""1 çay kaşığı şekerli vanilin"", ""1 su bardağı un"", ""20 damlagıda boyası""]","[""Bir kabın içinde yumurta ve balı çırpın. Süt, vanilin, karbonat ve muzu da ilave edip çırpmaya devam edin. Seçtiğiniz renk gıda boyasını ekleyin ve tekrar çırpın."", ""En son unu da dökün, karışımı spatula ile karıştırın. Muffin kalıplarına bölüştürün. Üstlerini damla çikolata ile süsleyin."", ""20 dakika kontrollü pişirin. Afiyet olsun.""]"
dc67b05f-8ade-456d-9070-b72b4929fbe6,Domates Püreli Sarımsaklı Ekmek,Turkey,Domates püresi ve sarımsakla harmanlanmış nefis bir ekmek tarifi. Pratik ve lezzetli atıştırmalık,Börek & Hamur İşi,"[""3 adet küçük boy baget ekmek"", ""3 yemek kaşığı domates püresi"", ""50 gram tereyağı"", ""1 çay kaşığı kekik"", ""1 çay kaşığı kırmızı toz biber""]","[""Sarımsaklar soyulup bir tavaya alınır. Zeytinyağı eklenir ve sarımsaklar kızarana kadar kızartılır."", ""Bir tabağa tereyağı, sarımsak, ince ince kıyılmış maydanoz, baharatlar ve domates püresi eklenir. Karışım iyice karıştırılır."", ""Baget ekmekler eşit iki parçaya ayrılır. Yağlı kağıt serili fırın tepsisine koyulur."", ""Hazırladığınız karışım ekmekleri sürülür ve peynir üzerine eklenir."", ""Fırında peynirler eriyene kadar pişirilir. Fırından çıkarıp servis edebilirsiniz. Afiyet olsun ❤️""]"
99f7678a-fc21-4380-a4bc-3548b6e957f3,Şekersiz Brownie,Turkey,Şekersiz ve sağlıklı lezzet şöleni! Tahin ve protein sütü ile besleyici brownie,Ana Yemek,"[""2 adet yumurta"", ""1/3 bardak tahin"", ""1/3 bardak kakaolu protein süt"", ""1/3 bardak zeytinyağı"", ""2/3 bardak keçiboynuzu unu"", ""1 su bardağı tam buğday unu"", ""1 çay kaşığı karbonat"", ""1 paket vanilya"", ""1 paket bitter çikolata (80 gram, %70 kakao oranı)"", ""1-1,5 yemek kaşığı ham kakao parça ları""]","[""Yumurta, tahin ve sütü bir kapta iyice çırpın. Ayrı bir kapta kuru malzemeleri bütünleştirdikten sonra, sıvı ve kuru malzemeleri bir araya getirin."", ""Karışımı yağlı kağıt serili kare bir borcama aktarıp yayın. Üzerini bitter çikolata ve ham kakao tanecikleriyle süsleyin."", ""180 derece fırında 20 dakika pişirin. Afiyet olsun.""]"
bcc7e531-b3a7-4241-89aa-68b0301b3714,Kahveli Puding,Turkey,"Kahve aromalı kremsi ve lezzetli bir tatlı. Kolay hazırlanan bu puding, kahve severler için mükemmel bir seçim",İçecek,"[""1 adet yumurta"", ""2 yemek kaşığı nişasta"", ""3,5 su bardağı süt"", ""4 yemek kaşığı toz şeker"", ""2 tatlı kaşığı gr anül kahve""]","[""Yumurta güzelce köpürene kadar mikser ile çırpılır."", ""Üzerine toz şeker eklenir tekrar çırpılır."", ""Diğer malzemelerde eklenerek çırpılır ve kısık ateşte katılaşana kadar topaklanmaması için çırpılarak pişirilir."", ""Başka bir küçük tavaya 1 çay kaşığı toz şeker eklenir ve karamelize edilir, rengi hafif kahverengiye dönen şekere 2 yemek kaşığı süt eklenir ve iyice karıştırılır."", ""Bu karışım kaselere eşit miktarda dağıtılır."", ""Üzerine de pişirdiğiniz pudingler yavaşça bir kepçe yardımıyla kaselerin ağzına kadar doldurulur."", ""Bir gün boyunca buz dolabında sakladıktan sonra bir tabağa ters çevirip isteğinize bağlı olarak üzerine de granül kahve parçaları dökerek servis edebilirsiniz. Afiyet olsun.""]"
3bbecd06-fc6f-4830-9283-8fde74c42598,Pırasalı Bal Kabaklı Mücver,Turkey,Pırasa ve bal kabağı ile hazırlanan lezzetli ve pratik bir mücver tarifi,Sebze Yemekleri,"[""1 adet yumurta"", ""3 yemek kaşığı un"", ""1 çay kaşığı kabartma tozu"", ""2 çay kaşığı toz kırmızı biber"", ""1 çay kaşığı karabiber"", ""2 çay kaşığı tuz"", ""1 çay kaşığı nane"", ""1 su bardağı sıvı yağ""]","[""Bir kaba rendelenmiş bal kabağını, doğradığımız pırasa ve maydanozu ekliyoruz."", ""Yumurtayı, unu, kabartma tozunu ve baharatlarını ekleyip iyice karıştırıyoruz."", ""Bir kaşık kadar harcından alıp kızgın yağa bırakıyoruz. İsterseniz fırında yağlı kağıdın üzerine koyup pişirebilirsiniz."", ""Yoğurt ile servis yapabilirsiniz.""]"
1e7a4e45-acbf-46a6-979e-cdc6142fc638,Pestolu Karnabahar Graten,Turkey,"Fırında harika bir lezzet olan pestolu karnabahar graten, kaşar peyniri ile buluşuyor",Sebze Yemekleri,"[""1 adet küçük boy karnabahar"", ""1 çay bardağı rendelenmiş kaşar peyniri"", ""2 yemek kaşığı un"", ""2 yemek kaşığı tereyağı"", ""300 mililitresüt"", ""1 çay kaşığı tuz"", ""1/2 çay kaşığı karabiber"", ""1/2 çay kaşığı rendelenmiş muskat cevizi"", ""2 yemek kaşığı pesto sos"", ""2 yemek kaşığı rendelenmiş parmesan peyniri""]","[""Karnabaharı buharda ya da suda haşlayın, biraz diri kalsın."", ""Beşamel sos için un ve tereyağını kısık ateşte kavurun, sütü yavaşça karıştırarak ekleyin."", ""Kaynamaya başlayınca tuz, muskat ve karabiberi ekleyin, kıvam alınca altını kapatın."", ""Pesto sos ve parmesanı ekleyin ve karıştın."", ""Bir kapta sos ve karnabaharı güzelce karıştın, pişirme kabına alın, üzerine kaşarı serpin."", ""200 derece ısıtılmış fırında üzeri kızarana kadar pişirin. Afiyet olsun.""]"
02a92e70-701d-4fb0-b2c5-b00f35532066,Bisküvili Meyveli Parfe,Turkey,Çikolata kaplı bisküviler ve taze meyvelerle hazırlanan ferahlatıcı ve lezzetli bir tatlı,Ana Yemek,"[""1 paket çikolata kaplı bisküvi"", ""1 adet muz"", ""10 adet çilek"", ""1 kahve fincan ı damla çikolata"", ""2 paket krem şanti"", ""1,5 su bardağı süt""]","[""İlk olarak krem şantiyi çırpalım. Sonra çikolata kaplı bisküvileri doğrayalım, krem şantiye ekleyip karıştıralım."", ""Muzu çileği doğrayalım, onları da ekleyelim."", ""Çikolatayı fındığı ekleyelim, güzelce karıştıralım."", ""Streç film serdiğimiz kek kalıbına koyalım ve düzeltelim ağzına da streç film çekip dondurucuya koyalım."", ""İyice donduktan sonra servis tabağına alalım (ben çikolata sosuyla süsledim istediğiniz gibi süsleyebilirsiniz)."", ""Dilimleyip servis edelim (istediğiniz meyveyi koyabilirsiniz kivi, kayısı, şeftali gibi). Afiyet olsun.""]"
95e5e4f3-d413-40e4-98bb-8b1c323d9995,Tavada Pratik Pizza,Turkey,Tavada hızlıca hazırlayabileceğiniz pratik ve lezzetli pizza tarifi,Ana Yemek,"[""2 adet yumurta"", ""1 çay bardağı yoğurt"", ""1 yemek kaşığı zeytinyağı"", ""1 çay kaşığı tuz"", ""2 çay bardağı un"", ""1/2 paket kabartma tozu"", ""2 yemek kaşığı ketçap"", ""2 yemek kaşığı su"", ""1 su bardağı kaşar peyniri"", ""4-5 çay bardağı konserve haşlanmış mısır""]","[""Yumurtalar yoğurt ve zeytinyağı ile hafif çırpılır."", ""Karışıma tuz, un ve kabartma tozu eklenir cıvık bir hamur elde edilecek."", ""Spatula yardımıyla önceden yağlanmış tavaya koyulur. Ocağın altı kısılır. Üstü göz göz olana kadar pişirilir."", ""Diğer tarafta ketçap sulandırılarak sos haline getirilir."", ""Tavadaki pizza hamuru kenara alınarak üzerine sos sürüldükten sonra kaşar peynirlerinin yarısı dökülür."", ""Sucuk, mısır, zeytin, biber eklenir."", ""En üstüne de kalan kaşar peynirleri eklenerek tava tekrar ocağa alınır ve kapak kapatılır peynirler eriyene kadar pişirilir. Afiyet olsun.""]"
ec458d70-ec91-4f0d-b7e0-b7fb15708454,Çikolatalı Islak Kek,Turkey,"Lezzetli çikolatalı ıslak kek, yumuşak dokusu ve bol çikolatalı sosu ile damaklarda unutulmaz bir tat bırakıyor",Tatlı,"[""4 adet yumurta"", ""2 su bardağı toz şeker"", ""2 su bardağı süt"", ""2 su bardağı un"", ""1 paket kakao"", ""250 gram margarin"", ""1 paket kabartma tozu""]","[""Margarini erit ve ılınmaya bırak."", ""Yumurta, şeker, süt, margarin ve kakaoyu iyice çırp."", ""Üzerine dökmek için karışımdan 1 su bardağı kadarını ayır."", ""Kalan malzemeye unu ve kabartma tozunu ekleyerek iyice çırp."", ""180 derece fırında 40 dakika pişir."", ""Keki fırından çıkarıp dilimle, 5 dakika dinlendirip sosu üzerinde gezdir. Afiyet olsun.""]"
817b3236-a180-4575-b801-2ea1668a6c7c,Bal Kabağı Tatlısı,Turkey,"Bal kabağının doğal tatlılığı ile şerbetin buluştuğu, geleneksel ve lezzetli bir tatlı",Tatlı,"[""700 gram bal kabağı"", ""1+1/3 su bardağı şeker"", ""1-2 damlalimon"", ""1 yemek kaşığı tahin""]","[""Kabakları dört dilim olacak şekilde keselim. Bir parmak uzunluğunda iki parmak genişliğinde keselim."", ""Ardından fırın kabımıza yerleştirip şekerini üzerine serpiştirelim ve en az 2 saat ağzı kapalı olarak bekletelim"", ""2 saatin sonunda şekerle özleşen ve suyunu salan kabaklarımıza ekstra su ilave etmeden, üzerini folyo ile kapatıp 180 derece fansız ayarda fırınımıza yerleştirelim."", ""1 saatin sonunda folyosunu açalım ve bir kaç damla limon sıkalım."", ""Üstü açık olacak şekilde 15 dakika daha pişirmeye devam edelim .Tatlımız hazır. Afiyet olsun.""]"
4f0431bb-8787-461c-bdfe-26f7d096a480,Patates Pizza,Turkey,Patates ve yumurtadan yapılan pratik ve lezzetli pizza tarifi,Ana Yemek,"[""3 adet patates"", ""2 adet yumurta"", ""1 çay kaşığı tuz"", ""1 çay kaşığı karabiber"", ""1 çay kaşığı kırmızı toz biber"", ""1-2 yemek kaşığı sıvı yağ""]","[""Patatesleri rendeleyip suyunu sıkın yumurtaları ve baharatları ekleyip karıştırın. Tavaya sıvı yağ dökün ve patates harcını dökün kısık ateşte 6-7 dakika pişirin."", ""Daha sonra diğer tarafını çevirin ve üzerine rendelenmiş kaşar, biber, sosis, domates ve mısır ekleyin ve tavanın kapağını kapatıp 6-7 dakika daha kısık ateşte pişirin. Sunum tabağına alın ve dilimley""]"
f0efc9da-de4a-4c3b-a2a0-e0c6dba6ba83,Bulgursuz Mercimek Köftesi,Turkey,"Sağlıklı ve lezzetli bulgursuz mercimek köftesi, protein deposu bir atıştırmalık",Pilav & Makarna,"[""1 su bardağı kırmızı mercimek"", ""1 adet büyük boy soğan"", ""1 çay kaşığı kimyon"", ""1 çay kaşığı tuz"", ""1 çay kaşığı karabiber"", ""5-6 yemek kaşığı zeytinyağı"", ""2 yemek kaşığı biber salçası"", ""7-8 adet yeşil soğanın yeşil kısmı"", ""2 su bardağı su""]","[""Kırmızı mercimeği güzelce yıkayıp bir tencerenin içerisine alın."", ""Üzerine 2 su bardağı su ilave edin, kısık ateşte mercimek suyunu çekip pişine ve katı bir püre kıvamına gelene kadar pişirin. Bu aşamada önemli olan şey mercimeğin katı bir püre kıvamına gelmesi. Ardı"", ""Ilıdıkça mercimekler daha da katı bir hale gelecektir."", ""Bu sırada bir tavanın içerisine ince doğranmış soğanları ve zeytinyağını alın. Hafifçe kavurun. Ardından içerisine salça ilave ederek kavurma işlemine devam edin."", ""Kavurılmuş soğanlı karışımı mercimeklerin üzerine aktarın ve güzelce karıştırın. Sıcaklığı geçtikten sonra içerisine ince kıyılmış maydanoz, yeşil soğanı, tuz ve baharatları ilave ederek güzelce yoğur"", ""Ardından ceviz büyüklüğünde parçalar alıp dilediğiniz biçimde şekil verin. Bol limon ve marulla servis edebilirsiniz! Afiyetler olsun.""]"
7567b164-f63d-4bd1-96b1-4af773435596,Çikolatalı Portakallı Kek,Turkey,"Portakalın taze ferahlatıcı aromasıyla zengin çikolatanın buluştuğu, yoğurtlu kek tarifi",Ye,"[""3 adet büyük boy yumurta"", ""1 su bardağı şeker"", ""1 su bardağı yoğurt"", ""1 su bardağı sıvı yağ"", ""1 paket vanilin"", ""2 paket kabartma tozu"", ""2 su bardağı un"", ""2 adet portakal"", ""1 su bardağı damla çikolata (1 su bardağı ndan daha az olacak.)""]","[""Yumurta ve şekeri köpürüp şeker eriyinceye kadar çırpın."", ""Sırasıyla yoğurt ve sıvı yağı da ekleyip çırpın. Un, kabartma tozu ve vanilini de ekleyip çırpmaya devam edin."", ""Çırpma işlemi bittikten sonra 2 adet portakalın kabuklarını rendeleyin, damla çikolataları da ekleyip spatulayla karıştırın."", ""Yağlanmış kek kalıbına dökerek önceden ısıtılmış fırında 45 dakika pişirin. Afiyet olsun!""]"
a15d8322-24e8-46d2-9a91-979f2fbe99a2,Asya Usulü Patlıcan Üzerinde Tabule,Turkey,Asya usulü hazırlanan patlıcanın üzerine ferahlatıcı tabule sosuyla servis edilen lezzetli ve sağlıklı bir tarif,Sebze Yemekleri,"[""1 adet patlıcan"", ""2 yemek kaşığı sıvı yağ"", ""1/2 çay kaşığı tuz"", ""4 yemek kaşığı soya sos"", ""1 yemek kaşığı susam yağı"", ""1 tatlı kaşığı taze zencefil (rendelenmiş)"", ""1 yemek kaşığı toz şeker""]","[""Patlıcanı ortadan ikiye uzunlamasına kesin ve içine ufak bir bıçakla baklava şeklinde çizikler atıp hafifçe tuzlayın."", ""Patlıcanları çok az sıvı yağ ile tavada önlü arkalı olarak sadece renk alana kadar yüksek ateşte kapağı kapalı olarak mühürleyin."", ""Sos için ufak bir kasede soya sos, susam yağı, şeker, sarımsak ve zencefili karıştırın."", ""Patlıcanları ufak bir tepsiye alın ve sosu üstlerine gezdirin."", ""Soslanmış patlıcanları 200 derecelik sıcak fırında yumuşayana kadar pişirin.""]"
26f7546d-344c-4d71-9ce0-1e440b5e3f71,Kahveli Fit Puding,Turkey,Üzüm pekmezinin tatlılığı ile kahvenin yoğun aromasını birleştiren sağlıklı ve lezzetli bir tatlı,Ye,"[""750 mililitresüt"", ""125 mililitreüzüm pekmezi"", ""2 yemek kaşığı pirinç unu"", ""2 yemek kaşığı nişasta"", ""2 yemek kaşığı gr anül kahve""]","[""Pekmez dışındaki tüm malzemeler tencereye eklenir. Kısık ateşte kaynayıncaya kadar pişirilir. 2-3 dakika kaynatılır."", ""Ocağın altı kapatıldıktan sonra pekmez eklenir ve karıştırılır. Kaplara servis edilir. Afiyet olsun.""]"
c900f123-d834-4389-a856-06cce9c8619b,Tavada Sebzeli Somon,Turkey,Lezzetli somonun taze sebzelerle harmanlandığı pratik ve sağlıklı bir tarif,Ye,"[""2 adet soğan"", ""1 adet patates"", ""1 adet somon"", ""1/2 çay bardağı sıvı yağ"", ""1 tatlı kaşığı tuz"", ""1 çay kaşığı karabiber"", ""1/2 su bardağı su""]","[""Somon fileto şeklinde 4’e bölünür. Patatesler, soğanlar ve sarımsaklar halka halka doğranır."", ""Tavaya biraz yağ koyup önce patatesler sonra balık sonra da soğan konulur. Tuz, sıvı yağ ve karabiber eklenir."", ""Kaşık ateşte ara ara su eklenerek pişirilir. Servise hazırdır, afiyet olsun.""]"
77d78ed3-92e1-4241-9711-fdb290e467ca,Güveçte Türlü,Turkey,Fırında pişen lezzetli sebze ve et yemeği,Ana Yemek,"[""200 gram dana kuşbaşı eti"", ""1 adet soğan"", ""2 adet havuç"", ""2 adet patates"", ""2 adet patlıcan"", ""2 adet biber"", ""2 adet kapya biber"", ""3 yemek kaşığı tereyağı"", ""1 çay kaşığı tuz (azaltıp arttırılabilir)"", ""1 çay kaşığı karabiber"", ""1 tatlı kaşığı kekik"", ""2 su bardağı sıcak su""]","[""Güveçte türlü için eti güvece alarak suyunu çekene kadar kavurun."", ""Yağı ve soğanı ilave edin."", ""Havuç ve patatesi küp doğrayarak ekleyin. Biraz pişirin."", ""Ardından kalan sebzeleri ilave edin."", ""2 su bardağı sıcak su ve baharatları ekleyip kapağı kapalı olarak pişmeye bırakın."", ""Güveçte türlü hazır. Afiyet olsun.""]"
b634e54c-6259-46db-9ae6-5c9b574501c4,Ev Yapımı Limonata,Turkey,Ferahlatıcı ve doğal lezzetiyle yaz aylarının vazgeçilmezi ev yapımı limonata,Ye,"[""2 litre su"", ""1 su bardağı şeker (+2 yemek kaşığı)"", ""2 adet limon"", ""1 adet portakal"", ""1 tatlı kaşığı limon tuzu""]","[""Limon ve portakalı robota koyalım. Şeker ve 1 bardak suyu da ekleyip rondodan geçirelim."", ""Kalan suyu da ekleyelim. Limon tuzunu da ekleyip karıştıralım."", ""Dolapta dinlendirelim ve süzelim. Afiyet olsun.""]"
d2d3d6c9-d5fe-429b-bdee-dea85754bbd2,Kahvaltılık Milföyden Tart Pizza,Turkey,Milföy hamurlarıyla hazırlanan pratik ve lezzetli kahvaltılık tart pizza,Ye,"[""10 adet milföy hamuru"", ""2 adet sivri biber"", ""2 adet küçük boy kapya biber"", ""15 adet siyah zeytin"", ""10 adet yeşil zeytin""]","[""Yumuşayan milföyleri tart kalıbına yerleştirip, kenarlarını kesiyoruz."", ""Çatalla ile birkaç delik açıyoruz."", ""Sos için bir kapta salçayı su ile açıp baharatları ekleyip karıştırıyoruz. Fırça yardımıyla milföylerin üzerine sürüyoruz."", ""Sucuk, siyah zeytin, yeşil zeytin, sivri biber ve kapya biberi doğrayıp, karıştırıyoruz. Milföylerin üzerine eşit paylaştırıyoruz."", ""Önceden ısıtılmış fırında 180 derecede 20 dakika kadar pişiriyoruz."", ""Fırından çıkarmadan önce rendelenmış kasar peyniri ilave edip 5 dakika kadar daha bekletiyoruz."", ""Milföyleri, kalıba yerleştirirken kenarlarından artan hamurları birleştirip yoğurdum."", ""Dikdörtgen seklinde açıp içine çikolata sürüp kenarlarını çatalla bastırıp sekil verdim. Tartlarla birlikte pişirdim. Afiyet olsun.""]"
38f42fe1-d1e2-449a-a681-d49ccb649a6a,Hibeş,Turkey,"Geleneksel bir Mezze lezzeti olan Hibeş, tahin ve limonun harika uyumuyla hazırlanan pratik bir sos",Ye,"[""1 su bardağı tahin"", ""2 adet limonun suyu"", ""1 silme tatlı kaşığı toz kimyon"", ""1 silme tatlı kaşığı tatlı toz kırmızı biber"", ""1/2 silme tatlı kaşığı tuz"", ""2 yemek kaşığı zeytinyağı""]","[""Kaseye limon suyunu ekleyin."", ""Tahini de ilave edin."", ""Kırmızı toz biberi, kimyonu, tuzu ve sarımsağı ilave edin."", ""Karışım yoğunlaşana kadar güzelce karıştırın."", ""Hibeş hazır! Kırmızı toz biber, kimyon, maydanoz, nar ve zeytinyağı ile süsleyin. Afiyet olsun!""]"
6de02cec-42d7-47f6-b32b-9b7d07c20649,Tavuklu Şehriye Salatası,Turkey,"Lezzetli ve doyurucu tavuklu şehriye salatası, renkli biberlerle zenginleştirilmiş pratik bir öğün seçeneği",Salata,"[""1 kilogram şehriye"", ""2 adet tavuk göğsü"", ""3 adet renkli biber"", ""1 adet bulyon""]","[""Biberleri incecik doğruyoruz. Biraz sıvı yağda kızartıyoruz."", ""Tavuk göğsünü de aynı şekilde küp küp doğrayıp kızartıyoruz."", ""Şehriyeleri az yağda kavuruyoruz. Kızarınca üzerini geçecek kadar kaynar su döküp, bulyon ekleyip, suyunu çekene kadar ocakta pişiriyoruz."", ""Suyunu çekip şişince, diğer kızarttığımız tavuk ve biberleri üzerine katıyoruz. Dereotunu doğrayıp karıştırıyoruz. Afiyet olsun.""]"
aa29594f-4cd2-46b7-85f0-d324e828f04e,Yağ Çekmeyen Kabak Mücver,Turkey,Yağ çekmeyen pratik kabak mücver tarifi. Lezzetli ve hafif bir atıştırmalık,Sebze Yemekleri,"[""2 adet kabak"", ""1 adet yumurta"", ""2 yemek kaşığı un"", ""1 çay kaşığı tuz"", ""1/2 çay kaşığı karabiber"", ""1 paket kabartma tozu"", ""1 çay bardağı sıvı yağ (kızartmak için)""]","[""Kabakları yıkayıp soyalım, daha sonra rendeleyelim."", ""Bir kap içerisine doğramış olduğunuz yeşillikleri alalım. Üzerine kabak, yumurta ve baharatları ekleyip 2 yemek kaşığı un ve kabartma tozunu da ekleyip karıştıralım."", ""Tavaya almış olduğumuz sıvı yağ hafif kızınca bir kaşık yardımıyla karışımı dökelim. Karışım bitene kadar devam edin."", ""Daha sonra sarımsaklı yoğurt ile sunum yapabilirsiniz. Afiyet olsun.""]"
775d415f-9117-4c5b-b0d5-7b2e88dcfdd8,Fırında Baharatlı Patates,Turkey,"Fırında harika baharatlarla pişirilen çıtır patatesler, lezzetli ve pratik bir yan yemek",Ana Yemek,"[""1/2 su bardağı sıcak su"", ""2 yemek kaşığı karbonat"", ""1 yemek kaşığı tuz"", ""5 su bardağı su""]","[""Büyük bir kaseye sıcak su, karbonat ve tuzu ekleyin."", ""Patatesleri iyice yıkadıktan sonra kabuklarını soyun."", ""Parmak patates şeklinde kesin."", ""Patatesleri içine koyun ve üzerini geçecek kadar yaklaşık 5 su bardağı su ekleyin. Bu karışımda patatesleri 15 dakika dinlendirin."", ""Dinlenen patatesleri süzün ve tamamen kuruması için temiz bir mutfak bezi ile güzelce kurulayın. Derin bir kaseye kurulanmış patatesleri alın ve üzerine zeytinyağı, ezilmiş sarımsak ve bütün baharatla"", ""Bir fırın tepsisine yağlı kağıt serin ve patatesleri üst üste gelmeyecek şekilde yayın. Önceden ısınmış 220 derece fırına verin. Yaklaşık 20 dakikanın sonunda patatesler pişmiş olacak."", ""Patatesler fırında pişerken 10 dakika sonra fırından çıkarıp, karıştırıp tekrar fırına verin.""]"
db9d6a1f-c70c-4b5a-a95b-e69e6263cd18,Mantar Poğaça,Turkey,"Lezzetli mantarlı poğaça tarifimiz, çay saatlerinin vazgeçilmezi olacak. İçindeki taze mantarlarla harika bir atıştırmalık",Börek & Hamur İşi,"[""1 su bardağı ılık su"", ""1 su bardağı ılık süt"", ""1/2 su bardağı sıvı yağ"", ""1 paket instant maya"", ""1 silme tatlı kaşığı tuz"", ""2 adet küp şeker"", ""1 adet yumurta"", ""6,5 su bardağı un""]","[""1 su bardağının yarısına kadar ılık su koyun. Üzerine maya ve şekeri ekleyip karıştırın."", ""10 dakika bekletin maya aktifleşsin. Bu sırada bir kaba ılık süt, yağ, yumurta akı ve kalan suyu koyup karıştırın."", ""Kabaran mayayı karışıma ekleyin, unu ve tuzu da ekleyin. Unu alabildiği kadar ekleyin, ele yapışmayan yumuşak bir hamur olacak."", ""En az yarım saat dinlendirin."", ""Kabaran hamuru elinizle bastırıp havasını alın."", ""Elinizle cevizden biraz küçük parçalar koparıp yuvarlayın arasına kaşar peyniri koyup kapatın, tekrar yuvarlayın."", ""3 tanesini elinizle birleştirip muffin kalıbına koyun."", ""15 -20 dakika tepsi mayası için bekletin. Mutlaka tepsi mayası yapın. Kabaran muffin'lere dikkatli bir şekilde yumurta sarısı sürün."", ""Susam ya da çörek otu serpin 180 derece fırında kızarana kadar pişirin."", ""Fırından çıkar çıkmaz üzerilerine parmaklarınızla su serpiştirip temiz bir bezle kapatın. Afiyet olsun.""]"
df1c583f-1ffa-4564-b087-6cad9f54d18a,Susamlı Simit,Turkey,"Evde kolayca yapabileceğiniz, susamıyla lezzetlenen çıtır simit tarifi",Börek & Hamur İşi,"[""150 gram oda sıcaklığında margarin"", ""2 adet yumurta (1 tanesinin akı üzerine)"", ""1 çay bardağı sıvı yağ"", ""2 yemek kaşığı yoğurt"", ""1,5 çay kaşığı tuz"", ""1 yemek kaşığı şeker"", ""1 çay kaşığı mahlep"", ""2 yemek kaşığı üzüm sirkesi"", ""1 çay kaşığı kabartma tozu"", ""3,5 su bardağı un (Alabildiği Kadar)""]","[""Hamur için un hariç gerekli malzemeleri yoğurma kabına alıp, unu ekleyelim."", ""Ele yapışmayacak hamuru elde ettikten sonra 10 dk dinlendirelim."", ""Üzeri için pekmezli sosu yapıp halka şekli verdiğimiz hamurumuzu pekmezli sosa batıralım."", ""Susam batırıp yağlı kağıt serdiğimiz tepsiye dizelim. Önceden ısıtılmış 180 derece fırında pişirelim. Afiyet olsun.""]"
e6594c32-423a-4d35-a140-6e0009484abc,Şekersiz Diyet Brownie,Turkey,"Şekersiz ve sağlıklı brownie tarifimiz, olgun muzların doğal tatlılığıyla lezzetlendirilmiş, kakao aromalı bir tatlı alternatifi",Et Yemekleri,"[""2 adet olgun muz"", ""1 adet yumurta"", ""1/2 su bardağı kakao"", ""1 paket vanilin""]","[""İçine diğer malzemeleri koyup karıştırın."", ""Yağlı kağıt serilmiş fırın kabınıza harcı aktarın."", ""180 derecede 20 dakika pişirin."", ""Şekersiz diyet brownie tarifiniz hazır. Afiyet olsun!""]"
748a860b-24a0-4d58-b1d1-cc61d4d57d5c,Ev Usulü Adana Kebap,Turkey,"Geleneksel yöntemlerle hazırlanan, özel baharatlarla harmanlanmış ev yapımı Adana kebabı tarifi",Et Yemekleri,"[""1 kilogram dana kıyma"", ""400 gram kuzu kıyma"", ""2 adet soğan"", ""3 adet kırmızı kapya biber"", ""3 çay kaşığı tuz"", ""3 çay kaşığı karabiber"", ""5 çay bardağı zeytinyağı"", ""5 çay bardağı ayçiçek yağı"", ""2 çay kaşığı tatlı kırmızı toz biber)"", ""2 yemek kaşığı biber salçası""]","[""Soğanları ve kapya biberler yemeklik küp küp dograyıp elimizle sularını sıkalım."", ""5 diş sarımsağı ince ince kıyalım."", ""Baharatlarımızı ve biber salçamızı bir kaba alıp soğan, sarımsak ve kapya biberlerimiz aynı kapta karıştıralım."", ""Aynı kaba kıymamızı ve sıvı yağlarımızı alıp bütün malzemeyi birbirine iyice geçene kadar karıştıralım ve ardından 3 saat dinlenmesi için buzdolabına hava almayacak bir şekilde kaldıralım."", ""3 saatin ardından aldığımız tahta çöp şişlerimize ne kalın ne çok ince olacak şekilde koyalım."", ""Fırınımızın üst ızgarasını orta sıcaklığın biraz üstünde 200-225 derecede pişicek şekilde 10 dakika bir yüzü 10 dakika diğer yüzünü pişirelim.""]"
f4c6f7e5-4649-4d4f-9818-452310a78a5a,Mayasız Bagel,Turkey,Yoğurt ve kabartma tozu ile hazırlanan pratik mayasız bagel tarifi. Lezzetli ve çıtır bir atıştırmalık için ideal,Ana Yemek,"[""1,5 su bardağı un"", ""1 su bardağı yoğurt"", ""1 paket kabartma tozu"", ""1 çay kaşığı tuz"", ""1 adet yumurta (üzeri için)""]","[""Önce kuru malzemeleri, ardından yoğurdu ekleyin ve yoğurun. 2 adet bagel çıkıyor bu ölçülerden. Üzerine yumurta sürüp 180 derecede 25 dakika pişirin."", ""Peynir ezmesi için tüm malzemeleri ezme kıvamına gelene dek karıştırın."", ""Avokado sos için avokado, soğan ve sarımsağı rondodan geçirin. Tuz, limon suyu ve zeytinyağı ekleyin."", ""Bagelları fırından çıkardıktan sonra soğumasını bekleyin ve yatay olarak kesip arasına hazırladığınız ezmeleri ekleyin. Afiyet olsun.""]"
ff1e9ac2-7d71-41cc-a347-8f9501c3384a,Yayla Çorbası,Turkey,"Lezzetli ve doyurucu yayla çorbası, Türk mutfağının en sevilen çorbalarından biridir",Çorba,"[""1/2 su bardağı pirinç"", ""1/2 adet limon"", ""4 su bardağı ılık su"", ""1 yemek kaşığı un"", ""1 tatlı kaşığı tuz"", ""1 adet yumurta sarısı"", ""1 çay kaşığı nane"", ""1,5 su bardağı yoğurt"", ""2 yemek kaşığı tereyağ"", ""1/2 su bardağı nohut (tercihe göre)""]","[""Çorba tenceresine yoğurt, 1 su bardağı su, limonu iyice karıştırın. Yoğurda yumurtayı ve unu ekleyip iyice çırpın."", ""Üzerine suyu yavaş yavaş ekleyin ve hızlıca çırpın ve tuzunu ekleyin."", ""Kaynamaya bırakın. Pirinçleri yıkayıp çorbanın içe dökün."", ""10-15 dakika kadar kaynadıktan sonra ocağı kapatın."", ""Sos tavasında tereyağını eritin ve naneyi ekleyip kavurun"", ""Ardından çorbaya tereyağını katın.""]"
b0c85bf4-7136-48ac-b046-3d83b6ce6378,Doğal Tahin Helvası,Turkey,"Doğal malzemelerle hazırlanan bu kolay tahin helvası, hem besleyici hem de lezzetli bir atıştırmalık",Tatlı,"[""1 su bardağı tahin"", ""5 yemek kaşığı bal"", ""8 yemek kaşığı (tepeleme) Hindistan cevizi (rondodan geçirilmiş)""]","[""Tahini ve balı bir karıştırma kabına aktarın ve çırpın. Üzerine rondodan geçirilmiş Hindistan cevizini de ekleyip karıştırın."", ""Tahini ve balı bir karıştırma kabına aktarın ve çırpın. Üzerine rondodan geçirilmiş Hindistan cevizi ve kakaoyu ekleyip karıştırın."", ""Hazırladığınız tahinli karışımları yağlı kağıt serdiğiniz kalıba kat kat dizin ve buzlukta 4 saat bekletin. Dilimleyerek servis edin. Afiyet olsun.""]"
2fa8936a-6f43-4213-ae94-06f4cbae5001,Karabuğdaylı Fit Salata,Turkey,"Karabuğdaylı fit salata, sağlıklı ve lezzetli bir seçenek",Salata,"[""1 adet domates"", ""1 adet salatalık"", ""1 yemek kaşığı zeytinyağı"", ""1 çay kaşığı nar ekşisi"", ""1 adet yarımlimon""]","[""Karabuğday yumuşayıncaya kadar haşlanır."", ""Malzemeler yıkanıp kaseye alınır. Karabuğday eklenir"", ""Peynir ve soslar eklenerek karıştırılır. Servis edilir. Afiyet olsun.""]"
ed5bff25-c105-415b-bfe5-26ae56318ff8,Yaban Mersinli Kup,Turkey,"Taze yaban mersinlerinin ferahlatıcı lezzetiyle hazırlanan bu muhteşem tatlı, hem göze hem de damaga hitap ediyor",Ana Yemek,"[""1 litre süt"", ""1 su bardağı toz şeker"", ""1,5 çay bardağı nişasta"", ""1 paket vanilya"", ""1 su bardağı yaban mersini"", ""1 paket yulaflı bisküvi""]","[""Tencereye süt, nişasta ve şekeri alıp sürekli karıştırarak orta ateşte pişirelim. Muhallebi piştikten sonra vanilyayı ekleyip karıştıralım. Muhallebinin yarısından az kısmını başka bir tencere alalım."", ""Yaban mersinini doğrayıcıda püre haline getirelim ve başka tencereye aktardığımız muhallebiye ekleyip bir iki taşım kaynatıp karıştıralım. Bu işlemi meyve muhallebi ile özleşsin diye yapıyoruz."", ""Doğrayıcıdan bisküvileri çekelim. Kupların tabanına bisküvi, sonra beyaz muhallebi tekrar bisküvi ve onun üzerine de yaban mersinli muhallebiden ekleyelim."", ""Bu şekilde tüm kupları yapıp buzdolabında 2-3 saat dinlendirip servis edebilirsiniz. Afiyet olsun.""]"
4e910ab7-cac6-4a55-b65c-803c3409981e,Taze Otlu Zeytinyağı Küpleri,Turkey,"Taze fesleğen ve kaliteli zeytinyağı ile hazırlanan, lezzetinizi katlayan pratik lezzet küpleri",Ana Yemek,"[""10 adet taze fesleğen yaprağı"", ""1/2 çay bardağı zeytinyağı"", ""Etimek Tatlısı Tarifi"", ""Damla Çikolatalı Kurabiye"", ""Tatlı Tarifleri Spoonful Mozaik Pasta Çikolatalı Sufle İrmik Helvası Fırın Sütlaç Profiterol Revani Magnolia"", ""Kahvaltılık Tarifler Pancake Krep Pişi Kuymak Kaygana Kahvaltılık Sos Menemen Muhlama Yumurtalı Ekmek Omlet"", ""Omlet""]","[""Fesleğen yapraklarını yıkayıp kurulayın ve üst üste koyun."", ""Fesleğenleri ince ince kıyın."", ""Buz kalıbına doğradığınız fesleğenleri paylaştırın ve üzerine zeytinyağı dökün."", ""Bir çubuk yardımıyla hafifçe karıştırıp buzlukta en az 1 saat donması için bekletin."", ""Otlu zeytinyağı küpleri hazır! Buzlukta 6 ay saklayabilirsiniz. Salatalarda, kahvaltılık yumurtalarda ve yemeklerinizde aroma katması için kullanabilirsiniz.""]"
f8e23391-d017-42c8-a90d-3162b23409ab,Patatesli Yeşil Mercimek Yemeği,Turkey,"Sağlıklı ve doyurucu bir klasik, patatesli yeşil mercimek yemeği",Sebze Yemekleri,"[""1 su bardağı yeşil mercimek (önceden ıslatılmış)"", ""1 adet soğan"", ""1 adet orta boy patates"", ""1 adet büyük boy havuç"", ""1 yemek kaşığı biber salçası"", ""1/3 çay bardağı zeytinyağı"", ""1 çay kaşığı tuz"", ""1 çay kaşığı karabiber"", ""1 çay kaşığı toz kırmızı biber""]","[""Soğanı doğrayın. Havuç ve patatesleri de kabuklarını soyun, orta kalınlıkta doğrayın."", ""Yeşil mercimeği güzelce yıkayıp kenara alın."", ""Doğranmış soğanı zeytinyağı ile birlikte bir tencerenin içerisine alın ve kavurmaya başlayın. Ardından havuçları da ilave edin."", ""Havuçlarla da birkaç dakika kavurduktan sonra yeşil mercimeği ve salçayı ekleyerek kavurma işlemine devam edin."", ""Patatesleri de ilave ederek birkaç dakika kavurun. Tuz ve baharatlarını da ilave ettikten sonra 2,5 su bardağı kadar su ilave edin ve pişmeye bırakın."", ""Su ilave etmeniz gerekiyorsa suyunu da ilave edin. Çok sulu bir yemek olmayacak. Yeşil mercimek ve patates yumuşayınca yemeğinizi ocaktan alın ve sıcak sıcak servis edin. Afiyetler olsun.""]"
dc336a5e-bab4-4fa9-bb3b-91469213bdde,Keşkül-ü Fukara,Turkey,"Süt ve şekerin uyumlu dansıyla hazırlanan, hafif ve lezzetli klasik bir tatlı",Ana Yemek,"[""1 kilogram süt"", ""1 çay bardağı su"", ""1 su bardağı şeker"", ""1 su bardağı toz badem"", ""1 adet yumurta sarısı"", ""2 yemek kaşığı (tepeleme) nişasta"", ""1 yemek kaşığı pirinç unu"", ""1 paket vanilya""]","[""Tencereye süt, yumurta sarısı, çekilmiş badem koyulup ocağa alınır. Kaynayıncaya kadar sürekli karıştırılır."", ""Başka bir kapta suyla karıştırdığımız pirinç unu, vanilya ve nişasta kaynayan sütün içine azar azar ilave edilir. Karıştırmaya devam edilir."", ""Koyulaşınca sunacağımız kaselere dökülüp pay edilir."", ""Üzerini süslemek için isteğe bağlı yanmaz tavada yağ kullanmadan file badem hafif pembeleşinceye kadar sürekli karıştırılarak kavrulur."", ""Keşkülün üzeri süslenir. Afiyet olsun.""]"
7d4d0f85-ec09-4aa7-ad1c-9cc9f3ad0ca8,Türk Kahveli Kurabiye,Turkey,"Türk kahvesinin yoğun aromasıyla harmanlanmış, eriyen ağızda lezzetli kurabiye",Tatlı,"[""1 yemek kaşığı Hindistan cevizi"", ""1 büyük su bardağı pudra şekeri"", ""1 çay bardağı nişasta"", ""2 çay kaşığı Türk kahvesi"", ""1 paket margarin"", ""1 adet yumurta akı"", ""1 yemek kaşığı fındık içi"", ""1 adet yumurta sarısı"", ""2-3 su bardağı un (gerekirse artırın)"", ""1 paket kabartma tozu""]","[""Yoğurma kabında önce margarin ve yumurta sarısını yoğuruyoruz."", ""Üzerine pudra şekeri, nişasta ve Türk kahvesini ekliyoruz ve yoğurmaya devam ediyoruz."", ""Üzerine kabartma tozu ekleyip yumuşak kıvam elde edinceye kadar un ekliyoruz. Yoğurmaya devam ediyoruz."", ""Hamurumuzdan ceviz büyüklüğünde toplar yapıyoruz. Üzerine yumurta akı sürüyoruz ve Hindistan cevizi ile fındığa buluyoruz."", ""Yağlanmış tepsiye diziyoruz. Fırında 180 derecede 20 dakika pişiriyoruz. Soğuduktan sonra servis ediyoruz. Afiyetler olsun.""]"
a48f2377-2cd5-459d-816b-b61e503d0e3b,Kabaklı Kuru Cacık,Turkey,"Yaz aylarının ferah lezzeti, pratik ve sağlıklı kabaklı kuru cacık",Sebze Yemekleri,"[""1/2 adet kabak"", ""2 adet salatalık"", ""1/3 adet limonun suyu"", ""4 yemek kaşığı süzme yoğurt"", ""3 yemek kaşığı zeytinyağı""]","[""Kabağı ve salatalıkları kabuklu olarak rendenin kalın tarafı ile rendeleyin, hafifçe tuzlayıp harmanlayın. 1 dakika bekletip avcunuzla suyunu sıkın."", ""Orta boy bir kasede süzme yoğurt, limon suyu, dereotu, zeytinyağı, suyunu sıktığınız kabağı ve salatalıkları da ekleyip karıştırın."", ""Cacığı servis kasesine yayın, üzerine dilerseniz toz kırmızı biberli yağ ve zeytin ekleyip ikram edin.""]"
20d58bb3-b6a1-416d-950f-02b3c13d6a5f,Yaz Salatası,Turkey,Serinletici ve lezzetli bir yaz salatası,Salata,"[""5 yemek kaşığı ince bulgur"", ""1 çay bardağı kaynar su"", ""2 adet salatalık"", ""2 adet domates"", ""6 adet kornişon turşu"", ""6 yemek kaşığı zeytinyağı"", ""3 yemek kaşığı nar ekşisi""]","[""Yaz salatası için bulgurları geniş bir kaseye koyun, üzerine tuz ve sıcak suyu ekleyip karıştırın. Kasenin ağzını kapatıp 7-8 dakika kenarda bekletin."", ""Bu esnada salatalıkları, domatesleri, kornişonları ve maydanozu ufak ufak doğrayın. Bu aşamada dilediğiniz malzemeleri de ekleyebilirsiniz."", ""Bulgurları çatalla havalandırıp doğradığınız malzemeleri içine ekleyin. Son olarak kuru nane, biraz daha tuz, zeytinyağı ve nar ekşisi ekleyip karıştırın."", ""Salatayı servis ettikten sonra üzerine dilediniz bir peyniri bolca rendeleyin, ceviz ve biraz daha zeytinyağı ekleyin. Afiyet olsun.""]"
5694683d-1f7b-48d4-92d0-99c672090bf7,Çikolata Soslu Kurabiye,Turkey,"Çikolata sosuyla kaplanmış, lezzetli ve çıtır bir kurabiye tarifi",Tatlı,"[""250 gram tereyağı (oda sıcaklığında)"", ""1/2 su bardağı şeker"", ""2 su bardağı un"", ""1/4 çay kaşığı tuz""]","[""Tereyağı ve şekeri geniş bir kaseye alın ve mikser yardımıyla 3-4 dakika kadar çırpın."", ""Elediğiniz unu ve ardından tuzu kaseye ekleyin ve tüm malzemelerin birleşmesi için mikserin hamur karıştırma aparatıyla karıştırın veya mümkün olabildiğince az temasla yoğurun. Çok karıştırmayın, aksi"", ""Malzemeler bütünleştikten sonra kurabiye hamurunu streç filmle kaplayın ve en az 1 saat buzdolabında bekletin."", ""Buzdolabından çıkardıktan sonra hamuru açmak için 5 dakika kadar bekleyin. Hamuru açacağınız alana un serperek kurabiye hamurunu 0,5 cm kalınlığında olacak şekilde bir merdaneyle açın."", ""Açtığınız hamuru dilediğiniz kurabiye kalıbıyla şekil vererek kesin. Kurabiye kalıbınız yoksa bir bıçak yardımıyla kare veya baklava dilimi şeklinde de kesebilirsiniz. Şekil verdiğiniz kurabiyeleri ya"", ""Hamurun bir kısmına şekil verirken kalan hamuru buzdolabında saklamaya özen gösterin. Şekil verdiğiniz kurabiye hamurlarını da buzdolabına alın ve fırında vermeden önce 10 dakika kadar buzdolabında di"", ""Fırını 180 dereceye ısıtın ve ardından ocağa aldığınız küçük boy bir tencereye hafifçe su koyup ısıtarak benmariyi hazırlayın."", ""Buzdolabından çıkardığınız kurabiyeleri 180 derece fırında 10-12 dakika kadar pişirin. Çıkardıktan sonra 10-15 dakika tepside dinlenmeye bırakın."", ""Hazırladığınız benmari için çikolatayı parçalayın ve tencerede ısıttığınız su üzerine koyabileceğiniz bir kaseye alın. İçine tereyağını da eklediğiniz çikolatalar benmari usulü erirken arada bir karış"", ""Suyun kaynamamasına özen gösterin ve çikolatalar tamamen eridikten sonra benmariden alıp tezgah üzerinde ilk sıcaklığının çıkması için bekleyin."", ""Çikolata sos hafif ılıkken ve kurabiyeler soğumuşken, kurabiyeleri sosa batırarak yine yağlı kağıt üzerine yerleştirin ve çikolatalı sosun oturması için bekleyin. Ardından servis edebilirsiniz, afiyet""]"
5e1a4849-b66b-4c76-add7-05c258492047,Meyveli Kek,Turkey,"Taze meyvelerle zenginleştirilmiş, yumuşacık ve lezzetli bir kek tarifi",Tatlı,"[""4 adet yumurta"", ""1 su bardağı şeker"", ""1 su bardağı sıvı yağ"", ""1 su bardağı süt"", ""1 paket kabartma tozu"", ""1 paket şekerli vanilin"", ""2,5 su bardağı un"", ""6 adet kuru incir"", ""6 adet kuru kayısı"", ""1/2 su bardağı kuru üzüm"", ""1 yemek kaşığı nişasta""]","[""Kek kalıbımızı tereyağı ile yağlayıp, üzerine un serpiştirip, buzdolabına kaldırıyoruz."", ""Öncelikle yumurtalarımızın sarılarını ve beyazlarını ayırarak kekimizi yapmaya başlıyoruz."", ""Şekerimizin yarısını yumurtanın sarısına, yarısını beyazına ekliyoruz."", ""Yumurtalarımızın beyazını köpük köpük olana kadar çırpıp kenara alıyoruz."", ""Yumurtalarımızın sarılarını da mikserimiz ile köpük köpük olana kadar çırpıp, üzerine sıvı yağ ve sütümüzü ekleyip mikserimizin alçak devrinde çırpıyoruz"", ""Un, kabartma tozu, vanilin bir elek yardımı ile eleyerek karışıma ekleyip mikser ile karıştırıyoruz."", ""Yumurta beyazımızı da bir spatula yardımı ile karışımımıza ekliyoruz, alttan üste yavaş hareketler ile karıştırarak."", ""Kuru meyvelerimizi küçük küpler halinde doğrayıp üzerine ununu ekleyip bir kasede güzelce karıştırıyoruz. Un eklememizin sebebi meyvelerimizin hepsinin dibine çökmemesi için."", ""Kek karışımımızın üzerine meyvelerimizi de ekleyip karıştırdıktan sonra kek kalıbımıza alıyoruz."", ""Önceden ısıtılmış 180 derecelik fırında yaklaşık 45 dakika fırınımızın kapağını açmadan kontrollü bir şekilde pişiriyoruz.""]"
f4d9bf0b-0659-40f6-9194-35fc14cd8cb7,Peynir Dolgulu Tavuk,Turkey,"Tavuk göğsünün içine harika bir peynir dolgusu konularak hazırlanan, lezzetli ve doyurucu bir ana yemek",Tavuk Yemekleri,"[""2 adet tavuk göğsü"", ""1 çay kaşığı tuz"", ""1/2 çay kaşığı karabiber"", ""5-6 yemek kaşığı rendelenmiş kaşar peyniri"", ""6 adet taze fesleğen""]","[""Tavuk göğüslerini dikkatli bir şekilde ortadan ikiye keserek cep gibi açın."", ""İçine ve dışını tuz, karabiber ile lezzetlendirin."", ""Kaşar peyniri ile bir kısmını doldurun."", ""Üzerine fesleğen ve domatesleri ekleyin."", ""Diğer kısmını üzerine kapatın ve kürdan yadımı ile kapatın."", ""Az yağlı tavada arkalı önlü mühürledikten sonra 180 derecelik fırında 20-25 dakika kadar pişirin. Kürdanları çıkardıktan sonra servis edebilirsiniz. Afiyet olsun.""]"
df107737-3147-4d44-a0ca-c9869ba8ee74,Bütün Mantar Sote,Turkey,"Zeytinyağı ve tereyağında sote edilmiş soğanla harmanlanan, lezzetli ve pratik bütün mantar yemeği",Ana Yemek,"[""1/2 çay bardağı zeytinyağı"", ""1 yemek kaşığı tereyağı"", ""1 adet soğan"", ""500 gram mantar (küçük boy)"", ""1 çay kaşığı karabiber"", ""1 çay kaşığı kekik"", ""1 çay kaşığı tuz""]","[""Mantarları nemli bir bezle güzelce silelim. (Mantar süngerimsi bir yapıya sahip olduğu için suyla karşılaşınca pis suyu içine çekiyor. Lezzetinin değişmemesi için silmenizi tavsiye ederim.)"", ""Yapışmaz tavaya zeytinyağımızı ve tereyağımızı alalım."", ""Tereyağı eridikten sonra robottan geçirdiğimiz ya da ince ince kıydığımız soğanları azıcık kavuralım."", ""Ocağın ateşini ortaya getirip mantarları ilave edelim. Mantarların bir yüzü hafif kızarana kadar karıştırmayalım."", ""Mantarlarımız renk almaya başlayınca tahta kaşıkla yumuşak hareketlerle arada sırada karıştıralım."", ""Mantarlarımızın pişmesine yakın sarımsakları ve baharatları ilave edelim."", ""Mantarlarımız pişince servis tabağına alalım ve arzuya göre maydanozla güzelce süsleyelim. Afiyet olsun.""]"
52592a91-abad-4295-a5dc-bc38f869d9ed,Tokat Etli Sarması,Turkey,"Zeytinyağlı kıyma harcı ile hazırlanan, Tokat yöresine özgü lezzetli bir sarma tarifi",Et Yemekleri,"[""1/2 kilogram kıyma (arzuya göre dana/kuzu karışık)"", ""1 tepeleme yemek kaşığı domates salçası"", ""1/2 çay bardağı riviera zeytinyağı"", ""2 tatlı kaşığı kuru nane"", ""1 çay kaşığı kuru fesleğen"", ""1.5 tatlı kaşığı tuz"", ""1 çay kaşığı pul biber (isteğe bağlı)"", ""1 çay bardağı ince bulgur""]","[""6-7 takım yaprağı derin bir kaba koyun. Soğuk su ile bir güzel yıkayın ve suyunu süzün."", ""Yıkadıktan sonra kaba soğuk su doldurun ve tuzu çıkana kadar bekletin. Arada suyunu değiştirin."", ""Tuzu çıkan yapraklarınızı sıkın ve kenara alın."", ""İçi için bütün malzemeleri büyük bir kase içinde güzelce karıştırın."", ""İç harcın daha yumuşak olması için göz kararı biraz da su ekleyin."", ""Rahat bir yere geçin ve minik minik, kare kare, sabırla iç harçtan yaprakların ortasına koyup sarın."", ""Tencereye dizdiğiniz sarmaların üzerine göz kararı su ekleyerek kaynamaya çıktıktan sonra kısık ateşte pişirebilirsiniz. Afiyet olsun.""]"
a2418d5c-0ac0-4c99-ae20-b02680ec2f10,Pırasa Dolması,Turkey,"Sıcacık kıyma ile doldurulmuş pırasalar, lezzetli ve doyurucu bir ana yemek",Ana Yemek,"[""5 adet büyük boy kalın pırasa"", ""250 gram kıyma"", ""1 adet soğan"", ""2 yemek kaşığı pirinç"", ""1 yemek kaşığı domates salçası"", ""1 tatlı kaşığı oda sıcaklığında tereyağı"", ""1 çay kaşığı tuz"", ""1 çay kaşığı karabiber""]","[""Pırasaları yıkayın ve beyaz yerlerini birer parmak genişliğinde olacak şekilde kesin."", ""Bu şekilde kestiğiniz pırasaları bir tencereye alın ve üstüne çıkacak kadar su ilave edip, yumuşayana dek yaklaşık 20 dakika haşlayın."", ""İç harcı için; ince ince doğradığınız kuru soğanı bir kaba alın ve üstüne gerekli olan diğer malzemeleri de ilave edip güzelce karıştırın, harcınız hazır."", ""Haşlanmış olan pıralasaları sudan çıkartın, soğumasını bekleyin ve her bir pırasa parçasının bir tarafından bıçakla boyuna doğru keserek pırasaları açın."", ""Şerit şerit yaprak gibi ayırdığınız pırasaları iç harçla doldurup sarma sarar gibi sarın ve pişireceğiniz tencereye yerleştirin."", ""Üstü için; 1 yemek kaşığı tereyağını tavada kızdırın ve içinde 1 yemek kaşığı salçayı kavurun. Sıcak suyu da ilave edip, güzelce karıştırın."", ""Hazırladığınız bu salçalı sosu pırasa dolmalarının üstüne gezdirin ve porselen bir tabağı ters olarak dolmaların üstüne kapatıp, tencerenin de kapağını kapatın."", ""Bu şekilde yaklaşık 30 dakika pişirin ve sıcak sıcak servis edin.""]"
b97c2c08-8105-4f62-96be-dc32f7aa2ff6,Hibiskus Şerbeti,Turkey,"Kırmızı rengi ve ferahlatıcı tadıyla yaz aylarının vazgeçilmezi, doğal bir serinletici",İçecek,"[""3-4 adet kakule"", ""1 adet çubuk tarçın"", ""4-5 adet karanfil"", ""2 dilim limon"", ""2-3 adet gül kurusu"", ""1 litre su"", ""1 su bardağı şeker""]","[""Tüm malzemeyi tencereye alarak 15 dakika kaynatın."", ""Şerbeti soğutup süzerek bardaklara aktarın."", ""Arzuya göre file badem parçalarıyla servis edin. Afiyet olsun!""]"
f8fdb93d-69bc-401c-b6dd-0eec8c5ee9ac,Kahvaltılık Pankek,Turkey,"Lezzetli ve pratik kahvaltılık pankekler, misafirlerinizi veya ailenizi şaşırtmak için mükemmel bir seçenek",Tatlı,"[""2 adet yumurta"", ""1,5 su bardağı süt"", ""2 yemek kaşığı sıvı yağ"", ""1,5-2 su bardağı un"", ""2 yemek kaşığı toz şeker"", ""1 paket vanilya"", ""1 paket kabartma tozu""]","[""Yumurta ve şekeri çırptıktan sonra sıvı malzemeleri ilave edip karıştırıyoruz."", ""Sonrasında unla birlikte vanilya ve kabartma tozunu eleyerek yavaş yavaş karışıma ekliyoruz."", ""Karışım boza kıvamına gelince önceden ısıttığımız ve hafif yağladığımız tavaya karışımı döküyoruz."", ""Hafif kabarcıklar çıkmaya başlayınca ters çeviriyoruz ve diğer tarafı da piştikten sonra pankekimiz hazır."", ""Üzerini istediğiniz meyvelerle süsleyebilirsiniz. Afiyet olsun.""]"
511670dd-6a8b-4251-ba22-fedbd8ce5491,Patatesli Yumuşak Pide,Turkey,"Mayalı hamurun üzerine yumuşacık patates püreleriyle harmanlanmış, lezzetli ve doyurucu bir pide",Börek & Hamur İşi,"[""2 su bardağı ılık su"", ""2 paket maya"", ""1 su bardağı sıvı yağ"", ""3 yemek kaşığı şeker"", ""1 yemek kaşığı tuz"", ""1 çay kaşığı tuz"", ""2 adet yumurta (birinin sarısı üzerine)"", ""5 su bardağı un (aldığı kadar)""]","[""İç harcımız için patates ve soğanı ince doğrayıp veya rondodan çekip bir tavada sıvı yağda kavuruyoruz. Soğumaya bırakıyoruz."", ""Hamurumuz için mayayı, şekeri ve ılık suyu bir kapta karıştırıyoruz. 5 dakika bekletiyoruz."", ""Sıvı yağ, yumurta ve tuzu ekleyip karıştırıyoruz."", ""Yoğurmaya başlıyoruz ve kulak memesi kıvamına gelene kadar un ekliyoruz."", ""Hamurumuzu yarım saat mayalıyoruz."", ""Şekil verip iç harcından ekliyoruz."", ""180 derece fırında pişiriyoruz.""]"
c6adcd6e-bf17-473e-8044-16d3b0691fd8,Pratik Süslü Tatlı,Turkey,"Hızlı ve pratik bir şekilde hazırlayabileceğiniz, göz alıcı sunumuyla dikkat çeken lezzetli bir tatlı",Tatlı,"[""2 su bardağı süt"", ""2 su bardağı su"", ""1 su bardağı (bir parmak eksik) şeker"", ""1/2 su bardağı nişasta (+1,5 yemek kaşığı)"", ""1 paket vanilya""]","[""Süt, su, şeker, nişasta tencerede kaynatılır."", ""Ardından kaynayan muhallebiye vanilya eklenir."", ""Hazırlanan muhallebimizi kaselere alıyoruz."", ""Oda sıcaklığında ılıyınca dolaba atıp soğumasını bekliyoruz. Afiyet olsun.""]"
e90092ce-15e1-4ebe-a5fd-84d4be031489,Patatesli Bazlama,Turkey,"Yumuşak içi ve çıtır kenarlarıyla patatesli bazlama, lezzetli ve doyurucu bir atıştırmalık",Ana Yemek,"[""3,5 su bardağı un"", ""1 su bardağı ılık süt"", ""1/2 su bardağı ılık su"", ""5 yemek kaşığı zeytinyağı"", ""1 çay kaşığı tuz"", ""1 yemek kaşığı bal"", ""1 paket kuru maya""]","[""Süt,su, zeytinyağı ve balı güzelce çırpın. Üzerine kuru mayayı ekleyerek karıştırın. Azar azar unu ilave ederek yumuşacık kıvamlı bir hamur elde edin."", ""Hamurun üzerini streç filmle kapatın. Oda sıcaklığında 30 dakika kadar mayalanmaya bırakın."", ""İç harcının tüm malzemelerini derin bir kabın içerisinde güzelce ezerek karıştırın."", ""Mayalanan hamurdan orta büyüklükte 4 adet beze çıkarın."", ""Bezeleri oklava yardımıyla orta boyutlarda açın. Ortalarına patatesli iç harçtan yayın. Kenarlardan kaparatarak yuvarlak bir forma geri getirin. Arkalı önlü bir şekilde tavada pişirin."", ""Pişer pişmez üzerine yağ sürün ve sıcak sıcak servis edin.""]"
d002f6b2-571d-4c87-b2b6-42eb50718b99,Ev Tarhanası,Turkey,"Geleneksel ve doyurucu bir lezzet olan ev tarhanası, sıcacığıyla soğuk kış günlerine şifadır",Ana Yemek,"[""5 tepeleme yemek kaşığı toz tarhana"", ""5 su bardağı et suyu"", ""1 tepeleme yemek kaşığı salça"", ""1 yemek kaşığı tereyağı"", ""1 yemek kaşığı tereyağı"", ""1 çay kaşığı pul biber"", ""1 çay kaşığı karabiber"", ""1 çay kaşığı nane""]","[""Tarhanayı bir kabın içinde 1 su bardağı ılık su ile karıştırarak açın."", ""Tencereye sıvı yağ ve tereyağı koyun ve içine salçayı da ekleyip kavurun."", ""İki diş sarımsağı ufak ufak doğrayın ve salça ile birlikte kavurun."", ""Kavrulan salçaya et suyunu ilave edin et suyu da kaynamaya başlayınca bir kenarda su ile açtığınız tarhanayı çorbaya ilave edin ve sürekli karıştırın."", ""Kısık ateşte kıvam alıncaya kadar pişirin."", ""Kısık ateşte 10 dakika kaynatın. Baharatlarını da ekleyin ve sıcak servis yapın. Afiyet olsun.""]"
f210428b-7c53-4806-aa0f-41679c882fef,Arnavut Ciğeri,Turkey,"Kıtır kıtır patatesler ve ferahlatıcı soğanlarla harmanlanmış, lezzetli bir Türk klasiği",Ana Yemek,"[""2-3 adet patates"", ""2 adet kırmızı soğan"", ""1 çay kaşığı tuz"", ""1 tatlı kaşığı sumak""]","[""Ciğerin üzerinde bulunan zarı ve sinirli kısımları ayıklayın. Minik küpler halinde kuşbaşı doğrayın ve süzgeçte süzülmeye bırakın."", ""Geniş bir kasede unu, tuzu, karbonatı ve toz biberi karıştırın. Süzülen ciğerleri üzerine ilave edip her tarafı una bulanana kadar harmanlayın."", ""Tarifin bu aşamasında unlanan ciğerleri süzgece alıp üzerindeki fazla unu silkelemeniz gerekiyor. Dilerseniz çıtır kalması için silkelemeden de yapabilirsiniz. Kızgın yağda 8-10 dakika arası kızartın."", ""Pişen ciğerleri kağıt havlu serilmiş kapaklı bir kaba yağını süzdürerek alın ve kapağı kapatın."", ""Bu arada başka bir kızartma tenceresinde küp küp doğranmış patatesleri de kızartın. Sonra bunları da süzdürerek ciğerlerin üzerine alın."", ""Piyazlık doğranmış soğanları bir süzgece alın, bol tuzla ovalayıp 5 dk. bekletin ve yıkayıp acısını çıkarın. Üzerine doğranmış maydanoz, tuz ve sumak da ilave edin ve ciğer & patateslerin üzerine ilav""]"
9c214059-e9b8-41fe-af58-b891957eaa1e,Belem Turtası,Turkey,"Portekiz'in lezzetli ikonik tatlısı Belem Turtası, yumuşak kremsi dokusuyla damaklarda unutulmaz bir tat bırakır",Ye,"[""1 yemek kaşığı un"", ""1/2 yemek kaşığı nişasta"", ""150 ml süt"", ""2 adet yumurta sarısı""]","[""Önce şerbeti hazırlayın. Tüm şerbet malzemelerini bir araya getirip on dakika kaynatın. Ardından soğumaya bırakın."", ""Muhallebi için yumurta hariç tüm malzemeleri karıştırarak pişirin."", ""Soğuduğunda teker teker yumurtaları ilave ederek çırpın. Ardından soğuyan şerbeti ekleyin."", ""Milföy yaprağını ikiye bölün ve yuvarlayın."", ""Hamur parçasını merdane yardımıyla açın."", ""Açtığınız hamuru yağlanmış cupcake kalıbına yerleştirin."", ""İçine muhallebiyi ekleyip fırına verin. 200 derecede nar gibi kızarana kadar kontrollü pişirin."", ""Belem turtası tarifiniz hazır. Afiyet olsun!""]"
b73263a0-1a72-4f94-99d2-53fff129913f,Yaban Mersinli Vegan Cup,Turkey,"Yaban mersini ve Hindistan cevizi sütünün mükemmel uyumuyla hazırlanan, pratik ve lezzetli bir vegan tatlı",Vegan,"[""400 mililitre Hindistan cevizi sütü"", ""2 yemek kaşığı mısır nişastası"", ""2 yemek kaşığı toz şeker (meyveden şeker veya herhangi bir tatlandırıcı)"", ""2 yemek kaşığı Hindistan cevizi""]","[""Muhallebi için tüm malzemeleri bir tencereye transfer edip güzelce çırptım. Kısık ateşte yoğunlaşana kadar pişirdim."", ""Sürekli karıştırarak soğumasını sağladım. Sosu için yaban mersinlerini çatal ile ezip tatlandırıcı ve suyu ekledim."", ""Sosu için yaban mersinlerini çatal ile ezip tatlandırıcı ve suyu ekledim."", ""Yaklaşık 5 dakika kısık ateşte pişirip soğumaya bıraktım."", ""Muhallebiyi servis edeceğim kuplara bölüştürüp üzerine sosundan gezdirdim."", ""Meyvelerle süsleyip servis ettim. Afiyet olsun.""]"
a46afc72-ab25-4092-b86a-a537bed83e16,Karışık Meyve Salatası,Turkey,Taze ve lezzetli meyvelerin harmanlandığı ferahlatıcı bir salata,Ye,"[""4 adet çilek"", ""10 adet böğürtlen"", ""10 adet siyah üzüm"", ""1 adet şeftali"", ""1 adet mürdüm eriği""]","[""Mürdüm eriğini ve kabuğunu soyduğunuz şeftaliyi dilimler halinde kesin ve iri küpler halinde doğrayın."", ""Karpuz, kavun ve ananas dilimlerini diğer meyvelerle uyumlu olacak şekilde doğrayın."", ""Sap kısımlarını kestiğiniz çilekleri dört eşit parçaya bölün. Böğürtlen ve siyah üzüm tanelerini ortadan ikiye kesin. Doğradığınız tüm meyveleri geniş bir salata kasesine alın."", ""Salatanın sosunu hazırlamak için; portakal suyu, limon suyu, bal ve nane likörünü küçük bir kapta karıştırdıktan sonra meyvelerin üzerine gezdirin."", ""Salatayı sosuyla birlikte harmanladıktan sonra arzu ettiğiniz büyüklükte buz kalıpları ya da balonlar üzerinde hazırladığınız çikolata kaselerinde göz alıcı bir şekilde bekletmeden servis edin. Sevdik""]"
5a111f0d-80c7-43c8-9326-cc810ea2ab20,Kaymaklı Ayva Tatlısı,Turkey,"Tarçınlı şerbeti içinde yumuşayarak pişen ayvaların içine kaymak konularak servis edilen, kış aylarının en sevilen tatlılarından biri",Tatlı,"[""5 adet ayva"", ""15 yemek kaşığı toz şeker (her ayvanın üzerine 1,5 yemek kaşığı gelecek şekilde)"", ""1 adet çubuk tarçın""]","[""İlk olarak tatlıya rengini verecek sosu yapmakla başlıyoruz."", ""Bir sos tenceresine su, hibisküs çiçeği ve vişneler eklenir, 7 dakika kaynatılıp altı kapatılır ve dinlendirilir. (Suyunu çok çekmemesi için fazla kaynatmayalım, demlendirme işlemiyle de rengini iyice"", ""Ardından ayvaların kabukları soyulur, ortadan ikiye kesilir. (Daha güzel bir görüntü olması için saplı yapraklı kısmından değil, enine kesilir. Altı düz durmazsa hafif tıraşlanarak düzeltilir.)"", ""İç çekirdekleri çıkartılarak sert kısımlar iyice temizlenir. Geniş bir tencereye ayvalar yerleştirilir. (Çukur tarafları bize bakıyor olmalı.) Çukur kısımlara şeker serpiştirilir."", ""Kenar boşluklara ayvanın iç çekirdeği ve çubuk tarçın konulur. Demlendirilen hibisküs ve vişne suyu karışımı süzülerek eklenir."", ""Ağzı kapatılarak ocağın altı orta ateş olacak şekilde açılır. Kaynamaya başladıktan 10 dakika sonra altı kısılır."", ""Ayvalar sertliğini kaybedip yumuşayana kadar kısık ateşte pişirilir."", ""Pişme devam ederken bir kaşık yardımı ile içindeki suyundan üzerlerine dökülerek, rengin her yerine gelmesi sağlanır. (Ara ara ayvaları dağıtmadan çevirebilirsiniz.)"", ""Ayrı bir tavada kabukları soyulup rendelenmiş elmalar şeker ilave edilip sotelenir."", ""Altı kapandıktan sonra tarçın eklenerek soğumaya bırakılır."", ""Pişen ayvalar servis tabağına alınır, çukur kısmına ceviz parçaları serpiştirilip üzerine elmalı harcı konulur."", ""En üste kaymak ve cevizle süslenerek arzu edilirse ayvanın pişen suyundan üzerine gezdirilerek servis edilir. Afiyet olsun.""]"
ea9b69d7-bd4c-4a86-9ec2-ec85443574a3,Bademli Çikolatalı Cupcake,Turkey,"Bademli çikolatalı cupcake, hem göze hem damağa hitap eden lezzetli bir tatlı seçeneğidir",Ye,"[""3/4 su bardağı şeker"", ""3 yemek kaşığı tereyağı"", ""1,5 - 2 su bardağı un"", ""1 paket kabartma tozu"", ""2 adet yumurta"", ""1 paket vanilya"", ""80 gram bitter çikolata"", ""100 gram kavrulmuş badem (üzeri için)"", ""4 yemek kaşığı çikolata kreması (üzeri için)""]","[""Tereyağını dolaptan çıkarın. Fırını 165 dereceye ayarlayın."", ""Şekerle tereyağını çırpın. Un ve kabartma tozunu başka bir kaba eleyin."", ""Şekerle tereyağını çırparken teker teker yumurtaları ilave edin. Unu ve kabartma tozunu da 2 seferde ilave edin."", ""En son benmari usulü eritip hafif soğuttuğunuz çikolatayı ilave edin ve karıştırın."", ""Muffin kağıtlarını cupcake bölmeli fırın kabının içine yerleştirin. Kepçe yardımı ile kapları doldurun. 10-15 dakika kürdan yardımı ile kontrol ederek pişirin."", ""Fırından çıkıp 10 dakika soğumaya bırakın ve bıçakla keklerin ortasını huni şeklinde dikkatlice çıkararak çikolata kremasını kaşık yardımıyla keklerin ortasına doldurun."", ""Huni şeklinde çıkarttığınız kek parçasını yerleştirin ve kavrulmuş file bademlerle süsleyin. İşte bu kadar, afiyet olsun.""]"
306de1aa-5b8f-4f8d-987c-5cf657662f3d,Kuru Erikli Çetmi Tatlısı,Turkey,Kuru eriklerin tatlılığını yufkanın hafifliğiyle birleştiren pratik ve lezzetli bir tatlı,Ye,"[""2 adet yufka"", ""1 su bardağı sıvı yağ"", ""200 gram Armağan Kuru Erik"", ""100 gram ceviz"", ""3 yemek kaşığı toz şeker"", ""1/2 su bardağı tahin""]","[""İç harç için ilk olarak erikleri sıcak suda yumuşayana kadar 10-15 dakika bekletin. Ardından süzüp çok ufak parçalar halinde doğrayın.Cevizleri de ince ince kıyın ya da robottan geçirin."", ""Ufak bir kasede erikleri, cevizleri, toz şeker, tarçın ve tahini birleşene kadar karıştırın."", ""Her bir yufkayı on iki üçgen dilime kesin. Her bir üçgenin uzun kenarına 1 tatlı kaşığı dolusu harç koyup kalem börek gibi sarın. Uçlarını hafifçe suya batırıp yapıştırın."", ""Geniş bir tavada yağı orta ateşte ısıtın ve çetmileri tüm yüzeyleri eşit kızarana kadar pişirin."", ""Kızaran çetmileri havlu peçete üstüne çıkartın 3-4 dakika dinlendirin, üstlerine bolca pudra şekeri serpin ve hemen servis edin. Afiyet olsun.""]"
796b9d53-e3ae-44a9-8a59-84415658e129,Elmalı Kahvaltılık Yulaf,Turkey,Lezzetli ve doyurucu elmalı kahvaltılık yulaf ile güne enerjik başlayın,Ye,"[""1 adet kırmızı elma"", ""5 yemek kaşığı yulaf ezmesi"", ""1 yemek kaşığı labne"", ""1 su bardağı süt"", ""1 tatlı kaşığı bal"", ""10 adet fındık"", ""1 çay kaşığı (silme) tarçın""]","[""Fındıkları bütün değil, parçalayarak atın."", ""Tüm malzemeleri güzelce karıştırın. Afiyet olsun."", ""Not: 1 gece buzdolabında bekletin.""]"
e9c32633-9b58-46f5-8339-7a4b0bdc17ad,Çilekli Kolay Manolya Tatlısı,Turkey,Taze çilekler ve bebe bisküvileriyle hazırlanan pratik ve lezzetli bir tatlı,Ye,"[""15-20 adet çilek"", ""1 paket bebe bisküvisi"", ""1 litre süt"", ""1 su bardağı toz şeker"", ""1 adet yumurta sarısı"", ""2,5 yemek kaşığı nişasta"", ""2 yemek kaşığı un"", ""1 paket vanilya"", ""1 paket sıvı krema""]","[""Tencereye süt, nişasta, un, yumurta sarısı ve şekeri alalım.Çırpma teli ile koyulaşana kadar pişirelim. Kıvam alınca ocaktan alalım, soğutmak için karıştıralım. (Sürekli karıştırırsak kaymak bağlamaz."", ""Soğuyan muhallebiyi mikser ile çırpalım. Bu esnada vanilyayı ekleyelim sonra da sıvı kremaya ayırdığımız yarım bardak sütü dökelim ve karıştıralım."", ""Kremamızı muhallebiye katıp mikser ile çırpmaya devam edelim."", ""Bebe bisküvisini rondodan geçirelim."", ""Servis edeceğimiz kuplara rondodan geçirdiğimiz bisküvimizinden yerleştirelim."", ""Üzerine muhallebimizden 2-3 yemek kaşığı kadar koyalım."", ""Bu işlem bittikden sonra servis edeceğiniz kaselere göre farklı şekillerde süsleyebilirsiniz. Tekrar üzerine bisküvi koyup çileklerimizi yerleştirerek koyarak hazırlayalım."", ""Bol bisküvili muhallebili oluyor. Tekrar üzerine bisküvi kapattıktan sonra çilekleri yerleştiriyoruz ve 2-3 saat buzdolabında bekletiyoruz.""]"
9c45ebf7-0bf1-47fc-8406-efe1827df40d,Isırgan Otlu Erişte,Turkey,"Pratik ve lezzetli bir seçenek olan ısırgan otlu erişte, tereyağı ile harmanlanarak mis gibi bir sofraya dönüşür",Ana Yemek,"[""1 paket ısırgan otlu erişte"", ""1,5 yemek kaşığı tereyağı"", ""1 çay kaşığı tuz"", ""3-4 yemek kaşığı tulum peyniri""]","[""Isırgan otlu erişteyi bol tuzlu ve kaynar suda 8-10 dakika haşlayın."", ""Suyunu süzdürüp tereyağıyla birlikte kavurun."", ""Servis tabağına alıp üzerine peynir rendeleyin. Arzuya göre ceviz de ilave edip servis edebilirsiniz. Afiyet olsun.""]"
39bcda21-1bd6-48d8-bf85-5460cc2c1ae8,Keçiboynuzlu Bebe Bisküvisi,Turkey,"Keçiboynuzu ve kuru üzümle zenginleştirilmiş, pratik ve lezzetli bir bebe bisküvisi tarifi",Ana Yemek,"[""1 adet yumurta"", ""1 çay bardağı kuru üzüm"", ""1 çay kaşığı kabartma tozu"", ""2 su bardağı un""]","[""Un hariç tüm malzemeleri bir kapta karıştırın. Unu azar azar ilave ederek yoğurun. Ele yapışmayan yumuşak bir hamur elde edin."", ""Hazırladığınız hamuru 10 dakika kadar buzdolabında bekletin."", ""Dinlenen hamuru dolaptan çıkarın. Tezgahın üzerine alın. Daha sonra kurabiyelere istediğiniz şekli verin."", ""Önceden ısıtılmış 180 derece fırında 12-13 dakika kadar pişirin."", ""Süreyi uzatmayın bisküviler sertleşir. Fırından ilk çıktığında yumuşak olacaktır soğuyunca sertleşecek."", ""Bisküvileriniz hazır! Afiyetler olsun.""]"
3def5f2e-53c6-4564-86f4-94f205a5a1e7,Kaşarlı Maydanozlu Poğaça,Turkey,"Zeytinyağlı hamurun içine bol kaşar ve taze maydanoz koyularak hazırlanan, hem pratik hem de çok lezzetli bir poğaça tarifi",Börek & Hamur İşi,"[""1 adet yumurta"", ""3/4 çay bardağı zeytinyağı"", ""2 adet kaşar (parmak kalınlığında)"", ""2 su bardağı tam buğday unu"", ""1 çay bardağı yoğurt"", ""1 paket kabartma tozu"", ""1,5 çay kaşığı tuz"", ""1 çay kaşığı kırmızı toz biber""]","[""Yoğurt, zeytinyağı ve yumurtayı çırpalım."", ""Maydanozu ve kaşarı doğrayalım."", ""Üzerine kabartma tozu, tuz, kırmızı toz biber, kaşar ve maydanozu ekleyelim."", ""Unu kontrollü bir şekilde ekleyelim. Yoğuralım. Küçük bezelere ayıralım."", ""Fırın kağıdı serili tepsiye dizelim."", ""Üzerine pekmez sürüp, susam serpelim."", ""Önceden ısıtılmış fırında pişirelim. Afiyet olsun.""]"
6a1f93d3-0a23-4caa-96dc-24829c4c5b30,Ballı Kekikli Hellim,Turkey,"Hellim peynirinin tuzlu lezzeti, balın tatlılığı ve susamın çıtırlığıyla buluşuyor",Ye,"[""1 paket hellim peyniri"", ""2 tatlı kaşığı susam"", ""2 tatlı kaşığı bal""]","[""Hellimleri çok ince olmayacak şekilde (1 parmak kalınlığında) eşit parçalara bölelim."", ""Yanmaz, yapışmaz bir tavaya hellimleri alıyoruz, orta ateşte her iki tarafı kızarana dek (suyunu salıp çekecek) pişiriyoruz."", ""Hellimler pişerken başka bir tavaya susamları alıyoruz ve kavuruyoruz."", ""Sıcak hellimleri bir tabağa alıyoruz, üzerlerine bal gezdiriyoruz. Sonrasında kavrulan susamları ve dallarından ayırdığımız taze kekikleri ilave ediyoruz. Afiyet olsun.""]"
95228951-0a15-4572-ad8c-9570f4ef6b8e,Kabak ve Havuç Spagetti,Turkey,"Sağlıklı ve lezzetli bir alternatif olan kabak ve havuç spagetti, pratik yapımıyla sofralarınızı şenlendirir",Et Yemekleri,"[""1 adet kabak"", ""1 adet havuç"", ""2 yemek kaşığı zeytinyağı"", ""1 çay kaşığı tuz""]","[""Kabak ve havuçları sebze soyucu ile ince ince dilimleyin."", ""Zeytinyağını bir tencereye alarak dilimlediğinizi kabak ve havuçları 5-10 dakika kavurun."", ""Sarımsağı ezerek, yoğurt ve tuzla karıştırın."", ""Ayrı bir tavada zeytinyağı ile kıymayı kavurun."", ""Salçaları ve baharatları ekleyerek kısa bir süre daha kavurun ve suyu ilave edip 1-2 dakika pişirin."", ""Pişirdiğiniz kabak ve havuçları sarımsaklı yoğurtla birleştirip üzerine kıymalı sos gezdirdikten sonra afiyetle tüketin.""]"
8a50514b-70ce-494e-b9f5-9dc3bdfbd8c2,Sebzeli Karnabahar Pilavı,Turkey,"Sağlıklı ve lezzetli bir alternatif olan sebzeli karnabahar pilavı, hem pratik hem de doyurucu bir seçenektir",Pilav & Makarna,"[""165 gram karnabahar"", ""2 adet sivri biber (acılı, acısız farketmez)"", ""1 adet kapya biber"", ""1 adet havuç"", ""1/2 adet soğan (arzuya göre)"", ""2 yemek kaşığı zeytinyağı"", ""1/2 çay kaşığı kimyon"", ""1/2 çay kaşığı zerdeçal"", ""1/2 çay kaşığı tuz"", ""1 çay kaşığı nane""]","[""Öncelikle karnabahar güzelce yıkanır ve rendelenir."", ""Havucun kabukları soyulur ve küp küp doğranır."", ""Biberler yıkanır onlarda küp küp doğranır havuçla beraber pilav tenceresine alınıp üzerine zeytinyağ eklenir ve orta ateşte sotelenir."", ""Sotelenen sebzelerin üzerine rendelenmiş karnabahar eklenir baharatları ekledikten sonra güzelce kavrulur."", ""15 dakika daha kavurduktan sonra pilav ocaktan alınır ve pilav demlenmeye bırakılır."", ""Demlenen pilav servis tabağına alınarak üzerine maydanoz eklenerek servis edilir. Afiyet olsun!""]"
65c1ff6f-c4bf-4409-ad8f-f616272653a0,Bal Kabaklı Pancake,Turkey,"Lezzetli ve sağlıklı bal kabağı pancake'leri, kahvaltılarınız için harika bir seçenek",Sebze Yemekleri,"[""2 adet yumurta"", ""1,5 çay bardağı süt"", ""2 çay bardağı tam buğday unu"", ""1 su bardağı püre haline getirilmiş bal kabağı"", ""1 çay kaşığı karbonat"", ""1 çay kaşığı tarçın"", ""3 yemek kaşığı bal""]","[""Bal kabağını haşlayabilir ya da fırında pişirebilirsiniz."", ""Daha sonra yumurta, bal ve sütü çırpın."", ""Bal kabağını, unu, karbonat ve tarçını da ekleyip karıştırın. Yapışmaz tavada yağsız olarak pişirin.""]"
fe7f13b4-2c03-4016-9176-e290d494d03f,Kuzu Etli Şevketibostan,Turkey,"Yöresel lezzet şevketibostan, dana etiyle buluşarak doyurucu bir yemeğe dönüşüyor",Et Yemekleri,"[""500 gram ayıklanmış şevketi bostan"", ""250 gram kuzu eti (kuşbaşı doğranmış)"", ""1 adet büyük boy soğan"", ""1 çay kaşığı tuz"", ""1 çay kaşığı karabiber"", ""1 çay kaşığı kimyon"", ""1 adet limon suyu"", ""4 yemek kaşığı zeytinyağı""]","[""Zeytinyağında soğan ve eti kavuralım. Yıkayıp doğradığınız şevketibostanı ilave edelim."", ""Baharat ve diğer malzemeleri de ekledikten sonra et suyunu salıp çekene kadar pişirin."", ""Suyunu çektiği noktada üzerini örtecek kadar su ilave edin. Afiyet olsun.""]"
38eed690-9200-46f2-857a-8de9498ed803,Enginarlı Kabaklı Kremalı Çorba,Turkey,Enginar ve kabakların harmanlandığı kremsi ve lezzetli bir çorba,Çorba,"[""2 adet enginar"", ""2 adet kabak"", ""1 adet soğan"", ""1 paket krema"", ""1 çay bardağı et suyu"", ""3 su bardağı süt"", ""1 tatlı kaşığı tuz""]","[""Enginarlar taze ise temizleyip, eğer konserve ise suyunu süzüp dilimliyoruz."", ""Kabakları, kuru soğanı dilimleyip 3 su bardağı suda pişirdikten sonra blender yardımıyla eziyoruz."", ""Kısık ateşte iken önce et suyunu sonrada kremayı ekleyip altını kapatıyoruz."", ""Yanına kızarttığımız kıtır ekmekle servis yapıyoruz. Afiyet olsun.""]"
79ecf4a3-42f2-4449-9142-926418f0cd82,Kolay Enerji Bar,Turkey,Sağlıklı ve pratik atıştırmalık için evde kolayca hazırlayabileceğiniz doğal enerji barı,Ana Yemek,"[""3 su bardağı yulaf ezmesi"", ""5 adet kuru incir"", ""8 adet orta boy hurma"", ""1 çay bardağı kurutulmuş yaban mersini"", ""100 gram çiğ fındık"", ""100 gram soyulmuş çiğ badem"", ""4 yemek kaşığı keten tohumu"", ""4 yemek kaşığı Hindistan cevizi rendesi"", ""1 yemek kaşığı ham kakao"", ""4 yemek kaşığı şekersiz yer fıstığı ezmesi"", ""1 su bardağı bal"", ""1 çay bardağı karadut özü""]","[""İncir ve hurmaları sıcak suda 10 dakika bekletin. İncirin sapını ve hurmanın kabuklarını ayırın, rondoda parçalayın."", ""Fındık ve bademleri rondoda iri parçalar halinde parçalayın."", ""İncir, hurma, fındık ve bademleri diğer bütün malzemelerle karıştırıp yoğurun."", ""Elde ettiğiniz hamuru yağlı kağıt serilmiş dikdörtgen veya kare bir kalıba 1 parmak kalınlığında, spatula yardımıyla düz bir şekilde yayın."", ""Sabaha kadar dinlenen karışımı, 45-50 gramlık barlar halinde dilimleyin. Afiyet olsun.""]"
253e3e21-c129-413c-8f1e-99c1a2b68ac2,Mantar Kavurma,Turkey,Zeytinyağında kavrulan soğan ve mantarların harika birleşimiyle hazırlanan pratik ve lezzetli bir atıştırmalık,Ana Yemek,"[""500 gram kültür mantarı"", ""3 yemek kaşığı zeytinyağı"", ""1 adet kuru soğan"", ""1 adet kırmızı kapya biber"", ""2 adet yeşil biber"", ""1,5 çay kaşığı tuz"", ""1 çay kaşığı karabiber"", ""1 çay kaşığı kekik""]","[""Soğanların kabuklarını soyun. İnce piyazlık bir şekilde doğrayın. Sarımsakları da halka halka doğrayın ve zeytinyağında kavurun."", ""Ardından biberleri halka halka doğrayın."", ""Temizlenmiş mantarları dilimleyin ve ekleyin."", ""Baharatlarını da ekleyip suyunu bırakmaması için orta ateşte pişirin.""]"
9c0a9f34-d867-4d33-b76b-fc34ee07cab2,Pizza Sosu,Turkey,"Ev yapımı lezzetli pizza sosu, pizzanıza zengin ve otantik bir tat katmak için mükemmel bir seçim",Ana Yemek,"[""1/2 kilogram domates"", ""1 adet orta boy soğan"", ""2 yemek kaşığı zeytinyağı"", ""1 çay bardağı ılık su"", ""2-3 adet defne yaprağı"", ""1 tepeleme yemek kaşığı şeker"", ""1 çay kaşığı tuz"", ""1 çay kaşığı karabiber""]","[""Soğanı yemeklik doğrayın, tencerede kızdırdığınız yağa ekleyin. Hafif yumuşayıp renk alıncaya kadar kavurun."", ""İnce ince kıydığınız sarımsakları ekleyin ve kavurmaya devam edin."", ""Soğanlar iyice yumuşayınca, soyulmuş ve küçük doğranmış domatesleri ekleyin."", ""Hemen ardından geri kalan bütün malzemeleri ve suyu ekleyip, kaynama noktasına gelene kadar yüksek ateşte, kaynadıktan sonra kısık ateşte 15 dakika kadar pişirin."", ""Sürenin sonunda domatesli karışımı blenderdan geçirin ve mümkün olduğunca pürüzsüz bir hale getirin."", ""Sosu, isterseniz hemen kullanın. İsterseniz soğuduktan sonra buzdolabı poşetlerine kaldırıp daha sonra da kullanabilirsiniz. Afiyet olsun!""]"
921a3449-173c-4dae-8490-2901ce68c426,Karnabahar Graten,Turkey,"Kremalı ve lezzetli karnabahar graten, hem pratik hem de doyurucu bir tarif",Sebze Yemekleri,"[""1 adet orta boy karnabahar"", ""1 adet yumurta"", ""2 yemek kaşığı un"", ""1 su bardağı yoğurt"", ""1/2 çay bardağı sıvı yağ"", ""1 tatlı kaşığı tuz"", ""1 çay kaşığı karabiber"", ""1 çay kaşığı pul biber""]","[""Karnabaharları çiçeklerine ayıralım yıkayıp tencereye alalım, 15 dakika kadar haşlayalım."", ""Haşlanan karnabaharı soğuması için geniş bir tepsiye alalım."", ""Bir kapta sosunu hazırlamaya başlayalım; yumurta, yoğurt, un, sıvı yağ, tuz ve baharatları karıştıralım."", ""Oda sıcaklığına gelmiş olan karnabaharın üzerine gezdirelim. 200 derece fırında üzeri kızarana kadar pişirelim. Ben 20 dakika pişirdim."", ""Karnabaharı fırından çıkarıp kaşar peyniri serpelim ve 8-10 dakikada bu şekilde kızartalım."", ""Fırından çıkardığımız karnabaharı bıçakla dilimleyip servis yapalım. üzerine maydanoz serpebilir, limon sıkarak yada sarımsaklı yoğurt dökerek yiyebilirsiniz. Afiyet şifa olsun.""]"
73529e0d-edfc-4032-b57b-3fc1d8fa778c,Erişteli Yeşil Mercimek Çorbası,Turkey,"Yeşil mercimeğin doyuruculuğu ile eriştenin lezzetini birleştiren, pratik ve besleyici bir çorba",Çorba,"[""1 su bardağı yeşil mercimek"", ""1 su bardağı erişte"", ""1 adet kuru soğan"", ""1 yemek kaşığı salça"", ""8 su bardağı et suyu (ya da normal su)"", ""1/2 çay bardağı sıvı yağ""]","[""Öncelikle yeşil mercimekleri 20 dakika kadar haşlıyoruz."", ""Haşlandıktan sonra erişteleri ekleyip suyunu da ayarlayıp erişteler yumuşayıncaya kadar pişiriyoruz."", ""Bir tavaya sıvı yağı koyuyoruz."", ""İçine yemeklik doğradığımız soğanları koyup, pembeleşene kadar kavuruyoruz."", ""Ardından salçamızı koyup biraz çeviriyoruz. Çorbaya döküyoruz."", ""Tuzunu ve baharatını damak tadımıza göre ayarlıyoruz. Ben toz sumak da ekliyorum nefis oluyor. Afiyet olsun.""]"
3657939e-bbff-40b5-9d0b-ba524f637603,Yufkalı Simit Börek,Turkey,"Pratik ve lezzetli yufkalı simit börek, çay saatlerinin vazgeçilmezi",Börek & Hamur İşi,"[""1 adet yufka"", ""2 yemek kaşığı sıvı yağ"", ""2 adet patates"", ""1/2 çay kaşığı tuz"", ""1/2 çay kaşığı kırmızı toz biber"", ""1/2 çay kaşığı karabiber"", ""1/2 çay kaşığı pul biber""]","[""İlk olarak iç harç hazırlanır. Patates iri küpler halinde doğranır. Az suyla haşlanır. Suyu çektirilir, ezilir, baharatlar eklenir ve karıştırılır. Oda ısısında soğumaya bırakılır."", ""Yufka dört parçaya bölünür. Üzerine su ve yağlı karışım sürülür. Kenarına patatesli harçtan koyulur ve rulo yapılır. Uçlarına yapışması için su sürülür ve birleştirilir. Hepsi aynı şekilde sarılır."", ""Pekmez suyla açılır. Simitler önce pekmezli suya sonra susama batırılır. Önceden ısıtılmış fırında alt üst ayarda 200 derecede, üzerleri kızarana kadar pişirilir."", ""Çıkarmadan önce 5 dakika fanlı ayarda pişirebilirsiniz. Sıcak sıcak servis yapılır. Afiyet olsun.""]"
836f1b4c-a167-48be-b605-8d20d416d032,Corn Flakes Kaplamalı Nohut Köfte,Turkey,"Corn flakes kaplamasıyla çıtır çıtır, lezzetli ve pratik bir atıştırmalık",Et Yemekleri,"[""400 gram haşlanmış nohut"", ""1 adet yumurta"", ""1 adet soğan"", ""4 yemek kaşığı mısır unu"", ""1 adet havuç"", ""1 çay kaşığı karabiber (azaltıp arttırılabilir)"", ""1 çay kaşığı kimyon (azaltıp arttırılabilir)"", ""1 çay kaşığı tuz (azaltıp arttırılabilir)""]","[""Birgün önceden suda beklettiğimiz nohutları haşlayalım."", ""Dış kaplama malzemeleri hariç tüm malzemeleri el blenderına alarak yumuşak, ele yapışmayacak bir köfte harcı elde edelim."", ""Köftelere şekil vererek dolapta biraz dinlendirelim."", ""Dış kaplama için corn flakes'i öğütüp yumurta beyazını ayrı bir kaseye alalım."", ""Şekil verdiğimiz nohut köfteleri önce yumurta beyazına, sonra corn flakes'e bulayalım."", ""Fırın tepsisine dizdiğimiz köfteleri önceden 200 derecede ısıttığımız fırına alalım. 25 dakika kadar kontrollü pişirip servis edebilirsiniz.""]"
535e2b3a-83ea-4fbf-852b-f3e1dac26df0,Çikolatalı Puding,Turkey,"Kakao ve sütün lezzetli buluşumuyla hazırlanan bu kolay çikolatalı puding, hem pratik hem de çok lezzetli",Tatlı,"[""500 mililitresüt"", ""1,5 yemek kaşığı un"", ""1,5 yemek kaşığı kakao"", ""1 adet yumurta sarısı"", ""1/2 su bardağı toz şeker"", ""50 gram tereyağı"", ""50 gram bitter çikolata"", ""1/2 su bardağı soğuk su""]","[""Süt, un, kakao, şeker ve yumurta sarısı tencereye alınıp sürekli karıştırılarak kaynayana kadar pişirilir."", ""Kaynadıktan sonra ocaktan alınıp içine tereyağ ve çikolata eklenip hızlıca karıştırılır."", ""Ilımaya bırakılır. Ilınınca soğuk su eklenip mikser yardımıyla 5 dakika çırpılır."", ""Çırpılan puding kase veya bardaklara paylaştırılıp fındık, fıstık vb şeylerle süslenip soğumaya bırakılır. Afiyet olsun.""]"
ce1ce639-dcf5-4e0a-bbb5-7a25c9e920df,Ispanaklı Gül Böreği,Turkey,"Ispanak ve soğanla harmanlanmış lezzetli iç harcı, yufkalarla gül şeklinde sarılarak hazırlanan şık ve pratik bir börek",Börek & Hamur İşi,"[""3 adet günlük yufka"", ""1/2 çay bardağı zeytinyağı"", ""1 adet soğan"", ""500 gram ıspanak (bir büyük demet)"", ""1/2 su bardağı yoğurt"", ""1/2 çay bardağı sıvı yağ"", ""1 adet yumurta"", ""1 adet yumurta sarısı"", ""1 yemek kaşığı susam"", ""1 yemek kaşığı çörek otu""]","[""Yufkaları üst üste dizin ve bir bıçak yardımıyla keserek toplamda 12 adet üçgen yufka elde edin."", ""Sosu için yoğurt, sıvı yağ ve yumurtayı bir kaseye alın ve tüm malzemeler birleşinceye dek karıştırın."", ""Tavaya zeytinyağını ekleyin, ısıtın ve ardından ince ince kestiğiniz soğanları ekleyerek kısık ateşte pişirin."", ""İnce kestiğiniz ıspanakları da üzerine ekleyin ve suyunu salmadan altını kapayın."", ""Tavadaki karışımı ılıması için bir kaseye alın ve oda sıcaklığına geldiğinde lor peynirini de ekleyerek karıştırın."", ""Kestiğiniz üçgen yufkaların içinde fırça yardımıyla hazırladığınız yoğurtlu sosu yedirin."", ""Ispanaklı iç harcından koyun."", ""Ardından rulo şeklinde çok sıkmadan sarmaya başlayın."", ""Ruloyu bir kenardan tutarak içe doğru kıvırın ve gül böreği şeklini verin."", ""Hazırladığınız gül böreklerini yağlı kağıt serili fırın tepsisine alın."", ""Üzerine yumurta sarısı sürüp çörek otu ve susam serpiştirin."", ""Önceden ısıtılmış 180 derece fırında 25 dakika pişirin ve sıcak servis edin. Afiyetler olsun!""]"
5fcc54ea-ce59-4d3b-ae1e-6a22a2e39f31,Kuş Üzümlü Pilav,Turkey,"Tereyağının zengin lezzetiyle buluşan, yumuşacık ve lezzetli kuş üzümlü pilav",Pilav & Makarna,"[""2 su bardağı baldo pirinç"", ""4 su bardağı kaynar su"", ""4 yemek kaşığı tereyağı"", ""1/2 su bardağı haşlanmış nohut"", ""2 yemek kaşığı kuş üzümü""]","[""Kuş üzümlerini kaynar suda ıslatıp yıkayın, suyunu süzün. Pirinçleri de yıkayıp suyunu süzün."", ""Yapışmaz kaplama orta boy bir tencereye tereyağını koyup eritin. Ardından yıkadığınız pirinçleri tencereye ekleyin ve bir dakika kadar kavurun."", ""Nohut, kuş üzümü ve tuzunu ekleyip kaynar suyu da ilave ederek kısık ateşte tencerenin kapağı kapalı şekilde pişirin."", ""Piştikten sonra bir battaniyeye sararak demlendirebilirsiniz. Afiyet olsun.""]"
fa4866b6-8187-4f4f-bca7-9ce970968987,Tart Kalıbında Kek,Turkey,Tart kalıbında hazırlanan pratik ve lezzetli kek tarifi,Tatlı,"[""1 çay bardağı toz şeker"", ""2 adet yumurta"", ""1 çay bardağı sıvı yağ"", ""1,5 çay bardağı süt"", ""1,5 yemek kaşığı kakao"", ""2 su bardağı un"", ""1 paket kabartma tozu"", ""1 paket vanilin""]","[""Yumurta ve şekeri iyice çırpın."", ""Sıvı yağ ve süt ekleyip karıştırın."", ""Un, kakao, vanilini ve kabartma tozunu eleyerek ilave edin. Karıştırıp kek harcını hazırlayın."", ""Tart kalıbını katı yağ ile yağlayın. Harcı eşit olarak dökün ve önceden ısıtılmış 180 derece fırında yaklaşık 25 dakika pişirin. Pişip pişmediğini kontrol etmek için kürdan batırın, temiz çıkıyorsa pi""]"
c7e296dc-45ea-4392-8527-00d97da6afbc,"Dereotlu, Renkli Biberli Poğaça",Turkey,"Dereotun taze tadı ve renkli biberlerin canlılığıyla harmanlanmış, lezzetli poğaça tarifi",Börek & Hamur İşi,"[""1 paket sana margarin"", ""1 çay bardağı sıvı yağ"", ""2 adet yumurta"", ""2 yemek kaşığı toz şeker"", ""1 yemek kaşığı kuru maya"", ""1 çay bardağı süt"", ""1 tatlı kaşığı tuz"", ""2 adet dolmalık biber"", ""6 su bardağı un""]","[""Derin bir yoğurma kabının içinde sütü, şekeri, tuzu ve kuru mayayı, 5 dakika maya canlanana kadar bekletin."", ""Mayalı karışımın üzerine oda sıcaklığında bekletilmiş margarini, 1 çay bardağı sıvı yağı, 2 yumurtayı (1 adet sarıyı kenara ayırın) ekleyin."", ""Unu yavaş yavaş ekleyerek yoğurun."", ""Hamur ele yapışmayan bir kıvam alana kadar unu ekleyin ve içine doğranmış renkli biberleri ve dereotunu ekleyip biraz daha yoğurun. Bu adımda hamur biraz daha un isteyebilir."", ""10 dakika hamuru dinlendirin."", ""Ceviz büyüklüğünde parçalar alıp, yağlı kağıt üzerine koyun. Eğer isterseniz içine peynir de koyabilirsiniz."", ""200 derece fırında yaklaşık 18-20 dakika pişirin.""]"
b6baea97-e5c2-4c01-b3cc-e8aaf78f378d,Limon Tart,Turkey,"Taze limonun ferahlatıcı tadıyla hazırlanan bu kolay limon tarı, hem çay saatlerinde hem de tatlı olarak mükemmel bir seçimdir",Ana Yemek,"[""1 adet orta boy limon"", ""50 gram toz şeker"", ""50 ml su""]","[""Yatay olarak tutup, alt kısmından küçük bir delik açtığınız limonun iç kısmını dikkatli bir şekilde çıkartın."", ""Toz şeker ve suyu küçük bir sos tenceresine aktarın. Şeker eriyene kadar karıştırın. Hazırladığınız şurup karışımında içini boşalttığınız limonu, 95 derecede 3 saat pişirin."", ""Tatlının kreması için; yumurta, toz şeker ve unu küçük bir sos tenceresine aktardıktan sonra bir çırpıcı yardımıyla karıştırın."", ""Pürüzsüz bir kıvam olması için karıştırdığınız krema harcını ocağa alın ve kısık ateşte karıştırarak pişirin."", ""Kıvam alan krema karışımını ocaktan alın. Tereyağı, çırpılmış krema ve limon suyunu ilave edip, bir mikser yardımıyla yüksek devirde karıştırın. Soğuması için bir kenarda bekletin."", ""Şurup içinde pişen ve acısı çıkan içini çıkardığınız limonu, dışarı çıkartın. Soğuyan krema harcını bir sıkma poşetine aktarın."", ""Limonu, orta kısmını açtığınız yerden krema ile doldurun. Servis tabağının bir bölümüne kalan kremadan bir parça sürün. İçi dolu olan limonu ortada kalan boşluk kısmı altta kalacak şekilde krema üzeri"", ""Pudra şekeri ve tereyağı ile hazırlanmış bisküvi eşliğinde, kreması mis gibi limon kokulu, şurubu sayesinde üzeri parlayan limon tartı bekletmeden servis edin. Sevdiklerinizle paylaşın.""]"
b5044b41-5672-486d-a49b-0b8f5ef6a37c,Vişneli Ispanak Sarması,Turkey,"Vişneli ıspanak sarması, kırmızı mercimek ve esmer bulgur ile hazırlanan sağlıklı ve lezzetli bir ana yemek",Sebze Yemekleri,"[""1/2 çay bardağı kırmızı mercimek"", ""1/2 çay bardağı esmer bulgur"", ""1 adet büyük boy soğan"", ""250 gram kıyma"", ""1/2 çay bardağı sızma zeytinyağı"", ""1 tatlı kaşığı domates salçası"", ""1 tatlı kaşığı biber salçası"", ""1/2 adet limon suyu"", ""1 tatlı kaşığı tuz"", ""1 çay kaşığı karabiber"", ""1 çay kaşığı pul biber"", ""1 çay kaşığı kimyon"", ""1 tatlı kaşığı nane""]","[""Tüm iç malzemesini bir kabın içerisine alıp güzelce elimizle yoğurarak karıştıralım, özleşsinler."", ""Ispanak yapraklarını güzelce yıkayalım, nazik davranalım kırılmasınlar. Bir tasın içerisine alalım, üzerine kaynar su dökelim, hiç bekletmeden suyunu süzelim ve soğuk suya alalım, hem renkleri canlı k"", ""Yapraklarımızı süzelim ve iç harcı ekleyip sarmaya başlayalım. Tenceremizin dip kısmına saplarından koyup üzerine sardığımız sarmaları dizelim. Tam orta kısmına vişne, domates ve 1 adet de kırmızı acı"", ""Bir cezve içerisine zeytinyağı, tuz, karabiber, salça koyup suyla açalım, biraz ocakta karıştırarak kaynatalım ve sarmamızın üzerine gezdirelim."", ""Yemeğimizin üzerine bir tabak kapatıp, kısık ateşte yaklaşık 1 saat kadar pişirelim ve servis yapalım.""]"
3a1fe3b2-c0b9-448b-acd2-a3c15df87484,Kuru Domatesli Lahana Salatası,Turkey,"Lezzetli ve ferahlatan kuru domatesli lahana salatası, pratik ve sağlıklı bir seçenektir",Salata,"[""1/2 adet mor lahana"", ""1/2 adet limonun suyu"", ""6 adet yağlı kuru domates"", ""1 su bardağı haşlanmış nohut"", ""4 yemek kaşığı zeytinyağı""]","[""Lahanayı mandolin, rende ya da bıçakla çok ince doğrayıp tuz ve limon ile hafifçe ovun."", ""Kuru domates ve cevizleri bıçakla ufak parçalar halinde doğrayın."", ""Lahananın üzerine doğradığınız ürünleri, nohutları, zeytinyağını koyun, harmanlayıp servis edin.""]"
b6cbd6f4-93cb-4809-941f-a125bbea0475,Tatlı Acı Kemiksiz Tavuk Kanatları,Turkey,"Tatlı ve acılı sosla harmanlanmış, kemiksiz tavuk kanatları. Fırında mükemmel kıvamda pişirerek sunum şöleni",Tatlı,"[""8 adet tavuk kanadı"", ""3 yemek kaşığı sıvı yağ"", ""2 adet soğan"", ""1 yemek kaşığı bal"", ""80 gram kaşar peyniri""]","[""Tavuk kanatlarının derisini yırtmadan kemiklerini sıyırın."", ""Tuz, sıvı yağ, sarımsak ve karabiber ile tatlandırıp buzdolabında dinlendirin."", ""Çıkardığınız tavuk kemiklerini kavurup üzerine su ekleyin ve bir tavuk suyu elde edin."", ""Soğanları piyazlık doğrayın ve bir tavada, az su ilavesiyle karamelize olana dek pişirin."", ""Sıvı yağı bir sos tenceresine ekleyin. Üzerine sarımsak ekleyip kavurun. Armutların kabuklarını soyun ve doğrayın. Bir kısmını küçük küpler halinde doğrayıp sos piştikten sonra eklemek için kenarda be"", ""Armutları tavaya ekleyin ve üzerine şekeri, baharatları ilave edin. Tavuk suyu ilavesiyle armutlar püre haline gelene dek pişirin."", ""Sıvı yağ ve pul biberi kızdırıp süzgeçten geçirin. Bir miktar sosun içine ekleyin. Pişen sosu blenderdan geçirip tekrar ocağa alın."", ""Nişastayı suyla açın ve sosun içerisine aktarın. Sos koyulaşana dek pişirin. Pişen sosa küçük doğradığınız armut parçalarından ekleyin."", ""Buzdolabında beklettiğiniz tavuk kanatlarını karamelize olmuş soğan ve kaşar peyniriyle doldurun. 200 derece fırında 30 dakika pişirin."", ""Pişen kanatları sosla karıştırın. Üzerine limon kabuğu rendesi, kıyılmış maydanoz ve acı yağ gezdirip servis edin. Afiyet olsun.""]"
7f171471-ea2d-4d95-8d64-41b7d5689acf,Tavuklu Philly Cheesesteak,Turkey,"Tavuk göğsü, soğan ve peynirle hazırlanan lezzetli Philly Cheesesteak sandviçi",Tavuk Yemekleri,"[""2 yemek kaşığı zeytinyağı"", ""500 gram tavuk göğsü"", ""2 adet soğan"", ""3 adet dolmalık biber"", ""10 adet mantar"", ""2 çay kaşığı tuz"", ""1 çay kaşığı karabiber"", ""1 çay kaşığı toz kırmızı biber"", ""2 yemek kaşığı tereyağı"", ""200 gram kaşar peyniri (rendelenmiş)"", ""4 adet mini baget ekmek"", ""2 yemek kaşığı mayonez""]","[""Göğüs etlerini, soğanı ve dolmalık biberi ince, jülyen doğrayın. Mantarları da dilimleyin. Geniş ve büyük bir tavayı ocağa alın ve zeytinyağını ekleyerek tavayı ısıtın. Sıcak tavaya tavukları koyun v"", ""Tavaya sebzeleri, baharatları ve sarımsağı ekleyip yüksek ateşte pişirmeye devam edin."", ""Tereyağını ekleyip bir dakika daha pişirin. Tavadaki karışımın üzerine rendelenmiş kaşar peyniri serpin ve eriyene kadar bekleyin."", ""Ekmeklerin içine mayonez sürün ve başka bir tavada iç yüzeylerini kızartın."", ""Kızarmış ekmeklerin içine peynirli, sebzeli ve tavuklu karışımdan doldurun."", ""Sıcak olarak servis edin, afiyet olsun!""]"
5bf101ba-99b1-4b8c-adbc-2479b9a73714,Cevizli Şifon Kek,Turkey,"Hafif ve nemli dokusuyla cevizli şifon kek, çay saatlerinin vazgeçilmezi olacak",Tatlı,"[""6 adet yumurta sarısı"", ""50 gram pudra şekeri"", ""90 mililitresıvı yağ"", ""100 mililitreılık süt"", ""100 gram un"", ""40 gram nişasta"", ""1/4 tatlı kaşığı kabartma tozu"", ""1/2 tatlı kaşığı tuz"", ""100 gram iri kırılmış ceviz"", ""6 adet yumurta beyazı"", ""150 gram pudra şekeri""]","[""Yumurta sarılarını 50 gr pudra şekeriyle rengi açılana kadar çırpın."", ""Sıvı yağ ve sütü ilave edip karıştırın."", ""Un, kabartma tozu ve nişastayı eleyerek ekleyin ve karıştırın."", ""Yumurta beyazlarına tuz ekleyip biraz köpürtün."", ""Azar azar 150 gr şekeri ilave edin bir taraftan hızlıca çırpın."", ""Köpük kıvamına gelen harcı söndürmeden spatulayla birleştin."", ""Kavrulmuş cevizleri ekleyin."", ""Kalıba aktarın 170 derecede yaklaşık 40 dakika kontrollü pişirin.""]"
a29092dd-5eea-438d-a294-317a1ccd4ee2,Sarımsaklı Ekmek,Turkey,"Lezzetli sarımsaklı ekmek, tereyağı ve maydanozla hazırlanan harika bir atıştırmalık",Börek & Hamur İşi,"[""1 adet ekmek"", ""1/2 su bardağı tereyağı"", ""1 yemek kaşığı ince kıyılmış maydanoz"", ""1 yemek kaşığı parmesan peyniri (isteğe bağlı)"", ""1 yemek kaşığı cheddar peyniri (isteğe bağlı)(üzerine)""]","[""Fırını sadece üst ayarda 180 dereceye ısıtın."", ""Sarımsakları rendeleyin veya mutfak robotundan geçirin. Maydanozu ince ince doğrayın."", ""Oda sıcaklığındaki tereyağının içine sarımsak, maydanoz, kullanıyorsanız rendelenmiş parmesan peynirini ekleyip karıştırın."", ""Ekmeği sandviç yapacak gibi ortadan ikiye kesin ve yağlı kağıt serili bir tepsiye alın."", ""Sarımsaklı tereyağını ekmeklerin üzerine sürün. Kullanıyorsanız eriyen peyniri üzerine yayın."", ""Tepsiyi yağlı kağıt ve alüminyum folyo ile kaplayıp 10 dakika fırında pişirin. Daha sonra üzerini açıp peynirlerin erimesi için 5 dakika daha pişirin.""]"
b6d77dad-1c5f-4782-84cf-3188be28255b,Kolay Çikolatalı Kruvasan,Turkey,Milföy hamurlarıyla hazırlanan pratik ve lezzetli çikolatalı kruvasan tarifi,Tatlı,"[""4 adet milföy hamuru (dikdörtgen şeklinde, tercihen tuzsuz)"", ""60 gram bitter çikolata (1 küçük paket)"", ""1 adet yumurta sarısı""]","[""Milföy hamurlarını buzluktan çıkardıktan sonra birkaç dakika oda sıcaklığına gelmesi için dinlendirin. Bu sırada çikolatayı minik minik doğrayın."", ""Dikdörtgen hamurları sol üst köşesinden sağ alt köşesine doğru keserek 2 adet dik üçgen hamur çıkacak şekilde kesin."", ""Üçgen milföy hamurunun geniş kenarına tam ortasına 2-3 cm uzunluğunda çentik atın. Rulo halinde sararken hafifçe kenara doğru açarak sararken daha sağlayacaktır."", ""Milföy hamurlarının geniş kenarına yaklaşık 1 tatlı kaşığı çikolata koyun."", ""Ardından yarım ay şeklinde olacak biçimde sarın. Çok bastırmadan hamurun kenarlarının kapandığına emin olun."", ""Yağlı kağıt serdiğiniz bir fırın tepsisine yerleştirin. Yumurta sarısını hazırlamış olduğunuz kruvasanların üzerine bir fırça yardımıyla sürün."", ""Önceden ısıtmış olduğunuz 180 derece fırında fanlı programda 15-20 dakika, fansız programda 20-25 dakika üzerleri kızarana dek yaklaşık 15 dakika kadar pişirin. Sıcak servis edin.""]"
e582f9de-2e0c-4b05-b0d2-731f9c06148e,Bayat Kekten Kurabiye,Turkey,Bayat kekleri değerlendirmek için harika bir tarif. Çıtır kurabiyeler haline getirerek keklerinizi israf etmeyin,Tatlı,"[""1 adet yumurta"", ""100 gram margarin"", ""1 paket kabartma tozu"", ""1 çay bardağı un""]","[""Kekinizi elinizle bir kap içerisine ufalayın."", ""Önce yumurta ve margarini katın sonra da un ve kabartma tozunu, ardından karıştırın."", ""Bezeler kopartıp elinizde yuvarlayın."", ""Önce şekere batırın sonrada üzerine fındık batırın."", ""Önceden ısıtılmış fırında 180 derecede 30 dakika pişirin."", ""Tepsiden hemen çıkarmaya çalışmayın çünkü yumuşak olacaklardır."", ""10 dakika içerisinde sertleşeceklerdir o zaman spatula ile alabilirsiniz. Afiyet olsun.""]"
bcafd724-cb54-48ce-8865-ddfa288e75aa,Susamlı Haşhaşlı Kek,Turkey,"Susam ve haşhaşın eşsiz lezzetini bir araya getiren, yumuşacık dokulu ve pratik bir kek tarifi",Ye,"[""3 adet yumurta"", ""1 küçük kavanoztoz şeker (1,5 su bardağı)"", ""1 çay bardağı sıvı yağ"", ""3 yemek kaşığı yoğurt"", ""3 tepeleme yemek kaşığı haşhaş"", ""1 adet limon"", ""1 paket vanilya"", ""1 paket kabartma tozu"", ""2 su bardağı un"", ""3 yemek kaşığı susam""]","[""Fırınımızı 160 dereceye ayarlayalım."", ""Limonu yıkayıp kabuklarını rendeleyerek suyunu sıkalım."", ""Yumurta ve toz şekeri mikserle 5 dakika çırpalım."", ""İçine sıvı yağ, yoğurt, limon suyu ve rendelediğimiz kabuğu ekleyip çırpmaya devam edelim."", ""Haşhaş, vanilya, kabartma tozu ve unu ilave edip iyice karıştıralım."", ""Kalıbı yağlayıp iç kenarlarına susam serpelim. 50 dakika kadar fırında pişirelim.""]"
9502bfca-56c8-4376-b6ee-b87c81bd500b,Puf Puf Pişi,Turkey,"Hafif ve lezzetli puf puf pişiler, çay saatlerinin vazgeçilmezi",Ye,"[""1 su bardağı ılık su"", ""1 çay bardağı ılık süt"", ""1 tatlı kaşığı şeker"", ""1/2 paket instant maya"", ""1 tatlı kaşığı tuz"", ""4-4,5 su bardağı un"", ""1-2 yemek kaşığı sıvı yağ (hamuru top arlamak için)""]","[""Su, süt, maya ve şeker karıştırma kabına alınır, karıştırılır. Un, tuz ilave edilir ve yoğrulur. Unu kontrollü ekleyin. Orta yumuşak kıvamda bir hamur elde edilir. Elimize yağ alarak hamur toparlanır"", ""Mayalanan hamur tekrar yoğrulur. Un serpiştirilmiş tezgaha alınır ve 8 eşit beze elde edilir. Üzerlerine hafifçe bastırılarak genişletilir. Temiz bir bezle üzerleri örtülür ve 10-15 dakika dinlenmeye"", ""Uygun bir tencereye yağ alınır ve ısıtılır. Her bir beze elimizle nazikçe bastırarak küçük pasta tabağı ebatında genişletilir. Unları hafifçe silkelenir."", ""Dörde bölünüp kızgın yağda çevirerek kızartılır. Altın sarısı renk aldığında havlu peçete serili servis tabağına alınır. İlk sıcağı geçince servis yapılır. Afiyet olsun.""]"
4734cfab-4b7f-4caf-b57d-3df428e6ee39,Amerikan Kurabiyesi,Turkey,Lezzetli ve kıtır Amerikan kurabiyesi tarifi. Esmer şeker ve tereyağıyla harmanlanmış mükemmel atıştırmalık,Tatlı,"[""1 adet yumurta"", ""1 su bardağı esmer şeker"", ""100 gram tereyağı"", ""100 gram kaymak"", ""2 yemek kaşığı pekmez"", ""2 yemek kaşığı mısır nişastası"", ""2 yemek kaşığı şekersiz fıstık ezmesi"", ""1 çay bardağı damla çikolata"", ""1/2 çay bardağı fındık kırığı"", ""1 paket kabartma tozu"", ""1/2 çay kaşığı karbonat"", ""3-3,5 su bardağı tam tahıllı un""]","[""Önce yumurta, tereyağı ve esmer şekeri elimiz ile veya çırpıcı yardımı ile iyice karıştıralım."", ""Tüm malzemeleri bu karışıma ekleyelim ve çok sert olmayan, ele yapışmayan orta kıvamda bir hamur elde edelim."", ""Yaklaşık 35 adet kadar yuvarlayalım ve fırın tepsisine dizelim. 170 derecede 25 dakika pişirelim."", ""Pembeleşene dek pişirdiğimiz kurabiyeleri soğuduktan sonra bir kaba alalım. Afiyet olsun.""]"
9c4afedc-4c06-4c25-b6c6-5ddbcb9c1b38,Finike Muz Tatlısı,Turkey,Portakallı sos içinde pişirilen muzların muhteşem uyumuyla hazırlanan pratik ve lezzetli bir tatlı,Tatlı,"[""4 adet muz"", ""1 tatlı kaşığı nişasta"", ""3/4 su bardağı portakal suyu"", ""1 yemek kaşığı eritilmiş tereyağı"", ""1 yemek kaşığı toz şeker"", ""1 yemek kaşığı Hindistan cevizi"", ""1 yemek kaşığı tarçın""]","[""Muzların kabuklarını soyun ve bir bıçak yardımıyla enine ikiye bölün."", ""Yağlanmış bir fırın kabına muzları dizin."", ""Taze sıkılmış portakal suyunu bir kaba alın, içerisine eritilmiş tereyağı ve şekeri ilave edip güzelce karıştırın."", ""Hazırladığınız sosu, fırın tepsisindeki muzların üstüne gezdirin."", ""Önceden ısıtılmış 180 derece fırında, muzların üstü hafifçe kızarana dek, yaklaşık 20 dakika pişirin"", ""Fırından aldıktan sonra ılıklaşmasını bekleyin, üstüne tarçın ve Hindistan cevizini serpin ve ılık ya da soğuk olarak servis edin.""]"
f2fddcae-e4a2-48f1-a01c-8e7294bc65cd,Tarçınlı Çıtır,Turkey,"Tarçınlı Çıtır, çıtır milföy hamurunun tarçın ve şekerle buluştuğu pratik ve lezzetli bir tatlıdır",Ye,"[""1 su bardağı şeker"", ""2 yemek kaşığı tarçın"", ""3 adet milföy hamuru"", ""3 yemek kaşığı tereyağı""]","[""Şeker ve tarçın bir tabakta hazırlanır. Tereyağı da eritilip, bir kaseye alınır."", ""Milföy hamuru alınır ve üstüne terayağı bir fırça yardımıyla sürülür ."", ""Üzerine hazırladığımız şekerli tarçın karışımından serpilir ve bir oklava yardımıyla kare bir şekilde açılır"", ""İki tarafından ortada buluşacak şekilde yuvarlayarak katlanır."", ""Bir parmak kalınlığında kesilerek tepsiye yerleştirilir ve 200 derece fırında 20 dakika pişirilir."", ""İster sıcak ister soğuduktan sonra servis edebilirsiniz. İsterseniz üzerine pudra şekeri de dökebilirsiniz. Afiyet olsun.""]"
df8be821-70bd-4590-a972-b648211ce531,Çörek Otlu Susamlı Tuzlu Kurabiye,Turkey,"Çörek otu ve susamın harika lezzetiyle birleşen, çıtır çıtır tuzlu kurabiye tarifi",Ye,"[""250 gram tereyağı ya da margarin"", ""1 çay bardağı sıvı yağ"", ""2 yemek kaşığı çörek otu"", ""2 yemek kaşığı susam"", ""2 yemek kaşığı şeker"", ""1 adet yumurta (sarısı üzerine, akı içine)"", ""1 tatlı kaşığı tuz"", ""1 paket kabartma tozu"", ""1,5-2 su bardağı un (aldığı kadar)""]","[""Oda ısısında olan tereyağını bir kaba alalım. Diğer malzemeleri de ekleyelim. Unu da kontrollu ekleyip ele yapışmayan hamur yapalım."", ""Elimizle minik minik yuvarlayıp tepsiye dizelim. Şekil tamamen size kalmış, istediğiniz şekli verebilirsiniz. Tüm hamur bitince üzerine yumurta sarısını sürelim."", ""Çörek otu ve susam da serpip önceden ısıttığımız 160 derece fırında alt üst kızarana kadar pişirelim.""]"
dbae41a6-1eb9-4a03-95ac-868294c40715,Büyük Papatya Ekmek,Turkey,"Büyük Papatya Ekmek, zeytinyağı ve süt ile hazırlanan yumuşacık, gözenekli ve lezzetli bir ekmek tarifi",Ye,"[""3 su bardağı su"", ""1 çay bardağı süt"", ""1/2 çay bardağı zeytinyağı"", ""2 paket toz maya"", ""1 çay kaşığı tuz"", ""3-4 su bardağı un (aldığı kadar artırın)"", ""2 adet yumurta sarısı"", ""2 yemek kaşığı susam"", ""2 yemek kaşığı çörek otu""]","[""Su, süt, yağ, tuz ve mayayı derince bir kabın içine koyun, iyice karıştırın ve aldığı kadar un ekleyin."", ""Kulak memesi kıvamında bir hamur elde edin. Görseldeki gibi şekil verin, yumurta sarısını üzerine sürün. Susam veya çörek otu dökün, ılık fırında 20 dakika bekletin."", ""İyice kabarınca, önceden 250 dereceye ısıtılmış fırında 30 dakika pişirin. Afiyet olsun.""]"
65bbf80f-9efa-4bf8-8090-96e5420e95c3,Karnabahar Tost,Turkey,"Pratik ve lezzetli karnabahar tost, kaşarlı yumurta ile harika bir ikili oluşturuyor",Ye,"[""1/2 adet karnabahar"", ""2 adet yumurta"", ""1/2 su bardağı kaşar""]","[""Karnabaharı çiçeklerine ayırın ve rondodan toz haline getirin."", ""Bütün malzemeleri ekleyip, rondodan çekmeye devam edin."", ""Karışımı yağlı kağıt serdiğiniz fırın tepsisinde ister yuvarlak, ister tost ekmeği şekli verip alt üst yaklaşık 15 dakika kızara kadar pişirin."", ""Pişen karnabahar ekmeklerimizin arasına kaşar katın ve kaşarlar eriyene kadar fırınlayın. Afiyet olsun.""]"
1f57137d-b2c4-44bb-b6e3-678648ff1fe6,Mini Bazlama Ekmeği,Turkey,Geleneksel Türk mutfağından pratik ve lezzetli mini bazlama ekmeği tarifi,Ye,"[""6,5 su bardağı un"", ""3 su bardağı su"", ""1,5 tatlı kaşığı tuz"", ""1,5 tatlı kaşığı şeker"", ""1 paket yaş maya""]","[""Ilık su maya ve şekerle karıştırılır. Un ve tuz karıştırılır ve elenir."", ""Mayalı su una eklenir ve yoğurulur. Hafif ele yapışan bir hamur olduğu için un eklemenize gerek yok."", ""Yarım saat mayalandırılır ve açılarak ister büyük ister küçük şekil verilerek ısınmış tavada 3-4 sefer alt üst ederek pişirilir. Sonrası afiyetle yemesi size kalır.""]"
b0975415-4927-44f8-90ce-03964b823880,Reçelli Rulo Kek,Turkey,"Yumuşacık kek hamurunun içine sürülen reçelle hazırlanan, pratik ve lezzetli rulo kek tarifi",Ye,"[""2 adet yumurta"", ""1 paket vanilya şekeri"", ""1 paket kabartma tozu"", ""20 yemek kaşığı un"", ""1 yemek kaşığı pudra şekeri""]","[""Yumurtaları toz şeker ile beraber iyice mikserle karıştırın."", ""Sıvı yağ ve süt ekleyin. Mikserle karıştırmaya devam edin."", ""Vanilya şekeri ve kabartma tozu ekleyip karıştırın. Yavaş yavaş un eklemeye başlayın ve elleriyle yoğurun. Hamur yumuşak olmalı. Üç tane \""top\"" yapın."", ""Oklava yardımıyla hamuru açın ve üzerine istediğiniz reçel koyun. Rulo yapın."", ""Isıtılmış fırında 180 derecede 20 dakika pişirin."", ""Pişirince üzerine pudra şekeri ekleyin. Afiyet olsun.""]"
2f2f26ac-8ae1-4572-95e2-9e472cafc976,Damat Bohçası,Turkey,Muz ve kremanın mükemmel uyumuyla hazırlanan pratik ve lezzetli tatlı,Ye,"[""1 paket krem şanti"", ""1 çay bardağı süt"", ""1 adet muz""]","[""Krem şantiyi bir kaba alın üzerine sütü ekleyip çırpın. Kıvam alan krem şantiyi dolaba kaldırın."", ""Yumurta ve şekeri bir kaba alıp çırpın."", ""Üzerine süt ve yağı ekleyip çırpmaya devam edin."", ""Un, kakao ve kabartma tozunu da eleyerek ekleyin ve karıştırın."", ""Bir hamur dağıtıcıyla hamuru tavaya sıkın."", ""Hamur göz göz olunca ocaktan alın. Sadece tek tarafını pişirin."", ""Pişen hamurları karşılıklı kenarlarından büzün ve bohça şekli verin."", ""Tüm hamuru bu şekilde hazırladıktan sonra içerisine muz dilimleri koyun ve üzerini krem şantiyle süsleyin."", ""Damat bohçası tarifiniz hazır. Afiyet olsun!""]"
c9c1f162-81b4-4580-80fd-d287fb56d60d,Üç Peynirli Patlıcan Rulo,Turkey,"Üç peynirli patlıcan rulo, lezzetli ve pratik bir atıştırmalık veya başlangıç seçeneğidir",Ye,"[""3 adet patlıcan"", ""100 gram labne peyniri"", ""3 adet domates"", ""5 yemek kaşığı zeytinyağı"", ""200 gram kaşar peyniri"", ""100 gram tam yağlı beyaz peynir"", ""2 yemek kaşığı sıvı yağ (kızartmak için)""]","[""Patlıcanları boyuna doğru ince şeritler halinde kesin. Kızgın yağda kızartarak fazla yağını alın."", ""Kaşar peyniri rendeleyin. Beyaz peyniri küp doğrayın.Peynirleri kıyılmış maydanozlarla ve bir tutam tuz ile harmanlayın."", ""Kızaran patlıcanlara bu harçtan ekleyerek sarın. Zeytinyağı ile yağladığınız fırın kabına dizin."", ""Domatesleri ve sarımsakları tuz ve zeytinyağı ile robottan geçirerek patlıcanların üzerine gezdirin."", ""Üzerine bir dal biberiye koyarak 180 derecede fansız fırına verin. Güzelce kızarınca çıkarıp sıcak servis edin.""]"
51486acf-f932-49cd-89fa-7ac1fc9ac445,Truff,Turkey,"Kolay ve lezzetli truff tarifi, misafirlerinize ikram etmek için ideal",Ye,"[""2 adet baton kek"", ""1 paket süt kreması"", ""1/2 bardak süt"", ""1 paket bitter çikolata""]","[""Sütü ve süt kremasını bir ısıtma kabına alıp ısıtmaya başlayın. Kaynamaya yakın bitter çikolatayı birkaç parçaya kırıp kontrollü olarak eritin."", ""Genişçe bir kapta baton pastalarınızı güzelce kırıklayın. Rondo kullanacaksanız düşük devirde ve kısa sürede işlemi tamamlayın ki iyice una dönüşmesin."", ""Bu aşamada arzu edenler içerisine kırıklı ceviz, kırıklı üzüm yahut üzüm kurusu ekleyebilirler. Miktarını siz belirleyebilirsiniz. Ben daha pratik davranıp marketten alacağım keki, meyveli bir kek ola"", ""Sütlü karışımı ekleyip malzemeye harmanlayarak özleştirin."", ""Harmanladığınız bu iç harcı buzdolabında bir-iki saat dinlendirin."", ""Dolaptan aldığınız harçtan ceviz büyüklüğünde parçalar alıp avuç içinizde yuvarlayıp sıkılaştırın."", ""Farklı kaplara üzerini kaplamak için yeşil fıstık, Hindistan cevizi, pasta süsleme malzemeleri yahut kırıklı ceviz, file badem, kırıklı fındık vb... koyun. Truff'lerinizi bu malzemelerden dilediğinize"", ""Truff'lerinizi buzdolabında en az üç saat kadar dinlendirip servise alın.""]"
ea646aba-4e8b-432e-b6f6-d003cc083b20,Yumuşacık Ramazan Pidesi,Turkey,"Ramazan sofralarının vazgeçilmezi, evde kolayca yapabileceğiniz lezzetli ve yumuşacık pide tarifi",Börek & Hamur İşi,"[""3 su bardağı un"", ""1 su bardağı ılık su"", ""1 su bardağı ılık süt"", ""1 yemek kaşığı şeker"", ""1,5 tatlı kaşığı tuz"", ""1 adet yumurt sarısı"", ""50 gram çörek otu"", ""1 paket yaş maya""]","[""Tüm sıvılar bir kaba alınıp maya içinde eritilir ve yarım bardak un eklenerek 15 dakika mayanın aktive olması için beklenir."", ""Daha sonra yavaş yavaş un eklenerek ele yapışmayan kıvama gelene kadar hamur kıvamına getirilir, en az 1 saat üstü kapalı mayalamaya bırakılır."", ""Sonrasında mayalanan hamurun havası alınır ve merdane ile açılarak 2 adet pide elde edilir. Tepsi mayasına bırakılır 30 dakika."", ""En son elle şekil verilir, üzerine ve yumurta sarısı sürülür, çörek otu üzerine serpilir."", ""200 derece önceden ısıtılmış fırında 20-25 dakika fırının altına sıcak su konularak pişirilir.""]"
882a762d-0415-49b6-983b-10468c34bd6d,Haşhaşlı Revani,Turkey,"Mis gibi haşhaş aromasıyla bol şerbetli, pratik ve lezzetli bir Revani tarifi",Tatlı,"[""3 adet yumurta"", ""1 su bardağı şeker"", ""1 su bardağı süt"", ""1 su bardağı sıvı yağ"", ""1 su bardağı irmik"", ""1 su bardağı un"", ""1/2 su bardağı haşhaş"", ""1 paket vanilya"", ""1 paket kabartma tozu""]","[""Yumurta ve şekeri köpürene kadar çırpalım. Daha sonra süt ve sıvı yağı ekleyip karıştıralım. İrmik, un ve haşhaşı da ekleyip karıştıralım."", ""Son olarak vanilya ve kabartma tozunu ekleyip hamuru hazırlayalım. Önceden ısıtılmış 170 derece fırında pişmeye gönderelim."", ""Şerbet için su ve şekeri 1-2 dakika kaynatalım. Ocaktan aldıktan sonra ilk sıcağı çıkana kadar bekleyelim. İlk sıcağı çıktıktan sonra soğuyan kekin üzerine dökelim."", ""Şerbeti çekmesi için dinlendirelim. O sırada krem şantiye hazırlayalım. 15-20 dakika buzdolabında dinlendirelim. Revaninin üzerine yayalım."", ""Üzerini çilek ve cevizle süsledim. Siz dilediğiniz gibi süsleyebilirsiniz. Afiyet olsun.""]"
c0411ad2-4902-4c8f-b41b-2070880b28f1,Susamlı Tavuk Salatası,Turkey,"Susamlı tavuk, taze sebzelerle buluşarak hem doyurucu hem de lezzetli bir salata sunuyor",Salata,"[""2 adet tavuk göğsü"", ""2 adet salatalık"", ""7 adet kiraz domates"", ""3 yemek kaşığı zeytinyağı"", ""1 tatlı kaşığı kekik"", ""1 çay kaşığı kimyon"", ""1 çay kaşığı karabiber"", ""1 tatlı kaşığı ezilmiş sarımsak"", ""1/2 çay bardağı susam"", ""1 çay kaşığı tuz""]","[""Tavukları küp doğrayın ve sarımsakla ovun."", ""Zeytinyağında altın rengini alıncaya kadar kızartın. Susmaları ekleyin ve 2-3 dakika daha soteleyin."", ""Salatalıkları dilimleyin. Yeşillikleri doğrayın. Baharatları ekleyin."", ""Sos malzemelerini ayrı bir kapta karıştırın."", ""Kiraz domatesleri dilimleyin. Tüm malzemeyi, tavuklarla beraber harmanlayın. Afiyet olsun.""]"
40485e30-0f48-4bb5-8320-7325b9614b22,Ciğer Kızartma,Turkey,"Çıtır çıtır kızartılmış ciğer, soğan ve yeşilliklerle servis edilen lezzetli bir klasik",Ye,"[""500 gram dana ciğeri"", ""1 su bardağı un"", ""1 çay kaşığı tuz"", ""1 tatlı kaşığı kekik""]","[""Küp küp doğranmış ciğeri süzgece alın. Kanının süzülmesini bekleyin."", ""Ayrı bir tavada küp küp doğradığınız patatesleri kızarttın."", ""Kanı süzülen ciğerleri una bulayın."", ""Fazla ununu silkeleyip kızgın yağa atın."", ""Arada karıştırarak en fazla 3 dakika pişirin. Pişip pişmediğini kontrol edip süzgeç yardımıyla tabağa alın."", ""Soğanları jülyen doğrayıp tuz ve sumakla ovun. Patatesleri ve soğanları servis tabağına alın. Üzerine ciğerleri ilave edip servis yapın."", ""Ciğer kızartma tarifiniz hazır. Afiyet olsun!""]"
4b15c034-3ee9-4706-a3cf-70edfbb0591d,Coco Kurabiye,Turkey,Kıtır kıtır Hindistan cevizi lezzetiyle pratik ve nefis bir kurabiye tarifi,Tatlı,"[""3 adet yumurta beyazı"", ""1 su bardağı toz şeker"", ""300 gram Hindistan cevizi tozu"", ""1/2 çay kaşığı vanilin""]","[""Yumurta ve şekeri macun kıvamına gelene kadar çırpın. Karışıma vanilya ve Hindistan cevizini azar azar ekleyip hamur haline getirin. Bu aşamada Hindistan cevizinin miktarını 100 gram kadar azaltıp dah"", ""Hazırladığınız karışımı kolay şekil alabilmesi için buzdolabında 15-20 dakika dinlendirin. Yağlı kağıt serilmiş bir tepsiye dondurma kaşığı, baharatlık, çorba kaşığı ve benzeri bir alet kullanarak har"", ""Önceden ısıtılmış fanlı fırında 160 derecede 15-20 dakika kurabiyeleri pişirin. Pişirme süreniz yarılandığında, tepsiyi 180 derece çevirerek eşit pişme sağlayabilirsiniz. Fırından aldıktan sonra pişen"", ""Süsleme ve sunum önerisi olarak dilerseniz benmaride erittiğiniz çikolataya kurabiyelerin tabanlarını bandırıp buzdolabında soğutup servis edebilir ya da çikolatayı üst kısma damlatıp süs şekerleri se""]"
58de2466-ae00-48eb-abe2-51053868ee86,Coco Toplar,Turkey,"Hindistan cevizi ve kremayla hazırlanan, pratik ve lezzetli tatlı topları",Ana Yemek,"[""2,5 su bardağı Hindistan cevizi"", ""1/2 su bardağı (1 parmak fazla) pudra şekeri"", ""1 paket krema"", ""60 gram sütlü çikolata"", ""2 yemek kaşığı Antep fıstığı""]","[""Hindistan cevizini, pudra şekerini ve kremayı bir kasede karıştıralım. 1 saat buzdolabında bekletelim."", ""İstediğimiz büyüklükte top şeklinde yuvarlayalım. Üzerini eritilmiş çikolata ve Antep fıstığı ile süsleyelim. Çikolatanın donması için tekrar buzdolabında bekletelim. Afiyet olsun.""]"
e800febc-6fd7-4650-a2d6-b06d2c77ec67,Elmalı Turta,Turkey,"Mis gibi elmalı turta, çay saatlerinin vazgeçilmezi",Ana Yemek,"[""250 gram tereyağı ya da margarin"", ""3 su bardağı un"", ""1 çay bardağı pudra şekeri"", ""1 paket vanilya (İsteğe bağlı)"", ""1 çay bardağı fındık (ceviz ya da badem)""]","[""Öncelikle hamur için unu ve pudra şekerini tezgaha alıyoruz. Birbirleriyle karıştırıp tereyağını / margarini içerisine katıyoruz."", ""Ellerimizin soğuk olması önemli, olabildiğince sıcak olmamasına özen gösterelim. Zira hamurumuz istediğimiz gibi olmaz, dağılabilir."", ""Yağın unla karışımını avuç içlerimizle öne doğru iterek yapalım. Karıştığını hissettiğimizde bir folyoya sarıp buzdolabına koyalım."", ""Elmaları yıkadıktan sonra bir bıçak yardımıyla küçük küpler şeklinde kesiyoruz. Şayet vişne kullanacaksanız çekirdeklerinden ayıralım."", ""Ayrıca turtanın tarttan farkı, elmalarının rendeyle değil bir bıçak yardımıyla vişne boyutunda küpler halinde kesilmesidir. Fırınımız alt üst ayarda 175 °C de ayarlayalım."", ""Tavaya elmaları katalım, 1 çay bardağı su ve 1 tepeleme yemek kaşığı nişastayı ekleyelim. Ocakta biraz kavrulur, tarçını isteğe bağlı ilave edebiliriz. Marmelat kıvamına gelince olmuştur."", ""Buzdolabından hamuru çıkarıp 2 eşit parçaya ayıralım. Turtanın tarttan farklarından bir diğeri de kalıplarıdır."", ""Turta kalıbının tabanına ve kenarlarına hamuru merdane yardımıyla açtıktan sonra yerleştiriyoruz."", ""İç malzemeyi kalıba dökelim. Ve üzerine kalan hamuru rendeleyerek veya kendi hayal gücünüze göre kafes şeklinde yerleştirelim."", ""Fırınımıza yerleştirelim. Üzeri kızarana kadar yaklaşık 30 dakikada pişirelim. Afiyet olsun.""]"
8200756a-c276-417d-b49c-d61d955b4de2,Fit Çikolatalı Coco Kurabiye,Turkey,"Sağlıklı ve lezzetli fit çikolatalı coco kurabiye, sadece üç malzeme ile hazırlanır",Tatlı,"[""1 su bardağı Hindistan cevizi"", ""1 adet muz"", ""1 tatlı kaşığı kakao"", ""100 gram şekersiz çikolata""]","[""Muzu çatal yardımıyla ezelim. İçerisine Hindistan cevizi ve kakao ekleyelim."", ""Elimizle yoğurup küçük kurabiye şekli verelim. Yağlı kağıda koyup 1 saat buzdolabında bekletelim."", ""Çikolatayı benmari usulü eritelim. Kurabiyelerimizin üzerini çikolata ile kaplayalım."", ""Buzdolabında bekletip tüketebiliriz. Afiyet olsun.""]"
8acea569-cc2a-4c47-95b3-fad4be7cc7a0,Karidesli Bulgur Pilavı,Turkey,"Karidesli Bulgur Pilavı, lezzetli ve doyurucu bir Akdeniz esintisi",Pilav & Makarna,"[""300 gram ayıklanmış karides"", ""1 su bardağı pilavlık bulgur"", ""2 adet büyük boy pembe domates"", ""1 tatlı kaşığı tuz"", ""1 tatlı kaşığı karabiber"", ""1 adet küp şeker""]","[""Karidesleriniz temizlenmemişse karideslerinizi temizleyerek işe başlayın."", ""Temizlediğiniz karidesleri orta boy bir tavaya alın. Üzerine tereyağını ekleyin ve kavurmaya başlayın."", ""Yaklaşık 10 dakika yüksek ateşte kavurduktan sonra kenara alın."", ""Domatesleri rendeleyin ve orta boy bir tencereye koyun."", ""Rendelenmiş domateslerin üzerine zeytinyağı ve küp şeker ilave edilip, yüksek ateşte kaynama noktasına gelene kadar pişirin."", ""Kaynama noktasına gelen domatesin üzerine bulgur ve 2 su bardağı su ilave edip, yaklaşık 15 dakika pişirin."", ""Pilav lapa kıvama geldiğinde karidesleri ilave edin ve 15 dakika daha pilavın suyu bitene kadar pişirin."", ""Pişen pilavı ateşten alıp, demlemeye bırakın. Demlendikten sonra servis edin.""]"
7b22baa1-90c5-4901-9ca9-6408cb11f8b4,4 Malzemeli Kraker,Turkey,"Sağlıklı ve lezzetli 4 malzemeli krakerler, pratik atıştırmalık için ideal",Ana Yemek,"[""150 gram badem unu"", ""1 adet yumurta"", ""1 yemek kaşığı keten tohumu"", ""2 çay kaşığı tuz"", ""3 çay kaşığı sarımsak tozu (isteğe bağlı)""]","[""Tüm malzemeleri bir araya getirip spatula yardımıyla karıştırın."", ""İki yağlı kağıt arasında merdane yardımıyla incecik açın."", ""Pizza kesici ile küçük karelere bölün. Çatal ile üzerine delikler açın."", ""1 yumurta ve 1 yemek kaşığı suyu çırpıp krakerler üzerine sürün."", ""175 derecelik önceden ısıtılmış fırında 14 dakika pişirin ve soğumaya bırakın."", ""Fazla pişmiş kenarları alıp kraker ayırınca orta kısımları tekrar fırına alıp 5 dakika daha pişirin. afiyet olsun.""]"
bb1e7c02-9480-44b8-b35c-87a7c08f7c38,Kolay Ayva Tatlısı,Turkey,"Kolay ve lezzetli bir şerbetli tatlı olan ayva tatlısı, mis kokusuyla sofralarınızı şenlendirecek",Tatlı,"[""2 adet ayva"", ""2 su bardağı şeker"", ""2 su bardağı su"", ""1 su bardağı vişne suyu"", ""10 adet ayvanın çekirdekleri"", ""4 adet karanfil"", ""1 adet çubuk tarçın""]","[""Ayvaları soyup ortadan ikiye ayırıyoruz, çekirdeklerini bir kenara alıyoruz."", ""Daha sonra şekeri tepeleme ayvaların üstüne ilave ediyoruz."", ""Suyumuzu ve vişne suyunu ilave edip tarçının da ortadan ikiye bölüp tencereye atıyoruz."", ""Ocağa aldığımız ayvalar kaynayınca, altını kısıp rengi dönüp yumuşayıncaya kadar pişiriyoruz. Afiyet olsun.""]"
be7a4fec-5027-49e3-b339-0fafef6c59ce,Etli Enginar Yemeği,Turkey,"Tereyağında kavrulan dana eti ve taze enginarlarla hazırlanan, lezzetli ve geleneksel bir yemek",Et Yemekleri,"[""5 adet enginar"", ""1 yemek kaşığı tereyağı"", ""170 gram kuşbaşı dana eti"", ""1 yemek kaşığı un"", ""10 adet arpacık soğan"", ""1 adet limon suyu"", ""2,5 su bardağı sıcak su"", ""1 tatlı kaşığı tuz""]","[""Tüm malzemelerinizi hazır edin."", ""Tereyağını çelik bir tencereye alıp eritin ve yağ eriyince etleri ilave edip kavurmaya başlayın."", ""Etler suyunu salıp tekrar çekene dek kavurun ve etler suyunu çektikten sonra 5 dakika daha kavurmaya devam edin. Ardından unu ekleyip karıştırın."", ""Arpacık soğanlarını soyun ve enginarları 4’e bölün ve tencereye ekleyin, birkaç kez karıştırdıktan sonra üstüne limon suyu ve tuzu ekleyin."", ""Suyunu da ekledikten sonra 10 dakika kadar orta ateşte pişirin ve ardından altını kısıp enginarlar yumuşayana dek pişirmeye devam edin."", ""Üstüne ince doğranmış dereotu serptikten sonra servis edin .""]"
ce35dc78-2245-487c-aabf-3127c88221ed,Elmalı Gül Milföy,Turkey,"Elmalı gül milföy, hem göze hitap eden hem de damakta unutulmaz bir tat bırakan pratik bir tatlı tarifi",Ana Yemek,"[""2 adet kırmızı elma"", ""1 çay bardağı toz şeker"", ""1 çay kaşığı tarçın""]","[""Elmaları kabuklarıyla yarım ay şeklinde, incecik doğrayın."", ""Elmaları bir kaseye alın ve içine şekeri ve tarçını ilave ederek karıştırın. 10-15 dakika boyunca oda sıcaklığında bekletin."", ""Milföyü oda sıcaklığına getirin. Altını ve üzerine hafifçe unlayarak merdaneyle inceltin. Her yerine çatalla delikler atın."", ""Bir bıçak ya da ruletle açtığınız milföyü 3 eşit uzun parçaya kesin. Her birinin üzerine yan yana gelecek şekilde elmaları dizin."", ""Bir ucundan başlayarak dikkatlice yuvarlayın."", ""Muffin kalıbınızın içine yağlayın. Rulo milföyleri içine yerleştirin. 180 derecede öncede ısıtılmış fırında, 20-30 dakika boyunca üzeri iyice kızarana dek fırınlayın."", ""Dilerseniz üzerine pudra şekeri dökerek servis edebilirsiniz. Afiyet olsun!""]"
c4600aa0-a3f4-498a-8502-2c2f9ec7715f,Pirinçli Nohutlu Pırasa Yemeği,Turkey,"Pırasa, nohut ve pirinçle hazırlanan doyurucu ve lezzetli bir yemek",Sebze Yemekleri,"[""6 adet pırasa (ayıklanmış, temizlenmiş)"", ""4 yemek kaşığı pirinç"", ""1 adet büyük boy havuç"", ""1/2 adet limonun suyu"", ""1 adet portakalın suyu"", ""1 çay kaşığı tuz"", ""5 yemek kaşığı zeytinyağı"", ""1,5 çay bardağı haşlanmış nohut""]","[""Ayıkladığınız pırasaları bol suda yıkadıktan sonra verev şeklinde doğrayın ve tencereye alın."", ""Havucu da bol suda yıkayın ve verev şekilde doğrayın. Zeytinyağı da ilave ederek bir süre kavurun."", ""Ardından pirinçleri de ilave edin."", ""Portakal ve limonun sularını sıkarak hafif kavrulmuş pırasa ve havucun üzerine gezdirin. 1/2 su bardağı da su ilave ederek kapağını kapatın ve pişmeye bırakın."", ""Havuçlar hafif yumuşadıktan sonra haşlanmış nohutları ekleyerek birkaç dakika daha pişirin. Pişirme aşamasındayken en fazla birkaç kere karıştırın. Pırasaların yapısı bozulmasın."", ""Yemeğiniz piştikten sonra isterseniz ılık, isterseniz de sıcak sıcak servis edin. Afiyetler olsun!""]"
46afeb7f-9faa-465c-b4f6-b73a213b87b6,Beyti Kebabı,Turkey,Kıymalı harcı yufkaya sarıp fırında pişirerek hazırlanan lezzetli bir kebap,Et Yemekleri,"[""5 adet günlük yufka"", ""1/2 kilogram kıyma"", ""1 adet soğan (rendelenmiş)"", ""1 adet yumurta"", ""1 tatlı kaşığı salça"", ""1 çay bardağı galeta unu"", ""1 tatlı kaşığı tuz"", ""1 çay kaşığı karabiber"", ""1 çay kaşığı pul biber"", ""1 çay kaşığı kimyon""]","[""Öncelikle kıyma için hazırlanan tüm malzemeleri birbirine yedire yedire yoğuruyoruz. Her bir yufkamızı açıyoruz ve her birinin içerisine bir şey sürmeden köşerinden azıcık içe kıvırıyoruz."", ""Kare şeklini veriyoruz ve yufkanın bir ucuna bir miktar kıyma alıp uzunca döşüyoruz ve yuvarlıyoruz. Daha sonra dilimler halinde kesiyoruz önceden ısıtılmış 230 derecelik fırında yağlı kağıt üzerinde"", ""Pembeleştiyse fırından alalım ve üzerine sosumuzu dökelim. Afiyet olsun.""]"
fcdc6c20-8664-4238-9c8d-f70820094885,Ev Yapımı Kurabiye Pasta,Turkey,"Ev yapımı kurabiye pasta, pratik malzemelerle hazırlanan lezzetli ve doyurucu bir tatlı seçeneğidir",Tatlı,"[""125 gram tereyağı"", ""1 adet yumurta"", ""1/2 su bardağı şeker"", ""1 paket kabartma tozu"", ""1 paket vanilya"", ""2 su bardağı un (kontrollü eklenecek)""]","[""Eriyen ve sıcaklığı giden tereyağını bir kaba alalım."", ""Hamuru için gerekli malzemeleri ilave edelim ve yoğurduktan sonra çok fazla oynamayalım. Yağlı bir hamur olduğu için yağı bırakabilir."", ""Unu kontrollü ekleyelim. Gerekirse 2-3 yemek kaşığı daha ekleyebiliriz. Hamur yaklaşık yarım kilo oluyor."", ""Hamur hazır olduktan sonra yarım saat buzdolabına koyalım."", ""Hamuru dolaptan çıkardıktan sonra ikiye bölerek yağlı kağıt arasında merdane yardımı ile 20 cm çapında açalım ve kalp şeklinde keselim."", ""Bu işlemi 2 kere yapıyoruz. Hamur artarsa küçük kurabiyeler yapabilirsiniz."", ""Kestiğimiz kurabiyeleri yağlı kağıt serdiğimiz tepsiye yerleştiriyoruz ve önceden ısıttığımız 175 derece fırında 15-20 dakika kontrollü olarak pişiriyoruz. Üzerleri hemen kızarıyor. Süre daha kısa da"", ""Pişen kurabiyeleri fırından çıkarınca hiç ellemeden soğumaya bırakıyoruz. Sıcaklığı ile ellersek kırılabilir."", ""Krema için vanilya ve tereyağı hariç bütün malzemeleri tencereye alıyoruz, karıştırarak pişiriyoruz."", ""Pişen kremaya vanilya ile tereyağını ekleyerek, ara ara karıştırarak soğutuyoruz."", ""İlk kurabiyeyi alıyoruz, bir kat krema sürüyoruz, ikinci katı üzerine kapatıp arzuya göre süslüyoruz. Afiyet olsun.""]"
dc8a1ff0-5654-4b3f-b07a-f229cce41d2c,Fit Islak Kek,Turkey,"Sağlıklı malzemelerle hazırlanan, hem lezzetli hem de besleyici pratik bir kek tarifi",Tatlı,"[""4 adet yumurta"", ""1/2 su bardağı bal"", ""1 su bardağı süt"", ""1/2 su bardağı zeytinyağı (Hindistan cevizi yağı da olur)"", ""2 paket kabartma tozu"", ""3 tepeleme yemek kaşığı kakao"", ""1 su bardağı tam buğday unu (+1 dolu yemek kaşığı)""]","[""Yumurta ve balı çırpalım. Süt, zeytinyağını ekleyip çırpmaya devam edelim."", ""Un, kabartma tozu ve kakaoyu da ekleyip spatula ile karıştıralım. Normal kek harcından daha sıvı oluyor. Un eklemeyin."", ""Borcamı yağlayıp kek harcını dökelim. Önceden ısıtılmış 170 derece fırında pişirelim."", ""Kürdan ile kontrol edin. Kürdan temiz çıkıyorsa pişmiştir. Oldukça yumuşak dokulu oluyor. Daha fazla pişirmeyin!"", ""Kekimiz pişerken sosu hazırlayalım. Süt, bal, kakaoyu karıştırıp bir taşım kaynatalım."", ""Kekin üzerine dökelim. Çekmesini bekledikten sonra servis edebilirsiniz. Afiyet olsun.""]"
ae3f4dd0-45c9-4854-b3b9-2d8b9bb12455,Üç Ketojenik Tatlı,Turkey,"Ketojenik diyet için ideal, çikolatalı ve fıstıklı lezzetli bir tatlı tarifi",Keto,"[""100 gram fıstık ezmesi"", ""100 gram tereyağı"", ""2,5 yemek kaşığı kakao"", ""1/2 çay kaşığı tarçın"", ""50 gram bitter çikolata"", ""1 tatlı kaşığı tatlandırıcı (veya 2 yemek kaşığı pudra şekeri) (opsiyonel)""]","[""Fıstık ezmesi, yumuşak tereyağı, tarçın ve 2 yemek kaşığı kakaoyu karıştırın. Tatlandırıcı kullanmak isterseniz bu aşamada ekleyin. Ardından karışımı buzdolabında bir saat dinlendirin."", ""Karışımdan ufak parçalar koparıp dilediğiniz gibi şekillendirin ve derin dondurucuya atın."", ""Çikolatayı benmari usulü eritin ve en az 15 dakika beklemiş fıstık ezmeli karışımı dondurucudan çıkarıp erimiş çikolataya batırın ve tabağa alın. Tatlıları servis edene kadar buzdolabında saklayabilir""]"
f5a12a66-391e-458d-b63e-0e81cfc1edb6,Pastane Usulü Rulo Pasta,Turkey,"Hafif ve yumuşacık dokusuyla pastanelerdeki lezzeti aratmayan, pratik rulo pasta tarifi",Tatlı,"[""4 adet yumurta"", ""1 çay bardağı un"", ""1/2 çay bardağı mısır nişastası"", ""1 paket vanilin"", ""1 çay kaşığı kabartma tozu""]","[""Bir tencereye sütü, unu, yumurta sarısını, nişastayı alalım. Kaynayana kadar iyice pişirelim. Kıvama gelince kapatıp içine vanilin dökelim."", ""Yumurta akını şekerle iyice köpük haline gelene kadar çırpalım. Eğer ki kaptan akmıyorsa yumurta akımız olmuştur. Diğer tarafta şekerle sarısını iyice çırpalım. Rengi dönene kadar yeterli."", ""Yumurta sarısı ile şeker karışımına kuru malzemelerimizi eleyerek ekleyelim. 1 tur çırpalım."", ""Yumurtanın akını spatula yardımıyla yavaşça karışımımıza ekleyelim."", ""Hazır olan karışımımızı standart ölçüdeki fırın tepsisine yağlı kağıt koyarak dökelim. Önceden ısıtılmış 170 derecelik fırına verelim."", ""Keki kontrollü olarak 10 dakika pişirelim. O pişerken pastacı kremamızı yapalım."", ""Bir tencereye sütü unu yumurta sarısını nişastayı alalım. Kaynayana kadar iyice pişirelim. Kıvama gelince kapatıp içine vanilin dökelim."", ""İlk sıcağı geçtikten sonra kremanın içine 1 paket krem toz krem şantiyi ekleyip iyice çırpalım. Buzdolabında 10 dakika kadar dinlendirelim."", ""Fırından aldığımız kekimizi kırılmayacak şekilde rulo haline getirelim. Daha sonrasında 8 eşit parçaya bölelim. Süt ile ıslatalım.""]"
3fa61e75-c420-4092-9287-a8558802a94a,Kolay Ayva Tatlısı,Turkey,"Kış aylarının en sevilen lezzetlerinden olan bu pratik ayva tatlısı, mis kokusu ve yumuşacık dokusuyla büyülüyor",Tatlı,"[""6 adet ayva"", ""4 su bardağı toz şeker"", ""1 paket kaymak"", ""4-5 adet karanfil"", ""2 adet çubuk tarçın"", ""1/2 su bardağı ceviz içi"", ""4 su bardağı su""]","[""Ayvalar kabuklarından temizlenir."", ""Ortadan ikiye bölünerek çekirdekleri çıkartılır."", ""Ocaktaki ayvalara kabuklar, çekirdekler ve toz şeker ilave edilir."", ""Üzerine 1 su bardağı su, tarçın ve karanfil eklenip kısık ateşte kaynayana kadar pişirilir."", ""Kaynayınca altı kısılarak kalan suyu verilir."", ""2 saat kısık ateşte, rengi kırmızı olana kadar pişirilir."", ""Soğuyunca servis tabağına alınır, suyundan üzerlerine gezdirilir."", ""Kaymak ve ceviz içi ile tadıma hazırdır. Afiyet olsun.""]"
f4c25343-373e-446f-96fa-2fd903d48aa4,Dereotlu Peynirli Poğaça,Turkey,"Tereyağı ve yoğurt ile hazırlanan, dereotlu peynirli poğaça tarifi",Börek & Hamur İşi,"[""125 gram tereyağı"", ""1/2 su bardağı sıvı yağ"", ""1/2 su bardağı yoğurt"", ""2 adet yumurta (1 yumurta sarısı ayrılacak)"", ""1 yemek kaşığı şeker"", ""1 tatlı kaşığı tuz"", ""1 paket kabartma tozu"", ""3-4 su bardağı un (aldığı kadar)""]","[""Tüm malzemeleri bir kapta karıştırıp, unu da kontrollu ekleyip ele yapışmayan hamur elde edin."", ""Hamuru yuvarlayıp elimizde inceltip arasına beyaz peynir koyup kapatın."", ""Fırın kağıdı serili tepsiye aralıklı olarak dizin."", ""Üzerilerine yumurta sarısı sürün. Susam ve çörek otu serpin."", ""180 derecelik fırında üzerileri kızarana kadar pişirin."", ""Demlediğiniz çay ile sıcak sıcak servis edip keyfine varın. Afiyet olsun.""]"
62b57bfb-098e-4ff9-ae54-8206bb95488d,Künefe,Turkey,"Tel kadayıf ve tuzsuz peynirle yapılan, üzerine sıcak şerbet dökülerek servis edilen lezzetli bir Antakya tatlısı",Ana Yemek,"[""300 gram tel kadayıf"", ""150 gram tereyağı (10,5 yemek kaşığı)"", ""200 gram tuzsuz antakya peyniri (ya da dil peyniri)""]","[""Künefe için sıcak künefenin üzerine gezdireceğiniz soğumuş şerbeti hazırlamak için; toz şeker ve suyu tencereye alın. Ocağa aldığınız şerbet karışımını aralarda karıştırarak kısık ateşte kaynatın."", ""Yaklaşık 20-25 dakika kadar kaynayan ve kıvam alan şerbete limon suyu ekleyip karıştırdıktan sonra ocaktan alın. Soğuması için bir kenarda bekletin."", ""Tel kadayıfı geniş bir kaba alın. Elinizle tel tel açıp küçük parçalar haline getirin. Erittiğiniz tereyağını kattıktan sonra kadayıf tellerini açmaya devam ederek tereyağını kadayıflara yedirin."", ""Pişirme işlemini gerçekleştireceğiniz küçük boy yuvarlak tepsileri ya da tavayı tereyağıyla yağlayın. Tereyağlı kadayıf karışımının yarısını pişirme tepsisinin tabanına bastırarak döşeyin."", ""Suyunu süzdürdükten sonra rendelenmiş tuzsuz Antakya peynirini kadayıfların üzerine boşluk kalmayacak şekilde serpiştirin."", ""Kalan tereyağlı kadayıf karışımıyla peynirlerin üzerini bastırarak kaplayın."", ""Künefe tepsilerini ocağın üzerine alın. Tepsiyi ocak üzerinde gezdirerek künefeyi kısık ateşte pişirin. Taban kısmı renk alan künefeyi, geniş bir tabak yardımıyla ters çevirerek tekrar ocağa alın. Ayn"", ""Ocaktan almak üzere olduğunuz nar gibi kızaran künefenin üzerine ılık şerbeti gezdirdikten sonra ocaktan alın."", ""Kısa bir süre dinlenen ve şerbetini çeken künefeyi, dilimledikten sonra arzuya göre sıcak ya da ılık olarak sevdiklerinizle paylaşın. Künefe hazır.""]"
83fcc8f7-faea-4734-94cd-8ae20cb8dfd1,Frambuazlı Çikolatalı Mini Pasta,Turkey,"Taze frambuazların ve erimiş sütlü çikolatanın mükemmel uyumunu sunan, pratik ve lezzetli bir mini pasta",Tatlı,"[""320 gram sütlü çikolata"", ""150 gram frambuaz"", ""1 yemek kaşığı tereyağı"", ""1 paket krema"", ""4 yemek kaşığı sıvı yağ""]","[""Çikolata krema ve tereyağı benmari usulü eritin."", ""Ayrı bir tarafta minik kaselerin içini sıvı yağ ile yağlayın."", ""Yağlanan kasenin içerisine streç film koyun ve streç filmi içini de yağlayın."", ""Streç film serili kaselerin içine pasta süsü serpelim."", ""Eriyen çikolatanın içerisine frambuazı ekleyip güzelce karıştırın."", ""Çikolata karışımı streç film kaplı kaselerin içine döküp buzlukta dondurun."", ""Tamamen donduktan sonra streç filmden çıkarıp servis edin.""]"
dce04660-900b-465f-b0d4-b721cdedded4,Bulgur Salatalı Patlıcan,Turkey,Bulgur ve salatalı patlıcanın harmanlandığı lezzetli ve doyurucu bir tarif,Salata,"[""1 adet bostan patlıcanı"", ""1 su bardağı ince bulgur"", ""1 tatlı kaşığı tuz"", ""1,5 su bardağı sıcak su"", ""1 yemek kaşığı zeytinyağı"", ""1 yemek kaşığı nar ekşisi"", ""1 tatlı kaşığı limon suyu"", ""100 gram beyaz peynir"", ""1 adet domates"", ""1 yemek kaşığı ince kıyılmış dereotu""]","[""Fırını 180 dereceye ısıtın."", ""Patlıcanı ortadan ikiye bölün ve içini kaşıkla oyarak düzgünce çıkarın."", ""Patlıcanı, şeker, tuz, sarımsak tozu ve zeytinyağıyla ovun."", ""Ovduğunuz patlıcanları fırında 30 dakika pişirin."", ""Bulguru sıcak suda demleyin ve 10 dakika demini çekmesi için bekletin."", ""Oyarak çıkarttığınız patlıcanın içini küp küp doğrayın."", ""Soğanları da yemeklik doğrayın."", ""Geniş bir tavayı ısıtın ve ısınan tavada zeytinyağıyla soğan ve patlıcanları soteleyin."", ""Sotelenen patlıcanları bulgurla karıştırın. Üzerine limon suyu, zeytinyağı, nar ekşisi, taze nane, tuz ve karabiber ekleyin. En son beyaz peyniri ekleyip iyice karıştırın."", ""Pişen patlıcanların ilk sıcaklığını atması için bekletin ve hazırladığınız salatayı patlıcan çanaklarına doldurun."", ""Üzerine küp küp doğranmış domatesleri ve süslemek için dereotunu yerleştirip servis edin. Afiyetler olsun.""]"
a2185d2b-f286-4cd2-8980-327ab5a2dbc4,Lutenitsa,Turkey,"Bol malzemeli, lezzetli bir meze olan lutenitsa, sofralarınıza renk ve tat katacak",Ana Yemek,"[""10 kg patlıcan"", ""4 kg kapya biber"", ""1 kg domates"", ""8-10 adet havuç"", ""1 su bardağı zeytinyağı"", ""1 yemek kaşığı toz şeker"", ""1 su bardağı ceviz içi (ince çekilmiş)"", ""1 yemek kaşığı tuz""]","[""Ön hazırlık için patlıcanlarınızı ve kapya biberlerinizi güzelce yıkayıp kurulayın. Ardından üzerlerine bir çatal veya bıçakla delikler açıp size uygun bir ortamda ( odun ateşi, ocak, ev tipi yahut od"", ""Közlediğiniz biber ve patlıcanları kolay soyulabilmesi için bir süre bir poşet içerisinden terletip ardından kabuklarını ayıklayın."", ""Közlediğiniz patlıcan ve kapya biberlerinizi dilerseniz bir bıçak yardımıyla doğrayın, dilerseniz çok fazla ezdirmeden rondoda bir süre çektirip kenara alın."", ""Domateslerinizin kabuklarını soyup ne çok küçük ne de çok büyük olmayacak şekilde doğrayıp kenara alın."", ""Bir tencerede haşladığınız havuçlarınızı da rondoda çok fazla olmayacak şekilde çektirip kenara alın."", ""Reyhan ve maydanozlarınızı ince doğrayın. Sarımsaklarınızı soyup diş diş hazır edin."", ""Çekilmiş köz patlıcan, kapya biber, doğranmış domates ve haşlanarak çekilmiş havuçlarınızı derince bir tencereye alın. Harlı bir ateş üzerinde kontrollü olarak çektirmeye başlayın. Bunun için de malze"", ""Malzemeler özleşip suyunu çekmeye başlayıp göz göz fokurdamaya başladığında zeytinyağını, kıyılmış maydanoz ve reyhanını, sirkesini ve rendelenmiş sarımsakları ekleyin. Malzemeye iyice özleştirin."", ""İyice çektirip bir sosa dönüşen Lutenitsa'nıza ateşten alacağınız son 10 dakikada cevizlerini ekleyin. Tuzunu damak tadınıza göre kontrol ederek dengeleyin."", ""Steril ve kuru kavanozlara sıcak doldurun. Aralarında hava boşluğu kalmaması için ara ara sallayıp kavanozunuzun kapağını sıkıca kapatın. Ters çevirin."", ""Kavanozlarınızın sığabileceği derince bir tencerenin altına temiz bir bez koyup üzerlerine kavanozlarınızı kapakları aşağı gelecek şekilde dizin. Üzerlerine gelecek nispette sıcak su ekleyip ocağa alı"", ""Kaynar sudan dikkatlice aldığınız kavanozlarınızı altına bir havlu ( soğuk yere temas ederse kavanozlarınız çatlayabilir ) serdiğiniz tezgahınıza alıp, oda sıcaklığına düşene kadar soğumaya alın."", ""Serin, kuru ve gölge bir ortamda tüm kış saklayabilir ve hazırladıktan hemen sonra dahi tüketmeye başlayabilirsiniz. Afiyetler olsun!""]"
37f14093-4f9c-4fc5-80f8-f923681bc46a,Prenses Leia'nın Tarçınlı Ruloları,Turkey,Uzun bir günden sonra Prenses Leia'nın favori atıştırmalığı: tarçınlı rulolar,Ana Yemek,"[""1 adet yumurta"", ""1 yemek kaşığı tereyağı (oda sıcaklığında)"", ""1,5 tatlı kaşığı kuru maya (ya da 1 paket instant maya)"", ""1/4 su bardağı ılık süt"", ""2 yemek kaşığı toz şeker"", ""1 çay kaşığı tuz"", ""2,5 su bardağı un""]","[""Kuru mayayı, ılık süt ve toz şekerle karıştırıp mayanın aktive olması için kısa bir süre oda sıcaklığında bekletin."", ""2 su bardağı elenmiş unu karıştırma kabına alın. Ortasını çukur gibi açın, kenar kısımlarına tuzu serpiştirin."", ""Maya karışımı, tereyağı ve yumurtayı orta kısmına alın. Kenar kısımlarda kalan unu ortaya doğru alıp hamuru toparlanana kadar yoğurun."", ""Ele yapışmayacak bir kıvamda olması gereken hamura gerekirse azar azar kalan unu ekleyin."", ""Yumuşak bir kıvam alan hamuru hafifçe unlanmış mutfak tezgahı üzerinde merdane yardımıyla dikdörtgen şeklinde açın. Hamurun çok ince olmamasına dikkat edin."", ""Geniş olan kenar kısımlarda bir parça boşluk bırakıp toz şeker ve tarçını hamurun üzerine serpin."", ""Boşluk kalan kenar kısımlardan başlayıp hamuru rulo şeklinde sarın."", ""Tarçınlı ruloyu keskin bir bıçak yardımıyla 10 eşit parçaya bölüp yağlı kağıt serili fırın tepsisine aralıklı olarak yerleştirin. Oda ısısında 30-35 dakika mayalanması için bekletin. Giderek büyüyen r"", ""Mayalanan tarçın rulolarını önceden ısıtılmış 190 derece fırında 20 dakika kadar pişirin."", ""Çöreklere son ve eğlenceli dokunuşu yapmak için; küçük parçalara ayırdıktan sonra cam bir kaseye aldığınız beyaz çikolatayı, kaynamakta olan bir suyun olduğu tencere üzerinde benmari usulü eritin."", ""Kaynamakta olan su buharının eriyen çikolataya gelmemesine ve cam kasenin direkt olarak kaynar suya değmemesine dikkat edin."", ""Fırından çıkardığınız ve kısa bir süre soğuyan çöreklerin üzerine eritilmiş beyaz çikolatayı gezdirdikten sonra sevdiklerinizle paylaşın.""]"
9c43364d-99f7-4780-b009-ac03efdbeaed,Karidesli Fettuccine Alfredo,Turkey,Kremalı ve lezzetli Karidesli Fettuccine Alfredo ile İtalyan mutfağının en sevilen lezzetlerini sofranızda yaşayın,Et Yemekleri,"[""400 gram krema"", ""1 paket fettucine makarna"", ""250 gram karides"", ""1/2 çay kaşığı tuz"", ""1/2 çay kaşığı karabiber"", ""1 yemek kaşığı tereyağı""]","[""Fettuccine makarnayı klasik makarna haşlama yöntemi ile haşlayın."", ""Baby karidesleri bol suda yıkayın ve sarımsakları rendeleyin."", ""Geniş bir tavaya tereyağını, karidesleri ve rendelenmiş sarımsakları ekleyin ve orta ateşte soldurun."", ""Soldurma işleminden sonra kremayı ekleyip karıştırın, ardından,tuz ve karabiberi de ekleyip sosa iyice yedirin."", ""Haşlanmış olan makarnanın suyunu süzün ve hazırladığınız sosu makarnaya ekleyin. Sos makarnanın her yerine eşit olarak dağılana kadar karıştırın. Afiyet olsun.""]"
b0bff6f5-d846-4b8b-9287-81864c290169,Köz Patlıcanlı Mini Tartolet,Turkey,Köz patlıcanın yoğun tadı ile tereyağlı tartolet harikası,Ye,"[""100 gram tereyağı"", ""3 yemek kaşığı yoğurt"", ""1 adet yumurta"", ""1 tatlı kaşığı tuz"", ""1/2 çay kaşığı kabartma tozu"", ""2,5 su bardağı un"", ""3 adet közlenmiş patlıcan"", ""1 adet közlenmiş kırmızı biber""]","[""Közlenmiş patlıcanları ve biberi ince ince doğrayıp tavaya alın."", ""Üzerine kremayı boşaltıp birlikte iyice karıştırarak bir kaç dakika pişirin."", ""Tuzunu da ilave ederek soğuması için bir kenara alın."", ""Hamur malzemeleriyle ele yapışmayan bir kurabiye hamuru yoğurun."", ""Minik minik bezeler yapıp, tartolet kalıbında, ocakta arkalı önlü kızarana kadar pişirin."", ""Minik kurabiyelerin içine bolca kremalı patlıcan koyup, servis tabağına alın."", ""Üzerlerini dereotuyla süsleyip servis edebilirsiniz. Afiyet olsun.""]"
388cb500-ae30-4483-ba59-133a0a3ad2f8,Fırında Helva,Turkey,Tahinli un helvasının fırında pişirilmiş pratik ve lezzetli hali,Tatlı,"[""1 su bardağı un"", ""1 su bardağı pudra şekeri"", ""1 su bardağı tahin"", ""1 su bardağı süt""]","[""Bir su bardağı unu yapışmaz bir tavaya alıp 10 dakika kısık ateşte kokusu (çıkana kadar) kavuruyoruz."", ""Un kavrulunca soğuması için bırakıyoruz. Başka bir tavaya tahini ekleyip ısıtmaya başlıyoruz."", ""Isınan tahinin içine pudra şekerini ekliyoruz. (Pudra şekeri yoksa toz şeker daha az miktarda kullanılabilir)"", ""Önceden kavurduğumuz unu, tahinin içine yavaş yavaş katıyoruz."", ""Helva sertleşip şekil almaya başlayınca ocağı kapatıyoruz."", ""Helvamızı blenderın içine ekleyip yoğunluğunu istediğiniz miktarda süt ekliyoruz. İstediğimiz kıvama gelince 4 adet toprak güvecin veya alüminyum kabın içine paylaştırıyoruz."", ""İsterseniz helvayı dolaba koyup istediğiniz kadarını blenderda süt ile karıştırıp fırına verebilirsiniz."", ""Fırını 225 dereceye getirip üstten pişirme olarak ayarlıyoruz, 15 dakika pişiriyoruz. Afiyet olsun.""]"
2999c2f2-8eab-47ab-ba02-acc423f1c1f8,Doğal Şekerli Kakaolu Muffin,Turkey,"Doğal tatlandırıcılarla hazırlanan, sağlıklı ve lezzetli kakaolu muffinler",Ye,"[""1,5 su bardağı glutensiz un"", ""2 adet yumurta (ya da bal)"", ""5 yemek kaşığı hurma özü (ya da bal)"", ""1 yemek kaşığı Hindistan cevizi yağı"", ""1/2 çay bardağı zeytinyağı"", ""3 damlaacı badem (aroması)"", ""3 yemek kaşığı ham kakao"", ""2 yemek kaşığı ham kakao parça ları"", ""1 paket kabartma tozu"", ""1 paket vanilin"", ""1 su bardağı süt"", ""1 çay bardağı frambuaz"", ""1 çay bardağı vişne""]","[""Yumurtaları iyice çırpın."", ""Hurma ya da balı ekleyip yumurtalarla iyice karıştırmaya devam edin."", ""Hindistan cevizi yağını, zeytinyağı ve sütü ekleyin ve malzemeler bütünleşene kadar çırpmaya devam edin."", ""Kabartma tozunu, vanilini, kakao ve kakao parçacıklarını, acı badem aromasını ve donmuş meyveleri ekleyip güzelce karıştırın."", ""Unu yavaş yavaş güzelce çırparak ekleyin."", ""Karışımı muffin kalıplarına döktükten sonra 180 derece önceden ısıttığınız fırında 20 dakika kadar pişirin."", ""Fırından çıktıktan sonra üzerini dilediğiniz gibi süslenip yiyebilirsiniz. Afiyet olsun.""]"
63c61838-88a4-4fba-b37a-dd07b541758f,Fırında Kaşarlı Patates,Turkey,"Fırında kaşarlı patates, çıtır çıtır ve lezzetli bir atıştırmalık veya yan lezzettir",Ye,"[""2 adet orta boy patates"", ""2 yemek kaşığı zeytinyağı"", ""1 çay kaşığı kırmızı toz biber"", ""1 çay kaşığı tuz"", ""1 çay kaşığı kekik""]","[""Patatesleri ne ince ne kalın olacak şekilde halka halka doğrayın."", ""Ezilmiş sarımsağı, baharatları, tuzu ve yağı patateslerin üzerine döküp patateslerin her yerine bulanması için karıştırın."", ""Fırın kabına patatesleri dizip 30 dakika kadar pişirin. Pişmesine yakın kaşar peynirini koyup 5 dakika kadar peynir kızarana kadar pişirin ve sıcak olarak servis yapın."", ""Fırında kaşarlı patates tarifiniz hazır. Afiyet olsun.""]"
e505422c-4e19-4cb4-87d6-b51c7e6b5df3,Ev Yapımı Döner,Turkey,"Ev yapımı lezzetli döner, pratik ve enfes bir seçenek",Ye,"[""500 gram orta yağlı kıyma"", ""1 adet soğan"", ""2 yemek kaşığı yoğurt"", ""2 yemek kaşığı irmik"", ""1 yemek kaşığı zeytinyağı"", ""1 çay kaşığı tuz"", ""1 çay kaşığı karabiber"", ""1 çay kaşığı kimyon"", ""1 çay kaşığı kekik"", ""1 çay kaşığı pul biber""]","[""Soğanı rendeleyin, tüm malzemeleri karıştırma kabına alın ve güzelce yoğurun."", ""Tezgaha streç film yayın içerisine harcı alın ve salam şeklinde sıkıca sarın. Bu şekilde 1 gece derin dondurucuda bekletin."", ""Buzluktan çıkardıktan sonra donuk haldeyken keskin bir bıçakla ince dilimler halinde dilimleyin. Yağsız teflon tavada pişirin. Afiyet olsun.""]"
8c0f15be-34b4-4e96-bc27-75d40cac38dc,Sütlü Domates Çorbası,Turkey,Kremamsı ve lezzetli bir başlangıç için sütlü domates çorbası,Ye,"[""1 yemek kaşığı tereyağ (30 gram)"", ""2 yemek kaşığı un (30 gram)"", ""3 su bardağı domates sos (600 ml)"", ""3 su bardağı su (600 ml)"", ""1/2 su bardağı süt (100 ml)"", ""1 çay kaşığı tuz""]","[""Tencerede tereyağı eritilir. Un eklenir ve kokusu çıkana kadar kavrulur."", ""Domates sos ve su eklenir. Sürekli karıştırılır. Kıvam almaya başladığında süt eklenir."", ""Topaklandıysa el blender ile çekilerek pürüzsüz hale getirilir. Tuz damak tadına göre ilave edilir. Kaynayınca ocak kapatılır.""]"
153953d9-14c7-4baa-a581-19bd449b1c23,Naneli Limonata,Turkey,"Yaz aylarının serinletici ve ferahlatici içeceği, pratik naneli limonata",Ye,"[""4 adet misket limonu"", ""4 yemek kaşığı şeker"", ""2 litre su""]","[""Limon kabuklarını beyaz kısımları almadan rendeleyelim. Limonların suyunu sıkalım."", ""Uygun bir kapta limon kabuklarını nane yaprakları ve şekerle birlikte mıncıklayalım. (3-4 dakika)"", ""Ardından limon suyu ve suyu ekleyip şeker eriyene kadar karıştıralım. Süzgeç yardımıyla sürahiye aktaralım."", ""Buz eklediğimiz bardakları içecekle dolduralım. Naneli limonata hazır, afiyet olsun.""]"
8624cc8b-2270-4c14-9100-00dbb6be4fe0,Yumurtasız Islak Kek,Turkey,Yumurtasız pratik tarif ile hem lezzetli hem de çok yumuşacık bir ıslak kek yapın,Tatlı,"[""3/4 su bardağı toz şeker"", ""1 su bardağı süt"", ""1 çay bardağı sıvı yağ"", ""1,5 yemek kaşığı kakao"", ""1 paket kabartma tozu"", ""1 paket vanilin"", ""1,5 su bardağı un""]","[""Şeker, süt ve sıvı yağı güzelce çırpın."", ""Eleyerek kakaoyu ekleyin."", ""Ardından un, kakao ve vanilyayı ekleyin."", ""Mikserin en düşük seviyesinde ya da spatula yardımı ile dıştan içe katlayarak karıştırın. Kare küçük boy borcama dökerek önceden ısıtılmış 180 derece fırında batırdığınız kürdan temiz çıkana kadar kar"", ""Sosu için malzemelerini sos tenceresine alın karıştırarak pişirin. Fokurdamaya başlayınca ocaktan alın."", ""Pişen keke kürdan yardımıyla delikle açın ve sosu üzerine her yerine gelecek şekilde dökün."", ""Sosunu çektikten sonra servise hazır."", ""Üzerini dilediğiniz gibi süsleyerek servis edin. Afiyetler olsun.""]"
43966e13-257b-47b2-a317-9daa9bf48b55,Yağ Çekmeyen Sigara Böreği,Turkey,"Hafif ve lezzetli, yağ çekmeden pratik bir sigara böreği tarifi",Ye,"[""2 adet yufka"", ""1 çay bardağı soda"", ""300 gram beyaz peynir"", ""1 çay kaşığı toz kırmızı biber"", ""1 su bardağı sıvı yağ"", ""Etimek Tatlısı Tarifi"", ""Damla Çikolatalı Kurabiye"", ""Tatlı Tarifleri Spoonful Mozaik Pasta Çikolatalı Sufle İrmik Helvası Fırın Sütlaç Profiterol Revani Magnolia"", ""Kahvaltılık Tarifler Pancake Krep Pişi Kuymak Kaygana Kahvaltılık Sos Menemen Muhlama Yumurtalı Ekmek Omlet"", ""Omlet""]","[""İç harcının malzemelerini bir kabın i"", ""Yufkayı tezgaha serin üzerine fırça yardımıyla soda sürün ve diğer yufkayı üzerine koyun."", ""Üçgen şeklinde parçalar kesin. İçlerine harç doldurun. Ardından sarın ve uçlarını soda sürerek kapatın."", ""Buzdolabı poşetine aktarın ve dilerseniz buzlukta saklayın. Pişirmeden önce 15-20 dakika oda sıcaklığında çözdürüp kızartın."", ""Dilerseniz yağı kızdırıp hemen kızartarak da servis edebilirsiniz. Afiyetler olsun.""]"
e2c2a905-dc09-4488-b7ac-42fe7cdf8417,Labneli Patatesli Cacık,Turkey,"Labneli patatesli cacık, ferahlatıcı ve doyurucu bir meze alternatifidir",Meze,"[""2 yemek kaşığı Sütaş Labne"", ""1 adet büyük boy haşlanmış patates"", ""2 adet orta boy salatalık (rendelenmiş)"", ""1/2 adet limon suyu""]","[""Derin bir kasede haşlanmış patatesi ezin."", ""Üzerine rendelenmiş salatalık, kıyılmış dereotu, ezilmiş sarımsak, tuz, karabiber ve limon suyunu ekleyip karıştırın."", ""Karışıma Sütaş Labne'yi de ekleyin ve karıştırıp servis edin. Afiyet olsun.""]"
e768b35b-21a1-4787-8732-7d68dcb96cab,Ezmeli Acılı Kebap,Turkey,"Pratik ve lezzetli, acılı bir kebap tarifi",Ana Yemek,"[""500 gram kıyma"", ""1-1,5 yemek kaşığı biber salçası"", ""1 yemek kaşığı zeytinyağı (ya da terayağı)"", ""1 adet yeşil biber"", ""1 adet kapya biber"", ""1-1,5 yemek kaşığı sumak""]","[""Kıymayı bir kabın içine alıp sarımsağı, biber salçasını ve baharatları koyup iyice karıştırın."", ""Karışınca elimizi biraz ıslatalım ve etleri şişlere dizelim."", ""Önceden 250 derecede ısıtılmış fırında 20-25 dakika kontrollü pişirelim."", ""Ezmesini yaparken de yağı, biberleri ve domatesleri koyup pişirelim. Sumak ve tuzunuda ekleyip 3-4 dakika soteleyelim."", ""İki lezzeti birleştirelim servise hazır. Afiyet olsun.""]"
fb9f4f40-0ded-4872-8072-a2e9e879859b,Havuç Krakeri,Turkey,"Sağlıklı ve lezzetli havuç krakerleri, atıştırmalık için mükemmel bir seçenek",Ana Yemek,"[""3 adet havuç"", ""2 adet yumurta"", ""100 gram tam buğday unu"", ""1 çay kaşığı kabartma tozu"", ""1 çay kaşığı tuz"", ""1 çay kaşığı toz acı biber"", ""1 çay kaşığı karabiber"", ""1 çay kaşığı kekik""]","[""Soyup dilimlediğimiz havuçları yumuşayana kadar haşladıktan sonra robottan geçirip parçalıyoruz."", ""Ardından yumurtalarımızı ekleyip bir tur daha karıştırıyoruz. Sonra geri kalan malzemeleri de ekleyip karıştırıyoruz."", ""Harcı sıkma torbasına alıp tepsiye sıkıyoruz. 180 derece önceden ısıtılmış fırında 25-30 dakika pişiriyoruz. Afiyet olsun.""]"
fc3da99b-f1bd-4adc-b45d-a13be6e8455e,Nohut ve Mantardan Hamburger Köftesi,Turkey,"Protein açısından zengin ve lezzetli, nohut ve mantarlı hamburger köftesi",Et Yemekleri,"[""1 tepeleme tatlı kaşığı kimyon"", ""2 adet yumurta"", ""1 paket kabartma tozu"", ""1 adet soğan""]","[""Nohut, mantar ve zeytinyağını robottan geçirin. (Bu aşamada robotunuz bunları kuru kuru çekmiyorsa, su ilave etmeniz gerekebilir, çok su ilave ederseniz daha sonra yulaf unu ilave ederek telafi edin.)"", ""Maydanoz, dereotu ve soğanı ince ince doğrayıp nohut karışımının üstüne ekleyin."", ""Kimyon, tuz, karabiber ve arzuya göre başka baharatlar da ekleyin."", ""Yumurta ve kabartma tozunu da nohutlu karışıma ekleyin. Şekil verip önceden ısıtılmış fırında rengi kararana kadar ortalama 30-40 dakika pişirin. Afiyet olsun.""]"
2f50e074-3ee3-40fa-9b98-c19395eab315,Çıtır Tavuk,Turkey,"Dışarıdan çıtır içinden yumuşacık, herkesin bayılacağı lezzette bir tavuk tarifi",Tavuk Yemekleri,"[""6-8 adet tavuk baget"", ""2 yemek kaşığı un"", ""1 yemek kaşığı galeta unu"", ""1 tatlı kaşığı köri"", ""1 tatlı kaşığı toz kırmızı biber"", ""1/2 çay kaşığı karabiber"", ""1/2 çay kaşığı kimyon"", ""1 tatlı kaşığı tuz""]","[""Bagetleri tuzlu su karışımında haşlıyoruz."", ""Un karışımını oluşturmak için unu, galetayı, köri, toz biber, kimyon, karabiber, tuzu bir kapta karıştırıyoruz."", ""Sıvı sos için yumurtaları ve sütü bir başka kapta karıştırıyoruz."", ""Cipsi bir poşete koyup küçük parçalar oluncaya kadar merdane yardımıyla eziyoruz."", ""Haşlanan bagetleri sırasıyla sıvı sosa, un karışımı, sıvı sos ve cipse olacak şekilde batırıyoruz."", ""Bütün bagetlere aynı işlemi uygulayıp en son kızgın yağda kızartıyoruz."", ""Yanında patates kızartması ile servis yapabilirsiniz. Afiyet olsun.""]"
5e1e0c01-6c42-441b-8b27-96cf55acd3dc,Diyet Pankek,Turkey,Lezzetli ve pratik diyet pankek tarifimizle sağlıklı bir başlangıç yapın,Tatlı,"[""1 yemek kaşığı kakao"", ""1 adet yumurta"", ""1 çay kaşığı kabartma tozu""]","[""Tüm malzemeleri derin bir kapta karıştırın."", ""Pankek tavasını ısıtın."", ""Tavayı biraz sıvı yağ ile yağlayın."", ""Yarım kepçe kadar harçtan alarak tavanın ortasına dökün."", ""Bir yüzü pişince diğer yüzünü çevirin ve pişirin. Ardından tabağa alın ve meyveler ile servis edin. Afiyet olsun.""]"
3bf78d78-8a71-4a0b-ac58-f446b1f79374,Çilekli Tart,Turkey,"Taze çileklerle hazırlanan, lezzetli ve göz alıcı bir tatlı",Ana Yemek,"[""1/2 kilogram çilek"", ""3 yemek kaşığı şeker"", ""1 çay bardağı nişasta"", ""1.5 çay bardağı pudra şekeri"", ""1 adet yumurta"", ""1/2 çay bardağı sıvı yağ"", ""2 yemek kaşığı tereyağı"", ""2 yemek kaşığı yoğurt"", ""1/2 paket kabartma tozu"", ""1 paket vanilya"", ""3 çay bardağı un""]","[""Çileklerimizi robottan çekip 2 kaşık şeker ve bir tatlı kaşığı nişasta ile pişiriyoruz."", ""Un hariç tüm malzemeleri karıştırıp unu en son kontrollü olarak ekliyoruz."", ""Ele yapışmayan yumuşak bir hamur elde ettikten sonra tart kalıbımızı yağlıyoruz."", ""Hamurdan portakal büyüklüğünde bir parça kopartıp kalan hamuru kalıba yayıyoruz. İsterseniz açarak da yapabilirsiniz."", ""Ayırdığımız parçayı buzlukta 5 dakika bekletiyoruz."", ""Bu sırada kalıptaki hamurun üzerine çilekli sosu döküyoruz."", ""Buzluktan aldığımız hamuru da sosun üzerine rendeleyerek serpiştiriyoruz. Afiyet olsun.""]"
27c5af81-7751-4029-b312-7f3f1a645568,Lightfry'da Sarımsaklı Tereyağlı Antrikot,Turkey,"Lightfry'da mükemmel pişen, sarımsaklı tereyağı lezzetiyle zenginleşmiş yumuşacık antrikot",Ana Yemek,"[""1 dilim antrikot (180 gram)"", ""2 yemek kaşığı tereyağı (oda sıcaklığında yumuşamış)"", ""1/2 çay kaşığı tuz"", ""1/4 çay kaşığı karabiber""]","[""Antrikotu zeytinyağı, az miktarda tuz ve karabiberle ovun ve 15 dakika oda sıcaklığında bekletin."", ""Yumuşak tereyağını sarımsak ve tuzla harmanlayın. Bir parça streç filmin ortasına karışımı koyun ve rulo gibi yuvarlayıp derin dondurucuya kaldırın."", ""Vestel Lightfry'ı et modunda çalıştırın ve 4 dakika ısınmaya bırakın."", ""Isınan hazneye antrikotu yerleştirin ve pişirmeye başlayın."", ""Her bir yüzeyini 3’er dakika pişirin. Daha iyi pişmesini istiyorsanız her yüzeyi 1 dakika daha pişirebilirsiniz."", ""Pişen antrikotun üzerine derin dondurucudan çıkarttığınız sarımsaklı tereyağından bir dilim koyup arzuya göre yanında salatayla servis edin.""]"
5586a05b-e7c4-4822-b5d7-44b0510c9fa9,Çikolatalı Yulaflı Kurabiye,Turkey,"Lezzetli ve pratik çikolatalı yulaflı kurabiye, çay saatlerinin vazgeçilmezi",Tatlı,"[""1 adet yumurta"", ""1 su bardağı yulaf ezmesi"", ""100 gram tereyağı (oda ısısında)"", ""1/2 su bardağı şeker"", ""1 çay bardağı damla çikolata"", ""1,5 su bardağı un""]","[""Yağ ve şekeri iyice çırpıyoruz."", ""Yumurtayı ekleyip, çırpmaya devam ediyoruz."", ""Harca katı malzemeleri ekliyoruz. (unu kontrollü eklemekte fayda var)."", ""Yoğurduğumuz hamuru yarım saat dinlendiriyoruz. (vakit yoksa hemen de yapabilirsiniz ama dinlenince daha iyi oluyor)."", ""Hamurdan ufak parçalar alıp yağlı kağıt serili tepsiye diziyoruz."", ""Önceden ısınmış 180 derece fırında yaklaşık 18 dakika pişiriyoruz (pişme süresi değişebilir). Afiyet olsun.""]"
5d87a492-65fb-405f-b175-ba1c2c800b08,Yoğurt Tatlısı,Turkey,"Ferahlık veren yoğurt tatlısı, pratik yapımıyla göz dolduruyor",Tatlı,"[""3 su bardağı toz şeker"", ""3,5 su bardağı su"", ""4 damlalimon suyu""]","[""İlk olarak şerbeti hazırlayın. Su ve şekeri, şeker eriyene dek çırpın ve ocakta kısık ateşte kaynatın."", ""Kaynayan şerbete limonun suyunu ekleyin ve 10 dakika daha kaynatın. Şerbeti ocaktan alıp soğumaya bırakın."", ""Derin bir kasede yumurta ve şekeri Vestel Vanilya Mikser'le birlikte çırpın."", ""Üzerine sıvı yağı ekleyin."", ""Ardından yoğurdu ekleyin."", ""Son olarak irmik, kabartma tozu, vanilin ve un ekleyip çırpmaya devam edin."", ""Yağlanmış kalıba harcı dökün ve 170 derece fırında 30 dakika pişirin."", ""Pişen tatlının ilk sıcaklığı geçtikten sonra dilimleyin ve soğuk şerbeti sıcak tatlının üzerine dökün. Şerbetin çekmesini bekleyin."", ""Şerbetini çeken tatlıyı krem şanti ve toz fındıkla süsleyip servis edin, afiyet olsun!""]"
76f5c1d0-f25d-4558-959b-aa0f0dd4217e,Lokanta Usulü Arnavut Ciğeri,Turkey,"Kıtır kıtır patateslerle sunulan, lezzetli ve doyurucu bir klasik",Ana Yemek,"[""500 gram dana ciğeri (küp doğranmış)"", ""2 adet büyük boy patates (küp doğranmış)"", ""1 su bardağı un"", ""1 çay kaşığı tuz""]","[""Ciğeri süzgeçe koyup kanının süzülmesi için bekletin."", ""Bir kap içerisine unu alın. Üzerine ciğerleri ekleyin ve tuz serpin."", ""Ciğerlerin her yerini una bulayın. Kevgir yardımıyla fazla ununu eleyin."", ""Kızgın yağda ilk olarak patatesleri kızartın."", ""Daha sonra ciğerleri ara ara karıştırarak kızartın. Ciğerleri en fazla 3-5 dk. pişirin. Bu süre yeterli olacaktır. Daha fazla süre kızartılması ciğerin sertleşmesine sebep olur."", ""Ardından kevgir yardımıyla fazla yağını süzdürerek bir tabağa alın."", ""Soğanı piyazlık doğrayın ve tuz ekleyip güzelce ovun. Maydonozları ince ince kıyın. Soğana maydanozu ve sumağı ekleyip karıştırın."", ""Kızarmış patates, ciğer ve sumaklı soğanı bir tabakta buluşturun ve servis edin. Afiyetler olsun!""]"
bc00909a-b271-43c3-abf3-9b9b91fa237c,Yumuşak Chocolate Chip Cookie,Turkey,"İçleri yumuşacık, kenarları hafif çıtır lezzetli çikolatalı kurabiye tarifi",Ana Yemek,"[""1/2 su bardağı toz şeker (100 gram)"", ""3/4 kahve fincan ı esmer şeker (165 gram)"", ""1 tatlı kaşığı tuz"", ""1/2 kahve fincan ı tuzsuz tereyağı (115 gram, eritilmiş)"", ""1 adet yumurta"", ""1 tatlı kaşığı vanilya özü"", ""1 su bardağı (2 parmak fazla) un (155 gram)"", ""1/2 çay kaşığı karbonat"", ""1 paket çikolata parça ları (110 gram)""]","[""Büyük bir kapta şekerleri, tuzu ve tereyağını topaksız bir macun oluşana kadar çırpın. Yumurtayı ve vanilyayı çırpın. Unu ve kabartma tozunu eleyin, ardından karışımı bir spatula ile karıştırın."", ""Çikolata parçalarını katın, ardından hamuru en az 30 dakika soğutun. (Daha yoğun, şekerleme benzeri bir tat ve daha derin bir renk için hamuru gece boyunca soğutun.)"", ""Fırını önceden 180 dereceye ısıtın. Bir fırın tepsisine yağlı kağıdı koyun."", ""12-15 dakika veya kenarlar neredeyse hafif kızarmaya başlayana kadar pişirin. Afiyet olsun.""]"
a9aaecc6-bd8e-4298-8afe-14050d007134,Rafine Şekersiz Puding,Turkey,"Sağlıklı ve pratik, rafine şekersiz puding tarifi",Ana Yemek,"[""2 su bardağı süt"", ""2 yemek kaşığı buğday nişastası"", ""2 tatlı kaşığı kakao"", ""1 yemek kaşığı süzme bal""]","[""Tenceremizin içine nişasta, süt ve kakaoyu koyup orta ateşte karıştırarak pişiriyoruz."", ""Kaynamaya başlayan pudingimizi biraz daha karıştırıp sonrasında ocağı kapatıyoruz."", ""Ocağı kapattığımız gibi hemen içine balımızı ekleyip karıştırıyoruz."", ""Kaselerimize boşaltıp soğumasını bekliyoruz. Afiyet olsun.""]"
5ad462c2-be77-414d-b1d3-6f8ca1122a9e,Karbonatlı Harika Puf Poğaça,Turkey,"Karbonatlı harika puf poğaça, pratik malzemelerle hazırlanan, mis kokulu ve ağızda dağılan lezzetli bir atıştırmalıktır",Börek & Hamur İşi,"[""1 çay bardağı eritilmiş tereyağı"", ""1/2 su bardağı yoğurt"", ""1/2 su bardağı sıvı yağ"", ""2 adet yumurta"", ""2 çay kaşığı karbonat"", ""1 tatlı kaşığı tuz"", ""5 su bardağı un"", ""1 adet yumurt sarısı"", ""1/2 çay bardağı çörek otu (arzuya göre susam)""]","[""Sıvı yağ, eritilmiş tereyağı, yumurta ve yoğurdu derin bir kapta karıştırın."", ""Karbonatı ve tuzu ekleyip karıştırmaya devam edin."", ""Unu azar azar ekleyerek yoğurmaya başlayın. Yumuşak ve ele yapışmayan bir hamur elde edeceksiniz. Böyle bir hamur elde edince yoğurma işlemini bırakabilirsiniz."", ""Hamurdan mandalina büyüklüğünde parçalar alın ve avucunuzla bastırarak açın."", ""İçerisine kıyılmış maydanoz ve ayıklanmış zeytin koyup, kapatın. Ardından elinizle yuvarlayarak şekil verin."", ""Hazırladığınız poğaça hamurlarını yağlı bir borcama dizin, üzerine yumurta sarısı sürüp, susam ve çörek otu serperek, önceden ısıtılmış 180 derecelik fırına atabilirsiniz."", ""Poğaçaların üstü kızarınca fırından alıp, sıcacık servis edebilirsiniz. Afiyet olsun.""]"
ca531787-e5aa-426c-85e3-e48822bb68eb,Tart Kalıbında Muhallebili Havuçlu Kek,Turkey,"Hem tatlı hem de sağlıklı bir atıştırmalık arayanlar için ideal, muhallebili ve havuçlu pratik kek tarifi",Tatlı,"[""2 adet yumurta"", ""1/2 su bardağı toz şeker"", ""1/2 su bardağı sıvı yağ"", ""1/2 su bardağı süt"", ""1 paket vanilya"", ""1 su bardağı un"", ""1 paket kabartma tozu"", ""1/2 su bardağı ceviz içi (iri çekilmiş)"", ""1/2 su bardağı havuç (Yaklaşık 2 adet)""]","[""Yumurta ve şekeri birkaç dakika çırpıyoruz. Yağ, sütü, vanilya şekerini, un ve kabartma tozunu ekleyip tekrar çırpıyoruz."", ""Son olarak ceviz ve rendelenmiş havucu ekliyoruz. 180 derecede önceden ısıtılmış fırında pişiriyoruz. Kek piştikten sonra, soğumaya bırakıyoruz."", ""Kremayı, sütü, vanilya şekerini, toz şekeri ve unu soğukken çırpıyoruz, daha sonra ocakta katılaşana kadar çırparak kaynatıyoruz."", ""Muhallebinin ilk sıcaklığı gittikten sonra havuçlu kekimizin üzerine döküyoruz. Buzdolabında birkaç saat bekletiyoruz."", ""İsteyen üzerini fındık, ceviz veya Hindistan ceviziyle süsleyebilir.""]"
803a8d49-90d5-47c4-bfd2-033fd0836bd2,Kolay Milföy Pasta,Turkey,"Pratik ve lezzetli milföy hamurları ile hazırlanan, sütli ve tatlı bir pasta tarifi",Tatlı,"[""9-10 adet milföy hamuru"", ""3 su bardağı süt"", ""1 çay bardağı toz şeker"", ""2 adet yumurta sarısı"", ""2 yemek kaşığı mısır nişastası"", ""2-3 yemek kaşığı tereyağı"", ""1 paket vanilin""]","[""Milföyleri ortadan ikiye kesip tepsiye diziyoruz. Çatalla delikler açıyoruz kabarmaması için. Önceden ısıtılmış 180 derece fırında yaklaşık 20-30 dakika pişiriyoruz."", ""Krema için tencereye süt, yumurta sarısı ve şekeri ekleyip karıştırıyoruz ardından unları ekleyip ocağı açıp kaynayana kadar aralıksız karıştırıyoruz."", ""Kaynayınca altını kapatıp tereyağı ve vanilini ekliyoruz. Soğuyan krema ve milföyleri hazırlamak için servis tabağına bir adet milföyu dizip üzerine krema sıkma torbası veya spatulayla sürüyoruz."", ""2-3 kat bu şekilde hazırlıyoruz. Üstüne doğranmış çilek, kabukları soyulmuş çiğ badem ve pudra şekeriyle yemeye hazır hale getiriyoruz. Afiyet olsun.""]"
b9329b29-09c6-436e-b575-b552c62983b5,Çıtır Tavuk Burger,Turkey,Ev yapımı çıtır tavuk burger ile lezzet şöleni yaşayın,Tavuk Yemekleri,"[""2 adet tavuk göğsü"", ""1 adet yumurta"", ""1/2 su bardağı galeta unu"", ""1 adet soğan"", ""1 çay kaşığı kimyon"", ""1 çay kaşığı karabiber"", ""1 çay kaşığı pul biber"", ""1 tatlı kaşığı tuz""]","[""Tavuğu rondodan geçirip kıyma haline getirelim."", ""Soğan ve sarımsağı da ekleyip onları da rondodan geçirelim. Kalan malzemeleri de ekleyip yoğuralım ve yuvarlak şekiller verelim."", ""Karışımı 1 saat buzdolabında bekletelim. Hazırlanan köfteleri önce çırpılmış yumurtaya sonra pane harcına batıralım ve kızgın yağda kızartalım."", ""Arzu ettiğimiz yan malzemelerle hamburgerimizi tamamlayalım. Afiyet olsun.""]"
d47f6618-5302-439d-af95-1ee0b4551e1a,Fırında Kabak Mücver,Turkey,"Fırında kabak mücver, pratik ve lezzetli bir akşam yemeği alternatifidir",Sebze Yemekleri,"[""3 adet orta boy kabak"", ""2 adet havuç"", ""3 adet yumurta"", ""3 yemek kaşığı zeytinyağı"", ""1 paket kabartma tozu"", ""1 çay kaşığı karabiber"", ""1 tatlı kaşığı tuz"", ""100 gram beyaz peynir"", ""2 su bardağı un""]","[""Öncelikle kabakları rendeleyin ve iyice suyunu sıkın."", ""Daha sonra içine taze soğan, maydanoz, dereotu ve havucu koyun ve karıştırın. Yumurta ve peyniri de ekleyin ardından karıştırın."", ""İyice karışınca zeytinyağını ve 1 bardak unu ilave edip karıştırın. Bu sırada tuz ve karabiberi de ekleyin."", ""Son olarak 1 bardak un ve kabartma tozunu koyun ve iyice karıştırın. Fırın tepsisine ince olacak şekilde yayın."", ""200 derece fırında 30 dakika üstü kızarıncaya kadar pişirin. Afiyet olsun.""]"
8ee9d952-34c4-4e05-91de-3014bedf33cf,Sucuklu Pankek,Turkey,"Pratik ve lezzetli sucuklu pankekler, kahvaltı sofralarına hızlı bir dokunuş katmak için ideal",Tatlı,"[""1 adet yumurta"", ""1 çay bardağı yoğurt"", ""3 yemek kaşığı (tepeleme) un"", ""2 yemek kaşığı lor peyniri"", ""1 çay kaşığı kabartma tozu"", ""1 çay kaşığı (silme) tuz (lor tuzluysa azaltın)""]","[""Yumurta ve yoğurt karıştırılır. Un, tuz ve kabartma tozu eklenip topak kalmayana kadar çırpılır. Lor eklenip kaşıkla karıştırılır."", ""Kıyılan yeşillikler ve sucuk eklenir, tavada önlü arkalı pişirilir. Afiyet olsun.""]"
ac8ab23e-411c-4a26-a1bd-a49e9ec91f31,Tavuklu Diyet Salata,Turkey,Hafif ve lezzetli tavuklu diyet salata ile sağlıklı bir öğün keyfi,Salata,"[""1 adet maskolin yeşilliği"", ""1 adet tavuk göğsü"", ""1 adet ceviz"", ""3 adet yeşil zeytin""]","[""Önceden ısıtılmış 190 dereceye ayarladığımız fırınımıza marine ettiğimiz tavuk göğsümüzü koyalım ve 30 dakika boyunca pişirelim."", ""Güzelce yıkadığımız yeşilliklerimizi kurutup üstüne pişirdiğimiz tavuk göğüslerimizi dilimleyip üstüne koyalım. Zeytinyağı, ceviz ve limonu da ilave ederek servis edelim. Afiyetler olsun.""]"
5b1f2b55-7598-4d58-81a4-3f1690ec3586,Basma Kadayıf,Turkey,"Cevizli kadayıf şeritleri tereyağında kızartılarak hazırlanan, çıtır çıtır lezzetli bir tatlıdır",Tatlı,"[""500 gram kadayıf"", ""200 gram tereyağı"", ""1,5 su bardağı ceviz içi""]","[""Öncelikle şerbetimizi hazırlayalım soğumaya bırakalım. Kadayıflarımızı küçük doğrayıp erimiş tereyağı ile harmanlayalım. Yağlanmış tepsimize kadayıfın yarısını basalım. Cevizini serip gerisini basalım"", ""Güzel çıkması için sıkı basmak çok önemli, ben üstüne ağırlık koyup yarım saat beklettim. 170 derecede üstü kızarana kadar pişirip sonra fırından alıp bir tepsi yardımıyla tersini çevirelim. (Yağlı ka"", ""Diğer tarafı da kızarana kadar pişirip fırından çıkınca iki üç dakika sonra soğuk şerbeti sıcak tatlımıza dökelim.""]"
f181ac11-30d7-4147-a47c-73b780181630,Kedidilli Çilekli Pasta,Turkey,"Kedidilli bisküvilerle hazırlanan, pratik ve lezzetli çilekli pasta",Tatlı,"[""2,5 paket kedidili bisküvi"", ""2 adet yumurta sarısı"", ""4 su bardağı süt"", ""4 yemek kaşığı (tepeleme) un"", ""3 yemek kaşığı (tepeleme) nişasta"", ""6 yemek kaşığı şeker"", ""1 paket vanilya"", ""1 paket krema"", ""1 yemek kaşığı tereyağı"", ""3 yemek kaşığı pul çikolata (beyaz)"", ""1 paket toz krem şanti (arzuya göre)""]","[""Pastacı kreması için yumurta, süt, un, nişasta ve toz şeker yoğunlaşana dek çırpılarak pişirilir. Kayanamaya başlayınca vanilya ve tereyağı ilavesi yapılır. Tereyağı eriyince içerisine çikolatalar ekl"", ""Oda sıcaklığına gelen koyu kıvamlı kremamız buzdolabında yaklaşık 3 saat dinlendirilir."", ""Ardından içerisine azar azar krema ilavesi yapılır ve istenilen kıvam alana kadar devam edilir. Dilerseniz bu aşamada içerisine toz krem şanti de ekleyebilirsiniz."", ""Bir çember içerisine kedi dili bisküvilerimizi dizilir ve krema, ardından dilediğiniz meyve ve arzuya göre çikolata eklenip kat kat pasta hazırlanır."", ""En üst kısım bütün çilekler ve biberiye ile süslenebilir. Afiyet olsun.""]"
3f9889bd-afc3-4708-b8aa-160dc786c857,Tam Buğday Unlu Krep,Turkey,"Sağlıklı ve pratik tam buğday unlu krep, lezzetli bir kahvaltı alternatifi",Ana Yemek,"[""2 adet yumurta"", ""2 yemek kaşığı tam buğday unu"", ""1 çay kaşığı kabartma tozu"", ""3/4 su bardağı süt""]","[""Yumurtayı çırpıp, diğer malzemeleri ekliyoruz."", ""Az yağlanmış tavada arkalı önlü pişiriyoruz."", ""Üzerini dilediğiniz gibi süsleyebilirsiniz. Afiyet olsun.""]"
397cfe9b-577b-4c65-8723-716df737a4a4,Pancarlı Kısır,Turkey,"Pancarın canlı rengi ve lezzetiyle zenginleşmiş, sağlıklı ve doyurucu bir kısır tarifi",Ana Yemek,"[""2 adet pancar"", ""1 adet kuru soğan"", ""1 tatlı kaşığı domates salçası"", ""6 yemek kaşığı sıvı yağ"", ""1,5 su bardağı bulgur""]","[""Pancarları haşlayın ve suyunu bulgurları ıslatmak için kullanın."", ""Soğanları salça ile kavurun. Pancar suyu ile ıslattığınız bulgurun üzerine dökün."", ""Diğer malzemeleri de ekleyin ve güzelce karıştırın. Afiyet olsun.""]"
6bc89ace-d122-4fb3-8dd9-1e765169035d,Sade Poğaça,Turkey,Yumuşacık ve pratik poğaça tarifimiz ile kahvaltılarınızı lezzetlendirin,Börek & Hamur İşi,"[""1 su bardağı ılık süt"", ""1 su bardağı ılık su"", ""1 su bardağı sıvı yağ"", ""1 adet soda"", ""1 paket kuru maya"", ""1 silme tatlı kaşığı şeker"", ""1 silme tatlı kaşığı tuz"", ""8 su bardağı (tepeleme) un""]","[""Mayayı ve şekeri sütün içinde eritip 15 dakika bekleyin."", ""Mayalı sütü, suyu, yağı, sodayı bir kaba koyup karıştırın."", ""Üzerine unu ekleyip iyice yoğurduktan sonra 1 saat dinlendirin."", ""70 gramlık parçalara ayırıp yuvarlak şekil verin."", ""Yarım saat daha dinlendirin."", ""Üzerine çok az süt eklediğiniz çırpılmış yumurtayı sürerek susam veya çörek otuyla süsleyin. Yaklaşık 20 dakika 200 dereceye ayarlanmış fırında pişirip servis edin.""]"
fdda0c43-deee-47de-8ab3-072c151d193d,Bitli Kurabiye,Turkey,"Çıtır çıtır, çörek otlu lezzetli kurabiye tarifi",Tatlı,"[""125 gram oda sıcaklığında margarin"", ""1 su bardağı sıvı yağ"", ""2 yemek kaşığı çörek otu"", ""1 paket kabartma tozu"", ""1 adet yumurta beyazı"", ""1 tatlı kaşığı tuz"", ""2 yemek kaşığı toz şeker"", ""2 yemek kaşığı sirke"", ""5 su bardağı un"", ""1 adet yumurta sarısı (üzeri için)""]","[""Un hariç tüm malzemeleri derince bir kaba alın ve güzelce karıştırın."", ""Ardından unu yavaş yavaş ilave ederek, ele yapışmayan, kulak memesi kıvamında bir hamur elde edin."", ""Hazırladığınız hamurdan mandalina büyüklüğünde parçalar kopartın ve tezgahta yuvarlayarak uzatın."", ""Hazırladığınız bu hamuru bıçakla eşit parçalara bölün."", ""Her bir parçayı elinizle yuvarlayarak yağlı kağıt serilmiş bir fırın tepsisine dizin.Hazırladığınız hamurlar misket büyüklüğünde olmalı."", ""Bir fırça yardımıyla üstlerine yumurta sarısı sürün ve önceden ısıtılmış 180 derece fırında, üstleri kızarana dek yaklaşık 15 dakika pişirin."", ""Soğuduktan sonra servis edin.""]"
dafb53e2-2b9d-49fc-9501-08bf5acfaf39,Peynirli Dilim Börek,Turkey,"Pratik ve lezzetli peynirli dilim börek, çay saatlerinin vazgeçilmezi",Börek & Hamur İşi,"[""2 adet yufka"", ""2 adet yumurta"", ""1/2 çay bardağı sıvı yağ"", ""1 çay kaşığı tuz"", ""2 yemek kaşığı yoğurt"", ""2 su bardağı beyaz peynir (parçalanmış)""]","[""Maydanozu ince ince kıyın ve peynirle bir kasede karıştırıp kenarda bekletin."", ""Böreğin sosu için derin bir kasede yumurta, sıvı yağ, tuz ve yoğurdu çırpın."", ""İlk yufkayı tezgaha açın, sosun ve peynirin yarısını üzerine serpin. Ardından kalan yufkayı da üstüne serip kalan sos ve peynirli karışımı serpin."", ""Yufkaları kalın bir rulo gibi sarın ve 2 santimetrelik dilimler halinde kesin."", ""Tost makinesini ısıtın ve sıvı yağ ile yağlayın."", ""Börekleri içleri yukarı bakacak şekilde aralarında boşluk kalacak şekilde tost makinesine yerleştirip, önlü arkalı kızarana kadar pişirin."", ""Böreklerinizi sıcak olarak servis edin. Afiyet olsun.""]"
0e9cd32b-72cc-40f7-8f01-84cb603e3c31,Bastık,Turkey,"Geleneksel ve lezzetli bir tatlı olan bastık, basit malzemelerle hazırlanır",Ana Yemek,"[""3 su bardağı su"", ""2 yemek kaşığı pekmez"", ""4 yemek kaşığı nişasta"", ""4 yemek kaşığı şeker""]","[""Su ve pekmezi tencereye alın."", ""Pekmez suda eriyince şekeri ekleyip şeker eriyinceye kadar karıştırın."", ""Nişastayı az suyla açtırın. Sıvı bir kıvam alan nişastayı tencereye ekleyip bir yandan da hızlı bir şekilde karıştırın ki topak olmasın."", ""Jöle kıvamı alan tatlıyı ocaktan alın. Kaselere paylaştırın ve soğuduktan sonra üzerine cevizle süsleyip servis edin."", ""Bastık tarifiniz hazır. Afiyet olsun!""]"
58c2ddd4-6050-4382-82a5-04006fdf1773,Atom Kurabiye,Turkey,"Pratik ve lezzetli atom kurabiye tarifi, çay saatlerinin vazgeçilmezi",Tatlı,"[""150 gram oda sıcaklığında tereyağı"", ""1 adet yumurta"", ""1 su bardağı pudra şekeri"", ""1 paket vanilin"", ""1 çay kaşığı kabartma tozu"", ""3,5 su bardağı un""]","[""Kayısıları, incirleri, kuru üzümü, ceviz içini ve damla çikolatayı minik minik doğrayın."", ""Doğradığınız malzemeleri bir kasede bir araya getirin ve güzelce karıştırarak homojen bir iç malzeme elde edin."", ""Atom kurabiye hamuru için oda sıcaklığındaki tereyağını, yumurtayı, pudra şekerini ve vanilini geniş bir kaba alın. Malzemeleri iyice karıştırarak homojen bir karışım elde edin."", ""Kabartma tozu ve unu, tereyağı-şeker-yumurta karışımına ekleyerek yumuşak kıvamlı bir hamur elde edinceye kadar güzelce yoğurun. Hazırladığınız hamuru streç filmle kaplayarak, yaklaşık 20 dakika buzdo"", ""Limon sıkacağını ters çevirerek iç kısmını hafifçe yağlayın ve streç filmle kaplayın."", ""Streç filmle kapladığınız limonluğun içine, ceviz büyüklüğünde koparılmış hamur parçalarını yerleştirin. İşaret parmağınızı kullanarak hamurun içini oyarak, iç malzemesini eklemeye hazır hale getirin."", ""Oyduğunuz hamurun içine hazırladığınız iç malzemesini ekleyin. Kenarlarda kalan hamurla üzerini özenle kapatın."", ""Hazırladığınız enfes atom kurabiyeleri, pişirme kağıdı serilmiş tepsiye düz kısımları alta gelecek şekilde yerleştirin."", ""Önceden ısıtılmış 180 derece fırında kontrollü olarak 15 dakika pişirin ve soğuduktan sonra üzerlerine pudra şekeri serperek atom kurabiyeleri afiyetle tüketin.""]"
9627a435-3669-420a-8282-a4452db86dd9,Tatlı Krizi Kavanozu,Turkey,"Pratik ve lezzetli tatlı krizi çözümünüz; muz, Etimek ve çikolatalı kurabiyeyle hazırlanır",Tatlı,"[""1 adet büyük boy muz"", ""Etimek Tatlısı Tarifi"", ""Damla Çikolatalı Kurabiye"", ""Tatlı Tarifleri Spoonful Mozaik Pasta Çikolatalı Sufle İrmik Helvası Fırın Sütlaç Profiterol Revani Magnolia"", ""Kahvaltılık Tarifler Pancake Krep Pişi Kuymak Kaygana Kahvaltılık Sos Menemen Muhlama Yumurtalı Ekmek Omlet"", ""Omlet""]","[""Bir kasede muzu çatalla püre haline getirin. Sonra tahini ve balı ekleyip tekrar karıştırın."", ""Sonra fındık ve çikolata parçalarını ekleyerek tekrar karıştırın."", ""Karışımı küçük bir cam kavanozun içerisine koyun ve dilediğiniz zaman tüketin. Afiyetler olsun!""]"
fa5af8eb-9da5-49c8-8367-f1bddd1f95da,Kurabiye Adam,Turkey,"Klasik ve lezzetli Kurabiye Adam tarifi, hem çocukların hem de büyüklerin bayılacağı bir atıştırmalık",Ye,"[""155 gram oda sıcaklığında tereyağı"", ""1 adet yumurta"", ""1/2 çay bardağı pekmez"", ""3/4 su bardağı toz şeker"", ""1 çay kaşığı toz zencefil"", ""1 çay kaşığı toz tarçın"", ""1 çay kaşığı vanilya"", ""1 paket kabartma tozu"", ""3,5 su bardağı un""]","[""Tereyağı ve toz şekeri bir çırpma kabına alın ve kremamsı bir kıvam alana kadar çırpın. Bu adım, malzemelerin homojen bir şekilde birleşmesini sağlar."", ""İçerisine yumurtayı ekleyerek çırpmaya devam edin. Yumurta, karışımı daha da yumuşatır ve birleştirir."", ""Ardından azar azar pekmezi ilave ederek tüm malzemeler bütünleşinceye kadar çırpın. Pekmez, hamura özel bir lezzet katar."", ""Un, tarçın, zencefil, kabartma tozu ve vanilyayı bir elek yardımıyla ekleyin. Bu malzemeleri eklerken karışımın pürüzsüz olmasını sağlayın."", ""Yoğurmaya başlayın ve ele yapışmayan orta sertlikte bir hamur elde edin. Hamurun üzerini streç film ile kapatıp buzdolabında en az yarım saat bekletin. Bu süre, hamurun dinlenip kıvamını bulmasına yar"", ""Hamurunuz dinlendikten sonra iki yağlı kağıt arasına alıp, 2 cm kalınlığında açın."", ""Adam şeklinde ve istediğiniz farklı kalıplarla şekiller verin."", ""Hamurları yağlı kağıt serili bir fırın tepsisine dizin. 180 dereceye ayarlı, ısıtılmış fırının orta rafında 8-10 dakika pişirin."", ""Kurabiye adam hazır! Oda sıcaklığında soğumuş kurabiyelere dilediğiniz gıda boyası, bonibon veya krema ile şekil verin. Kurabiyeleriniz hazır, afiyet olsun!""]"
58ff9e43-16b8-4a9f-9a3d-5ec7c28abfd9,Hatay'dan Biberli Ekmek,Turkey,"Hatay'ın lezzetli ve pratik atıştırmalığı, biberli ekmek",Ye,"[""2 su bardağı ılık süt"", ""1 su bardağı sıvı yağ"", ""2 adet yumurta"", ""3 yemek kaşığı toz şeker"", ""1 paket toz maya"", ""1 tatlı kaşığı tuz"", ""4 - 4,5 su bardağı un""]","[""Zeytinyağını tavaya alın ve soğanı da ilave ederek kavurmaya başlayın. Salça ve domatesi de ilave edin, karıştırarak pişirin."", ""Nar ekşisi ve baharatları ilave edin. Çökeleği de ilave ederek güzelce karıştırın. Susam ve cevizini de ekleyin."", ""Harcınızı dinlenmesi için kenara alın.""]"
4f647fe4-5284-49ce-8cbe-cda501077820,Çikolatalı Top,Turkey,"Pratik ve lezzetli atıştırmalık, çikolatalı toplar",Tatlı,"[""1 su bardağı Hindistan cevizi"", ""3 yemek kaşığı toz badem"", ""4 yemek kaşığı labne"", ""3 yemek kaşığı bal""]","[""Bir kabın içerisine Hindistan cevizi, toz badem, bal ve labneyi aktarın. Güzelce karıştırın."", ""Yoğurmaya başlayın. Tüm malzemeler birbiriyle bütünleşince, elinizle sıkıp bıraktığınızda toparlanan bir hale geldiğinde olmuş demektir."", ""Hazırladığınız Hindistan cevizli harçtan ceviz büyüklüğünde toplar elde edin ve yuvarlayın. Bir tabağın içerisine dizin ve üzeri kapalı bir biçimde buzlukta 15-20 dakika kadar bekletin."", ""Çikolatayı benmari usulü eritin. Donan Hindistan cevizli toplarınızı çikolataya batırın. Çatal yardımıyla çevirerek her yerinin çikolaya bulanmasını sağlayın."", ""Hemen ardından bir tabağın üzerine ya da mümkünse ızgara telin üzerine alın. Ardından buzluğa alın ve çikolata üzerinde donuncaya kadar bekletin. Çıkarıp afiyetle tüketin.""]"
cd6085cc-87ae-461f-befe-7a30a1633502,Atom Meze,Turkey,"Yoğurt ve arnavut biberinin harmanlandığı, pratik ve lezzetli bir meze",Meze,"[""2,5 su bardağı süzme yoğurt"", ""1 çay kaşığı tuz"", ""6 adet kurutulmuş arnavut biberi"", ""2 yemek kaşığı tereyağı"", ""2 yemek kaşığı sıvı yağ"", ""1/4 çay kaşığı toz kırmızı biber""]","[""Atom meze için bir kasede ezilmiş sarımsak, tuz ve süzme yoğurdu bir araya getirin. Malzemeleri güzelce karıştırarak homojen bir yoğurt karışımı elde edin."", ""Ayrı bir tavada sıvı yağ ve tereyağını eritin. Kurutulmuş Arnavut biberlerini doğrayın."", ""Ardından doğranmış biberleri erittiğiniz sıvı yağ ve tereyağının içerisine aktarın. Üzerine kırmızı toz biberi de ekleyin ve karışımı güzelce karıştırın."", ""Yağ karışımının içine eklediğiniz biberleri ve kırmızı toz biberi karıştırdıktan sonra, yaklaşık 3-4 dakika kadar yağın kızmasını bekleyin."", ""Sarımsaklı yoğurda servis tabağında kaşık yardımıyla şekil verin. Üzerine hazırladığınız biberli yağ karışımını dökün. Atom meze hazır! Sevdiklerinizle birlikte keyifle tüketmeniz dileğiyle. Afiyet ol""]"
604f6d44-2575-4e15-b95a-facf5d2c6073,Fesleğenli Közde İstiridye Mantarı,Turkey,"Közlenmiş istiridye mantarlarının ferah fesleğen aromasıyla buluştuğu, pratik ve lezzetli bir tarif",Ana Yemek,"[""2 yemek kaşığı zeytinyağı"", ""1/2 çay kaşığı sarımsak tozu"", ""1/2 çay kaşığı soğan tozu"", ""400 gram kestane mantarı"", ""400 gram istiridye mantarı"", ""10 adet çeri domates (doğranmış)"", ""3 yemek kaşığı parmesan""]","[""Bir kasede zeytinyağı, sarımsak ve soğan tozunu karıştırın."", ""Kestane mantarlarının sap kısımlarını çıkarın ve tüm mantarları yağlayın."", ""Közmatikte 5-6 dakika közleyin."", ""Mantarları bir güveç kabına alın."", ""Üzerlerine çeri domates, taze fesleğen yaprakları, parmesan peyniri ve zeytinyağı gezdirip 190 derece fırında 10-15 dakika pişirin."", ""Sıcak olarak servis edin. Afiyet olsun!""]"
d3c7caf1-a24f-49c2-9bce-01a22c431e65,Mevsim Meyveli Tartolet,Turkey,"Taze mevsim meyveleriyle dolu, hafif ve lezzetli bir tartolet",Et Yemekleri,"[""125 gram tereyağı"", ""75 gram pudra şekeri"", ""1 adet yumurta sarısı"", ""1 yemek kaşığı süt"", ""225 gram un""]","[""Tart hamurunu yapmaya başlarken önce tereyağını ve pudra şekerini mikserde iyice çırpın."", ""Daha sonra üzerine yumurta sarısını sütü ekleyin ve tekrar rondoda karıştırın."", ""Mikserde hamur kıvamını alınca bir streç filme sarın ve buzlukta en az 30 dakika hamurunuz sertleşinceye kadar bekletin."", ""Kremasını yapmak için sütü, şekeri, unu, nişastayı, yumurta sarısını tencereye alıp ocakta fokurdayana kadar pişirin."", ""Fokurdadıktan sonra altını kapatıp vanilyayı de ekleyin ve karıştırıp soğuması için bekleyin."", ""Soğuduktan sonra en son üzerine labneyi ekleyebilirsiniz."", ""Tart hamurunu buzluktan çıkardıktan sonra, açarken kırılmaması için iki yağlı kağıt arasına koyup oklava yardımıyla 1-2 cm kalınlığında açın."", ""Tart kalıbınız varsa onunla, yoksa bir bardağın ağız kısmını kullanarak yuvarlak küçük şekiller elde edin ve bunları muffin kalıplarına yerleştirin."", ""Tart hamurunuzu 180 derecede önceden ıstılmış fırında 13-15 dakika pişirin."", ""Fırından çıktıktan sonra hamurunuz çok kırılgan olacağı için soğuması için bekleyin ve soğuduktan sonra üzerinin kremasını dökün ve en üstünü istediğiniz meyvelerle süsleyin. Afiyet olsun.""]"
af623a80-58ae-436c-a944-01ee38f0b4d6,Pazılı Buğday Çorbası,Turkey,"Sağlıklı ve doyurucu bir başlangıç için, bol yeşillik ve buğdayın harmanlandığı lezzetli bir çorba",Çorba,"[""4 yemek kaşığı sıvı yağ"", ""1 adet soğan"", ""6 su bardağı su"", ""3 su bardağı haşlanmış buğday"", ""2 su bardağı yoğurt"", ""1 su bardağı sıcak su"", ""2 tatlı kaşığı kuru nane"", ""1 çay kaşığı pul biber"", ""1 çay kaşığı tuz""]","[""Sıvı yağda doğranmış soğanı hafif soteleyip üzerine yıkanıp ince doğranmış pazıları ekleyelim ve kavuralım."", ""6 su bardağı suyu katıp pazılar pişene kadar kaynatalım."", ""Pişince haşlanmış buğdayı da katalım."", ""Birlikte biraz daha pişerken; yoğurt, sıcak su, kuru nane, pul biberi çırpalım."", ""Kaynamakta olan pazılı buğdayın içine ilave edip karıştıralım."", ""Bir taşım kaynattıktan sonra dinlendirip servis edebilirsiniz. Afiyet olsun.""]"
2acca83c-c11d-4585-a67c-08c46367ce34,Paris Mash,Turkey,Klasik Fransız usulü pürüzsüz ve lezzetli patates püresi,Ye,"[""3 adet patates"", ""1,5 litre su (haşlamak için)"", ""3 yemek kaşığı tereyağı"", ""2 çay kaşığı tuz"", ""1/2 çay kaşığı karabiber"", ""1/4 çay bardağı süt (isteğe bağlı)""]","[""Suyu bir tencereye ekleyin ve kaynatın. Üzerine önceden temizlediğiniz patatesleri ekleyin. Haşlayana kadar kaynatın. Bir çatal yardımıyla kontrol edebilirsiniz."", ""Patatesleri güzelce soyun. Eğer kabukları soyup haşladıysanız bu adımı geçebilirsiniz."", ""Patatesleri mutfak robotuna alın ve üzerine tereyağını, tuuz, karabiberi ve isteğinize göre sütü ekleyin."", ""Bu şekilde kremamsı bir kıvam alana dek çalıştırın."", ""Paris mash hazır. Et ve tavuk yemeklerinizin yanında servis edebilirsiniz. Afiyet olsun!""]"
fd8d3cc2-d696-4b18-9404-13837fed0933,Beyaz Çikolata Kaplı Elmalı Toplar,Turkey,"Elmalı, cevizli ve Hindistan cevizli lezzetli toplar, beyaz çikolata ile kaplanarak harika bir tatlı haline gelir",Tatlı,"[""2 adet elma"", ""3 yemek kaşığı Hindistan cevizi"", ""1 çay bardağı ceviz içi (ince çekilmiş)"", ""1 çay kaşığı tarçın"", ""1 paket beyaz çikolata""]","[""Elmaları rendeliyoruz ve suyunu çok hafif sıkıyoruz."", ""Tüm malzemeleri karıştırıyoruz ve elimizle top şeklini veriyoruz."", ""Topları 20-25 dakika dolapta bekletiyoruz."", ""Topları benmari usulü erittiğimiz beyaz çikolataya buluyoruz, buzlukta 30-35 dakika bekletiyoruz. Hazır, afiyet olsun!""]"
70365233-ecc7-464e-a24e-8cb7271186ac,Muhallebili Bal Kabağı Tatlısı,Turkey,"Muhallebili bal kabağı tatlısı, yumuşacık bal kabakları ve kremsi muhallebi ile harmanlanmış, damakta tatlı bir iz bırakan lezzetli bir tatlıdır",Ye,"[""1 litre su"", ""1 su bardağı şeker"", ""1/2 çay bardağı un"", ""3 yemek kaşığı nişasta"", ""1 paket vanilin""]","[""Muhallebisi için margarin ve vanilin hariç bütün malzemeler koyu bir kıvam alana kadar orta ateşte sürekli karıştırılarak pişirilir."", ""Ocaktan alınır ve içine vanilin ile margarin eklenip karıştırılır."", ""Tart kalıbı hafif ıslatılır. Muhallebi kalıba aktarılır ve buzdolabına 2 saat soğumaya bırakılır."", ""Kabaklar soyulur ve doğranır. Doğranan kabaklar yaklaşık 1 su bardağı şeker ile pişmeye bırakılır."", ""Kabaklar iyice yumuşayıp püre kıvamını almalıdır. Püre kıvamına gelen kabaklar ocaktan alınır ve ılımaya bırakılır."", ""Tart kalıba geniş bir sunum tabağına dikkatli bir şekilde ters çevrilir. Muhallebinin üzerine püre haline gelen kabak yayılır. Hindistan cevizi veya tahin ile sunulur. Afiyet olsun.""]"
900114ff-91aa-44a4-9f59-7b42892c6a8c,Tavuk Göğsü,Turkey,Lezzetli ve pratik tavuk göğsü tarifi,Ye,"[""1 litre süt"", ""1 su bardağı un"", ""1 su bardağı (1 parmak fazla) toz şeker"", ""125 gram margarin"", ""1 paket vanilya""]","[""Öncelikle uygun bir tencereyi ocağa alın. Margarini ekleyip erimesini sağlayın."", ""Eriyen margarine 1 su bardağı un ilave edin. Kokusu çıkan kadar kavurun."", ""1 litre sütü kavrulan una yavaş yavaş çırparak ekleyin."", ""Muhallebi kaynayana kadar karıştırmaya özen gösterin."", ""Kaynayan muhallebinin içerisine toz şeker ve vanilyayı ekleyip karıştırın."", ""Kıvam alan muhallebinin altını kapatıp mikser yardımıyla 4-5 dakika kadar çırpın."", ""Islattığınız borcama veya herhangi bir kaba boşaltın."", ""Oda ısısında soğuttuktan sonra buzdolabında en az 2 saat bekletin. Afiyet olsun.""]"
a073fc65-0728-4df9-baf9-ee0d39ef5920,Kolay Islak Kurabiye,Turkey,"Mis gibi kokan, ağızda dağılan kolay ve pratik ıslak kurabiye tarifi",Ye,"[""125 gram tereyağı (oda sıcaklığında)"", ""1 çay bardağı sıvı yağ"", ""1 adet yumurta"", ""1 çay bardağı pudra şekeri"", ""1 paket kabartma tozu"", ""1 paket vanilya"", ""3 su bardağı un"", ""1 su bardağı şeker"", ""1 su bardağı su"", ""3 damlalimon suyu""]","[""Şeker ve suyu kaynatın. Kaynadıktan sonra limon suyunu ekleyin ve biraz fokurdattıktan sonra ocaktan alın. Soğumaya bırakın."", ""Un hariç tüm malzemelerimizi geniş bir kap içerisine alıyoruz."", ""Karışım elde ettikten sonra azar azar unu, ölçülü bir şekilde ekliyoruz ve güzelce yoğuruyoruz."", ""Yuvarlak şekiller vererek yağlı kağıt serili tepsimize diziyoruz."", ""Önceden ısıtılmış 170 derecelik fırında 10-15 dk kadar pişirmek yeterli olacaktır."", ""Pişen kurabiyelere şerbeti gezdirin ve biraz dinlendirmeye bırakın. Afiyet olsun.""]"
f2bfa88e-7dc9-4fe5-809b-32797e5422df,Kolay Kakaolu Kek,Turkey,"Mis gibi kokan, pratik ve lezzetli bir kakaolu kek tarifi",Tatlı,"[""3 adet yumurta"", ""1 su bardağı toz şeker"", ""1,5 su bardağı süt"", ""1,5 çay bardağı soda"", ""1 su bardağı sıvı yağ"", ""2 paket vanilya"", ""1 paket kabartma tozu"", ""3 yemek kaşığı kakao"", ""4 - 4,5 su bardağı un""]","[""Yumurtaları bir kabın içerisine kırın ve toz şekerle beraber güzelce çırpın."", ""Üzerine süt, soda, sıvı yağ ve vanilyayı ekleyip çırpmaya devam edin."", ""1,5 su bardağı un, kabartma tozu ve kakaoyu eleyerek bir kabın içerisine aktarın. Güzelce çırpın. Bu aşamadan sonra geriye kalan unu kontrollü bir şekilde azar azar ilave edin."", ""Orta koyulukta akışkan bir kıvam elde edince un ilave etmeyi bırakın. İçerisine cevizleri ekleyip son bir kez daha spatula yardımıyla karıştırdıktan sonra yağlanmış unlanmış kek kalıbına kek harcınızı"", ""180 derecede önceden ısıtılmış fırında 35-40 dakika kadar pişirin. Kocaman kabarıp içi de pişince fırından alın ve oda sıcaklığında dinlendirdikten sonra servis edin. Afiyetler olsun!""]"
f7bf9133-8deb-40d1-9df9-85b35c309774,Mantar Çorbası,Turkey,"Kremamsı ve lezzetli mantar çorbası, soğuk günlerin vazgeçilmezi",Ye,"[""1 paket kültür mantarı"", ""3 yemek kaşığı un"", ""2,5 su bardağı süt"", ""3,5 su bardağı su"", ""2 yemek kaşığı zeytinyağı"", ""1 adet bulyon (et suyu)"", ""1 tatlı kaşığı tuz"", ""1 çay kaşığı karabiber"", ""1/2 adet limon suyu"", ""2 yemek kaşığı sirke""]","[""Mantarların kabuğunu elinizle soyun. Soyduğunuz mantarlarınızı sudan geçirin, suyunu süzün. (Çok tutmayın suda)"", ""Derin bir tencereye mantarları alın, içine yarım limon suyu ve 2 kaşık sirke ve mantarları geçecek kadar da sıcak su ekleyip mantarlar yumuşayana kadar haşlayın."", ""Mantarlar haşlandıktan sonra mantarları bir süzgece alıp soğumaya bırakın."", ""Mantarlarınız soğuduktan sonra mantarları küp küp doğrayın."", ""Bir tavaya 2 yemek kaşığı zeytinyağı ve mantarları ekleyerek mantarlarınızı bir güzel kavurun."", ""Çorbayı hazırlayacağınız tencereye de 2 yemek kaşığı zeytinyağı, 3 yemek kaşığı unu ekleyin ve kavurun."", ""Kavrulmuş ununuza sütü ekleyin ve kaynatın. Süt kaynayınca üzerine 3,5 su bardağı suyu ekleyin."", ""Tencereye eklediğiniz su da kaynayıncaya kadar karıştırın ve fokurdadığında kavrulmuş mantarları bu karışıma (yağı ile beraber tavayı sıyırın) ekleyin."", ""Ardından çorbanın tuzunu, baharatını ekleyip bir adet et suyu bulyonu da ilave edin, bulyon eriyene kadar çorbanızı karıştırın kısık ateşte."", ""Çorbanızın üzeri göz göz olup kaynayınca ocaktan alın. Afiyet olsun."", ""Üzerine dilerseniz azıcık zeytinyağında kızdırdığınız tatlı kırmızı biber sosu dökerek servis edebilirsiniz. Afiyet olsun.""]"
c71848b0-7039-4fc1-a54c-ce2e0e07a91b,Çikolatalı Güllaç,Turkey,"Ramazan ayının vazgeçilmez tatlısı, çikolata ile buluşarak ferak bir lezzete dönüştü",Ye,"[""8 adet güllaç yaprağı"", ""1 litre süt"", ""1 su bardağı şeker"", ""3 yemek kaşığı kakao"", ""1 paket vanilya"", ""80 gram çikolata""]","[""Tencereye sütü, şekeri, kakaoyu, vanilyayı ve çikolatayı alın. Süt ısınıp çikolatalar eriyene kadar ocakta karıştırın. Ardından ocağı kapatın ve ilk sıcağının çıkmasını bekleyin."", ""Kullanacağımız borcam veya tepside ilk 4 adet güllaç yaprağını çikolata sos ile ıslatın. Arasına fındığı ve damla çikolatayı serpin."", ""Tekrar kalan 4 adet güllaç yaprağını teker teker ıslatın, kalan sosu komple üzerine dökün ve buzdolabında bir saat dinlendirin."", ""Son olarak istediğiniz gibi süsleyip servis edin. Afiyet olsun.""]"
e99ca6bd-5985-4066-8de2-820393121bad,Siyez Unlu Ekmek,Turkey,"Sağlıklı ve besleyici siyez unundan hazırlanan, lezzetli ve doğal bir ekmek tarifi",Ye,"[""5 su bardağı siyez unu (elemeyi unutmayın)"", ""2,5 su bardağı ılık su"", ""1 paket instant maya"", ""1 çay kaşığı şeker"", ""1 tatlı kaşığı tuz"", ""1 çay bardağı keten tohumu""]","[""Mayamızı ve şekerimizi kabın içine alıp üzerine ılık suyumuzu ekliyoruz."", ""Daha sonra mayayı içinde öldürecek kadar güzelce çırpıyoruz."", ""Ardından hazırladığımız suyun içine tuzu ve keten tohumunu döküp biraz daha karıştırıyoruz ve sonra yavaş yavaş elediğimiz unu ekliyoruz."", ""Hamuru koyacağımız kalıbımızı yağlıyoruz."", ""Yoğurduğumuz hamurumuzun üstünü kapatarak oda sıcaklığında mayalanmaya bırakıyoruz."", ""3 saate yakın mayalamamız gerekiyor. Bu süre zarfında yarım saat arayla hamurumuzun üzerine su serpip yoğurup tekrar üstünü kapatıyoruz."", ""Daha sonra süremiz dolduğunda tezgaha biraz unumuzdan serpip hamuru tekrar unun üstünde yoğurarak koyacağımız kalıba alıp üzerini dilediğimizce süslüyoruz."", ""Daha sonra süremiz dolduğunda tezgaha biraz unumuzdan serpip hamuru tekrar unun üstünde yoğurarak koyacağımız kalıba alıp üzerini dilediğimizce süslüyoruz. (Ben keten tohumu kullandım.)"", ""Streçle kapatıp 1 saat daha mayalanmaya bırakıyoruz."", ""Daha sonra 230 derece ısıttığımız fırına -fırının nemli olmasını sağlamak için fırına dayanıklı bir kase içine su koyup ekmeğimizi fırına atıyoruz. Afiyet olsun.""]"
933413ee-1572-483b-8f26-2d447afb69eb,Tatlı Tuzlu Kurabiye,Turkey,"Tatlı ve tuzlu lezzetleri bir araya getiren bu pratik kurabiye, çay saatlerinin vazgeçilmezi olacak",Tatlı,"[""1 paket margarin"", ""1 su bardağı sıvı yağ"", ""1/2 çay bardağı çörek otu"", ""1/2 çay bardağı şeker"", ""1 tatlı kaşığı tuz"", ""1 paket kabartma tozu"", ""2 adet yumurta (beyazlar hamuruna, sarılar üzerine)"", ""4 su bardağı un (Aldığı kadar)""]","[""Un ve yumurta sarısı hariç tüm malzemeler yoğurma kabına koyulur."", ""Azar azar un ilave edilerek kulak memesi kıvamı elde edilir."", ""Merdane ile açarak şekilli kalıplardan kalıp çıkarılır."", ""Üzerine yumurta sarısı sürülür, yağlı kağıt üzerine dizilir. 170 derecede sıcak fırında kızarana kadar pişirilir.""]"
8f2ab956-c08a-4d2f-9bad-e336c47772a9,Pekmezli Cupcake,Turkey,"Pekmezin tatlı lezzetiyle harmanlanmış, yumuşacık ve nefis cupcake'ler",Ana Yemek,"[""3 adet yumurta"", ""1 çay bardağı pekmez"", ""1 çay bardağı süt"", ""7 adet hurma"", ""1 çay bardağı (1 parmak eksik) zeytinyağı"", ""3 çay bardağı tam buğday unu"", ""1 paket kabartma tozu"", ""5 yemek kaşığı yulaf unu"", ""1 paket vanilya"", ""2 yemek kaşığı kakao""]","[""Hurmaları 10 dakika sıcak suda beklettikten sonra sütle beraber rondodan geçirin."", ""Yumurta, hurmalı süt, zeytinyağı, pekmezi çırpın."", ""Tam buğday unu, yulaf unu, kakao, abartma tozu ve vanilyayı da ekleyip karıştırın."", ""Kuru üzümleri de ekleyerek cupcake kalıbına aktarın."", ""Kalıplara koyduğunuz karışımın üzerine dilerseniz fındık, ceviz ve bitter çikolata karışımından ekleyebilirsiniz."", ""200 derecede 18-20 dakika kadar pişirin. Afiyet olsun.""]"
fb549a36-d291-4ba9-8021-548cd627124e,Mozarellayla Künefe,Turkey,"Tereyağında kızartılan kadayıf ve mozzarella peyniriyle hazırlanan, sıcak servis edilen lezzetli bir tatlı",Ye,"[""1 paket mozzarella peyniri"", ""250 gram taze kadayıf"", ""1/4 yemek kaşığı tereyağı""]","[""İlk olarak şerbetini hazırlayalım. Su ve şekeri kaynatıp. Kaynadıktan sonra birkaç damla limon ekleyip soğumaya bırakalım."", ""Künefe kaselerini yağlayıp, parça parça kadayıfları yerleştirelim. Üzerine fıstık atalım."", ""Üzerine dilim dilim kestiğimiz peynirleri yerleştirelim."", ""Tekrar üzerine kadayıf yerleştirip iyice bastıralım."", ""Tekrar birkaç damla tereyağı gezdirelim ve önceden ısıtılmış 200 derece fırında kızartalım."", ""Fırından çıkan künefe üzerine soğumuş şerbet dökelim ve afiyet olsun.""]"
7924fd08-5887-4bd9-ba5d-0f9882bade81,Pastacı Kreması,Turkey,"Pastaların ve tatlıların vazgeçilmezi, kremsi ve lezzetli pastacı kreması tarifi",Ye,"[""2,5 su bardağı süt (500 ml)"", ""1/2 su bardağı (bir parmak eksik) şeker"", ""4 adet yumurta sarısı"", ""3 yemek kaşığı mısır nişastası"", ""2 yemek kaşığı tereyağı"", ""1 paket şekerli vanilin"", ""1/4 paket krema""]","[""Sütü bir tencereye alın ve ısıtın. Ama kaynatmayacaksınız."", ""Yumurta sarıları, şeker ve nişastayı bir kaba alın ve karışana kadar 2-3 dakika çırpın."", ""Karışınca içine ısınan sütten 1 bardak ekleyin. Sütü yavaş yavaş eklerken karıştırmalısınız."", ""Sonra bu karışımı ısınmış süte ekleyin ve orta ateşte kıvam alana kadar pişirin."", ""Ocaktan aldığınız muhallebiye tereyağı ve vanilin ekleyip karıştırın."", ""Ara ara karıştırarak ilk sıcağının geçmesini bekleyin. Sonra üzerini yapışacak şekilde streçle örtün ve buzdolabına kaldırın."", ""Soğuyan muhallebiyi mikserle 2 dakika çırpın. Başka bir kapta ise kremayı kabarana kadar çırpın."", ""En son ikisini bir kaba alın ve spatula yardımıyla nazikçe karıştırın. Buzdolabında biraz daha soğutup afiyetle yiyebilirsiniz.""]"
33a97a6e-bc33-4937-895a-c3e5e0aec070,Belen Tava,Turkey,"Kuzu kuşbaşı etinin, domates ve soğanla birlikte harmanlandığı lezzetli ve pratik bir yemek",Ana Yemek,"[""500 gram kuzu kuşbaşı"", ""4 adet domates"", ""2 adet orta boy kuru soğan"", ""10-12 adet sivri biber (1 tanesini acı kullandım)"", ""1 adet kapya biber"", ""1 tatlı kaşığı biber salçası"", ""2 yemek kaşığı tereyağı (kuyruk yağı varsa az da kuyruk yağı ekleyelim)"", ""1 tatlı kaşığı tuz"", ""1 çay kaşığı karabiber"", ""1 çay kaşığı kırmızı toz biber"", ""1 çay kaşığı kekik""]","[""Kuzu etini kuşbaşı doğrayıp sadece 10 dakika haşlayalım."", ""Dibinde kalan suyu ile birlikte fırın tepsisine boşaltalım."", ""Tüm sebzeleri yıkayıp kurutalım ve küp şeklinde doğrayalım. Baharatları ve biber salçasını ekleyelim."", ""Harmanlayıp üzerine parça parça tereyağı koyalım."", ""Islatılmış yağlı kağıt kapatıp 200 derece fırında 1 saat 15 dakika pişirelim."", ""3-4 dakika da kağıdı alıp üzeri kızarması için bekleyelim. Fırından çıkarıp sıcak servis edelim. Afiyet olsun.""]"
6f754594-4b41-4937-8583-e827667e9ff3,Sağlıklı Pişi,Turkey,"Sağlıklı tam buğday unuyla hazırlanan, hafif ve lezzetli pişi tarifi",Ana Yemek,"[""1,5 su bardağı tam buğday unu"", ""1/2 paket instant maya"", ""1 çay kaşığı şeker"", ""1 su bardağı su (Kulak memesi kıvamına gelecek kadar)""]","[""Tam buğday ununu bir kaba alıp ortasını açıp mayayı ve şekeri koyuyoruz, suyu ekliyoruz."", ""Kabarması için üzerini kapatıyoruz. 20 dakika yeterli."", ""Şekil verip isteğe bağlı içine peynir koyup az yağlanmış tavada arkalı önlü kızarana kadar pişiriyoruz. Kızartılmış hamurdan farkı yok. Afiyet olsun.""]"
d09db068-ace5-4b3a-9470-311f3444741e,Hindi Sos (Gravy),Turkey,"Hindi sosu, hindi pişirirken ortaya çıkan lezzetli su ve yağdan hazırlanan, kıvamı ve tadıyla hindi yemeklerini tamamlayan klasik bir sostur",Ana Yemek,"[""3 yemek kaşığı tereyağı"", ""3 yemek kaşığı (tepeleme) un"", ""1 su bardağı hindi pişerken bıraktığı su ve yağ"", ""1,5 bardak su (tercihen tavuk suyu)"", ""1 çay kaşığı tuz"", ""1/2 çay kaşığı karabiber"", ""1 çay kaşığı kekik""]","[""Tereyağını bir sos tenceresinde eritin. Unun üzerine ekleyerek kavurmaya başlayın. Spatulayla karıştırarak kavurmaya devam edin, karışım kahverengileşmeye başlayınca üzerine hindi pişerken bıraktığı s"", ""Hafifçe karıştırıp ısındıktan sonra üzerine suyu ekleyin. Su kaynayıp karışım kıvam almaya başladıktan sonra kısık ateşe alın ve 10 dakika kadar kıvamının yoğunlaşması için pişmeye bırakın."", ""Ocaktan almadan önce tuz oranın kontrol edin ve gerekliyse ekleme yapın. Kalan baharatları ekledikten sonra güzelce karıştırın ve ocaktan alın. Fırında hindiyle birlikte sıcak servis edin.""]"
3abbc4fa-9189-435f-b934-3390f5896d37,Karnabahar Sufle,Turkey,"Karnabaharın lezzetli ve hafif sunumu, bu sufle hem doyurucu hem de şık bir tarif",Sebze Yemekleri,"[""1,5 su bardağı süt"", ""1/2 adet orta boy karnabahar"", ""2 tatlı kaşığı tereyağı"", ""1 tatlı kaşığı un (tepeleme)"", ""1 yemek kaşığı keçi peyniri"", ""3 adet yumurta sarısı"", ""2 yemek kaşığı rendelenmiş kaşar peyniri""]","[""Karnabaharın sadece çiçek kısımlarını saplarından ayırın."", ""Orta boy bir tencereye sütü, sarımsağı ve karnabaharları koyup orta ateşte karnabaharlar yumuşayana kadar yaklaşık 15 dakika pişirin. Pişen karışımı blenderden geçirip pürüzsüz bir hale getirin."", ""Orta boy bir sos tenceresinde tereyağı ve unu kokusu çıkana kadar kavurun. Kavrulan karışıma azar azar karnabahar püresini ekleyip koyulaşana kadar, sürekli karıştırarak pişirin."", ""Pişen karışıma tuz, muskat rendesi, karabiber ekleyip ocaktan alın. Sıcak karışıma son olarak keçi peynirini ve teker teker yumurta sarılarını ekleyip karıştırıp, soğuması için bir kaseye dökün."", ""Yumurta beyazlarını ayrı bir kasede mikserle sertleşene kadar köpürtün."", ""Ilınan karnabaharlı karışıma yumurta beyazlarını azar azar ekleyip spatula ile karıştırın."", ""Sufle kaplarını tereyağı ile yağlayın."", ""Hazırladığınız sufle karışımını kaselere paylaştırın,hafifçe tezgaha vurun, üstlerine ince rendelenmiş kaşar peynirini de koyup 200 derecelik sıcak, fanlı fırında 15-16 dakika pişirin."", ""Sufleleri fırından çıkar çıkmaz sıcak olarak servis edin. Afiyet olsun.""]"
fded0bfd-76d4-4878-9603-566f0b5d5832,Kuru Dutlu Glutensiz Kurabiye,Turkey,Sağlıklı ve lezzetli glutensiz kurabiye tarifi. Kuru dut ve muzun harika uyumuyla tatlı krizlerinize çözüm,Tatlı,"[""1 adet olgun muz"", ""1 su bardağı badem unu"", ""1 tatlı kaşığı tarçın"", ""2 yemek kaşığı kakao"", ""1 çay kaşığı kabartma tozu""]","[""Muzu çatalla ezelim. Kuru dut ve kuruyemişleri robotta iyice parçalayalım. Kakao, tarçın ve kabartma tozunu ekleyip şekil verelim."", ""Kuru dut ve kuruyemişleri robotta iyice parçalayalım."", ""Kakao ve tarçınıda ekleyip tüm malzemeleri elimizle yoğuralım."", ""Kabartma tozunu da koyalım ve yağlı kağıt serili tepsiye şekil vererek dizelim. 180 derecede önceden ısıtılmış fırında 15 dakika kadar pişirelim. Çıkarıp soğuttuktan sonra servis edelim. Afiyetler ols""]"
ea19b8b9-1d80-4a3a-a98a-18d9056350c1,Kolay San Sebastian Cheesecake,Turkey,İspanyol mutfağından ünlü San Sebastian cheesecake'in basit ve lezzetli tarifi. Karamelize dışı ve kremsi içi ile büyüleyici bir tatlı,Ana Yemek,"[""900 gram krem peynir"", ""300 gram şeker"", ""6 adet yumurta"", ""1 paket vanilin"", ""500 gram krema"", ""40 gram un"", ""20 gram tereyağı""]","[""Krem peynir ve şekeri bir kaba alın ve homjen bir doku elde edene kadar çırpın."", ""Bu karışıma yumurtaları tek tek ekleyin ve çırpmaya devam edin."", ""Yumurtaları ekledikten sonra krema ve unu ekleyin çırpmaya devam edin."", ""En son vanilya ve limon rendesini ekleyin ve karıştırın."", ""Pişirme kalıbının yan duvarlarına ve tabanına tereyağ sürün, sadece yan duvarlarına yağlı kağıt yapıştırın ve bir kez daha yağlayın."", ""Fırını önceden 190 derece ısıtın ve cheesecake'i fırına verin."", ""Pişirme işleminden sonra ilk 12 dakika fırın kapağını kapalı,ikinci 12 dakika fırın kapağı açık bir şekilde bekletin."", ""Cheesecake 6-7 saat dolapta bekledikten sonra servise hazır. Afiyet olsun.""]"
eb58f319-dd20-4ee2-a830-bd273c272a3a,Kahveli Çikolatalı Kek,Turkey,"Kahvenin zengin aromasıyla çikolatanın muhteşem uyumu, bu keki damaklarda unutulmaz bir lezzet bırakıyor",Tatlı,"[""420 gram şeker (2+1/4 su bardağı)"", ""300 gram un (2,5 su bardağı)"", ""250 mililitresüt"", ""120 mililitresıvı yağ"", ""50 gram kakao (1/2 su bardağı)"", ""1 paket kabartma tozu"", ""1 paket vanilin"", ""1/2 çay kaşığı tuz"", ""2 adet yumurta"", ""250 mililitrefiltre kahve""]","[""Kek için tüm kuru malzemeleri karıştırın."", ""Yumurta, süt, sıvı yağ ve kahveyi mikser ile çırpın. Kahve çok sıcak olmasın."", ""Kuru karışımı üzerine ekleyip homojen bir karışım elde edene kadar karıştırın."", ""Kek kalıbını yağlayıp karışımı dökün."", ""Önceden ısıtılmış 180 derecelik fırında yaklaşık 30 dakika pişirin. 30 dakikadan sonra içine çubuk batırıp kontrol edin."", ""Kekin sosu için kakao, şeker, nişasta, vanilin ve sütü sos tenceresine alıp orta ateşte kıvam alıncaya kadar karıştırın."", ""Pişen sosu ocaktan aldıktan sonra üzerine tereyağını ekleyip karıştırın."", ""Kek soğuduktan sonra sosu üzerine ekleyerek servis edebilirsiniz. Afiyet olsun.""]"
82008e46-5876-4390-a00e-1bc66d450095,Karamelli Tatlı,Turkey,"Karamelli lezzetiyle damaklarda iz bırakan, pratik ve lezzetli bir tatlı tarifi",Tatlı,"[""4 adet yumurta"", ""1 su bardağı (1 parmak eksik) toz şeker"", ""1 paket kabartma tozu"", ""1 paket vanilin"", ""1,5 su bardağı un""]","[""Yumurtaları şeker ile köpük köpük olana kadar 3 dakika çırpın."", ""Kabartma tozu, un ve vanilini eleyerek ekleyin."", ""Spatula ile katlayarak karıştırın."", ""Pürüzsüz bir kıvam alana kadar karıştırın."", ""Yağlanmış borcama kek harcını aktarın. Önceden ısıtılmış 180 derece fırında 35 dakika pişirin.""]"
5e5598ec-0f0d-41c7-a171-5289af8d876f,Zerdeçallı Buğdaylı Mercimek Çorbası,Turkey,"Zerdeçalın eşsiz tadıyla harmanlanmış, doyurucu buğdaylı mercimek çorbası",Çorba,"[""1 su bardağı kırmızı mercimek (veya sarı mercimek)"", ""1 adet soğan"", ""1 yemek kaşığı un"", ""1,5 litre sıcak su (birazını et -tavuk suyu kullanabilirsiniz)"", ""1 yemek kaşığı tereyağı"", ""2-3 yemek kaşığı zeytinyağı (sıvı yağ)"", ""1 çay kaşığı tuz"", ""1/2 çay kaşığı zerdeçal""]","[""Önce buğdaylar 3-4 saat öncesinde ıslatılır. Sonra az tuzla haşlamaya bırakılır. Uygun bir tencerede yağlar eritilir."", ""Soğan minik küpler şeklinde doğranır ve sotelenir. Küçülünce bir yemek kaşığı un eklenir."", ""Daha sonra iyice yıkanmış mercimek ilave edilir ve 1-2 kez karıştırılır. Üzerine 1 litre ılık su ilave edilir ve pişmeye bırakılır."", ""Kaynamaya başlayınca köpükleri alınır. Mercimekler iyice pişince yaklaşık 20-25 dk sonra blenderdan geçirilir."", ""2 bardak et suyu veya sıcak su eklenir. Kıvamına göre ayarlayabilirsiniz. Tuz ve baharatlar da eklenir"", ""4-5 dakika daha kaynamaya bırakılır. Ara ara karıştırılır ve kapatılır. Üzeri için yağlar eritilir biraz kızdırılır."", ""Altı kapatılır kırmızı biber ve nane eklenir. Çorbayı servis yapacağınız zaman üzerine gezdirilir. Afiyet olsun.""]"
8a3eba2e-c5bc-4301-80ec-0bfedbedde0b,Susamlı Poğaça,Turkey,"Mis kokulu susamlı poğaçalar, çay saatlerinin vazgeçilmezi",Börek & Hamur İşi,"[""1 su bardağı ılık süt"", ""4,5-5 su bardağı un"", ""1/2 su bardağı yoğurt"", ""1 su bardağı sıvı yağ"", ""1 adet yumurta"", ""1 yemek kaşığı şeker"", ""1 tatlı kaşığı kuru maya"", ""1 tatlı kaşığı tuz""]","[""Ilık sütü bir kaba alın. Maya ve şekeri ekleyip yumuşatın."", ""Diğer sıvı malzemeleri de ekleyin ve karıştırın."", ""Unu ve tuzu ekleyip yumuşak kıvamda bir hamur elde edene kadar yoğurun."", ""Üzerini kapatın ve yarım saat dinlendirin."", ""Mayalanan hamurdan 17 eşit parça çıkarın ve üstlerini bir örtüyle örtüp tekrar dinlendirin."", ""Ardından elinizle bezeleri açın ve içlerine kaşar koyup kapatın."", ""Tepsiye alın, pekmezli su sürün ve susam serpin. Bıçakla kesikler attıktan sonra 10 dakika da tepsi mayasında bekletin."", ""200 derecelik fırında üstleri kızarana kadar pişirin. Afiyet olsun.""]"
4dc004e9-a8aa-4698-9052-8e7d957d9ee9,Cream Puff,Turkey,Hafif ve kremsi iç harcıyla çay saatlerinin vazgeçilmezi lezzetli bir tatlı,Ana Yemek,"[""500 ml süt"", ""1 tatlı kaşığı vanilya özü"", ""4 adet yumurta sarısı"", ""30 gram pudra şekeri"", ""30 gram nişasta"", ""150 ml sıvı krema""]","[""İlk önce kremayı hazırlamak için sütü küçük bir tencereye ekleyin ve kaynayana kadar kısık ateşte ısıtın."", ""Süt ısınırken ayrı bir kapta yumurta sarılarını ve pudra şekerini çırpın ardından nişastayı ekleyin ve karıştırın."", ""Yumurta sarısı, şeker ve nişastanın üzerine ısıtılmış sütü yavaş yavaş çırparak dökün, ardından hepsini tekrar tencereye aktarın."", ""Krema koyulaşmaya başlayana kadar sürekli çırparak kısık ateşte tekrar ocağa koyun. Kaynama noktasına geldikten sonra 1,2 dakika daha pişirin ve ocaktan alın. En son vanilyayı ekleyip karıştırın."", ""Ayrı bir tabağa aktarın ve üzerine yapışacak şekilde plastik folyoyu örtün. Tamamen soğuması için buzdolabına kaldırın yaklaşık 30 dakika - 1 saata arası yeterli olacaktır."", ""Sıvı kremayı sertleşene kadar çırpın soğumuş olan hazırlamış olduğunuz kremayı köpürttüğünüz kremaya azar azar ekleyip çırpın. Hamur pişene kadar buzdolabında bekletin."", ""Üzerindeki kıtır hamur için tereyağını eritin ve soğuması için kenara alın."", ""Küçük bir kapta un ve esmer şekeri karıştırın. Eritilmiş tereyağı üzerine dökün ve karışana kadar karıştırın."", ""Hamuru iki yağlı kağıt arasına alıp merdane ile mümkün olduğunca ince bir şekilde yayın. 15-20 dakika kadar buzlukta bekletin."", ""Choux hamuru için su, tereyağı ve şekeri orta boy bir tencereye orta ateşe koyun."", ""Tereyağı eriyince unu hemen ekleyin. Tahta bir kaşık kullanarak hiç topak kalmayacak şekilde 5 dakika karıştırarak pişirin."", ""Büyük bir kaseye (veya Mikserinizin kasesine) aktarın ve yaklaşık 15 dakika soğumaya bırakın."", ""Yumurtaları ayrı bir kapta çırpın."", ""Karıştırılmış yumurtaları, hamura azar azar ekleyip mikser ile karıştırın. Hamur akışkan ve parlak olmalı, çok sıvı veya çok sert olmamalıdır."", ""Çikolata sos için kremayı ısıttıktan sonra ocaktan alın çikolataları ekleyin. Çikolatalar eriyene kadar karıştırın ve soğumaya bırakın.""]"
e3d90c73-115d-4389-9b52-1ca2235a97f3,Pastane Poğaçası,Turkey,"Mis gibi pastanelerdeki gibi, yumuşacık ve lezzetli poğaçalar",Tatlı,"[""1 paket margarin (250 gram)"", ""1 yemek kaşığı maya"", ""1 çay bardağı süt"", ""1 tatlı kaşığı tuz"", ""1 çay bardağı sıvı yağ"", ""2 adet yumurta (bir sarı üstüne)"", ""5,5 su bardağı un""]","[""Ilık suda maya ve şeker karıştırılır. Margarin, tuz, sıvı yağ, yumurta ve sütü ekleyin."", ""Un azar azar konulur ve yumuşak hamur yapılır."", ""Ceviz büyüklüğünde yuvarlanır ve içine peynir konulur."", ""Yağlanmış tepsiye dizilir. Üzerine yumurta sürülür. 200 derecelik fırında pişirilir, pişme süresince kontrol edilmeli. 30 dakikada pişer.""]"
f3003ac7-e801-4b5e-a920-1f8851282072,Unsuz Kek,Turkey,"Pratik ve lezzetli unsuz kek, bitter çikolatanın yoğun tadıyla harika bir atıştırmalık",Tatlı,"[""3 adet yumurta"", ""1 su bardağı esmer şeker"", ""200 gram bitter çikolata"", ""200 ml krema""]","[""Bitter çikolatayı küçük parçalara bölerek benmari usulü eritin."", ""Eriyen çikolataların üzerine krema ekleyip karıştırın."", ""Pürüzsüz bir kıvam alan çikolata ve krema karışımını ocaktan alıp, ılımaya bırakın."", ""Yumurta ve toz şekeri mikser yardımıyla kar gibi olana kadar çırpın."", ""Soğuyan krema ve çikolata karışımına, kar gibi olan yumurta karışımını azar azar ilave edin ve alttan üste doğru karıştırarak yumurtalı karışımı yedirin."", ""Yağlı kağıt serilmiş ve yağlanmış kelepçeli kalıba karışımı dökün."", ""Önceden ısıtılmış 190 derece fırında kontrollü olarak 25-30 dakika pişirin.""]"
ff6e2bf3-5bbf-479c-8d7a-012957f10092,Baharatlı Kore Salatalık Salatası,Turkey,"Baharatlı ve ferahlatıcı Kore salatalık salatası, sofranıza lezzet katacak",Salata,"[""7-8 adet orta boy salatalık"", ""2 yemek kaşığı beyaz sirke"", ""1 yemek kaşığı soya sosu"", ""2 yemek kaşığı susam"", ""2 yemek kaşığı zeytinyağı"", ""1 yemek kaşığı pul biber"", ""2 yemek kaşığı şeker""]","[""Salatalıkları küp küp kesiyoruz, çok kalın kesmemeye dikkat edin."", ""Daha sonra salatalıkları üzerilerine tuz döküp üstünü bir bezle kapatıp 15 dakika bekleyin."", ""15 dakika sonra iyice yıkayıp kurutuyoruz."", ""Sos için tüm malzemeleri karıştırıp salatalıkları içine atıyoruz. Kapalı bir kapta güzelce sallayıp karıştırıyoruz."", ""15 dakika daha kapaklı kapta bekletiyoruz."", ""15 dakika sonra inanılmaz bir lezzet sizi bekliyor. Afiyet olsun.""]"
55d19ad6-0ace-4c20-b6ad-7955ab0afbb0,Şerbetli Rulo Tatlı,Turkey,Yumuşacık ve şerbetle buluşmuş pratik bir rulo tatlı tarifi,Tatlı,"[""1 adet yumurta"", ""1 su bardağı süt"", ""1 su bardağı sıvı yağ"", ""1 paket kabartma tozu"", ""1 paket vanilya"", ""1 paket kuru maya"", ""1 yemek kaşığı kakao"", ""3-4 su bardağı un (aldığı kadar)"", ""1 adet limon kabuğu rendesi (veya portakal)""]","[""Öncelikle şerbetimizi hazırlayalım."", ""Şekerimizi ve suyumuzu ekleyelim. Kaynamaya başladıktan sonra limonu atıp, 5 dakika kaynatıp soğumaya bırakalım."", ""Un hariç tüm malzemeleri yoğurma kabımıza alıp karıştıralım."", ""Daha sonra unu yavaş yavaş ilave ederek yumuşak bir hamur elde edelim."", ""Hamurumuz yağlı bir hamur oluyor. Ne zaman elinize yapışmayacak kıvama geldi, un eklemeyi bırakın."", ""Hamuru iki eşit parçaya ayırıp bir tanesine kakao ekleyerek yoğuralım."", ""Kakaolu hamuru ikiye, kakaosuz olanı da ikiye ayıralım. Toplamda 4 parça hamur elde edelim."", ""Önce beyaz hamuru merdane yardımı ile açalım. Eğer hamuru açmakta zorlanırsanız, merdaneye yapışırsa un ekleyerek açın. Yırtılacak diye korkmayın elle bastırınca aynı şekli alıyor."", ""Daha sonra kakaolu olan hamuru da açıp üst üste koyarak tekrar merdaneyle üzerinden geçip rulo şeklinde saralım."", ""2 cm aralıklarla kesip tepsiye dizelim. Çok kalın kesmeyin hoş olmaz."", ""Önceden ısıtılmış 170 derece fırında, 25-35 dakika kadar üzeri hafif kızarana dek pişirin. Üzerine şerbeti döküp çektikten sonra servis edebilirsiniz. Afiyet olsun.""]"
59ac1670-650b-41b8-8eff-a68dda74daf1,Lavaş Sushi,Turkey,"Lavaş sushi, pratik ve lezzetli bir atıştırmalık alternatifi sunuyor",Ana Yemek,"[""4 adet lavaş"", ""1 adet kırmızı soğan"", ""1 adet havuç"", ""1 yemek kaşığı mayonez"", ""2 yemek kaşığı labne"", ""1 yemek kaşığı yoğurt"", ""1 çay kaşığı tuz"", ""1 çay kaşığı karabiber"", ""1 çay kaşığı kırmızı toz biber""]","[""Ton balığını bir kaba alın."", ""Yoğurt, labne ve mayonezi ekleyin."", ""Dereotu, maydanozu kıyıp ekleyin."", ""Ufak küpler halinde doğranmış bir havucu ekleyin."", ""Tuz ve baharatları katıp karıştırın."", ""Lavaşa sürüp rulo yapın."", ""Ruloları iki parmak kalınlığında kesip servis edin. Afiyet olsun.""]"
add4f33f-d125-4dbb-b2b6-291029ec72c9,Kahvaltılık Patates Pizzası,Turkey,Lezzetli ve pratik kahvaltılık patates pizzası ile gününüze enerjik başlayın,Kahvaltı,"[""1 kilogram patates"", ""2 adet yumurta"", ""3 yemek kaşığı un"", ""1 çay kaşığı tuz""]","[""Patatesleri rendeleyin. Suyunu sıkıp diğer tüm alt harcı malzemesi ile yoğurup yağlı kağıtlı fırın tepsisine 6 eşit parçaya bölüp tabak şekli verin."", ""200 derece fırında 15-20 dakika üstü kızarana kadar pişirin. Bu arada domates, biber ve sucuğu küp küp doğrayın. Kaşar peynirini rendeleyin."", ""Üstü kızaran patateslerin üstüne biber, domates ve sucukları biraz tuzlayarak üstüne serip fırında bir 10 dakika daha tutun."", ""Biber ve sucuklar kızardığında ortalarına birer yumurta kırın ve kaşar rendesini üstüne serpin. Tekrar fırına verip 5 dakika daha pişirin. Afiyet olsun.""]"
ed23a174-897a-4441-bb14-967b0c091b7a,Şekersiz Brownie Kurabiye,Turkey,Şekersiz bitter çikolata ve Hindistan cevizi yağı ile hazırlanan lezzetli ve sağlıklı brownie kurabiye,Tatlı,"[""225 gram bitter çikolata (+ yarım bardak)"", ""2 yemek kaşığı Hindistan cevizi yağı"", ""2 adet yumurta"", ""1/2 su bardağı Hindistan cevizi şekeri"", ""1/2 paket vanilya"", ""1/2 çay kaşığı kabartma tozu"", ""1/3 su bardağı karabuğday unu""]","[""225 gr bitter çikolatayı Hindistan cevizi yağıyla eritip ılınmaya bırakın."", ""Ayrı bir kapta yumurta ve şekeri el mikseriyle 5-10 dakika, açık kahverengi bir renk ve koyu bir kıvam elde edene kadar çırpın."", ""Karışıma tuz ve vanilyayı ekleyin, kısa bir tur tekrar çırpın."", ""Çikolatalı karışımı da yumurtalı karışıma ekleyip, neredeyse tamamen karışana kadar, çırpma teliyle karıştırın."", ""Un ve kabartma tozunu ekleyip, kısa bir tur daha karıştırın, arada ufak un topaklanmaları kalabilir."", ""Son olarak 1/2 bardak irili ufaklı doğranmış bitter çikolatayı ekleyin, eşit dağılım sağlayana kadar karıştırın."", ""Oldukça sıvı olan karışımı buzdolabına gönderip, katılaşması için 1 saat bekletin."", ""1 saat sonra, bir yemek kaşığıyla harcı porsiyonların, yuvarlayıp, üzerine azıcık bastırarak, fırın tepsisine yerleştirin."", ""Üzerini yine biraz bitter çikolata ve iri tuz taneleriyle ile süsleyin."", ""160C fırında 10-12 dakika pişirin. Afiyet olsun.""]"
b2973cdc-df25-4b3a-8cf4-422b780b598a,Dilim Dolma,Turkey,"Bulgur ve kıyma ile hazırlanan, lezzetli ve doyurucu bir klasik",Ana Yemek,"[""500 gram dana kıyma"", ""1,5 su bardağı köftelik bulgur"", ""1 adet soğan"", ""1 adet yumurta"", ""1 çay kaşığı tuz"", ""1 çay kaşığı pul biber""]","[""Dilim dolmanın köftesi için tüm malzemeleri geniş bir kapta birleştirin ve güzelce yoğurun. Eğer köfte harcınız parçalanıyorsa biraz soğan suyu veya içme suyu ekleyerek yoğurmaya devam edin."", ""Hazırladığınız köfte harcından çiğ köfteden daha küçük parçalar koparın ve elinizle şekil verin."", ""Ayrı bir tencerede sıvı yağ ve tereyağını kızdırın."", ""Üzerine tuzlu suda bekletip acısını aldığınız küp patlıcanları ve yeşil biberleri ekleyin ve kızartın."", ""Ardından domates ve biber salçasını, kabukları soyulup, doğranmış domatesleri ekleyip karıştırarak pişirmeye devam edin."", ""Hazırladığınız köfteleri tencereye ekleyin ve suyunu ilave ettikten sonra köfteler pişip, hafif suyunu çekene kadar pişirin. Sıcak servis ederek sevdiklerinizle afiyetle tüketin.""]"
fc80b775-c20c-4d7e-945d-e8c22fc4bfe0,Chia Tohumlu Peynirli Omlet,Turkey,"Chia tohumlarıyla zenginleştirilmiş, lezzetli ve doyurucu bir peynirli omlet",Et Yemekleri,"[""1 yemek kaşığı chia tohumu"", ""2 yemek kaşığı süt"", ""2 adet yumurta"", ""1 yemek kaşığı tereyağı""]","[""Bir kaseye chia tohumlarını koyun ve içine sütü ekleyip karıştırın. 10 dakika jel kıvamına gelmesini bekleyin."", ""Yumurtayı ekleyip çırpın."", ""Peynirleri rendeleyin ve baharatlarını ekleyip karıştırın."", ""Tereyağı ile yağlanmış tavaya harcı dökün ve yayın."", ""Kahvaltılıklarla servis edin. Afiyet olsun!""]"
ced8f9f3-e75f-4c96-bd72-00ebb75bd52a,Çikolata Parçacıklı Kurabiye,Turkey,"Çikolata parçacıklı, çıtır bir lezzet şöleni",Tatlı,"[""1 adet yumurta"", ""5 yemek kaşığı şeker"", ""1 paket vanilya"", ""1 çay kaşığı (silme) karbonat"", ""65 gram katı yağ"", ""5 tepeleme yemek kaşığı un"", ""1 paket sütlü çikolata"", ""1 paket beyaz çikolata"", ""1 paket bitter çikolata""]","[""Çikolatalar küp küp doğrayın ve bir kenara bırakın."", ""Yumurta bir kapta kırıp çırpıcıyla veya çatal yardımıyla çırpın."", ""Şeker ekleyip yine iyice karıştırın."", ""Vanilya, karbonat ve tuz ekleyip karıştırın."", ""Katı yağ ve un ekleyin. Kaşık veya spatula yardımıyla iyice karıştırın."", ""En son doğradığınız çikolata parçacıklar ekleyin ve harmanlayın. Buzdolabında bir saat veya daha fazla dinlendirin."", ""Hamuru buzdolabından çıkardıktan sonra yumurta kadar büyük toplar yapın, hafifçe ezin ve tepsi üzerine dizin."", ""Önceden ısıtılmış 160 derecelik fırında 10 dakika pişirin. Afiyet olsun.""]"
f7330cd9-afd3-43a8-a53b-784175cbdf84,Ceviz Reçeli,Turkey,"Geleneksel lezzetlerden ceviz reçeli, misafirleriniz için harika bir seçenek olacak",Ana Yemek,"[""2 kilogram ceviz"", ""2 litre su (cevizleri öretecek kadar bol su)"", ""2 su bardağı kireç kaymağı"", ""10 su bardağı toz şeker"", ""9 su bardağı su"", ""8-9 adet karanfil"", ""1 adet çubuk tarçın"", ""1 tatlı kaşığı limon tuzu""]","[""Reçeli yapmazdan evel ceviz seçimi önemli. İklim şartları ve rakıma göre değişiklik gösterebilecek ham cevizlerin reçele uygunluk testi size fikir verebilir. Ben Trakya şartlarında 15 Haziran sonrası"", ""Cevizlerinizi bir kürdan veya çöp şiş yardımıyla bir tarafından delin. Eğer ortasına yahut diğer tarafından çıkacak şekilde sorunsuzca ilerleyebiliyorsa sert kabuk henüz oluşmamış demektir. Bu cevizle"", ""Cevizleri suyunu sık sık değiştirmek için koyacağınız su kabını önceden hazır edin. Ceviz boyasını çok salar ve genellikle de çıkmaz. Bu sebeple gözden çıkaracağınız bir kap kullanın. Ya da 5 lt.lik b"", ""Mutfak eldiveni kullanarak ( hatta iki kat kullanmanızı tavsiye ederim ) cevizleri elma kabuğunu soyar gibi incecik soyup, hemen su dolu kaba koyun. Mümkünse açıkta bırakmadan, hava ile temasını olabi"", ""Cevizleriniz sürekli suya rengini salarak kendi dokusuna da suyu çekecek günden güne reçele uygun hale gelecektir. Bu suyu her 4-5 saatte bir değiştirin. Gece bu süreyi biraz daha uzun tutabilirsiniz."", ""Cevizlerin suyunu değiştirme işini ben 8 tam gün süresince gerçekleştirdim. Bu süre en az 7 gün sürmeli. Bazı tarifler sanki bir kesinlikmiş gibi bu süreyi 21 güne kadar çıkartır. Bu abartıya kaçmadan"", ""Reçeli yapacağınız günün bir önceki gecesi kireç kaymağını hazırlamaya geçin. Bunun için nalburlarda bulabileceğiniz sönmemiş topaç şeklindeki kireçleri tercih edebileceğiniz gibi, kaymak kireç de ter"", ""Bir sopa yahut kaşık yardımıyla bol su içinde ( 4-5 lt yeter ) iyice eritin. Kaymak kireç kullanacaksanız, kremsi akışkan dokudaki bu endüstriyel kireçten 2 yahut 3 su bardağı nispetinde, derince bir"", ""Ertesi sabah ilk iş olarak kireçli suyu kontrol edin. Kireci çökmüş, su şeffaf görüntüsüne kavuşmuş olacak ama üzerinde yüzen incecik bir kaymak tabakası göreceksiniz. Bir bardak yardımıyla bu kaymak"", ""Dokuzuncu gündeyiz. cevizlerin son suyunu süzüp bol su ile durulayın. Cevizleri içinde kireç kaymaklı su olan kaba aktarın. Cevizlerin su üzerine çıkmaması için üzerine bir kapak vs koyabilirsiniz. Bö"", ""Cevizleriniz günlerdir suyla muamele görmekten koyu yeşilden bir parça siyaha dönen renk almıştı. Kireçle muamele sonrası daha siyah bir görünüm alacaklar. Peki kireç bize ne katacak ? Kireç bu siyah"", ""Kireç kaymağından aldığınız cevizleri bol su altında 4-5 defa ova ova yıkayın. Elinize bir kürdan yahut çöp şiş alın. Cevizleri bir kaç yerinden bu kürdan yardımıyla bir uçtan diğer uca delin. Böylece"", ""Cevizleri alacak derinlikte bir tencereye sıcak su koyun. Kürdanla delikler açtığınız cevizleri bu kaynar su içerisinde 15-20 dakikalık süreler boyunca 4 defa suyunu değiştirerek kaynatacağız. Bu ön p"", ""Cevizler için ön pişirme yaptığımız son iki aşamaya gelince (dört pişirme yapıyorduk ya, o pişirmelerin 3.süne geldiğimizde ) reçel şurubunu da hazırlamaya geçiyoruz. Böylece şurubumuz kıvamını erken"", ""Şekeri, suyu derince bir tencereye alın. Karanfil çubuklarını ikiye kırarak (daha iyi rahiyasını verir) reçel şurubuna ekleyin. Bir tane de karanfil çubuğu ilave ederek önce orta-yüksek harlı ateşte,""]"
6fc16895-a43d-4b91-bfdf-368be7d963e5,Tavada Pratik Kahvaltılık,Turkey,"Lezzetli ve pratik bir kahvaltı seçeneği olan tavada kahvaltılık, hızlıca hazırlanabilir",Kahvaltı,"[""2 adet yumurta"", ""125 mililitresüt"", ""1/4 su bardağı sıvı yağ"", ""1/2 çay kaşığı kabartma tozu"", ""1/2 çay kaşığı tuz"", ""3 yemek kaşığı sıvı yağ (tavaya eklemek için)"", ""1 adet küçük boy yeşil biber"", ""1 adet küçük boy kapya biber"", ""5 adet sosis"", ""1-1,5 su bardağı un (kontrollü ekleyin)""]","[""Sosisler verev şekilde kesip kenara alalım. Biberleri de küçük küpler halinde doğrayın."", ""Hamur için derin bir kap içerisine süt, yumurta, yağ, kabartma tozu, tuz ve unu kontrollü ekleyip çırpıcı yardımıyla karıştırın."", ""Pürüzsüz bir hamur elde edin. Hamurun içine biberleri de ekleyip karıştırın."", ""Yağladığınız tavaya sosisleri dizin."", ""Üzerine hamurunuzu dökün."", ""Kısık ateşte kapağı kapalı bir şekilde pişirin."", ""Bir tabak yardımıyla ters çevirin."", ""Üzerine kaşar rendesi ekleyin ve kaşarlar eriyene kadar pişirin."", ""Ocaktan alın ve dilimleyip servis edin. Afiyet olsun.""]"
e6120183-5787-40b4-aa94-7351256529a9,Narlı Ispanak Salatası,Turkey,"Narın tatlılığı ve ıspanağın tazeliğiyle buluşan, lezzetli ve sağlıklı bir salata",Salata,"[""250 gram ıspanak (1 küçük bağ)"", ""80 gram nar (1 çay bardağı)"", ""1/4 adet kırmızı soğan"", ""25 gram çiğ kaju (1 avuç)""]","[""Ispanakları güzelce yıkayıp, sirkeli suda bekletin ve tekrar yıkayıp sebze kurutucu ile iyice kurutun."", ""Bulguru küçük bir kaseye koyun üzerini geçecek kadar su ekleyip ağzını kapatın, şişmeye bırakın."", ""Soğanları ince ince doğrayın, kajuları da irice doğrayın."", ""Ispanakları iri iri doğrayın, kaba ekleyin. Şişen bulguru, soğanı, narı, ve kajuyu ekleyip karıştın, isterseniz üzerini süslenek için nar ve kajudan biraz ayırın."", ""Sos için malzemeleri bir kasede karıştrıp salataya ekleyin, güzelce harmanlayın. Üzerini süsleyip servis edin, afiyet olsun.""]"
b285a44b-69da-4340-a3a2-6af2bd231996,Avakado Soslu Brüksel Lahanası,Turkey,"Avokado sosuyla zenginleştirilmiş, sağlıklı ve lezzetli bir Brüksel lahanası tarifi",Sebze Yemekleri,"[""500 gram Brüksel lahanası"", ""2 adet orta boy havuç"", ""2 yemek kaşığı konserve mısır""]","[""Havuçları yıkayıp soyup ince ince doğrayın, Brüksel lahanasını iyice yıkayın."", ""Havuç dilimleri ve lahanaları ister buharda isterseniz haşlayarak pişirin."", ""Piştikten sonra bir kaba alın ve ılıyana kadar bekleyin."", ""Ilıyan havuç ve lahanalara mısırları serpin."", ""Sosu yapmak için avokadoyu ezin ve diğer sos malzemeleri ile iyice karıştırın."", ""Sosu sebzelerin üzerine gezdirerek dökün. Afiyet olsun!""]"
f5fc2d5f-e391-4400-803e-52e9e7ddf3f3,Salçalı Un Çorbası,Turkey,"Pratik ve lezzetli Salçalı Un Çorbası, soğuk kış günlerinde içinizi ısıtacak",Çorba,"[""1 su bardağı sıvı yağ"", ""2 yemek kaşığı un"", ""1 yemek kaşığı salça"", ""4 su bardağı sıcak su""]","[""Sıvı yağı tenceremizde kızdırdıktan sonra unu ilave edip kavuralım. 1 dakika kadar kavurduktan sonra salçamızı ilave edip 2 dakika kadar daha kavuralım."", ""Sonra suyumuzu yavaş yavaş ekleyerek karıştıralım. Yaklaşık 10 dakika kadar kaynattıktan sonra altını kapatalım. Afiyet Olsun. :)""]"
b1c14e38-b6f5-4a31-82e1-680656ec5369,Şehriyeli Pirinç Pilavı,Turkey,"Tereyağı ve şehriyeyle zenginleştirilmiş, lezzetli ve nefis bir pirinç pilavı",Ye,"[""2 yemek kaşığı tereyağı"", ""1 yemek kaşığı sıvı yağ"", ""2 su bardağı pirinç"", ""2 çay kaşığı tuz"", ""3 - 4 damlalimon suyu""]","[""Pirince sıcak su ekleyerek 15 dakika nişastası gidene kadar bekletin. Tencerede yağları eritip şehriyeyi ilave ederek kavurun."", ""Ardından süzdüğünüz pirinci ekleyin ve kavurmaya devam edin."", ""2.5 su bardağı sıcak su ve limon suyunu ilave edip pişmeye bırakın. 10 dakika da kapağı kapalı olarak demlenmeye bırakın."", ""Şehriyeli pirinç pilavı tarifiniz hazır. Afiyet olsun!""]"
b7c70ef9-e247-4716-ac9a-902b0e701512,Fermente Kırmızı Soğan,Turkey,"Elma sirkesi ve zeytinyağı ile fermente edilmiş, lezzetli ve sağlıklı bir kırmızı soğan turşusu",Ana Yemek,"[""2 adet kırmızı soğan"", ""1 çay bardağı elma sirkesi"", ""1/2 çay bardağı zeytinyağı"", ""2 tatlı kaşığı kekik"", ""2 tatlı kaşığı kaya tuzu"", ""2 tatlı kaşığı bal""]","[""Soğanları ince piyazlık olarak doğrayın."", ""Tuz ile ovup 10 dakika kenarda bekletelim ve kavanoza alalım."", ""Kalan malzemeleri bir kasede karıştırıp kavanoza ekleyelim."", ""Kaşık yardımıyla iyice yedirelim."", ""Kavanozun kapağını kapatıp, tüketmek için 1 gün buzdolabında bekletelim. Afiyet olsun.""]"
bcd597e3-6f79-460b-8cf8-2070cdf965eb,Kakaolu Biscotti,Turkey,"Kakaolu Biscotti, kahve ile mükemmel uyum sağlayan, çıtır çıtır ve lezzetli bir ikramlıktır",Ye,"[""2 su bardağı un"", ""3 yemek kaşığı kakao (yaklaşık 50 gram)"", ""1/2 tatlı kaşığı kabartma tozu ya da karbonat"", ""80 gram tereyağı (oda sıcaklığında bekletilmiş)"", ""3/4 su bardağı toz şeker"", ""2 adet yumurta"", ""3/4 su bardağı kabuksuz badem"", ""110 gram bitter çikolata""]","[""Kakaolu biscotti hamuruna tat verecek olan kabuksuz badem ve bitter çikolatayı iri parçalar halinde kıyın."", ""Un, kakao ve kabartma tozunu derin bir kaba eleyin. Katı malzemeler içerisine arzuya göre çok az miktarda tuz ilave edin."", ""Oda sıcaklığında beklettiğiniz tereyağını geniş bir karıştırma kabına alın. Toz şeker ekleyip 6-8 dakika kadar çırparak krema kıvamına gelmesini sağlayın."", ""Ayrı bir kapta hafifçe çırptığınız yumurtaları ekleyip karıştırma işlemini kısa bir süre daha sürdürün."", ""Elenmiş katı malzemeleri azar azar ekleyip tüm malzemeyi karıştırmaya devam edin. Kıyılmış kabuksuz badem ve bitter çikolata parçalarını katıp tahta bir spatula yardımıyla son bir kez karıştırın."", ""Mutfak tezgahını hafifçe unlayın. Elde ettiğiniz hamurun yarısını alıp uzun bir rulo haline getirin. Üzerine hafifçe bastırdıktan sonra yağlı kağıt serili bir fırın tepsisine uzunlamasına yerleştirin."", ""Yumurta beyazını çırpıp hafifçe üzerlerine sürün, toz şeker taneleri serpiştirin. İki ayrı tepsiye aldığınız biscottileri önceden ısıtılmış 180 derece fırında, 20-25 dakika kadar pişirin."", ""Bu sürenin sonunda fırından aldığınız hamur rulolarını oda ısısında soğutun. Fırın derecesini 150-160 dereceye indirin. Soğuyan hamur rulolarını parmak kalınlığında dilimlere ayırın."", ""Izgara teli üzerine aralıklı olarak dizdiğiniz dilimleri 30 dakika daha pişirin. İkinci kez pişen ve kuruyan bisküvileri fırından çıkartıp dinlendirdikten sonra kapağı kapalı, cam bir kavanozda muhafa""]"
e323794a-262e-4c4c-a3e2-991b65a56710,Hazır Yufkadan Gül Böreği,Turkey,"Hızlı ve pratik bir şekilde hazırlayabileceğiniz, şık sunumuyla göz dolduran lezzetli bir atıştırmalık",Ye,"[""6 adet yufka"", ""2 adet yumurta sarısı"", ""1 çay kaşığı tuz""]","[""Üst üste iki yufka serip ve dörde bölün her üçgenin içine iç harcını serip yağ ve tuz serpin."", ""İki katı birden sarıp tek tek gül oluşturun. Tüm yufkalara aynı işlemi uygulayıp yağlı kağıt serdiğiniz tepsiye dizin."", ""180 derece önceden ısıtılmış fırında üzeri kızarana kadar pişirip sıcak sıcak servis edin. Afiyetler olsun!""]"
8956e57e-5e8d-4e24-9ace-758de4bf3fcd,Bardakta Ganajlı Tiramisu,Turkey,"Pratik ve lezzetli bardakta ganajlı tiramisu, anında tatlı krizlerinizi çözmek için ideal",Ana Yemek,"[""500 mililitresüt"", ""3 yemek kaşığı un"", ""4 yemek kaşığı toz şeker"", ""1 adet yumurta"", ""1 paket labne"", ""1 paket vanilin""]","[""Muhallebi için: süt, un, yumurta ve toz şekeri bir tencereye alıp iyice karıştıralım."", ""Ardından orta ateşte göz göz olup kaynayana kadar karıştırarak pişirelim."", ""İlk ısısını atıp soğuyunca içine labne peyniri ve vanilini ekleyip 5 dk kadar mikserle çırpalım."", ""Ganaj için: kremamızı bir sos tenceresini alıp ısıtalım. Kaynama noktasına geldiğinde içine çikolataları ve bir çay kaşığı sıvı yağı ekleyip iyice karıştıralım, kıvam aldığında ocaktan alalım."", ""Kahveyi su ile demleyip hafif ılımasını bekleyelim."", ""Ardından kedidili bisküvileri kahveye batırıp çok uzun süre bekletmeden çıkartalım."", ""Her iki yüzeyinin de ıslanmış olmasına dikkat edelim. Ardından kuplarımızın alt tabanına dizelim."", ""Üstüne bir kat muhallebi dökelim. Üzerine kedidili bisküvi dizelim, üzerine bu kez ganajdan ekleyelim."", ""Son kat olarak tekrar muhallebi ekleyelim. Üzerine toz kakao serpip sunuma hazır hale getirebilirsiniz. Afiyet olsun.""]"
d3a5bfd7-a68d-4d2f-81cf-153cb232322a,Bi' Daha Mı Geleceğiz Dünyaya Tatlısı,Turkey,"Çikolata ve bisküvilerin muhteşem uyumuyla hazırlanan, pratik ve lezzetli bir tatlı",Tatlı,"[""1 ölçüdamla çikolatalı kurabiye hamuru"", ""3 adet marshmallowlu çikolatalı bisküvi"", ""2 adet hindistan cevizli çikolata"", ""2 adet yer fıstıklı çikolata"", ""1 paket yer fıstıklı draje"", ""2 paket karamelli çikolata"", ""2 yemek kaşığı çikolata sos""]","[""Fırını 180 dereceye ısıtın."", ""Döküm tavanızı yağlayın ve damla çikolatalı kurabiye harcını yerleştirin."", ""Üzerine çikolataları ve drajeyi yerleştirin."", ""Hazır brownie harcınızla tüm abur cubuların üzerini örtün."", ""Yaklaşık 10-12 dakika pişirin ve sıcak sıcakken üzerine çikolata sos, Antep fıstığı, badem ve fındığı yerleştirin. İşte bu kadar afiyetler olsun!""]"
84205de5-1ac5-4248-b72b-ce8a3d6d5097,Pişmeyen Yulaflı Kurabiye,Turkey,"Pişmeyen yulaflı kurabiye, pratik ve lezzetli bir atıştırmalık alternatifidir",Ye,"[""120 gram toz şeker"", ""50 gram süt"", ""25 gram tereyağı"", ""10 gram kakao"", ""90 gram yer fıstığı ezmesi (şekersiz)"", ""120 gram yulaf ezmesi""]","[""Şeker, süt, tereyağ ve kakaoyu bir sos tenceresine alın. Orta ateşte sürekli çırparak kaynamasını sağlayın."", ""Kaynayınca altını kısın ve 1 dakika daha çırparak karıştırın."", ""Fıstık ezmesi, yulaf ve bu karışımı spatula yardımıyla birbirine yedirin."", ""Hala sıcakken dondurma kaşığı (ya da çorba kaşığı) yardımıyla bir pişirme kağıdının üzerine porsiyonlayın."", ""Biraz yayılacak, yayılmazsa spatula ile üzerine biraz bastırabilirsiniz."", ""Üzerini beyaz çikolata ile süsleyebilirsiniz. Afiyet olsun.""]"
f296a61c-b0d2-4734-b843-9f3891fecf1b,Çikolatalı Kolay Kruvasan,Turkey,"Milföy hamurları ile hazırlanan, pratik ve lezzetli çikolatalı kruasanlar",Tatlı,"[""6 adet milföy hamuru"", ""1 adet yumurta sarısı"", ""Etimek Tatlısı Tarifi"", ""Damla Çikolatalı Kurabiye"", ""Tatlı Tarifleri Spoonful Mozaik Pasta Çikolatalı Sufle İrmik Helvası Fırın Sütlaç Profiterol Revani Magnolia"", ""Kahvaltılık Tarifler Pancake Krep Pişi Kuymak Kaygana Kahvaltılık Sos Menemen Muhlama Yumurtalı Ekmek Omlet"", ""Omlet""]","[""Milföyleri uzunlamasına ve yanlamasına üçgen olacak şekilde kesip bitter çikolatanızdan bir parça yerleştiriyorsunuz ve kalın tarafından ince tarafına doğru yuvarlayarak kapatıyorsunuz."", ""Üzerlerine yumurta sarısı sürerek 170° derece fırında üzerleri kızarana kadar pişiriniz. Afiyet olsun.""]"
bc59b255-c572-440c-b625-7677b8e681e8,Köfteli Kuskuslu Sebze Çorbası,Turkey,Lezzetli köfteler ve bol sebzelerle hazırlanan doyurucu bir kuskus çorbası,Ye,"[""300 gram kıyma"", ""1/2 su bardağı galeta unu"", ""1 adet yumurta"", ""1 tatlı kaşığı kekik"", ""1 tatlı kaşığı fesleğen"", ""1 çay kaşığı tuz"", ""1 çay kaşığı karabiber"", ""2 yemek kaşığı zeytinyağı""]","[""Köfteyi yaparak başlayalım. Zeytinyağı dışında tüm malzemeleri karıştırıp güzelce yoğuruyoruz. Sonrasında top top hale getiriyoruz. Tavaya zeytinyağını alıp pişiriyoruz. Çok pişirmenize gerek yok, çor"", ""Ispanak dışında doğgranmış sebzeleri tavaya alıyoruz. Soteleyip baharatları ekliyoruz."", ""Ben bu esnada buzlukta hazır olan tavuk suyumu ayrı bir tencerede ısıttım. Ama tavuk suyunuzun olması şart değil. Göz kararı biraz da su kaynattım."", ""Tavada sotelenmiş sebzeleri tencereye alıp tavuk suyunu/suyu ekliyoruz. Sonrasında fokurdayan suya kuskusları ekliyoruz."", ""Ardından da köfteleri çorbaya bırakıp kapağı kapalı şekilde altı orta ateşte kuskuslar yumuşayıncaya kadar pişiriyoruz."", ""Çorbanız pişince altını kapatıp ıspanakları ekliyoruz ve servis ediyoruz!""]"
5cd68c0b-0e7f-4bc0-8375-e2f83f112ffd,Izgara Takoz Palamut,Turkey,"Zeytinyağı ve tuzla harmanlanmış palamut, mükemmel bir ızgara lezzeti için ideal",Ye,"[""1 adet orta boy palamut"", ""1 çay kaşığı tuz"", ""2 yemek kaşığı zeytinyağı""]","[""Karın kısmını açtığınız palamudun iç kısmını temizleyin. Keskin bir bıçak yardımıyla kafa kısmını kestiğiniz palamudu, kalın dilimler halinde kesin."", ""Kanının akması için takoz balık dilimlerini bol suda yıkayın. Fazla sularını süzdürdükten sonra kağıt havlu yardımıyla kurulayın."", ""Palamut dilimlerini tuzladıktan sonra kızdırılmış ızgaraya aralıklı olarak dizin. Aralarda üzerlerine zeytinyağı sürdüğünüz balık dilimlerini arkalı önlü ters çevirerek pişirin."", ""Servisi esnasında yer vermek üzere domates ve kuru soğanı halka halka dilimleyin. Yeşil biberleri iri parçalar halinde kesin. Dilimlediğiniz tüm sebzeleri ızgarada pişirin."", ""Servis tabağına aldığınız ızgara palamut dilimlerini, ızgara sebze ve arzuya göre limon dilimleriyle birlikte bekletmeden, sıcak olarak servis edin. Balığa hayır diyemeyecek sevdiklerinizle paylaşın.""]"
37363649-3687-48f3-9289-75e8495d5960,İstiridye Tatlısı,Turkey,"Cevizli irmik helvası, kıtır kıtır ve mis gibi kokusuyla vazgeçilmez bir lezzet",Ye,"[""250 gram tereyağı veya margarin"", ""1 su bardağı irmik"", ""1 su bardağı ceviz içi (ince çekilmiş)"", ""2 adet yumurta"", ""3 yemek kaşığı tahin"", ""1 paket kabartma tozu"", ""2,5 su bardağı un""]","[""İlk olarak şerbetini hazırlayalım. Şeker ve suyu bir tencerede kaynatalım."", ""Limon suyunu da ekleyip altını kapatıp soğumaya bırakalım."", ""Hamur için tüm malzemeleri bir kapta karıştıralım. Ununu da kontrollu ekleyip hazırlayalım."", ""İstediğiniz büyüklükte hamurdan koparıp elimizle yuvarlayalım. Hafifçe bastıralım."", ""İster çay bardağı isterseniz kaşık ile görseldeki gibi 4-5 adet oval şeklinde hamura bastırarak çizikler oluşturalım."", ""Çizgilerin birleştiği noktayı elimizle hafif sivriltip tam bir istiridye görünümü verelim."", ""Önceden ısıtılmış 170 derece fırında altı ve üstü hafif kızarana kadar pişirelim. Fırından çıkan sıcak tatlıya soğuk şerbeti verelim. Afiyet olsun.""]"
62d86a94-6f37-47a0-8834-f935b08bfa4a,Çikolatalı Yulaflı Bar,Turkey,"Sağlıklı ve pratik atıştırmalık lezzeti, çikolatalı yulaflı bar ile enerji dolu anlar yaşayın",Ye,"[""3 tepeleme yemek kaşığı yulaf"", ""5 adet günkurusu kayısı"", ""1 silme tatlı kaşığı susam"", ""1 tepeleme yemek kaşığı bal"", ""1 gram bitter çikolata""]","[""Günkurusu ve üzümler blenderdan geçirilir"", ""Çikolata hariç diğer tüm malzemelerle iyice karıştırılır."", ""Yağlı kağıt serili tepsiye dökülüp el ile iyice bastırılır."", ""1 saat buzdolabında bekletilir."", ""Çikolata benmari usulü eritilip harcın üzerine sürülür."", ""1 saat daha dondurulup servis edilir.""]"
a53b1f18-7841-46e6-96f6-93a0017ce1b6,Tek Kişilik Dalgona Kahvesi,Turkey,"Hızlı ve kolay bir şekilde hazırlayabileceğiniz, köpüklü ve lezzetli tek kişilik Dalgona kahvesi",Ye,"[""1 yemek kaşığı gr anül kahve"", ""1 yemek kaşığı şeker"", ""1 yemek kaşığı su"", ""1 su bardağı süt""]","[""Kabımızın içerisine kahve, şeker ve suyu alıyoruz. 5 dakika çırpıyoruz ya da 250'ye kadar sayıyoruz. Sütlü kahve rengini ve koyu kıvamlı olacaktır."", ""Soğuk sütü bir bardağa alın. Köpüğü kaşıkla üzerine alın. Afiyet olsun.""]"
72978f55-92d4-4fbb-b9b7-deb6c36f2529,Tuzda Tavuk,Turkey,"Tuzun büyülü dünyasında pişen, dışı çıtır içi yumuşacık lezzet",Tavuk Yemekleri,"[""1 adet bütün tavuk"", ""8 adet yumurta beyazı"", ""2,5 kilogram tuz"", ""2 yemek kaşığı tereyağı"", ""1 yemek kaşığı pekmez""]","[""Yumurta beyazlarını derin bir kapta köpük köpük olana kadar çırpın. Ters çevirdiğinizde hareket etmeyecek kıvama gelince çırpmayı bırakın."", ""Tuzu üç dört seferde bu karışıma ekleyip spatula ile homojen olana kadar karıştırın."", ""Bütün tavuğun göğüs kısmından itibaren parmaklarınızla derisini yırtmadan et ile arasını açın. Tereyağına baharatı ekleyerek deri ile et arasında açtığınız boşluğa güzelce sürün."", ""Yağlı kağıt serdiğiniz fırın tepsisine tuzlu karışımın 1/3'üne yerleştirerek taban oluşturun. Üzerine tavuğun kaplayacağı yere bir küçük yağlı kağıt daha serin. Tavuğu göğüs kısmı üste gelecek şekilde"", ""Kızarması için bir kaşık pekmez sürerek tavuğun üzerini de yağlı kağıt ile kaplayın. Kalan tuzu tavuğun her yerini kapatacak ve alt tabandaki tuzla birleşecek şekilde yayın. Elinizle tuza bastırarak p"", ""Fansız ve 220 derece fırında her bir kilo için yarım saat hesaplayarak pişirin. Servis öncesi üzerine kolonya gezdirerek ateşe verebilir ve misafirlerinize şov yapabilirsiniz.""]"
5b53791e-31f0-4e90-bddc-a1967559ad81,Meyveli ve Çikolatalı Islak Kek,Turkey,"Meyve ve çikolatanın mükemmel uyumu, her lokmada damakta şenlenen ıslak kek",Tatlı,"[""2 adet yumurta"", ""2 adet olgun muz"", ""3 adet olgun cennet hurması"", ""1/2 çay bardağı zeytinyağı"", ""4 yemek kaşığı agave şurubu"", ""1 su bardağı badem unu"", ""1/2 su bardağı Hindistan cevizi unu"", ""2 çay kaşığı kabartma tozu"", ""100 gram bitter çikolata (benmari eritelim)""]","[""Yumurta ve agaveyi güzelce çırpalım. Zeytinyağı ekleyelim. Muz ve cennet elmasını rondodan geçirip püre haline getirelim ve ekleyelim. Çırpmaya devam edelim."", ""Çikolatayı ekleyip karıştırmaya devam edelim. Unları, kabartma tozunu ve fındığı ekleyip spatulayla homojen hale getirelim."", ""20*20 kalıpta yağlı kağıt serip harcı dökelim. 180 derecelik önceden ısıtılmış fırında 20 dakika, sonra 150'ye düşürüp 10 dakika daha pişirelim. Soğuyunca dilimleyelim. Afiyet olsun.""]"
1148a58b-9a72-47a1-b32e-0575d9898c35,Brownie Tadında Kurabiye,Turkey,"Kakao ve ceviz içeren, lezzetli ve pratik bir kurabiye tarifi",Ye,"[""125 gram tereyağı"", ""1 çay bardağı sıvı yağ"", ""1 çay bardağı pudra şekeri"", ""1 adet yumurta"", ""2-3 yemek kaşığı kakao"", ""1 paket vanilin"", ""1/2 paket kabartma tozu"", ""3 su bardağı un""]","[""Hamuru için malzemeler uygun bir kasede güzelce yoğurulur. Çok sert bir kıvam olmasın. Ceviz büyüklüğünde parçalar koparılır ve yuvarlanır."", ""Aralıklı bir şekilde tepsiye dizilir. Önceden ısıtılmış fırında alt üst ayarda 180 derecede 20-25 dakika pişirilir."", ""Şerbeti için gerekli malzemeler karıştırılır. Şekerin erimesi sağlanır. İlk sıcağı geçen kurabiyeler şerbette 1-2 dakika bekletilir. Şerbeti iyi çekmesi için arada ters yüz yapılır."", ""Servis tabağına alınır. İsteğe bağlı eritilmiş beyaz çikolata ile üzerlerine dekor yapılır ve servis yapılır. Servisten önce buzdolabında dinlendirebilirsiniz. Afiyet olsun.""]"
723600b6-0063-458b-9a6b-defd0c0d1ce2,Krep,Turkey,"Yumuşacık ve lezzetli krep tarifi, kahvaltıların veya tatlı saatlerinin vazgeçilmezi",Ana Yemek,"[""2 adet yumurta"", ""1 su bardağı süt"", ""1 çay kaşığı tuz"", ""9 tepeleme yemek kaşığı un"", ""1 yemek kaşığı sıvı yağ""]","[""Un ve sütü derin bir kapta çırpın."", ""Daha sonra 2 adet yumurtayı karışıma ekleyin ve çırpmaya devam edin. Krep hamuruna tuz ilave edip karıştırın. Kek hamurundan daha akışkan bir kıvam elde etmelisiniz."", ""Bir tavaya çok az sıvı yağ döküp bir fırça yardımıyla yayın.Krep hamurunuzdan bir kepçe ile alabildiğiniz miktarı kızgın tavaya dökün."", ""Tavayı sağa sola eğerek hamurun yayılmasını sağlayın. Krebin alt tarafı kızarınca tersini çevirin ve diğer tarafını kızartın."", ""Tüm krep harcını bu şekilde pişirdikten sonra sıcak olarak servis edebilirsiniz. Afiyet olsun!""]"
6d98e816-f003-4edc-ae86-9462f23f3b45,Kolay Yayla Çorbası,Turkey,"Pratik ve doyurucu bir lezzet olan Kolay Yayla Çorbası, soğuk kış günlerinde içinizi ısıtacak",Çorba,"[""6 yemek kaşığı pirinç"", ""6 su bardağı sıcak su"", ""2 su bardağı yoğurt"", ""1 yemek kaşığı un"", ""1 yemek kaşığı kuru nane"", ""1 çay kaşığı tuz""]","[""Sıcak suyu ve pirinci bir tencerenin içerisine alın. Pirinçler yumuşayana kadar 10 dakika pişirin."", ""Ayrı bir kabın içerisine yoğurt ve unu güzelce çırpın."", ""Ardından ocakta kaynamakta olan sudan 1 kepçe kadar alın. Yoğurdunuzun içerisine azar azar ilave edin. Bir yandan da çırpın."", ""Hazırladığınız yoğurtlu karışımı ocakta kaynayan pirinçlerin üzerine incecik bir ip şeklinde yavaşça aktarın. Diğer yandan da çırpmaya devam edin. Tuz ve nanesini de ilave edin. 10 dakika pişirmeye bı"", ""Kıvamı çok yoğun olursa su ekleyebilirsiniz. Üzerine kuru nane serperek servis edin. Afiyet olsun!""]"
8220f5ba-8ee4-4720-a4e0-a64cdf3b614c,Kolay Fırında Sütlaç,Turkey,Pratik ve lezzetli fırında sütlaç tarifi ile misafirlerinize şık bir tatlı sunun,Tatlı,"[""1 su bardağı pirinç"", ""3 litre süt"", ""1 su bardağı su"", ""3 su bardağı (2 parmak eksik) şeker"", ""1 çay kaşığı vanilya""]","[""Pirinçleri bir kere yıkayın ardından 1 su bardağı suyu ocağa alıp üzerine pirinçleri ekleyin."", ""Pirinçler suyu çekince üzerine sütü azar azar ekleyin. Ardından şekeri ve vanilyayı ekleyin."", ""Pirinçler yumuşayıncaya kadar pişirin."", ""Ocaktan aldığınız sütlaçlarınızı güveç kaplarına boşaltın ve fırında üstleri kızarana kadar pişirin. Soğutup servis edin. Afiyet olsun.""]"
95bde730-3bae-4450-8f07-d3733bf73ed0,Vegan Brokoli Köfte,Turkey,"Sağlıklı ve lezzetli vegan köfteler, brokoli ve sebzelerle hazırlanmış harika bir alternatif",Vegan,"[""450 gram brokoli"", ""2 adet havuç"", ""7 adet mantar"", ""0.5 çay bardağı zeytinyağı"", ""3 adet taze soğan"", ""2 çay kaşığı tuz"", ""2 çay kaşığı kimyon"", ""2 çay kaşığı karabiber""]","[""Chia tohumu ve suyu karıştırıp ağzı kapalı olarak buzdolabında 20 dakika bekletelim."", ""Sırasıyla ayrı ayrı olmak üzere brokoli, mantar, havuç ve ıspanağı (ve suyu) rondodan geçirelim. Taze soğanı incecik doğrayalım."", ""Tüm harcı bir araya getirip üstünü şekillendirip yağlı kağıt serilmiş fırın tepsisine dizelim."", ""180 derecede önceden ısıtılmış fırında 25 dakika pişirelim. Afiyet olsun.""]"
5845b959-f89a-4be6-a826-b8ab787fd495,Fırınlanmış Domatesli Peynirli Makarna,Turkey,"Fırında pişen cherry domatesler ve ezine peyniri ile lezzetlenen, pratik ve doyurucu bir makarna tarifidir",Pilav & Makarna,"[""250 gram fettucine makarna"", ""10 adet cherry domates"", ""300 gram ezine peyniri"", ""1 yemek kaşığı zeytinyağı"", ""100 gram rendelenmiş kaşar peyniri""]","[""Çeri domateslerini yıkayın saplarını çıkarın ve fırınlayacağınız kaba koyun."", ""Ezine peynirini tam ortaya yerleştirin, üzerine zeytinyağı gezdirin ve 200 derecede ısınmış fırında 25 dakika pişirin."", ""Bu sırada makarnayı paketin üzerindeki pişme süresine göre haşlayın."", ""Fırınlanmış domates peynirin üzerine baharatları dökün."", ""Haşlanan makarnaları sosla buluşturun ve güzelce karıştırın."", ""Üzerine rendelemiş kaşar peyniri serpin ve 5 dakika daha fırınlayın."", ""Lezzeti efsane oluyor. Mutlaka denemelisiniz. Afiyet olsun.""]"
3b34268f-21c5-404d-a7c7-b4ee522bc832,Domates Soslu Fesleğenli Makarna,Turkey,"Ev yapımı makarna ile hazırlanan, ferahlatıcı fesleğen ve lezzetli domates sosuyla buluşan pratik bir tarif",Pilav & Makarna,"[""300 gram un"", ""3 adet yumurta"", ""1 tatlı kaşığı tuz"", ""2 yemek kaşığı zeytinyağ"", ""1 çay bardağı semolina (irmik unu)""]","[""Unu bir kaba alın ve üstüne tuzu ekleyin. Ortasını açın ve yumurtaları kırın. Çatalla yumurtaları çırpın ve yavaş yavaş unu da içine alın. Sonra tüm hamuru karıştırın ve toparlayın."", ""Yoğurduğunuz hamuru 4 parçaya bölün. Makarna açma makineniz var ise 5 numarada açabilirsiniz. Makarnayı açarken semolina unu ile dış yüzeyini un ile kaplarsanız, hamurun yapışmasını engelleyecektir."", ""Sonra makarnaları katlayıp kesiyoruz. Hazırladığımız makarna suyunda 10 dakika kadar pişirin.Makarnanın piştiği sudan sos için ayırmayı unutmayın."", ""Sos için makarna suyu ve fesleğen hariç tüm malzemeleri tencereye alın ve pişirin. Biraz kaynadıktan sonra makarna suyunu ve fesleğeni ekleyin. Bir taşım kaynadıktan sonra makarnayı ekleyin,karıştırın"", ""5 dakika dinlendirdikten sonra üzerini fesleğen ile süsleyip servis edebilirsiniz. Afiyet olsun""]"
4ada5eb9-d7c3-42da-9582-73560b57cf3f,Nohut Yahnisi,Turkey,"Sofralara lezzet katan, doyurucu ve geleneksel bir nohut yahnisi tarifi",Sebze Yemekleri,"[""2 su bardağı nohut (önceden ıslatılmış)"", ""250 gram kuşbaşı et"", ""2 yemek kaşığı tereyağı"", ""1 yemek kaşığı biber salçası"", ""2 adet soğan"", ""1 çay kaşığı karabiber"", ""1 çay kaşığı tuz"", ""1 çay kaşığı pul biber""]","[""Nohut yahnisi için nohutları bir gece öncesinden ıslatın. Ertesi gün temiz su ekleyerek kaynamaya bırakın, üstünde oluşan köpüğü alın ve süzgeçten geçirin."", ""Düdüklü tencerenize eti alın ve suyunu salıp çekene kadar pişirin."", ""Suyunu çeken etin üzerine yağı ve küp küp doğranmış soğanları ekleyerek kavurun."", ""Soğanların rengi dönünce salçayı ekleyerek kavurmaya devam edin."", ""Ardından nohutları ekleyin."", ""Üzerini iki parmak gecene kadar su ilave ederek düdüklü tencerenizi kapatın.20 dakika kadar pişirin."", ""Ardından tencerenin kapağını dikkatlice açıp servis edin. Nohut yahnisi hazır. Afiyetler olsun.""]"
e19fea95-d267-4a82-94c2-a5cdb5fd1422,Vişne Kebabı,Turkey,"Vişnenin tatlı ekşiliği ile zengin kıymanın buluştuğu, eşsiz lezzette bir geleneksel Türk yemeği",Et Yemekleri,"[""500 gram yağlı kıyma (kuzu ya da dana)"", ""1 adet büyük boy soğan"", ""3 yemek kaşığı tereyağı"", ""450 gram dondurulmuş vişne (sulu olmalı)"", ""2 yemek kaşığı çam fıstığı"", ""1 çay kaşığı tarçın"", ""2-3 dilim pide (tereyağında kızartılmış ve dilim lenmiş)""]","[""İlk önce köfte malzemelerini rendelenmiş soğan, kıyılmış maydanoz ve baharatlar ile beraber yoğurup minik toplar halinde yuvarlayın."", ""Çelik ya da bakır bir tencereye tereyağı ve köfteleri ekleyip kavurun. Bu aşamada köftelere çok kaşık değdirmeden kavurun, tencereyi sallayarak kavurabilirsiniz."", ""Köfteler güzelce kızarınca çam fıstığı ve dondurulmuş vişneleri suyu ile beraber ekleyin."", ""Yüksek ateşte suyunu çekince pişmiş köftelere ıspanak yapraklarını ekleyin ve üzerine çok az 1 tutam tarçın serpin. Daha fazla pişirmeden ocaktan alın."", ""Ayrı bir tavada pideleri dilimleyin ve tereyağında kızartın."", ""Pidelerin üzerine köfteli karşımı dökerek servis edin. Afiyet olsun.""]"
eeb54caf-a7cd-4ebe-a072-e591774fb5af,Fincanda Brownie,Turkey,Fincanda pratik ve lezzetli bir brownie deneyimi,Ana Yemek,"[""1 adet yumurta"", ""1 çay kaşığı kabartma tozu"", ""Etimek Tatlısı Tarifi"", ""Damla Çikolatalı Kurabiye"", ""Tatlı Tarifleri Spoonful Mozaik Pasta Çikolatalı Sufle İrmik Helvası Fırın Sütlaç Profiterol Revani Magnolia"", ""Kahvaltılık Tarifler Pancake Krep Pişi Kuymak Kaygana Kahvaltılık Sos Menemen Muhlama Yumurtalı Ekmek Omlet"", ""Omlet""]","[""Yumurta ve keçiboynuzu özü çırpılır. Ardından süt eklenir ve tekrar çırpılır."", ""Diğer katı malzemeler de eklenerek karıştırılır."", ""Önceden ısınmış fırında 175 derecede 15 20 dk arası pişirin."", ""Sosu için 1 çay kakao ve 1/2 bardak süt karıştırılarak pişirilir. Sos ılıyınca 1 tatlı kaşığı bal ilave edilir."", ""Keki fırından çıkartıp kek sosunu iyice çekmesi için kekin yanlarını bıçakla açın ve sosu kekin üstüne dökün.""]"
79899d80-f25f-4117-ba45-0fa3c1cc6c88,Arap Köftesi,Turkey,"Bulgur ve kıymanın mükemmel uyumuyla hazırlanan, lezzetli ve doyurucu bir Orta Doğu klasiği",Et Yemekleri,"[""200 gram köftelik kıyma"", ""1 su bardağı köftelik bulgur"", ""1 su bardağı su"", ""1 çay kaşığı kimyon"", ""1 çay kaşığı karabiber"", ""1 adet soğan"", ""1 tatlı kaşığı tuz"", ""3 yemek kaşığı zeytinyağı""]","[""Kıymayı yoğurma kabımıza alıyoruz. Soğanı rendeleyip ekliyoruz."", ""Bulgurumuzu kimyon, karabiber, kıyılmış maydanoz, tuz, biraz su ekliyoruz."", ""Yoğuruyoruz, küçük köfteler yapıyoruz ve fırın tepsisine diziyoruz."", ""180 derecelik fırında 25 dakika pişirip çıkarıyoruz. Semiz otunu temizleyip biraz tuz, zeytinyağı ve süzme yoğurt ile karıştırıyoruz."", ""Önce tabağımıza semizotunu üzerine de köftelerimizi diziyoruz son olarak tavada tereyağı kızdırıp baharatları kızdırıyoruz. Dolmalık fıstık ve kaju ekliyoruz. Dökerek servis ediyoruz. Afiyet olsun.""]"
bdb9c98b-01e6-4846-8896-42384e1b1c36,Doyurucu Çörek,Turkey,"Mis kokulu, doyurucu çörekler için pratik ve lezzetli tarif",Ana Yemek,"[""2 kilogram un"", ""250 gram tereyağı"", ""1 su bardağı sıvı yağ"", ""3 adet yumurta"", ""2 yemek kaşığı tuz"", ""1/2 litre süt"", ""1 tatlı kaşığı kuru maya""]","[""Süt, tereyağı, sıvı yağ, yumurta, tuz ve 1 tatlı kaşığı kuru maya karıştırılır."", ""Sonrasında 2 kg un ilave edilir. Hamur yoğurulmaya başlanır. Duruma göre su ilavesi yapılabilir."", ""2 saat beklendikten sonra tepsi büyüklüğünde hamur açılır ya da isteğe bağlı olarak küçük çörekler de yapabilir."", ""Sonrasında üzerine yoğurt sürülür ve kaşığın arkasıyla şekil verilip, fırına atılır."", ""Pişme süresi yaklaşık 20-25 dakikadır fırından alınmadan kontrol edilmelidir. Afiyet olsun.""]"
3746745c-4299-4eb7-9c72-44de92110d39,Yulaf Lapası,Turkey,Sağlıklı ve lezzetli bir başlangıç için hızlıca hazırlayabileceğiniz sıcak yulaf lapası,Ana Yemek,"[""3 yemek kaşığı yulaf"", ""1 su bardağı su"", ""1 yemek kaşığı toz tarçın"", ""3 adet doğranmış hurma""]","[""3 yemek kaşığı yulaf ve 1 bardak su katı kıvam alana dek pişirilir."", ""Üzerine tarçın ve ya Hindistan cevizi serpilir, doğranmış hurma ve leblebiler üzerine konulur."", ""Buzdolabında 4-12 saat bekletilip tüketilebilir.""]"
97e53d16-5cab-4795-bd5f-1a56ab9fba7d,Çavdar Unlu Poğaça,Turkey,"Çavdar unuyla hazırlanan sağlıklı ve lezzetli poğaça, pratik tarifiyle sofralarınızın vazgeçilmezi olacak",Börek & Hamur İşi,"[""1 adet yumurta"", ""2 yemek kaşığı yoğurt (çırpılmış)"", ""1 çay bardağı zeytinyağ"", ""2 su bardağı çavdar unu"", ""1.5 çay kaşığı (silme) karbonat"", ""1 adet yumurta sarısı""]","[""Yumurta, zeytinyağı ve yoğurdu homojenize olana kadar çırpın. Karbonat ve tuzu ekleyin, tekrar karıştırın."", ""Daha sonra çavdar ununu yavaş yavaş ekleyerek hamurun ele yapışmayan bir kıvama gelmesine yardımcı olun. Yaklaşık 5 dakika dinlendirin."", ""Daha sonra hamurdan ceviz büyüklüğünde parçalar koparıp hazırladığınız içten 1.5 tatlı kaşığı kadar koyun ve kapatıp yuvarlayın."", ""Yağlı kağıt serdiğiniz tepsiye dizin ve üzerine akını ayırdığınız bir yumurta sarısını sürün. Daha sonra susam ekleyip fırına koyun."", ""Fırında yaklaşık 20 dakika pişirin, esmer ve tok tutan poğaçalarınız hazır! Afiyet olsun!""]"
935ecea0-4583-49b3-acf1-9572735d1991,Portakallı Mozaik Pasta,Turkey,"Pratik ve lezzetli portakallı mozaik pasta, çay saatlerinin vazgeçilmezi",Tatlı,"[""1 paket petibör bisküvi"", ""160 gram sütlü çikolata"", ""1 paket krema"", ""2 yemek kaşığı tereyağı"", ""1 adet portakalın kabuğu"", ""2 yemek kaşığı kakao"", ""1/2 su bardağı ceviz""]","[""Bisküvileri elimizle gelişi güzel kırıyoruz. Ne çok büyük ne de çok küçük olacak."", ""Kremayı ocağa alıp ısınmasını sağlıyoruz, kaynatmıyoruz dikkat edelim sadece ısıtıyoruz. Isınan kremaya çikolataları atıp eritiyoruz. Sonra kakao ve tereyağını ekleyip karıştırıyoruz."", ""Karışımı bisküvilerin üzerine döküyoruz, portakal kabuğu ve cevizi ekliyoruz, iyice karıştırıyoruz."", ""Üzeri açık şekilde 30 dakika buzdolabında bekletiyoruz. Daha sonra streçle sarıp şekil veriyoruz, buzluğa atıp 2 saat bekletiyoruz. Afiyet Olsun.""]"
ca5e6d02-387c-4cce-b8db-ab9a05faf5e3,Kaşık Dökmesi,Turkey,"Pratik ve lezzetli bir kahvaltılık olan kaşık dökmesi, az malzemeyle hızlıca hazırlanabilir",Ana Yemek,"[""2 adet yumurta"", ""1 su bardağı yoğurt"", ""1 çay bardağı (1 parmak eksik) sıvı yağ"", ""1 paket kabartma tozu"", ""1-1,5 su bardağı un""]","[""Yumurtalarımızı karıştırma kabına kırıyoruz. Üzerine yoğurdumuzu ilave ediyoruz ve bir güzel çırpıyoruz."", ""Sıvı yağı da katarak, pürüzsüz olana kadar çırpmaya devam ediyoruz."", ""Peynirimizi ne kadar kullanıyorsak çatal ile eziyoruz ve ilave ediyoruz. Peynirin tuzuna bakarak, tuzunu ayarlayıp, katıyoruz. Ve dereotumuzu ekliyoruz."", ""Kabartma tozundan sonra bir bardak unu katıyoruz ve karıştırıyoruz. Hamurumuz çok akışkan ise biraz daha un ilave ediyoruz. Yoğun kıvamlı bir hamur olmalı."", ""Yağsız tavada kepçe yardımıyla döküp önlü arkalı pişiyoruz. Afiyet olsun.""]"
fb4c35ff-5d9e-4d25-a9c4-d9b6193c422b,Limonlu Tart Kek,Turkey,"Ferahlatıcı limon aromasıyla harmanlanmış, pratik ve lezzetli bir kek tarifi",Tatlı,"[""3 adet yumurta"", ""1 su bardağı şeker"", ""1,5 su bardağı süt"", ""1/2 su bardağı sıvı yağ"", ""1 paket vanilya"", ""1 adet limon rendesi"", ""1 paket kabartma tozu"", ""2-3 su bardağı un (aldığı kadar)""]","[""Keki için, şeker ve yumurtayı köpürene kadar çırpıyoruz. Köpük köpük olunca süt,limon kabukları ve yağı da ekleyip iyice karıştırıyoruz."", ""Sonrasında tüm katı malzemeleri eleyerek ekliyoruz. (Unu kontrollü ekleyin, çok katı olmasın)"", ""Kek kalıbınızı yağlayın ve harcı dökün. 180 derece fansız fırında hafifçe kızarana kadar pişirin. Çıkarınca soğumaya bırakın."", ""Muhallebisi için tüm malzemeleri ocağa alın ve fokurdayana kadar pişirin. Kek soğuyana kadar onu da soğutun."", ""Muhallebiyi dökmek için kekin iyice soğumasını bekleyin. Yaptıktan sonra servisten önce birkaç saat dolapta bekletin.""]"
ac7f68fe-cdb7-4bef-9202-8a036d47b30a,Diyet Kek,Turkey,"Sağlıklı ve lezzetli diyet kekimiz, tatlı krizlerinize hafif bir çözüm sunuyor",Tatlı,"[""3 adet yumurta"", ""1/2 su bardağı pekmez"", ""1 su bardağı süt"", ""1/2 su bardağı zeytinyağı"", ""2 su bardağı keçiboynuzu unu"", ""1 paket kabartma tozu"", ""1 paket vanilin""]","[""Yumurta ve pekmezi çırpın."", ""Karışımın içine kalan tüm sıvı malzemeleri ekleyerek çırpmaya devam edin."", ""Ardından keçiboynuzu ununu ilave edip yavaş yavaş karıştırın."", ""Karışımı yağlanmış kalıba döküp fırına verin. 180 derecede 30 dakika pişirin."", ""Diyet kek tarifiniz hazır. Afiyet olsun!""]"
9f9926f2-ab2a-423b-82db-dea8a1c61f3e,İngiliz Keki,Turkey,"Narenciye aromalı, yumuşacık ve lezzetli bir klasik İngiliz keki",Tatlı,"[""1/2 adet portakal kabuğu rendesi"", ""1/2 adet limon kabuğu rendesi"", ""2 adet yumurta"", ""1 su bardağı şeker"", ""1 çay bardağı süt"", ""1 çay bardağı sıvı yağ"", ""1 paket kabartma tozu"", ""1 su bardağı un"", ""1 su bardağı ılık süt""]","[""Fırınınızı 180 dereceye ayarlayın ve ısıtın. Orta büyüklükteki dikdörtgen bir borcamın içerisini sıvı yağ ile yağlayıp, bir kenara alın."", ""Kekin güzelce kabarması için yumurta ve şekeri derin bir kapta, şeker eriyene kadar çırpın. Üzerine 1 çay bardağı kadar sütü ve yağı ekleyin."", ""Unu ve kabartma tozunu eleyerek, azar azar ekleyin. Bir spatula yardımı ile alttan üste doğru karıştırın."", ""Son olarak portakal ve limon kabuğu rendelerini ekleyin. Karıştırın. Hazırladığınız keki, borcamın içerisine boşaltın."", ""Önceden ısıtılmış 180 derecelik fırında ilk 15 dakikası fırının kapağını açmadan pişirin. Ardından kürdan kontrolü ile pişip, pişmediğine bakın. Eğer pişmişse fırında alın ve soğuması için bir kenarda"", ""Bu sırada sosu hazırlamaya başlayabilirsiniz. Bir su bardağı sütü, kakaoyu ve 1 çorba kaşığı şekeri bir tencerede orta dereceli ateşte çırparak pişirmeye başlayın. Bir taşım kaynadıktan sonra ocaktan"", ""Ilıyan kekten eşit boyutlarda kare dilimler çıkartın ve kare dilimin ortasından keserek üçgen bir şekil elde edin."", ""Elde ettiğiniz üçgen kekin, dilerseniz iki tarafını dilerseniz üç tarafını çikolatalı sosa bulayın. Bu işlemi yaparken orta kısmına sos gelmemesine dikkat edin."", ""Daha sonra çikolatalı kısımları Hindistan cevizine bulayıp, servis edebilirsiniz. Afiyet olsun.""]"
42ec8195-675c-4e73-a9fc-ffe1d1ec1a3f,Tavada Patatesli Tuzlu Kek,Turkey,"Pratik ve lezzetli, tavada pişen patatesli tuzlu kek ile hemencevik atıştırmalıklar sunun",Tatlı,"[""3 adet yumurta"", ""1 yemek kaşığı yoğurt"", ""1 paket kabartma tozu"", ""1 adet orta boy patates (rendelenmiş)"", ""1 adet yeşil biber"", ""1 adet kapya biber"", ""1 su bardağı un"", ""1 çay kaşığı tuz"", ""1 çay kaşığı karabiber""]","[""Yumurta, yoğurt ve kabartma tozunu karıştırın."", ""Sırayla sebzeleri ilave edin."", ""Karıştırdıktan sonra unu ekleyin."", ""Güzelce yağlanmış tavaya harcı alın, orta ateşte kapağı kapalı olarak 15 dakika pişirin."", ""Dikkatlice diğer tarafını çevirip 10 dakika daha pişirin. Ardından ocaktan alıp dinlenmeye bırakın. Hafif ılıdıktan sonra dilimleyerek servis edin. Afiyetler olsun.""]"
de211fa9-468f-4611-aeda-6681769f64de,Kuru Domatesli Tuzlu Kurabiye,Turkey,Zeytinyağı ve kuru domatesle lezzetlenen pratik bir atıştırmalık,Tatlı,"[""2 yemek kaşığı tereyağı"", ""3 yemek kaşığı zeytinyağı"", ""2 yemek kaşığı su"", ""2 yemek kaşığı elma sirkesi"", ""1 adet yumurta"", ""2 su bardağı un"", ""1 su bardağı tam buğday unu"", ""1 paket kabartma tozu"", ""1 tatlı kaşığı çörek otu"", ""1/2 tatlı kaşığı rezene tohumu"", ""1 tatlı kaşığı toz fesleğen"", ""4 adet kuru domates"", ""2 yemek kaşığı toz parmesan"", ""1 tatlı kaşığı tuz"", ""1 yemek kaşığı susam"", ""1 adet yumurta beyazı""]","[""Tereyağı, zeytinyağı, yumurta, su, sirke ve tuzu iyice karıştırın."", ""Beyaz un, tam buğday unu ve kabartma tozunu ekleyin."", ""İnce küpler halinde doğradığınız kurutulmuş domatesleri, fesleğeni, rezene ve çörek otunu da ekleyip hamuru yoğurun ve 20-30 dk dinlendirin."", ""Hamuru merdane ile 3-4 mm kalınlığında açın. 2 cm lik kareler şeklinde dilimleyin."", ""Üzerine yumurta beyazı sürüp susam serpin. 200 derecelik fırında üzerileri kızarana kadar pişirin. Afiyet olsun.""]"
33265155-40fa-4073-b9c4-4ec06c789626,Helva Tadında Kolay Tahinli Kurabiye,Turkey,"Helva tadında, pratik ve lezzetli tahinli kurabiye tarifi",Tatlı,"[""1 su bardağı tahin"", ""1 su bardağı pudra şekeri"", ""1 su bardağı sıvı yağ"", ""3,5 - 4 su bardağı un"", ""1 adet vanilya"", ""1 adet kabartma tozu""]","[""Un hariç bütün malzemeleri bir araya getirin ve güzelce karıştırın."", ""Azar azar unu ilave ederek yoğurun."", ""Hamurdan ceviz şeklinden küçük parçalar koparıp yuvarlayın."", ""180 dereye ayarlı, önceden ısıtılmış fırının orta rafında 15 dakika kadar pişirin."", ""Fırından çıkınca bir süre soğumaya bırakın.""]"
b9137953-d3d1-46dc-b657-c085d0504205,Rafine Şekersiz Kek,Turkey,"Sağlıklı ve lezzetli, rafine şekersiz kek tarifimizle tatlı krizlerinize doğal çözüm",Tatlı,"[""3 adet yumurta"", ""1 su bardağı süt"", ""1/2 çay bardağı zeytinyağı"", ""2 su bardağı tam buğday unu"", ""1 yemek kaşığı kakao"", ""9-10 adet hurma püresi"", ""1 paket kabartma tozu"", ""1 paket vanilya"", ""1/2 paket bitter çikolata (opsiyonel)"", ""3-4 adet ceviz (üzeri için)""]","[""Yumurta ve hurma püresini iyice çırpıyoruz. Üzerine zeytinyağını, sütü ekleyip çırpmaya devam ediyoruz."", ""Unu, kabartma tozunu, vanilyayı eleyerek ekleyip spatula yardımıyla karıştırıyoruz."", ""Harcımızın yarısını ayırıp kalan yarısına kakaoyu ekleyip karıştırıyoruz. Kıvam çok koyulaşırsa 1 yemek kaşığı süt ile açabilirsiniz. En son içine dilerseniz bitter çikolatayı rendeleyerek ekleyebilir"", ""İki harcı da kek kalıbımıza döküp üzerine cevizlerden serpiyoruz."", ""180 derecede önceden ısıtılmış fırında 25-30 dakika kadar pişiriyoruz.""]"
df137515-643a-49d7-a1ec-2af9de0171c7,Yaprak Sarması,Turkey,"Lezzetli pirinçli yaprak sarması, sofra lezzetlerinin vazgeçilmezidir",Ana Yemek,"[""1 adet kuru soğan"", ""2 su bardağı pirinç"", ""1 adet domates"", ""1 silme tatlı kaşığı tuz"", ""1 silme tatlı kaşığı karabiber"", ""1 silme tatlı kaşığı nane"", ""1 silme tatlı kaşığı kekik"", ""1 silme tatlı kaşığı isot""]","[""Öncelikle bir kase içinde kıyma baharatlar, salça, rendelenmiş domates, rendelenmiş soğan, rendelenmiş sarımsak, pirinç, zeytinyağı, ince kıyılmış nane, maydanoz el ile yoğurulur."", ""İç içe geçmiş sarma, içi dinlenmesi için buzdolabına kaldırılır, 15 dakika dinlendirilir."", ""Asma yaprakları çok tuzlu olmaması için yıkanır, tadı kontrol edilir."", ""Yapraklar tek tek damarlı kısmı üste gelecek şekilde açılır."", ""Mutfak tezgahına serilir ve içleri 1 tatlı kaşığı iç harç ile ince uzun şerit halinde doldurulur."", ""Sarma işlemi için öncelikle yaprak 1 kat katlanır, sonra kenarları içe doğru katlanır ve avuç içiyle yuvarlanır, sarmalar tek tek tencereye dizilir."", ""Bir tencere sarma dolduktan sonra üzerine bir tabak kapatılır ve tabağın kenarlarından üzerinde gözükecek kadar su eklenir. Tencerenin kapağı kapatılır ve pişmeye bırakılır. Afiyet olsun.""]"
62a9ad68-5cb2-491d-8656-1278529ad928,Peynirli Kır Pidesi,Turkey,"Lezzetli peynirli kır pidesi, pratik tarifiyle sofralarınızın vazgeçilmezi olacak",Börek & Hamur İşi,"[""2 su bardağı ılık su"", ""1 paket instant maya"", ""1/2 su bardağı süt"", ""1 yemek kaşığı toz şeker"", ""1 tatlı kaşığı tuz"", ""6 su bardağı un""]","[""Peynirleri ve baharatı bir kap içerisinde güzelce karıştırın. Ilık su, süt, toz şeker ve mayayı bir kaba alın. Karıştırın."", ""Ardından üzerine azar azar un ilave ederek yoğurun. Ele yapışmayan bir hamur elde edin. Yarım saat mayalandırın."", ""Bezelere ayırın. Her bezeyi hafif unlu tezgahta uzunlamasına olacak şekilde açın. İçine hazırladığınız harçtan koyun."", ""Üzerini kapatıp fırın tepsisine aktarın. Dilerseniz üzerine yumurta sarısı da sürebilirsiniz.En yüksek fırın ayarında 15 dakika kadar pişirin."", ""Çıkarıp sıcak sıcak servis edin. Afiyetler olsun.""]"
6c387bf4-a5f6-4be4-b2ee-56bf18bf7ceb,Çıtır Tavuk Burger,Turkey,Ev yapımı çıtır tavuk burger ile lezzet şöleni yaşayın,Tavuk Yemekleri,"[""400 gram un"", ""130 mililitresu"", ""70 mililitresüt"", ""1,5 yemek kaşığı toz şeker"", ""1 tatlı kaşığı tuz"", ""1 paket instant maya"", ""1 adet yumurta"", ""40 gram tereyağı""]","[""Ekmek için; su ve sütü bir karıştırma kabına ilave edelim. Ardından şeker, tuz, maya ve yumurtayı ilave edip iyice karıştıralım."", ""400 gram unun ortasını açıp sıvı karışımı ilave edelim."", ""Sıvı karışımı una yedirdikten sonra toparlanan hamuru hafif unladığımız tezgaha alalım. 3-4 dakika yoğurduktan sonra hamuru yayalım."", ""Yaydığımız hamura 40 gram tereyağı yedirelim ve yoğurmaya devam edelim."", ""Pürüzsüz bir kıvam alana kadar hamuru yoğuralım. Pürüzsüz kıvam alan hamuru tereyağı ile hafifçe yağladığımız bir kaba ilave edip 1 saat mayalanmaya bırakalım."", ""Ardından mayalanan hamurun havasını alalım. 85-95 gram bezeler yaparak 40 dakika daha mayalanmaya bırakalım. Mayalanan hamurların üzerine Yumurta sürelim ve fırınlayalım."", ""20 dakika sonra ekmeğinizi bir tele alıp soğumasını bekleyin."", ""Tavuk için: 600 gram tavuk göğsünü alıp ekmeğin içine uyacak şekilde doğrayalım."", ""Sos için bir kaba süt ve unu alıp çırpın. Yumurtayı ilave edin ve çırpmaya devam edin. Sodayı alın ve çırpmaya devam edin. Ardından tavukları ekleyin."", ""Baharatları karışıma ilave edin ve 1.5 saat buzdolabında bekletin."", ""Ardından tavukları çıkarıp mısır gevreğine bulayın ve kızgın yağa atın."", ""Ultra Acı sos için mayonez, acı sos, pul biber, turşu suyu, sarımsak turşusu, bal ve karabiberi blenderden geçirin."", ""Hamburger ekmeğinin içine Ultra acı sosu sürün ve tavuğu ilave edin. Ardından yanına istediğiniz garnitürlerle bu leziz tavuk burgeri deneyin. Afiyet olsun.""]"
95b302f5-ad94-4fbc-a5aa-a285d4081962,Şanlıurfa Usulü Lahmacun,Turkey,"Şanlıurfa'nın eşsiz lezzetini yansıtan, baharatlı kıyması ve ince hamuruyla öne çıkan lahmacun tarifi",Ana Yemek,"[""3 su bardağı un"", ""1 su bardağı (1 parmak fazla) ılık su"", ""250 gram kıyma"", ""1 adet kapya biber"", ""4 adet yeşil biber"", ""1 adet orta boy soğan"", ""2 adet domates"", ""4 yemek kaşığı ayçiçek yağı"", ""1 tatlı kaşığı domates salçası"", ""1 tatlı kaşığı biber salçası"", ""2 tatlı kaşığı tuz""]","[""Hamurunu hazırlamak için tezgaha un, tuz ve suyu koyun ve yoğurun. Yoğrulan hamuru 6’ya ayırın, ayrılan parçaları oklava veya merdane yardımıyla yuvarlak şeklini verin."", ""Ardından kapya biber, yeşil biber, soğan, sarımsak ve domatesi rondodan geçirin, üzerine kıyma, tuz, sıvı yağ, domates salçası ve biber salçasını ekleyip yoğurun. Yoğrulan harcınızı 10 dakika dinlendi"", ""Dinlenen harcı hamurların üzerine boşluk kalmayacak şekilde yaydırın."", ""Hazırlanan lahmacunları önceden ısıtılmış 150 derecelik fırında pişirin.""]"
78c3c3cb-f4a9-4289-953f-3169c24b1d95,Şalgamlı Bulgur Salatası,Turkey,"Şalgam suyunun ferahlatıcı tadıyla bulgurun birleştiği, pratik ve lezzetli bir salata",Ye,"[""1 su bardağı pilavlık bulgur"", ""2 su bardağı şalgam suyu"", ""10 adet kornişon salatalık turşusu"", ""1 çay bardağı zeytinyağı"", ""2 çay kaşığı tuz"", ""1 adet limon suyu""]","[""Tenceremize şalgam suyu ve bulguru alıp suyunu çekene kadar pişiriyoruz. Bulgur pişerken yeşil soğan, maydanoz ve turşumuzu ufak ufak doğruyoruz."", ""Bulgur şalgam suyunda pişince dinlendirmek için 10 dakika bekletiyoruz"", ""Daha sonra pişen bulguru karıştırma kabına alarak soğan, maydanoz, turşu, yağ ve limonu ekleyerek iyice karıştırıyoruz."", ""Daha sonra istediğimiz şekilde servis ediyoruz.""]"
425fdeb6-49ec-4e26-bae2-0a4e75486084,Yumurtasız Tiramisu,Turkey,Yumurtasız pratik tiramisu tarifi ile misafirlerinize şık ve lezzetli bir sunum yapın,Ye,"[""250 gram mascarpone peyniri"", ""1 paket krema"", ""3 yemek kaşığı şeker"", ""1 paket vanilin"", ""1 paket krema sertleştirici (isteğe bağlı)""]","[""1 su bardağı kahve hazırlayın ve 1 yemek kaşığı şekeri ekleyip karıştırın."", ""Kremayı yoğun bir kıvam alana kadar vanilin, şeker ve eğer varsa krema sertleştiricisi ile çırpın."", ""Mascarpone peynirini çırpılmış kremaya ekleyin, karışana kadar tekrar çırpın."", ""Kedi dili bisküvilerinin yarısını kahveye 1 saniye daldırıp çıkarın ve küçük bir borcama sırayla dizin."", ""Kremanın yarısını bisküvilerin üstüne döküp düzleştirin. Kakao serpin."", ""Kedi dili bisküvilerinin kalanlarını da kahveye daldırıp borcama dizin."", ""Kalan krema ile bisküvilerin üstünü örtün."", ""Kakao ile tamamını kaplayın."", ""Servis etmeden önce en az 2 saat buzdolabında dinlendirin. Afiyet olsun.""]"
7a46cf18-f6a3-4d91-ac6a-5ceb7e9faab8,Pırasa Mücveri,Turkey,"Pırasa Mücveri, lezzetli ve pratik bir atıştırmalık veya ana yemek alternatifidir",Ye,"[""2 adet pırasa (ince ise 3 adet)"", ""1 su bardağı un"", ""2 adet yumurta"", ""1 tatlı kaşığı tuz"", ""1 çay kaşığı karabiber"", ""1 çay kaşığı kimyon"", ""1 çay kaşığı pul biber""]","[""Pırasa ve maydanozlar çok küçük doğranır."", ""Bir kapta doğranmış pırasa, maydonoz, yumurta, un, tuz ve baharatlar eklenir ve karıştırılır."", ""Tavaya sıvı yağ konulur ve ısındıktan sonra kaşık yardımıyla mücverler konulur. Kısık ateşte arkalı önlü kızartılır."", ""Sarımsak rendesi ile yoğurt karıştırılır ve mücverlerle servis edilir. Afiyet olsun.""]"
6235f241-e0bf-4f2f-b70a-29edf0771316,Ballı Pırasalı Isırgan Otu,Turkey,Isırgan otunun eşsiz tadını bal ve zeytinyağıyla birleştiren sağlıklı ve lezzetli bir tarif,Ye,"[""1 yemek kaşığı bal"", ""1 çay kaşığı tuz"", ""1 yemek kaşığı zeytinyağı""]","[""Pırasayı inci ince doğradıktan sonra zeytinyağı ile kavuruyoruz."", ""Güzelce yıkanmış ve doğranmış ısırgan otunu pırasaya ilave ederek kavurmaya devam ediyoruz."", ""Tuz ilave edip lezzetlendirdikten sonra soğumaya bırakıyoruz"", ""Ayrı bir yerde sarımsaklı yoğurt hazırlayıp kavurduğumuz sebzeler ile birleştiriyoruz."", ""Servis tabağına alarak üzerine bal gezdiriyoruz. Afiyet olsun.""]"
2cb949ac-0d61-4fbe-8ad6-7b0fc6c1f31e,Bebe Bisküvili Cheesecake,Turkey,"Bebe bisküvili cheesecake, pratik ve lezzetli bir tatlı seçeneği sunar",Ye,"[""1 paket bebe bisküvisi"", ""80 gram tereyağı (erimiş)"", ""150 gram pudra şekeri"", ""1 adet yumurta sarısı"", ""1 yemek kaşığı yer fıstığı ezmesi"", ""1 paket krema"", ""1 paket krem peynir"", ""1 su bardağı kadayıf (kırık)""]","[""Bebe bisküvilerini mutfak robotunda çekin, teryağı ile karıştırın ve cheesecake kalıbının içine eş kalınlıkta olacak şekilde yayın."", ""Cheesecake tabanını dondurun."", ""Pudra şekeri ve yumurta sarısını çırpın. Yerfıstığı ezmesini, krema ve krem peyniri ekleyerek çırpmaya devam edin."", ""Donmuş tabanın kenarlarına bebe bisküvilerini dizin ve dolguyu doldurun."", ""İyice donana ve iyice tadını alana kadar 1-2 saat buzdolabında dinlendirin. Kadayıfla süsleyin ve işte bu kadar, afiyet olsun!""]"
30718661-bf3e-4ac7-ab46-4626fee1badf,5 Dakikada Tavuk Burger,Turkey,"Pratik ve lezzetli tavuk burger, sadece 5 dakikada sofranızda",Ye,"[""3 adet burger ekmeği"", ""3 adet tavuk but (ızgaralık şekilde açılmış)"", ""1/2 su bardağı süt"", ""1/2 çay bardağı zeytinyağı"", ""1 su bardağı un"", ""1,5 tatlı kaşığı tuz"", ""1 tatlı kaşığı kimyon"", ""1 tatlı kaşığı köri"", ""1 tatlı kaşığı kırmızı toz biber"", ""1 tatlı kaşığı karabiber"", ""2 yemek kaşığı sıvı yağ (kızartmak için)""]","[""Tavuklar bir kaba alınır. Üzerine süt ve yağ dökülür. 2 dakika bekletilir."", ""Un ve baharatlar harmanlanır. Sütten çıkarılan tavuklar önce una bulanır."", ""Sonra da kızgın yağda pişirilerek peynir ve marul ekleyerek burger ekmeğinin arasına konur. Afiyet olsun.""]"
531a5092-f277-4ed1-804e-29ede5333f6f,Sıkma Köfte,Turkey,"İç harcıyla zenginleşmiş, doyurucu ve lezzetli bir geleneksel Türk mutfağı lezzeti",Ye,"[""1.5 su bardağı irmik"", ""1.5 su bardağı köftelik ince bulgur"", ""2 su bardağı ılık su""]","[""Sıkma köfte için irmik ve bulgurun üstüne sıcak su ilave ederek on dakika bekletin."", ""Hamurlarınızdan fındık büyüklüğünde parçalar koparıp yuvarlayın. Ortasına parmağınızla bastırın."", ""Kaynayan suya atarak on dakika kadar haşlayın."", ""Tereyağında sarımsağı kavurun."", ""Kokusu çıkınca salça, domates rendesini de ekleyerek kavurun."", ""Ardından sosla buluşturun. Bir süre daha pişirdikten sonra ocaktan alabilirsiniz."", ""Sıkma köfte hazır. Maydanoz yapraklarıyla süsleyerek servis edebilirsiniz. Afiyet olsun.""]"
6639f125-85d3-4a3b-aebf-7a3ecbe7c409,Kıymalı Patates Yemeği,Turkey,"Kıymalı patates yemeği, doyurucu ve lezzetli bir klasik",Et Yemekleri,"[""4 adet patates"", ""250 gram kıyma"", ""1 yemek kaşığı domates salçası"", ""1 adet kuru soğan"", ""3 yemek kaşığı zeytinyağı""]","[""Kıymalı patates yemeğini hazırlamak için önce patatesleri soyun ve küp küp doğrayın."", ""Bir tencereye zeytinyağını alın. Yemeklik doğradığınız soğanı pembeleşene kadar kavurun. Ardından kıymayı ekleyin, suyunu salıp çekene kadar kavurmaya devam edin. Salçayı ilave edin ve kokusu çıkana k"", ""Doğradığınız patatesleri tencereye ekleyin ve karıştırın. Üzerine rendelenmiş sarımsakları ve patatesleri kaplayacak kadar sıcak suyu ekleyin."", ""Baharatlarını da ekleyip, karıştırın. Tencerenin kapağını kapatın, kaynamaya başladıktan sonra altını kısın. Patatesler yumuşayana kadar yaklaşık 15-20 dakika pişirin."", ""Hazır olan kıymalı patates yemeğini sıcak sıcak servis edin.""]"
72a8f2e4-2c07-4763-adbe-f263dacbdefe,Hingel,Turkey,Ev yapımı lezzetli ve pratik bir hamur işi,Ana Yemek,"[""2 su bardağı un (220 g)"", ""1 adet orta boy yumurta"", ""1/2 su bardağı su (90 ml)"", ""1 tatlı kaşığı tuz (8 g)""]","[""Geniş bir kaseye alınan unun ortası açılır. İçinde tuz eritilen su ve yumurta eklenerek karıştırılır. 5-10 dakika yoğurularak sert bir hamur elde edilir. Üzeri streç filmle kapatılarak dinlendirilir."", ""Bu sırada kıyma, küçük kesilmiş soğan, baharatlar ve tuz karıştırılıp buzdolabında bekletilir."", ""Dinlenen hamur iki bezeye ayrılır. Bezeler 1 mm kalınlığında açılır. Açarken yapışırsa çok az un serpilir. Su bardağıyla yuvarlaklar kesilir."", ""Ortasına 1 tatlı kaşığı kadar iç malzeme konur. Uç kısmı kapatılır. Bir sağ bir sol kenardan olmak üzere birbiri üzerine katlanarak kapatılır."", ""Geniş bir tencerede 3 litre kadar su kaynatılır. 1 yemek kaşığı tuz eklenir. Hingeller suya atılır. Suyun yüzeyine çıkan hingeller 5 dakika daha kaynatılır."", ""Kevgirle alınıp suyu süzdürülen hingeller servis tabağına alınır. Üzerine kırmızı biberli sıcak tereyağı gezdirilir. Sarımsaklı yoğurtla servis edilir. Afiyet olsun.""]"
d23cb5de-cbe3-4f84-ab38-589eeb8b5301,Çaylı Portakallı Kek,Turkey,"Portakalın ferahlatıcı tadı ve çayın eşsiz aromasıyla birleşen bu kek, çay saatleriniz için mükemmel bir seçenek",Ye,"[""3 adet yumurta"", ""1/2 su bardağı hurma özü"", ""1/2 su bardağı portakal suyu"", ""1/2 su bardağı zeytinyağı"", ""1 adet portakal kabuğu rendesi"", ""2,5 su bardağı tam buğday unu"", ""1 paket kabartma tozu""]","[""Yumurtaları iyice köpürene kadar çırpıyoruz. Üzerine hurma özünü koyuyoruz ve çırpmaya devam ediyoruz."", ""Portakal suyu, çay ve zeytinyağını da ekliyoruz."", ""Un,kabartma tozu ve portakal kabuğu eendesini ekleyip homojen olana kadar çırpıyoruz."", ""Yağlı kağıt serili baton kalıpta önceden ısıtılmış 180 derecelik fırında 25-30 dakika pişiriyoruz."", ""Mis kokulu kekimiz hazır, üzerine daha önceden havuçlu kek üzerine yaptığım kremayı yapabilirsiniz daha da lezzet katacaktır. Afiyet olsun.""]"
7b19ad87-f11a-49db-ad58-cc0047d0ebb5,Pratik Çilekli Manolya Tatlısı,Turkey,Lezzetli çilekler ve kremsi dokusuyla pratik ve ferah bir tatlı,Ye,"[""1 litre süt"", ""100 mililitresüt kreması"", ""1 su bardağı (bir parmak eksik) şeker"", ""4 yemek kaşığı un"", ""1 adet yumurta"", ""1 paket vanilya"", ""1 paket bebe bisküvisi""]","[""Süt, un, şeker, yumurta ve kremayı tencereye alıp pişene kadar karıştıralım."", ""Muhallebi kaynayıp göz göz olduktan sonra ocaktan alarak 1 paket vanilya ekleyelim."", ""Robottan çekilmiş bebe bisküvilerini kupların altına ekleyelim. Orta katman olarak meyve ve muhallebiyi ekledikten sonra tekrar bisküvi katmanı ekleyelim. Afiyet olsun.""]"
fc857bde-e501-48d4-9998-a4cb05ee2bae,Röşti Usulü Patates Cipsi,Turkey,"Röşti usulü hazırlanan bu çıtır patates cipsi, kaşar peyniriyle harmanlanarak lezzetli bir atıştırmalık sunuyor",Ye,"[""1 adet büyük boy patates (rendelenmiş, suyu sıkılmış)"", ""2 yemek kaşığı oda sıcaklığında tereyağı"", ""50 gram rendelenmiş kaşar peyniri"", ""1 çay kaşığı tuz""]","[""Tüm malzemeleri bir kase içerisine alarak karıştırın."", ""Bir kaşık yardımıyla porsiyonlayarak tost makinesine alın. Makinenin kapağını kapatarak 15 dakika pişirin ve sıcak olarak servis edin.""]"
c6b33387-7042-4a85-a7ff-42af719572b4,Kremalı Mantar Çorbası,Turkey,"Zengin ve kremsi dokusuyla sizi ısıtacak, lezzetli bir başlangıç",Ye,"[""2 yemek kaşığı tereyağı"", ""400 gram mantar"", ""2 yemek kaşığı un"", ""4 su bardağı tavuk suyu"", ""1-1,5 su bardağı su"", ""1 tatlı kaşığı tuz"", ""1 çay kaşığı karabiber"", ""200 mililitrekrema""]","[""Tereyağını tencerede eritin, ince ince doğranmış mantar ve rendelenmiş sarımsakları ekleyip mantarlar suyunu çekene kadar pişirin."", ""Unu ekleyin, baharatlandırın ve kavurun."", ""Un kokusu çıkınca yavaşça ve sürekli karıştırarak sularını ekleyin ve kaynamaya bırakın."", ""Çorba kaynayınca ocaktan alın kremayı sürekli karıştırarak ilave edin ve tekrar ocağa alıp bir taşım kaynatın.""]"
abd50ca2-af82-47d5-b18e-62390104b1ee,Tuzda Çipura,Turkey,"Tuzun içinde pişen çipura, lezzetini ve nemini içinde saklayarak harika bir tat sunar",Ana Yemek,"[""2 adet çupra (temizlenmiş)"", ""3 kilogram kaya tuzu"", ""3 adet yumurta"", ""3 yemek kaşığı rezene tohumu"", ""2 adet limon kabuğu rendesi"", ""2-3 adet taze soğan""]","[""Tuzu derince bir kaba alın. Üstüne bir yumurtaları kırın, rezene tohumlarını serpin ve limon kabuğu rendelerini ilave edin. Güzelce karıştırın ve bir kenara alın."", ""Balıkların karnını; taze kekik, maydanoz ve taze soğanlarla doldurun. Hazırladığınız tuzun 3’te 1’ini tepsinin dibini tamamen kaplayacak şekilde ve yaklaşık 1 cmlik bir tabaka olacak şekilde tepsiye y"", ""Üstüne karnını doldurduğunuz balıkları yerleştirin ve kalan tuzla balıkları güzelce kaplayın. Balıkların üstünde yerlerini de belli edecek minik tuz tepeleri olacak."", ""Önceden ısıtılmış 245 derece fırında yaklaşık 15 dakika bu şekilde pişmeye bırakın. Balıklar pişerken sosunu hazırlayın."", ""Sarımsakları bir havanda tamamen ezilene dek dövün, üstlerine safranı ilave edip tekrar dövün, zeytinyağını damla damla ilave ederek, pürüzsüz bir sos elde edene dek karıştırmayı sürdürün. Biraz da tu"", ""Balıkları fırından alın ve 10 dakika kadar tepsiyi bir kenarda soğumaya bırakın. Tepsideki tuz taş gibi sertleşmiş olacak, bir bıçağın ucuyla balıkların belli olduğu tuz tepesinin knarların hafif hafi"", ""Tuz bir kalıp şeklinde balıkların üstünden kalkacaktır. Balıkları tuzlardan tamamen arındırın, gerekirse bir mutfak fırçasıyla üstünde kalan tuz parçalarını temizleyin ve bir servis tabağına alın."", ""Yanında aioli sosu ve mevsim salatasıyla sıcak olarak servis edin.""]"
db5f71e3-80bf-4210-8859-55dc75c54ef7,Kakaolu Cupcake,Turkey,"Mis gibi kokan, yumuşacık dokusuyla büyüleyen kakaolu cupcake'ler hem göze hem damağa hitap ediyor",Ye,"[""2 adet yumurta"", ""1 su bardağı toz şeker"", ""2 yemek kaşığı eritilmiş tereyağı"", ""1/2 çay bardağı sıvı yağ"", ""1 çay bardağı süt"", ""2 su bardağı un"", ""2 yemek kaşığı kakao"", ""1 paket vanilya"", ""1 paket kabartma tozu""]","[""2 adet yumurtayı 1 su bardağı toz şekerle birlikte çırpın."", ""Ardından üzerine sırasıyla 2 yemek kaşığı eritilmiş tereyağı, yarım çay bardağı sıvı yağ ve 1 çay bardağı süt ilave ederek çırpma işlemine devam edin."", ""Üzerine 2 su bardağı un, 2 yemek kaşığı kakao, 1 paket vanilya ve kabartma tozu ilave edin."", ""Spatula yardımıyla güzelce karıştırın."", ""Hazırladığınız harcı yağlanmış kalıplara pay edin ve daha önceden ısıtılmış 175 derecelik fırında yaklaşık 20 dakika kadar pişirin."", ""Kreması için; 200 gram oda sıcaklığında tereyağını kremamsı bir kıvam alana kadar çırpın. Üzerine 4 yemek kaşığı süt, 1 paket vanilya ilave edip çırpmaya devam edin."", ""Son olarak 1 su bardağı pudra şekerini ekleyin ve bütünleşene kadar karıştırmaya devam edin."", ""Soğuyan keklerinizin üzerini hazırladığınız kremayı sıkın."", ""Çilek ve pasta süsü yardımıyla süsleyin. Ardından servis edin. Afiyet olsun.""]"
83af604f-7670-4767-97a6-65ce9bc56066,Kar Topu Tatlısı,Turkey,"Hindistan cevizi ve krema ile hazırlanan, pratik ve lezzetli bir tatlı",Tatlı,"[""1 su bardağı krema (200 ml)"", ""1 su bardağı toz şeker"", ""3,5 su bardağı Hindistan cevizi"", ""10 adet fındık""]","[""Bir kapta krema ve toz şekeri mikser yardımıyla, şeker eriyene kadar çırpın."", ""Şekeri erimiş karışımın üzerine azar azar Hindistan cevizini ilave ederek kurabiye hamuruna benzer bir kıvam elde edin."", ""Karışımdan ceviz büyüklüğünde parçalar alın ve ortasına bütün fındık ilave edip, yuvarlayın."", ""Buzdolabında yaklaşık 1 saat kadar dinlendirin."", ""Servis etmeden önce, çikolatayı benmari usulü eritin ve bir kaşık yardımıyla kartopu tatlısının üzerinde gezdirin."", ""Üzerlerine toz Antep fıstığı serpiştirerek servis edin.""]"
d46f3a9c-4842-4d57-9715-708915ceb372,Leblebi Tozlu Kurabiye,Turkey,Lezzetli ve pratik leblebi tozlu kurabiye tarifi,Tatlı,"[""160 gram pudra şekeri (1 su bardağı)"", ""300 gram leblebi tozu"", ""1 su bardağı sıvı yağ"", ""210 gram un""]","[""1 su bardağı pudra şekeri, 1,5 su bardağı leblebi tozu, 1 su bardağı sıvı yağı uygun bir kapta iyice harmanlıyoruz."", ""Harmanladıktan sonra 1,5 su bardağı unu ekleyerek hamur haline getiriyoruz."", ""Hamurumuzdan ceviz büyüklüğünde parçalar kopararak istediğimiz şekli veriyoruz."", ""Şekil verdiğimiz kurabiyelerimizi 170 derecelik fırına veriyoruz."", ""15 dakika sonra pişmiş olan kurabiyelerimizi fırından alarak soğumasını bekliyoruz."", ""Soğuyan kurabiyelerimiz artık servise hazır. Afiyet olsun.""]"
bf697007-3bb4-4414-9d24-7a85e6e00831,Tuile Somon,Turkey,Ince ve çıtır somon dilimleri ile şık bir başlangıç,Balık & Deniz Ürünleri,"[""2 adet somon"", ""1/2 çay kaşığı tuz"", ""1/2 çay kaşığı karabiber"", ""1/2 çay kaşığı kırmızı toz biber"", ""2 yemek kaşığı zeytinyağı""]","[""Tuile için tüm malzemeyi iyice karıştırıp tavada kuruyana kadar pişirin."", ""Peçete üzerine alarak soğumaya bırakın. Tabağınızı dekore etmek için kullanın."", ""Pesto sos için zeytinyağı hariç tüm malzemeleri rondodan geçirin."", ""Üzerine yavaş yavaş zeytinyağı ekleyerek sos kıvamı almasını sağlayın. (İsterseniz hazır pesto sosu da kullanabilirsiniz.)"", ""Somon için: zeytinyağında tüm baharatları ve sarımsakları karıştırın."", ""Balıkların üzerine hazırladığınız yağlı karışımı gezdirin ve 1 saat buzdolabında dinlendirin."", ""Fırında 180 derecede yaklaşık 25 dakika pişirin."", ""Pesto sostan servis edeceğiniz tabağa 1 yemek kaşığı sürün üzerine balığınızı yerleştirip afiyetle yiyin."", ""Pesto sos için kullandığınız çam fıstıklarından 1 yemek kaşığı kadarını kavurarak tabak sunumunda kullanabilirsiniz.""]"
3ee9dcf2-2538-4d6b-87dc-cb714a39ee3e,Fırında Helva,Turkey,"Fırında helva, ceviz ve limon suyuyla zenginleştirilmiş, çıtır çıtır ve lezzetli bir tatlı alternatifidir",Tatlı,"[""250 gram tahinli helva (sade)"", ""1/2 su bardağı dövülmüş ceviz"", ""1 yemek kaşığı limon suyu"", ""1 çay bardağı süt"", ""1,5 tatlı kaşığı tereyağı""]","[""Helvayı küp küp doğrayın. Bir kabın içerisine alın ve ezin. Üzerine kıyılmış cevizi ilave edin."", ""Üzerine süt, oda sıcaklığındaki tereyağı ve limon suyunu ilave edin."", ""Fırın kabına aktarın. Üzerine susam serperek süsleyin. 190 derecede önceden ısıtılmış fırında üzeri kızarana kadar yaklaşık 15 dakika pişirin.""]"
a8d05b11-bcd8-492b-a992-7e0ee07d64ee,Çilek Reçeli,Turkey,"Taze çileklerin şekerle buluştuğu, lezzetli ve pratik bir ev yapımı reçel tarifi",Ana Yemek,"[""2 kilogram çilek"", ""8 su bardağı toz şeker"", ""1 çay kaşığı (tepeleme) dövülmüş limon tuzu (arzuya göre 1 adet limonun suyu)"", ""1 tatlı kaşığı tereyağı""]","[""Çilekleri bol suyla yıkayın ve sapları kopartın. Eğer çilekleriniz çok büyükse ikiye ya da üçe kesebilirsiniz ama orta boyda iseler bütün bırakabilirsiniz."", ""Saplarını kopardığınız çilekleri tekrar bol suyla yıkayın ve kurutun. Geniş bir tencereye çileklerin bir kısmını dizin, toz şekeri üstlerine serpin. Toz şeker ve çilek bitene dek aynı işlemi uygulayın"", ""Bekleme süresinin sonunda çilekler oldukça fazla su salmış ve şeker tamamen erimiş olacak."", ""Eğer çilekleriniz yeteri kadar su salmamışsa, 1 çay bardağı kadar su ekleyebilirsiniz. Suyunu salmış olan çilekleri ocağa alın ve ara ara narince karıştırarak, kaynayana dek pişirin."", ""Kaynamaya başlayınca daha az köpürmesi için 1 tatlı kaşığı tereyağını ekleyin ve altını kısın ve 30- 35 dakika kadar kontrollü olarak pişirin. Kaynama süresince üstünde biriken köpüğü alıp atın. Kayna"", ""Sterilize edilmiş bir kavanoza doldurun ve kapaklarını kapatıp ters çevirin. Soğuduktan sonra dilediğiniz gibi tüketebilirsiniz. Afiyetler olsun!""]"
50ba30b0-4a2e-440e-87d1-e2ad27bd13ee,Mantarlı Tavuklu Krep Makarna,Turkey,"Mantarlı tavuklu krep makarna, pratik ve lezzetli bir ana yemek alternatifidir",Pilav & Makarna,"[""1,5 su bardağı un"", ""3/4 su bardağı süt"", ""1/2 su bardağı su"", ""1 yemek kaşığı zeytinyağı"", ""1 tatlı kaşığı tuz"", ""2 adet yumurta""]","[""Un, süt, su, zeytinyağı, tuz ve yumurtayı pürüzsüz bir karışım olana kadar çırpın."", ""1 tatlı kaşığı zeytinyağıyla ısınmış tavayı yağlayın."", ""Kepçeyle krep hamurunu ısınan tavaya dökün. Kepçenin tersiyle hamuru yayabilirsiniz."", ""İki yüzü de iyice pişinceye kadar çevirerek pişirin.""]"
c3cf42a5-1550-4175-b39a-919966c54e7c,Nutellalı Pizza,Turkey,Nutella sevenler için harika bir tatlı pizza tarifi,Ana Yemek,"[""1,5 su bardağı un"", ""1/2 su bardağı ılık su"", ""1/2 tatlı kaşığı kuru maya"", ""1 yemek kaşığı süt"", ""1 yemek kaşığı zeytinyağı"", ""1/4 çay kaşığı tuz""]","[""Pizza hamurunu hazırlamak için; kuru mayayı ılık suyla karıştırdıktan sonra mayanın aktive olması için 10 dakika kadar bekletin."", ""Elenmiş un ve tuzu derin bir karıştırma kabına alın. Zeytinyağı ve süt eklediğiniz sıvı maya karışımını unun orta kısmına ekledikten sonra tüm malzemeyi hamur toparlanana kadar yoğurun."", ""Tek bir beze haline gelen pizza hamurunu, üzerini hafif nemli bir pamuklu bezle örttükten sonra oda ısısında mayalanması için 30 dakika kadar bekletin."", ""Oda ısısında mayalanan hamuru daha kolay bir şekilde açılması ve gevrek olması için; streç film ile sarıp, buzdolabında en az 30 dakika daha bekletin."", ""Yaklaşık 30 cm. çapında çıtır çıtır kızaran, gevrek bir pizza tabanı elde etmek için beklettiğiniz hamuru yağlı kağıt ya da unlanmış mutfak tezgahı üzerinde bir oklava yardımıyla açın."", ""Hamurun alt ve üst kısmının eşit derecede pişmesi için açtığınız hamuru, delikli bir pizza tabanı ya da yağlı kağıt üzerine alın ve fırın ızgarasının üzerine yerleştirin."", ""Delikli bir pizza tabanınız yoksa fırın tepsisi kullanmayın. Yağlı kağıt ile birlikte direkt olarak ızgara teli üzerine yerleştirin. Bu şekilde alttan ve üstten eşit ısıda pişecektir. Çok fazla kabarm"", ""İnce hamur pizzayı önceden ısıtılmış 250 derece fırında 10-12 dakika kadar pişirin."", ""Bu sırada bir tencerede bulunan kaynayan su buharı üzerine yerleştirdiğiniz ayrı bir kapta kuvertür beyaz çikolatayı, alttan üste doğru karıştırarak eritin."", ""Fırından çıkan sıcak pizzayı soğuması için dinlendirdikten sonra üzerini nutella ya da arzu ettiğiniz bir çikolata ezmesiyle kaplayın."", ""Benmari usulü eritilmiş beyaz çikolatayı küçükten büyüğe giden halkalar halinde nutellalı pizza üzerine gezdirin. Bir kürdan yardımıyla beyaz çikolatayı dalga dalga dağıtıp pizzaya son şeklini verin."", ""Arzuya göre çilek dilimleri, fındık içi ya da file bademle süslediğiniz çikolatalı pizzayı dilimledikten sonra sevdiklerinizle paylaşın.""]"
aec2875d-c271-4c8e-8fd1-31f5efaec3bc,Heftebecer,Turkey,"Lezzetli ve pratik Heftebecer, organik tavuk, taze patates ve domatesle hazırlanan doyurucu bir ana yemek",Ana Yemek,"[""1 adet organik tavuk"", ""3 adet patates"", ""3 adet domates"", ""3 adet patlıcan"", ""2 adet soğan"", ""2 adet yeşil biber"", ""2 adet erik"", ""100 gram tereyağı"", ""1 çay kaşığı tuz"", ""1 tatlı kaşığı karabiber""]","[""Tavuğu parçalara ayırın, sebzeleri halka şeklinde doğrayın, yeşillikleri de küçük doğrayın."", ""Bir tepsinin içine ilk olarak soğanları, sonra tavuk etlerini daha sonra diğer sebzeleri, en üst katta domatesleri sırayla kat kat dizin."", ""Baharatları, erikleri, yeşillikleri ve tereyağını ekleyerek kapağını kapatın ve kısık ateşte 40-45 dakika pişmeye bırakın. Afiyetler olsun!""]"
f1775b32-bfbb-4c86-a8f6-709aa4000c1a,Elmalı Tart,Turkey,Tereyağlı hamuru ve şerbetli elmalarıyla harika bir lezzet,Ana Yemek,"[""125 gram margarin"", ""1 adet yumurta"", ""1 çay bardağı pudra şekeri"", ""1 çay bardağı sıvı yağ"", ""1 çay bardağı yoğurt"", ""1 su bardağı nişasta"", ""1/2 paket kabartma tozu"", ""1 paket vanilya"", ""3-3,5 su bardağı un""]","[""Soyup rendelediğimiz elmaları toz şekerle kavuruyoruz, altını kapatıp tarçını ekliyoruz ve soğumaya alıyoruz."", ""Hamuru için un hariç bütün malzemeyi karıştırıyoruz, unu da yavaş yavaş ekleyip yumuşak bir hamur elde ediyoruz."", ""Yağladığımız tart kalıbına hamuru yerleştiriyoruz, iç harcı üzerine yayıp üzerini istediğimiz gibi süslüyoruz."", ""180 derece fırında üzeri kızarana kadar pişiriyoruz. Soğuttuktan sonra kalıptan çıkartıp pudra şekeri serpiyoruz. Afiyet olsun.""]"
4a6cafa8-3a40-446e-ab15-07fdbffa14de,Siyez Unlu Brownie,Turkey,Siyez unu ve Hindistan cevizi ile hazırlanan sağlıklı ve lezzetli brownie tarifi,Ana Yemek,"[""6 yemek kaşığı Hindistan cevizi"", ""100 gram bitter çikolata"", ""2 adet yumurta"", ""1 tatlı kaşığı vanilya özütü"", ""1 su bardağı (bir parmak eksik) esmer şeker"", ""1 su bardağı siyez unu"", ""1 çay kaşığı kabartma tozu"", ""1/2 çay kaşığı tuz"", ""1/2 su bardağı çikolata (kıyılmış)""]","[""Hindistan cevizi yağı ve 100 gram bitter çikolatayı eritin."", ""Yumurta, esmer şeker ve vanilyayı çırpın. Ilınan çikolatalı karışımı ekleyin kısacık çırpın."", ""Un, tuz ve kabartma tozunu bir kapta karıştırıp yumurtalı karışıma ekleyin."", ""En son doğranmış çikolataları ekleyip kısacık karıştırın."", ""179 derecede önceden ısınmış fırında yaklaşık 30 dakika kadar pişirin. Soğuyunca dilimleyiniz. Afiyet olsun.""]"
e46b6a1e-861b-443b-a5a1-825f170cafdc,Fasulye Ekşilisi,Turkey,"Yaz aylarının ferah lezzeti, limonlu sosuyla harika bir fasulye yemeği",Sebze Yemekleri,"[""500 gram taze fasulye"", ""2 adet domates"", ""1/2 adet limonun suyu"", ""1/2 çay bardağı elma sirkesi"", ""1/2 çay bardağı zeytinyağı""]","[""Taze fasulyelerin kenarlarındaki kılçıkları ayıklayıp uzunlamasına ince ince kesin. Bol tuzlu kaynar suda fasulyeleri diriliklerini hafif kaybedene kadar yaklaşık 15 dakika haşlayın."", ""Fasulyeler haşlanırken sos için, bir kabın içine domatesleri rendeleyin. Limon suyu, elma sirkesi, tuz, karabiber, ezilmiş sarımsak ve zeytinyağını ekleyip karıştırın."", ""Fasulyeler haşlanınca süzün ve sıcakken sosla harmanlayın."", ""Fasulye ekşilisini servis tabağına alın, üstüne ince kıyım dereotu ekleyip ılık ya da soğuk olarak servis edin.""]"
5b01ed7f-a06b-490b-9d33-b96d8e4409e9,Pratik Dondurma,Turkey,"Sadece üç malzemeyle hazırlayabileceğiniz, sağlıklı ve lezzetli ev yapımı dondurma tarifi",Tatlı,"[""2 adet orta boy muz"", ""1 yemek kaşığı yer fıstığı ezmesi"", ""80 gram çikolata"", ""1 tatlı kaşığı Hindistan cevizi yağı (İsteğe Bağlı)""]","[""Muzları ve yer fıstığı ezmesini bir kasede püre haline getiriyoruz."", ""Püre haline gelen iç malzemeyi dondurma kalıplarına yerleştirip, dondurucuda en az 1 saat bekletiyoruz."", ""Benmari usulü erittiğimiz çikolataya 1 tatlı kaşığı Hindistan cevizi yağı ekleyerek iyice karıştırıyoruz ve çikolatayla dondurmamızı kaplıyoruz."", ""Çikolata ile kapladıktan sonra çubuğundan aşağı doğru tutarak elinizde bir iki dakika dinlendirip servis yapabilirsiniz. Eğer elinizde dinlendirmeden servis yaparsanız çikolatası tabağınıza bulaşabili""]"
3832fcca-0699-4238-93b3-107f588643b5,Remoulade Sos,Turkey,"Kremamsı ve baharatlı Remoulade sos, sandviçler ve deniz ürünleri için mükemmel bir lezzet katmanıdır",Ana Yemek,"[""1 su bardağı mayonez (200 gram)"", ""2 yemek kaşığı taneli hardal"", ""1 yemek kaşığı hardal"", ""2 yemek kaşığı ketçap"", ""1 yemek kaşığı limon suyu"", ""1 yemek kaşığı worcestershire sos"", ""1 yemek kaşığı üzüm sirkesi"", ""6 adet arpacık soğan (parçalara bölünmüş)"", ""1 çay kaşığı toz kırmızı biber"", ""1 çay kaşığı acı biber sosu"", ""1/2 çay kaşığı karabiber (öğütülmüş)"", ""1/4 çay kaşığı tuz""]","[""Tüm malzemeleri robot kabına koyun."", ""Sos kıvamına gelene kadar robotta çekin. Afiyet olsun.""]"
725f2378-63ca-4744-94b4-94009ffac15d,Volkan Kek,Turkey,"Bitter çikolata ve tereyağı ile hazırlanan, ağızda dağılan lezzetli bir kek",Tatlı,"[""125 gram tereyağı"", ""125 gram bitter çikolata"", ""2 adet yumurta sarısı"", ""1 adet yumurta"", ""62 gram toz şeker"", ""40 gram un"", ""1 çay kaşığı vanilya""]","[""İlk olarak tereyağını bir tavada eritip, çikolatayı koyun ve eriyene kadar karıştırın."", ""Bir kabın içine; yumurta, toz şeker, vanilyayı koyup, karıştırın."", ""Ardından erittiğimiz çikolatayı ve unu ekleyip, iyice karıştırın."", ""Kalıpları tereyağı ile yağlayıp, hafif un eleyip karışımı kalıplara eşitlik olarak paylaştırın."", ""Bir parmak eksik olsun. Fırına verip 10 dakika pişirin. Sıcak olarak servis edin. Afiyet olsun.""]"
d9de0ac3-7355-4a9c-9e86-6544e66c79bc,Balık Burger,Turkey,"Lezzetli ve pratik balık burger, damaklarda unutulmaz bir tat bırakıyor",Balık & Deniz Ürünleri,"[""1 su bardağı un"", ""2 yemek kaşığı sirke"", ""6 adet buz"", ""2 adet levrek fileto""]","[""Balık filetoları ikişer eşit parçaya kesin ve varsa kılçıklarını alın."", ""Un, tuz, maden suyu ve sirkeyi karıştırın. Buzları ekleyin ve karıştırmaya devam edin."", ""Balıkları harca batırın. Fazlasını süzün. Kızgın yağda arkalı önlü 4-5 dakika pişirin.""]"
6b9c7844-d646-4f9b-afe5-57d5ab26b92f,Limonata,Turkey,"Yaz aylarının serinletici ve ferahlatici içeceği, ev yapımı limonata",İçecek,"[""5 adet orta boy limon"", ""1 adet orta boy portakal"", ""7 yemek kaşığı şeker"", ""1,5 litre su""]","[""Limonları güzelce yıkayalım. Daha sonra limonların ve portakalın kabuğunu rendeleyelim.(Beyaz yerini rendelemeyin acı olur.) Kabukları rendeledikten sonra şekerle çok iyi karıştırın."", ""Sonra limon ve portakalın suyunu sıkıp rendelenmiş kabukların üzerine dökün.Daha sonra suyunu da ekleyin."", ""Sonra hepsini süzgeçten geçirin. Sürahi ve şişelere doldurun. Afiyet olsun.""]"
f5b1e9a7-e484-4af6-91d2-d40ab9f731f2,Evde Kolay Ekmek,Turkey,"Evde pratik bir şekilde hazırlayabileceğiniz, mis gibi kokan yumuşacık ekmek tarifi",Börek & Hamur İşi,"[""1,5 su bardağı süt"", ""1 paket instant maya"", ""1 tatlı kaşığı şeker"", ""1 tatlı kaşığı tuz"", ""3,5 su bardağı un"", ""1 yemek kaşığı yoğurt""]","[""Sütü ısıtalım. Mayamızı, şekeri ve tuzu ekleyip karıştıralım."", ""Kontrollü bir şekilde unumuzu ekleyelim, yumuşak ele yapışmayacak bir kıvamda olacak hamurumuz."", ""Hamurun üzerini kapatalım, bir saat kadar mayalanmaya bırakalım. Mayalandıktan sonra hafif un serilmiş tezgaha alalım ve havası çıkana kadar yoğuralım."", ""Dilediğimiz şekli verelim ve yağlı kağıt serilmiş tepsimize dizelim. Üzerine keskin bir bıçakla çizik atalım ve üzerine yoğurdunu sürüp üzerine ince un eleyip tepsi mayası için 20 dakika kadar beklete"", ""220 derece önceden ısıtılmış fırında üzerleri kızarana kadar pişirelim. Afiyet olsun.""]"
9635d6b9-b2c6-421f-a3ee-e9dde5ad9673,İslim Kebabı,Turkey,"Patlıcan, biber ve domatesin mükemmel uyumuyla hazırlanan geleneksel Türk lezzeti İslim Kebabı, fırında pişirilen enfes bir yemektir",Et Yemekleri,"[""3 kg kemer patlıcan"", ""1 kg domates"", ""1/2 kg dolmalık biber""]","[""Patlıcanlar çizgili soyularak şerit şeklinde uzun uzun kesilir ve tuzlu suda 15-20 dk bekletin."", ""Daha sonra sudan çıkarılıp kurulanır ve yağda kızartın. Ben yağsız sacda kızarttım çok az miktarda yağ kullandım."", ""Köftesi için soğanı, sarımsağı rendeleyin. Maydanozu ince ince kesin, kıyma, ufalanmış ekmek, yumurta ve baharatları ekleyerek köfteyi yoğurun."", ""Patlıcandan sonra domates ve biberleride hafif çok az yağla kızartın. Daha sonra köfteleri pişirin. Dilerseniz kızartabilirsiniz, dilerseniz de fırına verebilirsiniz."", ""2 adet patlıcan alarak artı şeklinde koyun ve ortasına 1 adet köfte koyun. Patlıcanın uçlarını köftenin üzerine koyarak bohça gibi yapın."", ""Üzerine biber ve dilimlenmiş domatesten koyarak kürdan ile açılmayacak şekilde tutturun.Tüm patlıcanları aynı şekilde yaparak fırın tepsisine dizin."", ""Ayrı bir kapta salçayı sıcak suda ezin ve patlıcanların üzerine dökün.185 derece fırında domateslerin üzeri kızarana kadar pişmeye bırakalım.""]"
ee96e824-5066-491b-a57e-13d09a4c2ef0,Kup Tiramisu,Turkey,"İtalyan mutfağının en sevilen tatlılarından olan kup tiramisu, pratik sunumu ve enfes lezzetiyle misafirlerinizi büyüleyecek",Ana Yemek,"[""6 adet büyük boy yumurta sarısı"", ""200 gram toz şeker"", ""360 gram sıvı krema"", ""240 gram labne peyniri"", ""1 yemek kaşığı gr anül kahve"", ""1 su bardağı su"", ""12 adet kedidili bisküvi"", ""3 yemek kaşığı kakao""]","[""Yumurta sarısını ve şekerimizi kasenin içinde el mikseri ile çırpmaya başlayın. Bu işlemden sonra kaseyi ocaktaki tencerenin üstünden alıp kenara ılıması için koyun."", ""Başka bir kasenin içinde el mikseri ile kremayı çırpın. İyice sertleşip katılaşmalı."", ""Ilımış olan yumurta sarısının içine suyunu süzdüğünüz labneyi ekleyin. Mikser ile 10 saniye kadar çırpın."", ""Daha önceden çırpıp kenara aldığınız kremayı da ekleyip işlemi tamamlayın."", ""Su ile granül kahveyi güzelce birbirine yedirip her kaseye 2 adet kedi dili gelecek şekilde ıslatıp dilediğiniz gibi sunuma hazırlayın. Soğuyan tiramisuları kakao ekleyip afiyetle yiyin.""]"
8a2c7b30-dd62-441f-a1ae-14a068946627,Matcha Kurabiye,Turkey,"Sağlıklı ve lezzetli matcha kurabiye tarifi, muz ve tahin ile hazırlanıyor",Tatlı,"[""3 adet küçük boy olgun muz (alternatif olarak 6-7 tane hurma kullanabilirsiniz)"", ""25 mililitretahin (alternatif olarak fıstık ezmesi kullanabilirsiniz)"", ""1/2 çay kaşığı vanilya"", ""6 yemek kaşığı badem unu (alternatif olarak yulaf unu kullanabilirsiniz)"", ""1 tatlı kaşığı matcha""]","[""Muzları çatal yardımıyla püre haline gelene dek ezelim."", ""Kalan tüm malzemeleri ekleyip kaşıkla iyice karıştıralım."", ""İster elinizle ister dondurma kaşığı yardımıyla top haline getirelim ve 150 derecelik önceden ısıtılmış fırında 12 dakika pişirelim. Soğuyunca servis edelim. Afiyet olsun.""]"
6ca3a407-b16f-4824-b09e-bb5c6c58c754,Pazı Kavurma,Turkey,"Lezzetli ve pratik pazı kavurma, soğan ve zeytinyağıyla harmanlanmış sağlıklı bir ana yemek",Ana Yemek,"[""3 adet soğan"", ""1 yemek kaşığı zeytinyağı"", ""1 çay kaşığı tuz"", ""1 çay kaşığı karabiber"", ""1 çay kaşığı pul biber""]","[""Soğanları küp küp doğrayıp zeytinyağı ile kavuralım."", ""Pazıları çok minik olmayacak şekilde doğrayalım."", ""Kavrulan soğanların içine pazıyı ekleyelim ve suyunu çekene kadar kavuralım."", ""Kavrulduktan sonra tuzunu karabiberini ve pul biberi ekleyelim. Ocaktan alıp afiyetle yiyelim.""]"
fcd327ee-5aa8-4d34-88ec-bad2ef302b3b,Pancar Salatası,Turkey,"Sağlıklı ve lezzetli pancar salatası, doğal renkleri ve besleyici özellikleriyle sofralarınıza ferahlık katıyor",Salata,"[""2 adet pancar"", ""2 adet patates"", ""2 çay kaşığı tuz"", ""1 çay kaşığı karabiber"", ""2 adet havuç"", ""4 yemek kaşığı süzme yoğurt"", ""4 yemek kaşığı zeytinyağı"", ""1 çay kaşığı tuz""]","[""Pancarları ve patatesleri soyalım, dörde bölelim ve ayrı ayrı tencerelerde pişirelim."", ""Pişen patatesleri ezelim, üzerine pişen pancarları rendeleyelim. Patatesle pancarı birlikte ezerek harmanlayalım."", ""İçerisine karabiber, tuz, sarımsak ekleyelim. Tekrar karıştırıp buzdolabında bir müddet bekletelim."", ""Havuçları rendeleyip tavada yağla biraz kavuralım. Soğuyunca üzerine tuz ve süzme yoğurt ekleyip karıştıralım ve dolapta bir müddet dinlendirelim."", ""Sunum aşamasında servis tabağımızın ortasına havuçlu karışımı, etrafına ise pancarlı karışımı yerleştirelim. Üzerine zeytinyağı gezdirelim. Afiyet olsun.""]"
665fb4ae-0637-478b-bca9-8bba84a58a1f,Havuçlu Tarçınlı Cevizli Kek,Turkey,"Tarçın ve cevizin harika uyumuyla lezzetlenen, nemli ve baharatlı havuçlu kek tarifi",Tatlı,"[""3 adet yumurta"", ""1 su bardağı toz şeker"", ""1 çay bardağı sıvı yağ"", ""1 çay bardağı süt"", ""3 adet orta boy rendelenmiş havuç"", ""1 su bardağı ceviz içi (ince çekilmiş)"", ""1 tatlı kaşığı tarçın"", ""2,5 su bardağı elenmiş un"", ""1 paket kabartma tozu"", ""1 paket vanilya""]","[""Havuçları soyun, rendeleyin."", ""Cevizleri iri şekilde dövün."", ""Yumurta, toz şeker ve vanilyayı mikserle bembeyaz olana dek çırpın."", ""Süt ve sıvı yağ ekleyin, karıştırın. Unu eleyin."", ""havuç rendesi, ceviz, tarçınını ekleyin."", ""Un ve kabartma tozunu da ekleyip düşük ayarda çırpın."", ""Fırını 180 derece önceden alt üst ayarda ısıtın."", ""Kek kalıbını iyice yağlayın. Kek harcını dökün."", ""Önceden ısıtılmış 180 derecelik fırında pişirin. Afiyet olsun.""]"
896460dc-4edf-4b2b-8145-542c45bfa705,Rafine Şekersiz İrmikli Lokum,Turkey,"Sağlıklı ve doğal malzemelerle hazırlanan, rafine şekersiz irmikli lokum tarifi. Portakal suyu ve balın tatlılığıyla lezzetlenen hafif bir tatlı",Tatlı,"[""1 su bardağı portakal suyu"", ""8 yemek kaşığı irmik"", ""4 tatlı kaşığı bal""]","[""Portakal suyu ve irmiği derin bir tencereye alıp, orta ateşte pişirelim."", ""Kıvam alınca altını kapatıp, vanilya ve balı ekleyelim."", ""Daha sonra buzdolabında soğumaya bırakalım."", ""Soğuduktan sonra toplar yapalım. Afiyet olsun.""]"
7d69e9b3-3a51-4cfc-92ed-2e56aedcd4b6,Coco Pasta,Turkey,"Lezzetli ve kremsi Coco Pasta, yumuşak dokusuyla damaklarda unutulmaz bir tat bırakır",Tatlı,"[""5 adet yumurta sarısı"", ""5 adet yumurta beyazı"", ""65 gram süt (1/3 su bardağı + 2 yemek kaşığı)"", ""1/3 su bardağı sıvı yağ (50 gram)"", ""3/4 su bardağı un (80 gram)"", ""1 yemek kaşığı mısır nişastası (20 gram)"", ""40 gram Hindistan cevizi (1 su bardağı + 1 yemek kaşığı)"", ""100 gram toz şeker (1/2 su bardağı + 1 yemek kaşığı)""]","[""Kek için tüm malzemenin oda sıcaklığında olduğuna emin olun. İlk olarak derin bir kapta yumurta sarıları, süt ve sıvı yağı karıştırın."", ""Karışıma un ve nişastayı eleyerek ekleyin. Ardından Hindistan cevizlerini de ekleyip topak kalmayacak şekilde sertçe karıştırın."", ""Şekeri tavada orta ateşte bir dakika ısıtın. Ayrı bir kapta yumurta beyazlarını mikserle köpürtün ve içine sıcak şekeri azar azar ekleyip köpük sert ve parlak bir kıvam alana kadar çırpın."", ""Yumurta beyazı karışımının yarısını diğer karışıma ekleyip hızlıca karıştırın ve yedirin."", ""Kalan yumurta beyazı karışımını azar azar, spatula yardımı ile havasını kaçırmadan kek harcına yedirin."", ""Yaptığınız keke harcını tabanına yağlı kağıt serilmiş orta boy dikdörtgen bir fırın kabına dökün."", ""Harcın içinde hava kalmaması için bir kürdan ya da chopstick'i içinde nazikçe gezdirin ve tepsiyi birkaç kez tezgaha yavaşça vurun."", ""Tepsiyi içine bez koyduğunuz başka bir tepsiye yerleştirin, içine bir santimetre yüksekliğinde sıcak su koyun ve 140 derecelik fansız sıcak fırında 1 saat pişirin."", ""Pişen keki oda sıcaklığında tamamen soğuyana kadar dinlendirin. Kekin piştiği esnada pastacı kremasını da hazırlayabilirsiniz."", ""Krema için sütü, şekerin birazını ve Hindistan cevizlerini ufak bir tencerede kaynamaya bırakın."", ""Ayrı bir kapta kalan şeker, yumurtalar ve nişastayı pürüzsüz olana kadar çırpın."", ""Kaynayan sütü yumurtalı karışıma azar azar ekleyip temperleme işlemini yapın ve karışımı tekrar tencereye alıp yüksek ateşte koyulaşana kadar çırparak pişirmeye devam edin."", ""Koyulaşma başlayınca ocağın altını iyice kısın ve üç dakika daha pişirin. Pişen kremayı ocaktan alıp bir kaba aktarın, vanilini ekleyin ve içine soğuk tereyağını azar azar ekleyip çırpın."", ""Hazır olan kremanın üzerine değecek şekilde streç film serin ve kekle birlikte oda sıcaklığında soğutun."", ""Şerbet için süt ve şekeri karıştırın. Soğumuş kekin yüzeyini çatalla delin, şekerli sütü fırça yardımı ile keke yedirin.""]"
bf5dd603-a101-4b35-8492-1ba6b29f39a2,"Yeşil Çaylı, Yaseminli Mus",Turkey,"Yeşil çay ve yasemin çiçeğinin zarif aromasıyla harmanlanmış, kremsi dokulu hafif bir mus tatlısı",İçecek,"[""90 ml krema"", ""4 gram yeşil çay yaprağı"", ""3 parça yasemin çiçeği yaprağı"", ""30 gram toz şeker"", ""3 gram yaprak jelatin"", ""90 ml çırpılmış krema""]","[""Krema, yeşil çay ve yasemin yapraklarını bir sos tenceresinde ısıtın, ocaktan alır almaz toz şeker ekleyip karıştırın."", ""Bu sırada jelatini bir kap su içinde yumuşatın ve hala sıcak olan krema karışımında eritin ve homojen olana kadar karıştırın."", ""Eğer hala sıcaksa soğuyana kadar bekleyin ve çırpılmış kremayla karıştırın."", ""Dilerseniz servis kaselerine alın ya da bir sıkma poşetine koyup dolaba kaldırın."", ""En az 3 saat dolapta beklettikten sonra eğer sıkma poşetindeyse tatlıyı, kaselere alıp servis edebilirsiniz.""]"
f7e57d96-cad6-4327-98fa-3894308e0f29,Kayseri Tahinlisi,Turkey,"Kayseri'nin meşhur tatlısı tahinli, özel hamuru ve tahinli harcıyla damaklarda unutulmaz bir lezzet bırakır",Ana Yemek,"[""3,5 su bardağı un"", ""10 gram instant maya"", ""2 yemek kaşığı şeker"", ""1,5 su bardağı ılık su""]","[""Maya, ılık su , şeker ve biraz un kaseye alınıp karıştırılır. Üzeri streç ile kapatılıp 15 dakika dinlendirilir."", ""Dinlenen mayaya kalan un ve tuz katılıp, yaķlaşık 10 dakika yoğurulur."", ""Üzeri kapatılıp 1 saat mayalandırılır. Mayalan hamur 3 adet bezeye bölünür."", ""Her beze ayrı ayrı unlu tezgah ta fazla ince olmayacak şekil de oklava ile açılır."", ""Her yerine tahin sürülür ve 3 avuç şeker serpilir."", ""Yufkanın ortasın dan bir delik açarak, uca doğru rulo yapılır."", ""Biraz çekiştirerek uzatılır ve gül böreği gibi kendi etrafında sarılır."", ""Her bezeye aynı işlem uygulanır."", ""Yağlı kağıt üzerine alınır ve merdane ile uzunlamasına 1 cm kalınlığında açılıp yarim saat de bu şekilde dinlendirilir."", ""En son üzerine tahin sürülür. Şeker ve susam serpilir ve 190 derece de 20-25 dakika pişirilir. Afiyet olsun.""]"
a1e8aef7-bcf9-4f0c-8417-2c989050bcc3,Karabuğdaylı Tavuk,Turkey,"Lezzetli ve besleyici karabuğdaylı tavuk yemeği, sağlıklı bir akşam yemeği seçeneği",Tavuk Yemekleri,"[""1 adet tavuk göğsü"", ""3 yemek kaşığı zeytinyağı"", ""1 çay kaşığı tuz"", ""1 çay kaşığı karabiber""]","[""Karabuğdayı güzelce yıkayın ve haşlamak için minik bir tencereye alın. Üzerine 2 su bardağı su ilave edin."", ""Tencerenin altını açarak karabuğdaylarınızı yaklaşık 15-20 dakika kadar yumuşayana kadar haşlayın."", ""O sırada bit tavaya tavuk için gerekli zeytinyağını alın. Hafif kızdıktan sonra tavuğunuzun arkasını önünü tuzlayıp karabiberleyerek tavaya alın."", ""Tavuğunuzun içinin piştiğinden emin olana kadar arkalı önlü bir şekilde kızartın. Ardından tavadan alıp dilediğiniz şekilde dilimleyin."", ""Karabuğdayınız yumuşayınca ocaktan alın. Fazla suyunu süzdürün. Bir tabağa alın. Üzerine zeytinyağı gezdirin. Doğranmış domateslerini ilave edin. Dilimlenmiş tavuklarını da ekleyerek servis edin. Afiy""]"
e87bd4db-ddb2-431a-a231-eec4c89afa7d,Kolay Sarıyer Böreği,Turkey,"Pratik ve lezzetli Kolay Sarıyer Böreği, baklavalık yufkalarla hazırlanan çıtır çıtır bir atıştırmalıktır",Börek & Hamur İşi,"[""15-20 adet baklavalık yufka"", ""50-60 gram tereyağı"", ""4 yemek kaşığı süt"", ""500 gram kıyma"", ""2 adet büyük boy soğan"", ""2-3 çay kaşığı tuz"", ""1 çay kaşığı karabiber"", ""1 çay kaşığı kırmızı toz biber"", ""1/2 çay kaşığı yenibahar"", ""1/2 çay kaşığı tarçın"", ""2 yemek kaşığı kuş üzümü""]","[""Kıyma kendi yağında kavrulur. Soğan rondodan geçirilir,kıymaya eklenir. Baharatlar ilave edilerek pişmeye bırakılır."", ""3 adet baklava yufkası üst üste konur. Kısa kenara bolca kıymalı harçtan yayılır. Yufka sarılarak rulo yapılır, yağlı kağıt serili fırın tepsisine yerleştirilir. İç harç bitene kadar yufkalar üçerli s"", ""Geniş ve keskin bir bıçakla bütün yufkalar aynı anda 2-3 parmak genişliğinde kesilir. Üzerine heryere gelecek şekilde sos boca edilir. Önceden ısıtılmış 200 derecelik fırında kızarana kadar pişirilir."", ""Ardından çıkarılıp dilimlenerek servis edilir. Afiyetler olsun!""]"
2b9dddea-f223-41a3-8973-525635be49ac,Yaban Mersinli Muhallebi,Turkey,"Lezzetli yaban mersinleriyle zenginleştirilmiş, kremsi dokulu muhallebi tarifi",Ye,"[""2 su bardağı süt"", ""2 yemek kaşığı şeker"", ""2 yemek kaşığı un"", ""1 adet yumurta sarısı"", ""1 tutamdamla sakızı"", ""1/2 paket vanilya""]","[""Sütü ve vanılya hariç tüm malzemeyi tencereye koyup karıştırarak pişirelim."", ""Kaynayınca ocaktan alıp vanilyayı ekleyip karıştıralım. İçine bir avuç yaban mersini ekleyip kuplara koyalım."", ""Yaban mersini ve suyu ayrı bir kapta kaynatalım. Daha sonra yaban mersinlerini çıkaralım."", ""İçine nişastayı az suda çözdürerek ekleyelim. Şekeri de ekleyip kaynanana kadar karıştıralım."", ""Yarım paket vanilyayı ekleyip ocaktan alıp muhallebicinin üstüne ekleyelim. Afiyet olsun.""]"
edb6094f-f5b0-4efe-b2c9-4fbccab33bc1,Pileli Börek,Turkey,"Pratik ve lezzetli pileli börek, çay saatlerinin vazgeçilmezi",Börek & Hamur İşi,"[""2 adet yumurta"", ""1 su bardağı süt"", ""1/2 çay bardağı sıvı yağ"", ""16 adet hazır baklava yufkası""]","[""2 tane baklava yufkasını üst üste tezgaha serin."", ""Üzerine rendelenmiş peyniri serpiştirin."", ""Baklava yufkalarını iki uçtan büzerek margarin ile yağladığınız dikdörtgen borcama koyun."", ""Kalan baklava yufkalarını da aynı şekilde yapıp borcama dizin."", ""Sosu için : Sıvı yağı, sütü, yumurtayı ve sodayı bir kaba koyup çırpın."", ""Kaşık yardımıyla borcamdaki böreklerin üzerine dökün."", ""Önceden ısıtılmış 190 derece fırında kızarana kadar pişirin."", ""Sıcak olarak dilimleyip servis yapın. Afiyet olsun.""]"
405526f4-7e75-49fd-8f3f-4561de7e9cc4,Kuş Üzümlü Pekmez Soslu Kek,Turkey,"Kuş üzümlü pekmez soslu kek, tatlı ve ekşi lezzetleri bir araya getiren, çay saatlerinin vazgeçilmezi pratik bir tatlıdır",Tatlı,"[""3 adet yumurta"", ""1 çay bardağı şeker"", ""1 çay bardağı sıvı yağ"", ""1 su bardağı süt"", ""1 tatlı kaşığı tarçın"", ""1 adet limon kabuğu"", ""1 çay bardağı kuş üzümü"", ""2 su bardağı un"", ""1 paket şekerli vanilin"", ""1 paket kabartma tozu""]","[""Öncelikle yumurta ve şekeri köpürtüp, şeker eriyene kadar çırpın."", ""Köpüren yumurta ve şeker karışımının içine süt ve sıvı yağı ekleyip, yaklaşık 10 saniye çırpın."", ""Kalan malzemeleri de ekledikten sonra önceden ısıtılmış 180 derecelik fırına koyup alt-üst ayarda üstü kızarana kadar pişirin. (Benim kekim 40 dakikada pişti.)"", ""Lütfen kekin sosunu fırından çıkar çıkmaz koymayın! Kek fırından çıktıktan 5 dakika sonra koyun. Afiyet olsun.""]"
461b7ac9-9e71-44b1-bb22-c81b45ca7305,Rengarenk Kurabiye,Turkey,"Rengarenk kurabiye, hem göze hitap eden hem de damakta tat bırakan lezzetli bir atıştırmalıktır",Ye,"[""50 gram toz şeker"", ""50 gram margarin"", ""1 paket vanilin"", ""1 adet yumurta"", ""1 tatlı kaşığı kuru maya"", ""5 çay bardağı damla çikolata"", ""1 adet renkli şekerlemeler (arzuya göre)""]","[""Öncelikle margarini eritelim. Daha sonra bir kaseye alalım ve üzerine toz şekeri ekleyip karıştıralım."", ""Karıştırdıktan sonra üzerine vanilini ekleyip karıştırmaya devam edelim."", ""Şimdi sıra yumurtayı karışıma kırmakta. Hepsini yoğuralım."", ""Son olarak aldığı kadar unu, tuzu ve mayayı ekleyip yoğurmaya devam edelim."", ""Hamurumuza renk katmak için, damla çikolatalarını ve şekerleri ekleyelim ve hepsini yoğuralım."", ""Kurabiyelere istediğimiz gibi şekil vererek tepsiye dizelim ve önceden ısıttığımız 180 derece fırında 10-15 dakika pişirip alalım. Şimdiden afiyet olsun.""]"
cbb0cc9d-9df0-4e62-8f25-f7d315fdbe4e,Şöbiyet,Turkey,"Şöbiyet, irmik ve şekerle hazırlanan lezzetli bir Türk tatlısıdır. Çıtır yufka katmanları arasında tatlı irmik harcıyla sunulan bu tatlı, çay saatlerinin vazgeçilmezidir",Et Yemekleri,"[""2 adet hazır yufka"", ""9 yemek kaşığı irmik"", ""9 yemek kaşığı toz şeker"", ""3 su bardağı süt"", ""1 su bardağı ceviz içi (iri parça lanmış)"", ""3 su bardağı su"", ""3 su bardağı şeker"", ""1 paket tereyağ""]","[""Öncelikle tatlının şerbeti için 3 su bardağı su ve 3 su bardağı şekeri derin bir tencere kaynamaya bırakalım."", ""Tatlının iç harcı için 3 bardak süt, 9 yemek kaşığı irmik ve 9 yemek kaşığı şekeri katı bir muhallebi kıvamına gelene kadar karıştırarak pişirelim."", ""Pişen muhallebiyi ocaktan alıp 1 su bardağı iri parçalanmış ceviz içini de ekleyerek karıştıralım."", ""2 adet hazır yufkayı açıp üst üste koyarak 1 parmak uzunluğunda olacak şekilde kare kare keselim."", ""2 katlı her karenin içine 1 tatlı kaşığı muhallebiden koyup üçgen olacak şekilde iki ucu birleştirip katlayalım."", ""Tüm yufkaları bu şekilde kapatıp uçları birbirinin altında kalacak şekilde tepsiye veya borcama dizdikten sonra eritilmiş tereyağını üzerine gezdirelim."", ""Önceden ısıtılmış 180° C fırında iyice kızarana dek pişirelim."", ""Tatlıyı fırından çıkarttıktan birkaç dakika sonra soğuk şerbeti üzerine gezdirelim.""]"
6d36981c-d03f-446d-a055-7b2e72c8e76f,Diyet Tarifleri,Turkey,"Lezzetli ve hafif diyet tatlılarıyla tatlı krizlerinizi yenin, şekersiz alternatiflerle keyifli anlar yaşayın",Et Yemekleri,"[""Etimek Tatlısı Tarifi"", ""Damla Çikolatalı Kurabiye"", ""Tatlı Tarifleri Spoonful Mozaik Pasta Çikolatalı Sufle İrmik Helvası Fırın Sütlaç Profiterol Revani Magnolia"", ""Kahvaltılık Tarifler Pancake Krep Pişi Kuymak Kaygana Kahvaltılık Sos Menemen Muhlama Yumurtalı Ekmek Omlet"", ""Omlet""]","[""Rafine şeker yerine neler kullanılabilir diye düşünenler, tatlı krizlerine nasıl çözümler bulabileceklerini araştıranlar için nefis önerilerle geldik. Bu tatlı tarifleriyle işlenmiş şekerden uzak tatl"", ""Etsiz de enfes köfteler yapılabileceğinin en net kanıtlarından birisi bu tarif. Özellikle canınız hafif bir şeyler yemek istediğinizde kurtarıcı lezzetlerden biri olacak nohut köftesi fırında pişerek"", ""Kabaktan yapılan en güzel tariflerden biri kuşkusuz mücver. Ama yağda kızartınca kalorisi artıyor, diyet yaparken onu hayatımızdan çıkarmak zorunda kalıyoruz. Bu sefer onu fırında yaparak hafiflettik""]"
c279e9c7-5865-4ddb-859e-f3c6df52d440,Yumurtalı Soğan Kavurması,Turkey,Soğanların karamelize tadıyla yumurtanın lezzetini birleştiren pratik ve doyurucu bir tarif,Ye,"[""2 adet soğan"", ""3 adet yumurta"", ""2 yemek kaşığı sıvı yağ"", ""1 yemek kaşığı tereyağı"", ""1 çay kaşığı şeker"", ""1 çay kaşığı tuz"", ""1 çay kaşığı karabiber"", ""1 çay kaşığı kırmızı pul biber""]","[""Soğanları soyup halka halka kesin. Dilerseniz piyazlık da kesebilirsiniz."", ""Daha sonra soğanları tavaya alın. Üzerine şekeri ekleyin ve kavurun. Pişmeye yakın baharat ve tuzunu ekleyin."", ""Tamamen pişen soğanların üzerine yumurtaları kırın."", ""Yumurtanın beyaz kısımlarını hafif karıştırın."", ""Yumurtalar istediğiniz kıvamda pişince ocaktan alıp servis edin. Afiyetler olsun!""]"
def98604-6274-4891-a45b-5d909c9b0879,Havuçlu Muhallebili Tart,Turkey,"Havuçun tatlılığı ve muhallebinin yumuşaklığıyla buluşan bu pratik tart, hem göze hem damaga hitap eden lezzetli bir tatlıdır",Ye,"[""2 adet yumurta"", ""1 tatlı kaşığı tarçın"", ""1 adet büyük boy havuç (rendelenmiş)"", ""1/2 su bardağı ceviz içi (dövülmüş)"", ""1 paket kabartma tozu"", ""1 paket vanilin""]","[""Kek için: Yumurta ve şekerin rengi açılana kadar çırpın. Yoğurt ve sıvı yağı ekleyip biraz daha çırpın."", ""Un, kabartma tozu, vanilin, tarçın, havuç ve cevizi ayrı bir kapta karıştırıp sıvı karışımın içine alıp spatula ile karıştırın. Yağlanmış tart kalıbına döküp önceden ısıtılmış 180 derece fırında 20 da"", ""Muhallebi için: Süt, toz şeker yumurta sarısı un ve nişastayı karıştırıp kaynayana kadar karıştırarak pişirin."", ""Vanilin ve cevizi de ekleyip 1 dakika daha pişirin. Muhallebi soğuduktan sonra kremayı katıp karıştırın."", ""Üstü için: Havuçları ve şekeri kısık ateşte yumuşayana kadar pişirin pişen havuçları blenderden geçirin püre haline gelen havuçlara tarçın ve ceviz ekleyin."", ""Soğuyan keki ters çevirip içine muhallebiyi dökün ve son olarak da havuç püresini yayın. İsteğe göre süsleyin. Afiyet Olsun.""]"
6a9cd5ca-0733-401b-bfdb-d961e4b7ffe6,Yulaflı Çikolatalı Tatlı,Turkey,"Sağlıklı ve lezzetli yulaflı çikolatalı tatlı, hem besleyici hem de doyurucu bir atıştırmalık",Tatlı,"[""3 su bardağı yulaf (un haline getirilmiş)"", ""4 yemek kaşığı yulaf ezmesi"", ""4 yemek kaşığı pekmez"", ""1/4 çay kaşığı tuz"", ""1 çay kaşığı vanilya aroması"", ""2 su bardağı ceviz içi (doğranmış)"", ""1/2 çay bardağı Hindistan cevizi yağı"", ""300 gram bitter çikolata (benmari usulü eritilmiş)"", ""1/2 su bardağı krema""]","[""3 su bardağı yulafı mutfak robotunda un inceliğine gelinceye dek çekin ve ardından geniş bir kaseye alın."", ""Üzerine yulaf ezmesi, tuz, pekmez, vanilya aroması, ceviz ve Hindistan cevizi yağını ekleyerek bir spatula yardımıyla güzelce karıştırın."", ""Bitter çikolatayı benmari usulü eritin. Oda sıcaklığında bir süre dinlendirdikten sonra çikolataya kremayı ekleyin ve karıştırın."", ""Yağlı kağıt ile kapladığınız 20x20 ölçülerinde bir kalıbın tabanına yulaflı karışımın yarsını dökerek güzelce yayın. Bir spatula yardımıyla bastırarak düzeltin."", ""Hazırladığınız çikolatalı karışımı yulaf katmanının üzerine dökün. Ardından kalan yulaflı karışımın kalanını da en üst katman olarak üzerine ekleyin ve güzelce yayarak spatulayla düzeltin."", ""2 saat buzdolabında dinledirdikten sonra dilimleyerek servis edin.""]"
c9aba28a-0821-481b-b7ef-15cbd47789f4,İnegöl Köfte,Turkey,"İnegöl'ün meşhur köftesi, özel harçlarla hazırlanan lezzetli bir köfte tarifi",Et Yemekleri,"[""500 gram köftelik kıyma (kuzu-dana karışık yapabilirsiniz biz sevmediğimiz için danadan yaptım)"", ""1 adet orta boy soğan"", ""4 yemek kaşığı galeta unu"", ""1/4 su bardağı su"", ""1 tatlı kaşığı (tepeleme) karbonat"", ""1 tatlı kaşığı limon suyu"", ""1 çay kaşığı karabiber"", ""2 çay kaşığı tuz""]","[""Geceden kıymanın içine tuz, su ve galeta ununu ekleyip 10 dakika iyice yoğuruyoruz. Streç folyo ile kapatıp bir gece dinlendiriyoruz."", ""Sabah limon suyu ve karbonatı karıştırıp kıymaya ekliyoruz. Karabiberini, rendelenmiş soğanını ekleyip 5 dakika yoğurup krem şanti sıkma torbası ile sıkarak şekil veriyoruz. İsterseniz elinizle de şek"", ""Pişirene kadar buzdolabında dinlendiriyoruz. Kızartmadan yarım saat önce oda sıcaklığına gelmesi için çıkarıyoruz. Kızgın döküm tava/tavada kızartıyoruz."", ""Yanına közlenmiş biber, domates, piyaz ve acı biber sosu çok yakışır. Deneyenlere şimdiden afiyet olsun...""]"
9f421756-b481-452c-91f6-92fb047c9572,Tavada Pizza,Turkey,Pratik ve lezzetli tavada pizza tarifi ile kısa sürede evde pizza keyfi yaşayın,Ana Yemek,"[""1 adet yumurta"", ""1 su bardağı süt"", ""1 su bardağı su"", ""1 yemek kaşığı şeker"", ""1 paket aktif kuru maya"", ""1,5 çay kaşığı tuz"", ""4,5 su bardağı un""]","[""Hamur için bir kapa yumurta, su, süt, maya, tuz ve şekerini koyup karıştırın."", ""Yavaş yavaş ununu ekleyin. Sonra hamuru yarım saat dinlendirin. Hamurları açın."", ""(6 tane yuvarlak pizza hamuru çıktı) Açılan hamurun üzerine salçasını gezdirin."", ""Üstüne istediğiniz malzemeleri koyabilirsiniz. Tavayı biraz yağlayın. Orta ateşte pizzayı pişirin. Afiyet olsun.""]"
ff59927e-9906-4693-890b-e23a58e3ce15,Acılı Çıtır Tavuk Dürüm,Turkey,Baharatlı ve çıtır tavuk parçalarının dürümle buluştuğu lezzetli bir atıştırmalık,Tavuk Yemekleri,"[""3 yemek kaşığı un"", ""3 yemek kaşığı galeta unu"", ""1 çay kaşığı tuz"", ""1/2 çay kaşığı karabiber"", ""1 tatlı kaşığı toz kırmızı biber"", ""250 gram tavuk göğsü (doğranmış, haşlanmış)"", ""1 adet yumurta"", ""2 yemek kaşığı yoğurt"", ""1 tatlı kaşığı acı sos"", ""2 su bardağı mısır gevreği (dövülmüş)""]","[""Un, galeta unu, tuz, sarımsak, karabiber ve toz kırmızı biberi bir kaseye alın ve karıştırın."", ""Doğranmış ve haşlanmış tavuk göğüslerini bu karışımın içerisine alın. Güzelce harmanlayın."", ""Farklı bir kaseye; yumurta, yoğurt ve acı sosu alın. Güzelce çırpın."", ""Harmanladığınız tavukları, yumurtalı karışımın içerisine aktarın. Güzelce karıştırın ve bütün tavukların sosla buluşmasını sağlayın."", ""Bir spatula yardımıyla her bir soslu tavuğu, mısır gevreği dolu bir kabın içerisine alın ve mısır gevreğine bulayın."", ""Kızdırılmış sıvı yağın içerisine hazırladığınız tavukları aktarın. Arkalı önlü kızartarak pişirin. Bir kenara alın."", ""Mor lavaşı (herhangi bir lavaş da olur) tezgaha alın. İçerisine acı sos sürün."", ""Sosun üzerine ince doğranmış göbek marulu serin. Bir yemek kaşığı kadar mayonez sıkın."", ""Çıtır tavukları doğrayarak dürüm ortasına yerleştirin."", ""Güzelce sardıktan sonra ortadan ikiye keserek servis edebilirsiniz. Afiyet olsun.""]"
dcbb5300-8bb7-487a-9aec-82ea0615326c,Portakallı Kurabiye,Turkey,"Portakallı kurabiye, ferahlatıcı portakal aromasıyla harmanlanmış çıtır ve lezzetli bir tatlıdır",Tatlı,"[""250 gram tereyağ"", ""1 su bardağı sıvı yağ"", ""1,5 su bardağı şeker"", ""1 su bardağı portakal suyu"", ""1 adet yumurta (sarısı içine, akı üzerine)"", ""5 su bardağı un"", ""2 adet portakal kabuğu rendesi"", ""1 paket vanilya"", ""1 paket kabartma tozu"", ""3 yemek kaşığı şeker (üzerine)""]","[""Oda sıcaklığındaki tereyağ, yumurta sarısı, şeker sıvı yağ ve portakal suyunu karıştırıyoruz."", ""Un, kabartma tozu, vanilya ve portakal kabuğu rendesi ekleyip yoğuruyoruz."", ""Hamurdan ceviz büyüklüğünde parçalar koparıp yuvarlayarak, önce yumurta akına sonra toz şekere batırıyoruz."", ""Yağlı kağıt serili tepsiye aralıklarla diziyoruz ve önceden ısıtılmış 200 derece fırında üzerleri hafif kızarana kadar pişiriyoruz. AFİYET OLSUN.""]"
eb1dbcf5-d5a9-4f5d-8277-f016ec3fd14a,Yoğurtlu Garnitürlü Pirinç Salatası,Turkey,"Pratik ve lezzetli pirinç salatası, yoğurt ve garnitürle zenginleştirilmiş hafif bir öğün alternatifi",Salata,"[""1 çay bardağı pirinç"", ""2 yemek kaşığı garnitür"", ""2 yemek kaşığı mısır"", ""1/2 adet kapya biber"", ""2 yemek kaşığı yoğurt"", ""1 yemek kaşığı süzme yoğurt"", ""1 çay kaşığı tuz""]","[""Pirinci bir küçük tencerenin içerisine alın. Üzerine 1 su bardağı su ilave ederek 10-15 dakika hafif yumuşayana kadar pişirin."", ""Ardından çıkarıp süzdürün ve soğuk sudan geçirerek bir köşeye alın."", ""Pirinçlerinizi bir kaseye alın. Üzerine gerekli diğer malzemeleri ilave ederek güzelce karıştırın. Ardından servis edin. Afiyetler olsun!""]"
69f39ea3-5b97-4e53-852a-f38831c3a5d7,Pratik Mor Lahana Salatası,Turkey,"Lezzetli ve pratik mor lahana salatası, mayonez ve yoğurt ile harmanlanmış ferah bir lezzet",Salata,"[""1 adet orta boy mor lahana"", ""1 çay bardağı mayonez"", ""1 su bardağı yoğurt"", ""5-6 adet ceviz"", ""2 yemek kaşığı zeytinyağı""]","[""Mor lahanamızı ve sarımsaklarımızı rendeleyelim."", ""Ardından maydanozlarımı doğrayalım."", ""Bir kapta bütün malzemelerimizi karıştıralım. Servise hazır. Afiyet olsun:)""]"
5d1e68f9-24d9-44d5-8506-5d21f5b3e4bd,Osmanlı Kebabı,Turkey,"Osmanlı döneminin lezzetli mirası, sebzelerle harmanlanmış nefis bir kebap",Et Yemekleri,"[""2 adet patates"", ""1 adet patlıcan"", ""1 adet havuç"", ""1 adet kabak"", ""300 gram kuşbaşı dana eti""]","[""Sebzeleri küp küp doğrayın. Kızgın yağda önce kabakları kızartın."", ""Patatesleri kızartın."", ""Ardından patlıcanları kızartın."", ""Son olarak etleri de yağda kızartın."", ""Beşamel sos için tencereye tereyağını alın ve eritin. Unu ekleyin ve kokusu çıkana kadar kavurun."", ""Ardından sütü ve baharatları ekleyin ve karıştırarak kıvam alana kadar pişirin."", ""Kızaran sebzeleri ve eti borcama alın. Üzerine beşamel sosu ekleyin."", ""Üzerine rendelenmiş kaşar peynirini serpiştirin."", ""Önceden ısıtılmış 180 derece fırında 20 dakika üzeri kızarana kadar pişirin.""]"
bb52853b-9036-43aa-9bed-4a59d16e323b,Acılı Chili Sos,Turkey,"Meksika biberlerinin acısıyla kapya biberlerinin tatlılığını birleştiren, soğanla derinleşen harika bir sos",Ye,"[""4 adet Meksika biberi"", ""8 adet kapya biber"", ""1/2 adet soğan"", ""30 mililitreelma sirkesi"", ""1 çay kaşığı sebze çeşni"", ""1 çay kaşığı tuz""]","[""Biberler, domates, soğan ve sarımsak rondoda çekilir."", ""Tencereye alınır. Baharatlar ve elma sirkesi ilave edilir. Kaynatılır."", ""Kaseye alarak servis edebilirsiniz. Afiyet olsun.""]"
ca363941-0ef9-4685-9b05-8056cf4d3dca,Dövme Pilavı,Turkey,"Zeytinyağlı dövme ve haşlanmış nohutlarla hazırlanan, doyurucu ve lezzetli geleneksel bir pilav tarifi",Pilav & Makarna,"[""1 su bardağı dövme"", ""1/2 su bardağı zeytinyağı"", ""1/2 su bardağı haşlanmış nohut"", ""1 adet kuru soğan"", ""1 çay kaşığı tuz"", ""3 su bardağı et suyu veya tavuk suyu""]","[""Zeytinyağı tencereye alalım. Orta ateşte ısındıktan sonra küçük küçük doğranmış soğanı ekleyerek pembeleşene kadar karıştıralım"", ""Temizlenip yıkanmış dövmeleri ve tuzu ilave edip 2 dakika karıştıralım."", ""Haşlanmış nohut ve suyu da ekleyerek kısık ateşte kapağı kapalı bir şekilde pişirelim."", ""Önemli bir ayrıntı pilavın suyu tamamen çekmeden hafif sulu kalacak şekilde ocaktan alalım."", ""Bir örtüye sararak sıcak kalmasını sağlayıp 45 dakika dinlendirdikten sonra servis yapabiliriz. Afiyet olsun.""]"
8e8ac96a-c307-420b-a7bf-0d08737218c4,Sardalya Ezmesi,Turkey,"Tereyağı ve limon kabuğuyla zenginleştirilmiş, lezzetli sardalya ezmesi",Ana Yemek,"[""1 adet soğan"", ""2 yemek kaşığı tereyağı (oda ısısında yumuşamış)"", ""1 adet limon kabuğu rendesi"", ""1/2 adet limonun suyu"", ""4 yemek kaşığı zeytinyağı"", ""1/2 çay kaşığı tuz"", ""1/2 çay kaşığı karabiber""]","[""Soğanı mutfak robotunun haznesine 4'e bölerek koyun."", ""Üzerine maydanoz, limon kabuğu rendesi ve limon suyunu ekleyin."", ""Sardalya balığı konservesini ve kalan malzemeleri ekleyin."", ""Robottan pürüzsüz bir kıvam alana kadar geçirin."", ""Kıvam alınca servis tabağına alın."", ""Kızarmış ekmek dilimlerinin üzerine sürerek atıştırmalık olarak servis edebilirsiniz.""]"
7fdd30fd-781d-4842-8a73-66528217019e,Fasulye Kavurması,Turkey,"Lezzetli ve doyurucu fasulye kavurması, soğan ve kapya biberlerle harmanlanmış geleneksel bir Türk yemeği",Sebze Yemekleri,"[""1 kilogram fasulye"", ""2 adet orta boy soğan"", ""2 adet kapya biber"", ""1 adet büyük boy domates"", ""1 yemek kaşığı zeytinyağı"", ""1 çay kaşığı tuz"", ""1/2 çay kaşığı karabiber"", ""1 çay kaşığı pul biber""]","[""Fasulyeleri ayıklamadan önce bolca yıkıyoruz. Yıkama işleminden sonra ayıklayıp minik minik doğruyoruz."", ""Tuzlu kaynar suda hafif yumuşayıncaya dek haşlıyoruz."", ""Haşlandıktan sonra haşlama suyundan 1 kase kadar ayırıp süzüyoruz."", ""Yayvan bir tencereye bolca zeytinyağı alarak soğanları güzelce kavurup, minikçe doğranmış kapya biber ekleyip kavurmaya devam ediyoruz."", ""Minikçe doğranmış domates ve baharatları ekliyoruz."", ""Haşlanmış fasulye ve yıkanmış pirinci de ekleyip biraz kavurup köşeye ayırdığımız fasulyenin haşlama suyunu da ekleyip ocağın en kısık ateşinde suyunu güzelce çekip pirinçler de yumuşayana dek pişiriy"", ""Servis tabağına alıp ılındıktan sonra güzel bir sızma zeytinyağı ile taçlandırıyoruz. Afiyet olsun.""]"
2db449d9-17a6-4f0f-8f82-72fb6da77465,İrmik Topları,Turkey,"Tereyağı ve irmikle hazırlanan, yumuşak dokulu ve lezzetli tatlı toplar",Ana Yemek,"[""1 adet yumurta"", ""1 adet yumurta beyazı"", ""125 gram tereyağı"", ""1 çay bardağı sıvı yağ"", ""1/2 çay bardağı irmik"", ""1 çay bardağı pudra şekeri"", ""1 paket kabartma tozu"", ""1 paket vanilya"", ""1 su bardağı un (aldığı kadar)""]","[""Öncelikle şerbetini hazırlayıp soğumaya bırakın. Su ve şekeri bir tencereye alın, ocağın altını açıp şeker eriyene dek sürekli karıştırın. Şerbet kaynadıktan sonra 7-8 dakika daha kaynatın ve soğumaya"", ""Hamur için ilk olarak yumurtalardan birinin sarısını kenara ayırın. Beyazını ve diğer yumurtayı bir yoğurma kabına alın. İçine tereyağını, sıvı yağı, irmiği ve pudra şekerini ekleyip güzelce karıştır"", ""Vanilya ve kabarma tozunu ekleyin. Daha sonra unu azar azar ilave ederek kulak memesi yumuşaklığında bir hamur elde edin."", ""Hamurdan ceviz büyüklüğünde parçalar koparın ve yuvarlayın, üstünü bulamak için bir tabağa irmik alın ve üst tarafı tamamen irmikle kaplanacak şekilde irmiğin içinde yuvarlayın."", ""Önceden ısıtılmış 190 derece fırında üstleri kızarana dek pişirin. Tatlılar fırından çıkar çıkmaz soğumuş olan şerbeti gezdirin ve dinlenmeye bırakın. Afiyet olsun.""]"
e13faeb9-c947-4d15-8ce3-cfa6bedbeeb7,Yulaflı Diyet Dostu Pankek,Turkey,"Sağlıklı ve doyurucu yulaflı pankekler, diyetinize lezzet katmak için ideal bir kahvaltı seçeneği",Tatlı,"[""2-3 adet yumurta"", ""13 yemek kaşığı yulaf unu"", ""1 su bardağı laktozsuz süt""]","[""Yumurta ve sütü derin bir kapta çırpın."", ""Yulaf ezmesini blenderda çekerek un haline getirmelisiniz."", ""Elde edeceğiniz undan 13 yemek kaşığı yulaf ununu yumurta ve sütün olduğu kaba ekleyin ve karıştırın."", ""Tavanızı biraz yağlayarak birer kepçe/kaşık dökün ve çevire çevire pişirin."", ""Dilediğiniz gibi süsleyerek servis edebilirsiniz. Afiyet olsun.""]"
238fc372-2cd0-4fa2-87fb-49c5c6436778,Tava Pizzası,Turkey,Evde kolayca hazırlayabileceğiniz lezzetli ve pratik tava pizzası,Ana Yemek,"[""3 su bardağı tam buğday unu"", ""1/2 su bardağı yoğurt"", ""1 adet yumurta"", ""1 paket kabartma tozu"", ""2 yemek kaşığı zeytinyağı"", ""1/2 çay kaşığı tuz""]","[""Hamur için hazırlanan malzemeler yoğurulur."", ""Parçalar kopartılarak yuvarlanır ve tava boyutuna bağlı olarak açılır. Tavaya alınır."", ""Sosu için zeytinyağı, salça ve kekik karıştırılarak tavaya yerleştirilen hamurun üzerine sürülür."", ""Pizza için kullanılacak malzemeler küçük küçük doğranarak hamurun her yerine eşit şekilde dağıtılır."", ""Tavanın kapağı kapatılarak kısık ateşte yarım saat pişirilir. Pişerken üzerine kaşar eklenir. Afiyet olsun.""]"
b037c112-f427-4677-b8ca-ae577a061e98,Mor Havuçlu Yayla Çorbası,Turkey,"Mor havuçun eşsiz rengi ve lezzetiyle zenginleştirilmiş, doyurucu yayla çorbası",Çorba,"[""1/2 su bardağı pirinç"", ""1 adet mor havuç"", ""1 su bardağı su"", ""1 adet yumurta"", ""1 yemek kaşığı un"", ""1 tatlı kaşığı nane"", ""1 tatlı kaşığı tuz"", ""1 tatlı kaşığı karabiber"", ""1 yemek kaşığı tereyağı"", ""2 yemek kaşığı zeytinyağı""]","[""Pirinci yıkayın, su ile birlikte rende mor havuçları da ekleyerek düşük ısıda pirinçler yumuşayıncaya kadar pişirin. İçine tavuk suyunu ekleyip bir taşım kaynatın."", ""Bir kasenin içinde yumurta ve yoğurdu çırpın. İçine unu ekleyip çırparak homojen hale getirin."", ""Pirinçlerin suyundan 2-3 kaşık alıp yoğurtlu karışıma ekleyerek karışımı temperleyin."", ""Bir iki kaşık daha ekleyerek karıştırmaya devam edin. Sonra bu karışımı çırpmaya devam ederek tencerenize aktarın."", ""Tuz, nane, tereyağı ve karabiberini ekleyin. 5-10 dakika daha kısık ateşte pişirin. Taze nane ile süsleyin. Afiyet olsun.""]"
b28a36e5-d263-40ad-97f1-91077566d3a3,Cocostar Pasta,Turkey,"Cocostar, hindistan cevizi ve kremanın mükemmel uyumuyla hazırlanan, hafif ve lezzetli bir pasta tarifi",Tatlı,"[""3 adet yumurta"", ""1 su bardağı şeker"", ""1,5 su bardağı süt"", ""1,5 su bardağı sıvı yağ"", ""3 su bardağı un"", ""1 paket kabartma tozu"", ""1 paket vanilya"", ""3 yemek kaşığı kakao"", ""1 paket krem şanti"", ""2 su bardağı Hindistan cevizi"", ""2 yemek kaşığı tereyağı"", ""1 paket çikolata sosu"", ""1,5 su bardağı süt (ıslatmak için)""]","[""Yumurta ve şekeri iyice çırpın. Üzerine diğer sıvı malzemeleri ekleyip karıştırın. Sonra kuru malzemeleri de ekleyip karıştırın."", ""Yağlanmış borcama dökün ve önceden ısıtılmış fırında pişirin."", ""Kek ılıyınca sütle ıslatın. krem şantiyi sütle çırpın, tereyağını eritip soğuyunca krem şantiye ekleyin. Hindistan cevizini de ekleyin, karıştırın ve kekin üzerine yayın."", ""Çikolata sosunu üzerindeki tarifle pişirip soğumaya alın ve arada karıştırın. Soğuyunca pastaya döküp yayın ve dilediğiniz gibi süsleyip dilimleyip servis edin. Afiyet olsun.""]"
8d3f407a-67f7-4af2-a74c-9aa2c08d064e,Çikolatalı Donut,Turkey,"Ev yapımı çikolatalı donutlar, çıtır dışı ve yumuşak içiyle damakları çıldırtan bir lezzet",Tatlı,"[""1 su bardağı süt"", ""1/2 su bardağı su"", ""2 adet yumurta"", ""1/2 su bardağı tereyağı (eritilip soğutulmuş)"", ""1/2 su bardağı şeker"", ""30 gram yaş maya"", ""1 çay kaşığı tuz"", ""3-4 su bardağı un (aldığı kadar)"", ""1 su bardağı sıvı yağ (kızartmak için)""]","[""Süt, su, maya ve şekeri yoğurma kabına alıp eriyene kadar karıştırın."", ""Yumurta ve tereyağı ilave edin, tekrar karıştırın."", ""Azar azar unu ve tuzu ekleyip yumuşak, ele yapışmayan bir hamur yoğurun."", ""Üzerini kapatıp dinlenmesi için bir kenarda bekletin."", ""Hamur iki katına ulaştığında merdane ile 1 cm kalınlığında açın."", ""Yuvarlarlar kesip unlanmış tezgah veya pişirme kağıdı üzerine dizin."", ""Üzerlerini bez ile örtüp yarım saat kadar daha mayalandırın."", ""Orta ateşte kızgın yağda her iki tarafını da kızartın."", ""Benmari usulü eritilmiş çikolataya batırıp üzerlerine fındık parçaları veya küçük renkli şekerlemeler serpin.""]"
3dd84317-8783-4d7d-9a99-8b919084dc7e,Doyuran Simitli Omlet,Turkey,Simitin lezzetiyle omletin doyuruculuğunu birleştiren pratik bir kahvaltı tarifi,Börek & Hamur İşi,"[""1 adet simit"", ""2 adet mantar"", ""7 adet zeytin"", ""2 yemek kaşığı beyaz peynir"", ""3 adet yumurta"", ""1 su bardağı süt"", ""2 yemek kaşığı zeytinyağı"", ""1 çay kaşığı tuz"", ""1/2 çay kaşığı karabiber"", ""1 çay kaşığı toz kırmızı biber"", ""1/2 çay kaşığı sarımsak tozu""]","[""Simit ve ekmekleri küp şeklinde doğrayın."", ""Sebzeleri ve hindi fümeyi küp şeklinde doğrayın."", ""Derin bir kase içinde doğradığınız malzemeleri, baharatları, yumurta , zeytinyağı ve sütü alın."", ""Hepsi güzelce karışana kadar bir spatula ile harmanlayın."", ""Karışımı tepsiye alın ve güzelce yayın."", ""180 derecede önceden ısıtılmış fırında kızarana kadar 20-25 dakika pişirin."", ""Fırından çıkardıktan sonra dilediğiniz gibi servis edebilirsiniz. Afiyet olsun.""]"
8e78f4b0-25c0-42a3-b65b-559423f7c71d,Çok Pratik San Sebastian,Turkey,"Krem peynir ve yumurtanın mükemmel uyumuyla hazırlanan bu pratik Sanbastian tarifi, misafirlerinize sunabileceğiniz enfes bir tatlı seçeneği",Ana Yemek,"[""4 adet yumurta"", ""600 gram krem peynir"", ""400 mililitresıvı krema"", ""2 paket vanilya"", ""1 su bardağı (1 parmak fazla) toz şeker"", ""2 yemek kaşığı un""]","[""Uygun bir kaba peynirleri ve şekeri koyup çırpalım."", ""Sonra yumurtalarımızı ekleyip tekrardan çırpalım ve unumuzu ilave edip çırpmaya devam edelim."", ""Son olarak kremayı ve vanilyayı ekleyelim, çırpalım."", ""Karışımı, yağlı kağıt yaydığımız kelepçeli kalıbımıza dökelim ve 200 derece fırında 45-50 dakika pişirelim. Afiyet olsun.""]"
8bf31171-ab5b-4d87-9435-a4134801d4dc,Kahveli Kurabiye,Turkey,"Kahve aromalı, çıtır kıvamında enfes kurabiye tarifi. Kahve saatleri için mükemmel bir atıştırmalık",Tatlı,"[""250 gram tereyağı"", ""1 su bardağı şeker"", ""2 su bardağı un"", ""3 yemek kaşığı kakao"", ""1 tatlı kaşığı (tepeleme) Türk kahvesi"", ""1 paket vanilya"", ""1 paket kabartma tozu""]","[""Şekeri robotta çok ince olarak çekiyoruz. Oda sıcaklığındaki yağ ve çekilmiş şekeri karıştırıp, un, kabartma tozu, vanilya, kakao ve kahveyi ekleyip iyice yoğuruyoruz."", ""Hamurdan küçük parçalar alarak, elimizle yuvarlayıp, yağlı kağıt serili tepsiye aralıklarla diziyoruz."", ""190 derece, önceden ısıtılmış fırında üzerleri çatlayana kadar pişiriyoruz. AFİYET OLSUN.""]"
4a6f996c-3592-46bd-a13e-38e806263b9f,Tavuklu Volovan,Turkey,Hafif ve lezzetli milföy hamurlarının içinde tavuklu harcın buluştuğu şık bir atıştırmalık,Tavuk Yemekleri,"[""15 adet milföy hamuru"", ""3 yemek kaşığı zeytinyağı"", ""1 adet orta boy kuru soğan"", ""200 gram kültür mantarı"", ""500 gram fileto tavuk göğsü"", ""1 adet rendelenmiş limon kabuğu"", ""1/2 su bardağı konserve mısır"", ""200 ml krema"", ""1/2 su bardağı rendelenmiş kaşar peyniri"", ""1 çay kaşığı tuz"", ""1/2 çay kaşığı taze çekilmiş tane karabiber""]","[""Volovan hamurlarını hazırlamak için; dondurulmuş milföy hamurlarını oda sıcaklığında 10 dakika bekletip, çözdürün."", ""Bir su bardağı ya da bir kurabiye kalıbı kullanarak tüm milföy hamurlarını halka şeklinde kesin. Beş adetini taban olarak kullanmak üzere kenara ayırın."", ""Kalan 10 adet yuvarlak hamurun ortasını bir çay bardağı ya da daha küçük bir kurabiye kalıbı kullanarak yeniden kesin. Orta kısımlarını çıkartarak alın. Böylelikle orta kısmı da boş olan 10 adet yuvar"", ""Yumurta sarısı ve akını ayrı ayrı kaplara ayırın. Taban kısmında kullanmak üzere hazırladığınız beş adet milföy hamurunu yağlı kağıt serili fırın tepsisine alın."", ""Aralarına yumurta akı sürüp orta kısımları boşluk olan yuvarlak milföy hamurlarını taban kısımları üzerine iki kat halinde yapıştırın. Toplamda beş adet, üç katlı hamurlar hazırlayın. Orta kısımlarını"", ""Önceden ısıtılmış 180 derece fırında 20-25 dakika kızarıp kabarana kadar pişirin."", ""Volovanların içine dolduracağınız tavuklu iç harcı hazırlamak için; kuru soğanı küçük küpler halinde doğrayın. Sarımsağı bıçağın tersiyle ezip incecik kıyın. Fileto tavuk göğüslerini iri küpler halind"", ""Zeytinyağını geniş tabanlı bir tavada kızdırın. Kuru soğanları hafif bir renk alana kadar soteleyin. Lezzet vermesi adına sarımsağı katın. Fileto tavuk göğüslerini ekleyip yüksek ateşte kavurun."", ""Mantar dilimlerini katıp yüksek ateşte soteleme işlemini sürdürün. Konserve mısır ve rendelenmiş limon kabuğu ile iç harcı zenginleştirin. Tuz ve taze çekilmiş tane karabiber ilavesiyle tatlandırın. S"", ""Fırından çıkan üç katlı hamurların orta kısımlarını hazırladığınız iç harçla doldurun. İç harçla dolan hamurların giderek yükseldiğini göreceksiniz."", ""Üzerlerine rendelenmiş kaşar peyniri serpiştirdiğiniz hamurları önceden ısıtılmış fırında peynirler eriyene kadar pişirmeye devam edin. Ilık olarak sevdiklerinizle paylaşın.""]"
bab84af1-68f6-4c8d-a15a-e5ec81da6ae1,Limon Tatlısı,Turkey,"Taze limonun ferahlatıcı tadıyla hazırlanan bu tatlı, yaz aylarının vazgeçilmezi olacak",Tatlı,"[""2 adet limon suyu"", ""1 adet limon kabuğu rendesi"", ""2,5 su bardağı su"", ""3 yemek kaşığı buğday nişastası"", ""7 yemek kaşığı pudra şekeri"", ""1/2 çay kaşığı zerdeçal""]","[""Limon suyu, limon rendesi, su, pudra şekeri zerdeçal ve nişastayı tencereye ekleyin."", ""Orta dereceli ateşte muhallebi kıvamına gelinceye kadar karıştıralım."", ""Dilediğiniz gibi servis edebilirsiniz. Afiyet olsun.""]"
eff9edce-b492-4551-a486-ff7ca6d01719,Bademli Armutlu Tart,Turkey,"Bademli Armutlu Tart, çıtır hamuruyla harmanlanmış tatlı armutların ve bademlerin mükemmel uyumu",Ana Yemek,"[""175 gram tereyağı (soğuk, küp küp kesilmiş)"", ""5 yemek kaşığı toz badem"", ""1/2 çay kaşığı tuz"", ""2 su bardağı un"", ""7 yemek kaşığı soğuk su"", ""1 yemek kaşığı pudra şekeri""]","[""Derince bir kabın içerisine tereyağı, un, toz badem, tuz ve pudra şekerini alın."", ""Elinizle tereyağı, un ve diğer malzemelerle iyice harmanlanana kadar yedirin."", ""Elinizle sıktığınızda birleşen ve hemen ardından dağılan bir kıvam elde edene kadar bu işleme devam edin."", ""Ardından kontrollü bir şekilde soğuk su ilave ederek tüm malzemeleri yoğurmadan, birleştirmeye çalışın."", ""Birleştiğinde streç filme sarın ve buzdolabında 1 saat kadar dinlendirin.""]"
8e5e6e0c-7532-46b0-9f8f-6a56dd1f415f,Limon Soslu Çilek Topları,Turkey,"Taze çileklerin ferahlatıcı limon sosuyla buluştuğu, sağlıklı ve lezzetli bir atıştırmalık",Ye,"[""5 yemek kaşığı yulaf"", ""4 adet hurma"", ""2 adet kuru incir"", ""3 tatlı kaşığı labne peyniri"", ""3 adet çilek"", ""1 yemek kaşığı pudra şekeri (sosu için)"", ""1 tatlı kaşığı limon suyu (sosu için)""]","[""Yulafı rondodan geçirip çok da un olmayacak şekilde küçültüyoruz."", ""İçine sıcak suda bekletilmiş hurmalarımızı ve incirlerimizi doğruyoruz."", ""Çilek, labne ve kuru üzümleri de ekleyip robottan geçiriyoruz."", ""Şekil verip 10-15 dakika buzlukta bekletiyoruz."", ""Son olarak limon sosu için bir yemek kaşığı pudra şekerine bir tatlı kaşığı limon suyu döküp karıştırıp toplarımızın üstüne döküyoruz. Afiyet olsun.""]"
d2782592-2f30-47e9-b56c-d9b9f43ac52c,Pırasalı Pilav,Turkey,"Lezzetli pırasalarla hazırlanan, hafif ve doyurucu bir pilav tarifi",Ye,"[""1 su bardağı pirinç"", ""2 adet pırasa (ayıklanmış, temizlenmiş)"", ""1 adet taze soğan"", ""1 yemek kaşığı zeytinyağı"", ""1 yemek kaşığı tereyağı"", ""1-2 damlalimon suyu"", ""1 adet kesme şeker"", ""1,5 su bardağı sıcak su"", ""1 tatlı kaşığı tuz""]","[""Pırasalı pilav için pirinçleri sıcak suda 30 dakika kadar bekletiyoruz. Bol suda pirinçleri iyice yıkıyoruz. Tencereye yağları ekliyoruz."", ""Tereyağı eriyince doğradığımız pırasa ve taze soğanı ekliyoruz."", ""Yıkadığımız pirinçleri tencereye ekleyip 2-3 dakika kadar kavuruyoruz."", ""Limon suyunu, tuzunu ve şekerini ekleyip karıştırıyoruz. Suyunu ekleyip kısık ateşte pişiriyoruz."", ""Suyunu çektikten sonra ocağın altını kapatıp 15 dakika kadar demlenmesi için bekletiyoruz. Pırasalı pilav hazır. Afiyet olsun.""]"
94417618-46be-4071-8351-e0881ff75937,Vişneli Ev Yapımı Dondurma,Turkey,"Ev yapımı vişneli dondurma tarifi ile ferinlatıcı bir lezzete hazır olun. Basit malzemelerle hazırlanan bu dondurma, hem pratik hem de çok lezzetli",Tatlı,"[""1 çay bardağı yoğunlaştırılmış süt"", ""100 mililitrekrema"", ""2 yemek kaşığı yoğurt"", ""15-20 adet vişne (çekirdekleri çıkartılmış)""]","[""Yoğunlaştırılmış süt için: 1 litre süte 2 bardak şeker ekleyip kısık ateşte yarım litre kalana kadar kaynatıyoruz."", ""Yoğunlaştırılmış süt ve kremamızı blender da önce 2 dakika çırpıyoruz"", ""Daha sonra vişne ve yoğurdu ekleyip tekrar bıztlatıyoruz."", ""Cam kapaklı bir kaseye döküp dolapta 4-5 saat donduruyoruz."", ""Dondurma kaşığı ile servis ediyoruz. Afiyet olsun.""]"
dbfcd9e3-19f8-4d10-8c28-0f62ddb60215,Çikolatalı Yumuşak Kurabiye,Turkey,"İçinden çikolata akan, dışı çıtır içi yumuşak enfes kurabiye tarifi",Ye,"[""125 gram eritilmiş tereyağı"", ""100 gram toz şeker"", ""60 gram esmer şeker"", ""1 adet yumurta"", ""1 paket vanilin"", ""210 gram un"", ""1/2 çay kaşığı karbonat"", ""1/2 çay kaşığı tuz"", ""1 paket çikolata (parçalanmış)""]","[""Şekeri ve eritmiş olduğunuz tereyağını bir kaba alıp el çırpıcısıyla karıştırın."", ""Yumurtanızı ekleyin ve tekrar karıştırın."", ""Şekerli vanilin, un, karbonat ve tuzu ekleyip karıştırın. Dilerseniz spatula ile karıştırabilirsiniz."", ""Çikolata parçalarınızı ekleyip karıştırın ve hamurunuzu 30 dakika buzdolabında bekletin."", ""Hamuru ceviz büyüklüğünde parçalara ayırıp önceden ısıtılmış 175 derece fırında 13 dakika pişirin."", ""Kurabiyeniz çıktığında yumuşak bir kıvamı olacak bu nedenle kurabiyenizin oda ısısına düşmesini bekleyip yiyebilirsiniz. Afiyet olsun.""]"
f09797b1-ee03-4261-80a6-d05c0f1868be,Yumurtasız Kek,Turkey,"Yumurtasız kek, pratik malzemelerle hazırlanan hafif ve lezzetli bir tatlı alternatifidir",Ye,"[""1 su bardağı şeker"", ""1 su bardağı süt"", ""1 çay bardağı sıvı yağ"", ""2 su bardağı un"", ""1 paket kabartma tozu"", ""1 paket vanilya""]","[""Süt ve sıvı yağını, şekerle iyice çırpıyoruz."", ""Un, vanilya, kabartma tozunu eleyerek ilave ediyoruz."", ""Limon kabuğu rendesi de ekleyip iyice karıştırıyoruz."", ""180 derece ısıtılmış fırında 35-40 dakika pişirin. Afiyet olsun.""]"
d3179f70-8d2d-4b97-b185-13f2378459c5,Pastacı Kreması,Turkey,"Pastalar ve tatlılar için mükemmel kıvamda, lezzetli ve kremsi bir pastacı kreması tarifi",Ye,"[""1 litre süt"", ""100 gram tereyağı (veya margarin)"", ""3-4 damlavanilya (1 paket vanilin)"", ""50 gram sıvı krema (1/4 Su Bardağı)"", ""3 adet yumurta"", ""200 gram un (yaklaşık 1.5 su bardağı)"", ""250 gram toz şeker (1+1/4 Su Bardağı)"", ""100 gram krem şanti (arzuya göre eklenebilir)""]","[""Sütün yarısı, sıvı krema ve vanilyayı ocağa alın ve ısıtın."", ""Ayrı bir kapta sütün diğer yarısı, şeker, yumurta ve unu iyice çırpın. (topaklanmaması için unu eleyebilirsiniz.)"", ""Ocakta kaynayan sütten biraz yumurtalı karışıma ekleyip karıştırın."", ""Daha sonra tüm karışımı ocağa alın ve muhallebi kıvamına gelene kadar pişirin."", ""Soğuması için kenara kaldırın. (+4 derece dolapta bekletin)"", ""Tereyağını mikserde kabartın. İçerisine soğuyan kremayı ekleyin ve karıştırın."", ""En son isteğe göre çırpılmış şantiyi de ekleyin ve karıştırın. +4 derece dolapta 30 dakika kremayı dinlendirin. Afiyet olsun.""]"
b2d14526-39ea-4c82-ad3a-045455db836f,Yumurtalı Ot Kavurma,Turkey,"Lezzetli yumurtalı ot kavurma, yeşilliklerin tazeliği ile yumurtanın kremsi dokusunu birleştiren pratik bir kahvaltılık",Ye,"[""2 adet kuru soğan"", ""5 yemek kaşığı zeytinyağı"", ""1 tatlı kaşığı tuz"", ""4 adet yumurta""]","[""Zeytinyağını bir tavaya alın, kuru soğanları yemeklik olarak doğrayın ve ısınmış olan zeytinyağının içene ekleyin."", ""Soğanlar pembeleşene dek kavurun. Ardından ince ince doğranmış pazıları ve ebegümeçlerini ilave edin."", ""Sebzeler sularını salıp, iyice pişene dek kavurun. İnce ince doğradığınız taze soğanları da ekleyin ve kavurmaya devam edin."", ""Tuzunu ilave edip, karıştırın. Sebzeler iyice piştiğinde üstüne yumurtaları kırın ve karıştırın. Yumurtalar pişince altını kapatın, ılıklaşmaya bırakın."", ""Ardından elinizle şekillendirip, servis tabağına alın ve servis edin.""]"
4946faf3-e240-45d1-bde1-fca53f36c8b4,Derin Dondurucuda Barbunya,Turkey,Derin dondurucuda saklamak için pratik barbunya hazırlama tarifi,Ye,"[""500 gram barbunya"", ""Etimek Tatlısı Tarifi"", ""Damla Çikolatalı Kurabiye"", ""Tatlı Tarifleri Spoonful Mozaik Pasta Çikolatalı Sufle İrmik Helvası Fırın Sütlaç Profiterol Revani Magnolia"", ""Kahvaltılık Tarifler Pancake Krep Pişi Kuymak Kaygana Kahvaltılık Sos Menemen Muhlama Yumurtalı Ekmek Omlet"", ""Omlet""]","[""Barbunyaları bir kaseye alın."", ""Barbunyaların kabuklarını ayıklayın."", ""Ayıklanmış barbunyaları yıkayın. Üzerini geçecek kadar bir kase suda 5 dakika bekletin ve suyunu süzün."", ""Çiğ olarak derin dondurucuda saklamak için barbunyaları tek kullanımlık porsiyonlara ayırarak buzdolabı poşetlerine koyun."", ""Poşetin havasını elinizle batırıp alarak ağzını sıkıca bağlayın ve derin dondurucuya koyun. Bu şekilde buzdolabında 4 gün, derin dondurucuda ise 6 ay kadar saklanabilir.""]"
fd30b5d0-3b9b-4aa5-ada0-51645ebe9c04,Kavala Kurabiyesi,Turkey,Fırında kıtır kıtır pişen bademli lezzetli kurabiye tarifi,Ye,"[""250 gram tereyağı"", ""1/2 su bardağı sıvı yağ"", ""1 su bardağı çiğ badem"", ""1 su bardağı un (kavurmak için)"", ""1 su bardağı pudra şekeri"", ""1 paket vanilya"", ""1 paket kabartma tozu"", ""3 su bardağı un"", ""1 adet yumurta"", ""1 çay kaşığı tuz""]","[""İnce kıyılmış badem, iri kıyılmış badem ve un tavada kısık ateşte karıştırılarak unun kokusu çıkana kadar kavurulur. Soğumaya bırakılır."", ""Tereyağı ve pudra şekeri spatula ile karıştırılır."", ""Sıvı yağ, yumurta ve vanilya da konup yine spatula ile karıştırılır."", ""Kavrulmuş un ve badem de eklenip karıştırılır."", ""Un, kabartma tozu ve tuz da konulup yumuşak bir hamur elde edilir. Dolapta 10 dakika bekletilir."", ""Rulo şekli verilip 2 cm kalınlığında bardak ağzı ile yarım ay şeklinde kesilir."", ""Yağlı kağıt serilmiş fırın tepsisine dizilip önceden ısıtılmış 180 derece fırında pişirilir."", ""İlk sıcaklığı çıkınca pudra şekerine bulanıp servise hazırdır. Afiyet olsun.""]"
cf5775d2-2fe9-47a5-8486-8268126ea813,Mantarlı Karamelize Soğanlı Hamburger,Turkey,"Mantarlı karamelize soğanlarla zenginleştirilmiş, ev yapımı lezzetli hamburger köfteleri",Ye,"[""450 gram kıyma (her köfte 150 gram olacak)"", ""1 tatlı kaşığı hardal"", ""1 çay kaşığı tuz"", ""1 çay kaşığı karabiber""]","[""Önce hamburger köftesi için olan malzemeleri karıştıralım. Her bir köfteyi 150 gram olarak ayarlayıp şekil verdikten sonra buzdolabına kaldıralım."", ""Mantarları ince ince doğrayıp az yağda pişirelim ve kenara alalım. Bu sırada köfteleri kızartmaya başlayalım."", ""Isınan tavada az yağda pişirmeye başlarken soğanları jülyen doğrayıp başka tavada kısık ateşte pişirelim. Renkleri hafif değişince şekeri ekleyelim. Karamelize olan soğanları da kenara alalım."", ""Köfteleri pişirmeye devam edelim. Bir tarafı piştikten sonra çevirelim ve pişmeye yakın, önceden pişen kısma cheddar peynirini koyalım. Pişerken üstte kalan chedddar ısı ile eriyecektir."", ""Hamburger ekmeklerine köfteleri, turşuları, mantarları, soğanları ekleyelim. Afiyet olsun.""]"
bb5b145f-c375-4ec0-ba6f-f4632060cd13,Bitter Çikolatalı Sufle,Turkey,"İçi akışkan bitter çikolatalı sufle, çikolata severler için vazgeçilmez bir lezzet",Ye,"[""3 adet küçük boy yumurta"", ""50 gram tereyağı"", ""80 gram bitter çikolata"", ""1/2 su bardağı un"", ""1/2 su bardağı şeker""]","[""Çikolata ve tereyağını benmari usulü eritin."", ""Yumurta ve şekeri bir kabın içerisine alın. Mikser yardımıyla şeker eriyene kadar çırpın."", ""Çırptığınız yumurta ve şeker karışımına azar azar un ilave edin."", ""Erittiğiniz çikolata ve tereyağını yavaş yavaş bu karışıma ilave edin."", ""Kalıplarınızı hafifçe yağlayın ve unlayın. Karışımı içine pay edin."", ""220 derecelik fırında yaklaşık 6 dakika pişirin. Çıkarıp afiyetle tüketin.""]"
fda961dc-3dae-41ce-a269-9649b0946dcc,Muzlu Bebek Bisküvisi,Turkey,Bebekler için sağlıklı ve lezzetli muzlu bisküvi tarifi. Ev yapımı bu bisküviler hem besleyici hem de kolay hazırlanır,Ye,"[""3 çay bardağı tam buğday unu"", ""1 çay bardağı pirinç unu"", ""1 çay bardağı yulaf unu"", ""3 yemek kaşığı tereyağı"", ""1 yemek kaşığı zeytinyağı"", ""1 çay kaşığı karbonat"", ""1 adet yumurta sarısı"", ""1 adet muz""]","[""Muzu rende yardımı ile rendeleyin veya çatal ile ezin."", ""Tereyağı, zeytinyağı, yumurta sarısı, karbonat ve muzu bir kapta biraz yoğurun."", ""Yulaf unu ve pirinç ununu son olarak da yavaş yavaş tam buğday ununu ekleyerek yoğurun. Orta yumuşaklıkta bir hamur elde edin."", ""Ceviz büyüklüğünde koparacağız hamura arzu ettiğiniz şekli vererek fırın tepsinize dizin."", ""Önceden ısıtılmış 175 derecelik fırında hafif kızarana kadar pişirin. Afiyet olsun.""]"
9b0e3118-8daa-437c-a956-74f70d9c7483,Cordon Bleu,Turkey,"İçine peynir ve jambon konulmuş, panlanmış ve kızartılmış lezzetli bir tavuk yemeği",Ana Yemek,"[""5 adet fileto tavuk göğsü"", ""1/2 çay kaşığı tuz"", ""1/2 çay kaşığı taze çekilmiş tane karabiber""]","[""Kemiksiz fileto tavuk göğüslerini temizleyip varsa yağlı kısımlarını alın. Fileto tavuk göğüslerini keskin bir bıçak yardımıyla orta kısımlarından cep açar gibi kesin. Bir et döveceği yardımıyla, stre"", ""İyice incelen ve açılan tavuk göğüslerinin içine dana jambon ve kaşar peyniri dilimleri yerleştirin."", ""Sıkıca sararak tavukları dikkatlice kapatın. Buzdolabında 30 dakika dinlendirin."", ""Yumurtaları geniş bir tabakta bir çatal yardımıyla çırpın. Ayrı ayrı tabaklara un ve galeta ununu alın. Sırasıyla iki taraflı; un, çırpılmış yumurta sarısı ve son olarak galeta ununa bulayın."", ""Kızgın yağda arkalı önlü ters çevirerek kızartın."", ""Kızartma işleminin sıcaklığıyla içlerindeki kaşar peyniri eriyen tavukları, servis tabaklarına alın. Dilimledikten sonra sıcak olarak sevdiklerinizle paylaşın.""]"
f76212ad-a365-43e0-80e8-333c4dd93c18,Yoğurtlu Kuru Patlıcan ve Biber Kavurması,Turkey,"Doğu Anadolu'nun lezzetli ve doyurucu mezesi olan yoğurtlu kuru patlıcan ve biber kavurması, özellikle kış aylarında sofraları şenlendirir",Sebze Yemekleri,"[""3 adet kuru patlıcan"", ""3 adet kurutulmuş biber"", ""2 yemek kaşığı bulgur"", ""1 tatlı kaşığı kuru reyhan"", ""3 yemek kaşığı zeytinyağı"", ""1 çay kaşığı toz biber"", ""1 çay kaşığı karabiber"", ""1 çay kaşığı nane"", ""1 çay kaşığı kimyon"", ""1 çay kaşığı tuz"", ""6 yemek kaşığı yoğurt"", ""1/2 su bardağı su""]","[""Kuru patlıcan ve kuru biberi 15 dakika orta ateşte kaynatın."", ""Kaynayanları ince ince doğrayıp 5 dakika zeytinyağında kavurun."", ""Karışıma 2 yemek kaşığı bulguru koyup üstüne yarım su bardağı su ve baharatları ilave edip altını kısın. Bulgurun suyu çekmesiyle altını kapatın."", ""Sarımsağı yoğurda rendeleyip karıştırın."", ""Yoğurdu servis tabağına yayıp diğer karışımı üstüne dökün. Ek olarak taze soğanı doğrayıp üstüne ekleyin. Afiyet olsun.""]"
47dfa5da-1558-4eef-9bf2-485e2937148f,Fırında Brokoli Graten,Turkey,"Fırında brokoli graten, sebzelerin kremsi sosla harmanlandığı lezzetli ve besleyici bir yemektir",Sebze Yemekleri,"[""500 gram brokoli"", ""2 adet havuç"", ""3 adet patates"", ""3 yemek kaşığı tereyağı"", ""2 yemek kaşığı un"", ""3 su bardağı süt"", ""1 çay kaşığı tuz""]","[""Patates ve havuç dilimlenip, bir tencerede kaynatılır. Suya biraz tuz eklenir. Brokoli de aynı şekilde ayrı olarak kaynatılır."", ""Beşamel sosu için: Bir tencerede tereyağı eritilip un koyulur ve hafif kavrulur. Soğuk süt eklenir ve tel ile iyice karıştırılır. Tuz ve karabiber eklenir."", ""Hazırlanan patates, havuç ve brokoli bir borcama alınır, üzerine beşamel sos dökülür ve kaşar peyniri rendesi serpilir."", ""Önceden ısıtılmış 180 derecelik fırında üzeri kızarana kadar pişirilir. Afiyet olsun.""]"
7a4509d1-3456-4944-bb12-2e96bd1458ee,Füme Etli Cheeseburger,Turkey,"Füme etli cheeseburger, dumanlı lezzeti ve eritilmiş peyniriyle damaklarda unutulmaz bir tat bırakır",Et Yemekleri,"[""1 adet burger ekmeği"", ""1 yemek kaşığı mayonez"", ""1 yemek kaşığı hardal"", ""2 tatlı kaşığı mayonez"", ""1 tatlı kaşığı acı sos"", ""2 tatlı kaşığı ketçap"", ""2 tatlı kaşığı turşu suyu"", ""1 adet ezilmiş sarımsak""]","[""Sos malzemelerini bir kasede karıştırın."", ""Ekmeği ortadan ikiye kesin içine mayonez sürün ve orta sıcaklıktaki tavada kızartıp, kenara alın."", ""Burgeri yapmadan önce kıymayı iki eşit parçaya bölün ve elinizde yuvarlayın."", ""Büyük bir tavayı ısıtın. Önce füme etleri tavada yağsız olarak kızartın, ardından köfteleri tavaya koyun, üstlerine ufak yağlı kağıtlar koyup spatula ve bir ağırlıkla dümdüz olana kadar bastırın."", ""Yaklaşık 30 saniye sonra kağıtları kaldırın. Hafifçe tuz ve karabiber ekleyip köfteleri ters çevirin. Peynir dilimlerini de koyup tavanın altını kısın ve bir kapakla kapatın."", ""Ekmeğin kızarmış yüzlerine sosu sürün, turşuları ekleyin. Pişen köfteleri üst üste koyup ekmeğin arasına koyun ve burgeri tamamlayıp, servis edin. Afiyet olsun.""]"
ec887e2e-f7f5-4245-89ac-8c7c2771b8f8,Lavaştan Pizza,Turkey,Lavaş hamurları üzerine malzemeleri koyarak hazırlanan pratik ve lezzetli pizza tarifi,Ana Yemek,"[""3 adet lavaş"", ""7-8 adet sosis (dilediğiniz kadar)"", ""1 adet orta boy domates"", ""1 silme yemek kaşığı domates salçası"", ""1 çay kaşığı kekik""]","[""Sosu hazırlamak için domatesi rendeliyoruz."", ""Rendelenen domatesin içine sarımsağı da ezip ekliyoruz."", ""Salçayı ve kekiği de ekleyip sosumuzu hazır hale getiriyoruz."", ""1 adet lavaşın üzerine sosumuzu sürüp malzemelerimizi diziyoruz."", ""Bu şekilde 3 kat hazırlıyoruz ve 3. katımıza peynirleri eklemiyoruz."", ""Pişmeye yakın peynirlerimizi ekliyoruz ki peynirler yanmasın."", ""180 derecelik fırında pişiriyoruz. Afiyet olsun.""]"
e96857eb-a7c4-4584-98e9-b2659338d73b,Karabiber Sos,Turkey,"Zengin aromalı karabiber sosu, et ve sebze yemeklerine muhteşem lezzet katar",Sebze Yemekleri,"[""1 tatlı kaşığı tereyağı"", ""1 yemek kaşığı kırmızı soğan"", ""4 yemek kaşığı sherry sirkesi"", ""5 yemek kaşığı krema"", ""3/4 çay bardağı su"", ""2 çay kaşığı tane karabiber"", ""1/2 çay kaşığı tuz""]","[""Ufak bir sos tavasında kısık ateşte tereyağı ve minik küp doğranmış soğanları yumuşayana kadar pişirin."", ""Sirkeyi tavaya ekleyin ve keskin kokusu geçene kadar kaynatın."", ""Krema ve suyu da ekleyip kısık ateşte bir taşım daha kaynatın."", ""Karabiber tanelerini havanda ya da bir tava ile hafifçe ezin ve sosa ekleyip hafif yumuşayana kadar pişirin."", ""Son olarak tuzu ekleyip sıcak olarak etlerinizle birlikte servis edin. Afiyet olsun!""]"
9b860ab2-3739-456e-9ad6-119aea473087,Kıymalı Fırın Makarna,Turkey,"Lezzetli kıymalı fırın makarna, pratik ve doyurucu bir ana yemek seçeneği",Pilav & Makarna,"[""1 paket fırın makarna"", ""2 adet yumurta"", ""100 gram beyaz peynir"", ""100 gram Bergama tulumu""]","[""Kıymalı fırın makarna için ilk olarak kıyma harcında kullanacağınız bütün sebzeleri çok ufak küpler şeklinde kesin."", ""Derin ve kalın tabanlı bir tencerede zeytinyağını ısıtın bütün sebzeleri de tencereye alıp yumuşayana kadar kavurun. Ardından kıymayı da ekleyin ve tencerede hiç su kalmayıp kum gibi kıvam alana kadar"", ""Tencereye kalan tuz, baharatalar, salça ve domates rendesini de ekleyip karıştırın. Ocağın altını kısın ve harç bütünleşene kadar pişirin."", ""Derin bir tencerede su kaynatın ve içine bolca tuz attıktan sonra makarnaları haşlanmaya bırakın."", ""Aynı anda farklı bir tencerede beşamel sos için tereyağı ve unu kavurun. Kavrulan karışıma sütü azar azar ekleyip pürüzsüz olana kadar sürekli karıştırarak pişirin. Koyulaşan sosu ocaktan alıp içine t"", ""Fırını fanlı olarak 200 derecede ısıtmaya başlayın."", ""Haşlanan makarnaları süzün. Sıcakken makarnayı yumurta, beyaz peynir, 5 yemek kaşığı beşamelle karıştırıp büyük bir fırın kabına alın."", ""Kıymalı harca da 3 yemek kaşığı kadar beşamel sos ekleyip karıştırın ve makarnaların üzerine yayıp spatula ile bastırın."", ""Kalan beşamel sosa da Bergama tulum peynirini rendeleyip karıştırın ve son katman olarak tepsiye aktarın."", ""Yemeği sıcak fırında üzeri kızarana kadar yaklaşık 30 dakika pişirin."", ""Fırın makarnayı 10 dakika dinlendirip, dilimledikten sonra servis edin. Afiyet olsun.""]"
cf0173c4-283b-4a16-8098-46a848e881cb,Hafif Kek,Turkey,Pekmez ve cevizin harika uyumuyla hazırlanan hafif ve lezzetli kek tarifi,Tatlı,"[""3 adet yumurta"", ""1 su bardağı ceviz içi (iri çekilmiş)"", ""1 çay bardağı keçi boynuzu pekmezi"", ""2 adet muz"", ""1/2 çay bardağı süt"", ""1 paket kabartma tozu"", ""1 paket vanilya"", ""1 paket kakao""]","[""3 yumurtayı mikser yardımıyla çırptıktan sonra, 1 çay bardağı keçiboynuzu pekmezini ilave edip birlikte karıştırmaya devam edin."", ""Pekmez sayesinde koyu bir renge kavuşan karışıma kabartma tozu, vanilya şekeri ve kakaoyu ilave edin."", ""Toz malzemeleri mikser yardımıyla karışıma dağıttıktan sonra yarım çay bardağı sütümüzü kek harcına ekleyin."", ""Sütün hemen ardından 1 su bardağı çekilmiş ceviz içini ilave edin ve karıştırın. Ceviz içini kek harcını yoğunlaştırdığını göreceksiniz."", ""Son olarak 2 adet muzu, çatal yardımıyla ezerek kek karışımının içerisine ilave ederek pürüzsüz bir harç elde edene kadar çırpın."", ""Yağladığımız ya da pişirme kağıdı kullandığımız kek kalıbımıza kek karışımının tamamını eşit miktarda dökün."", ""Önceden ısıtılmış 170 derecedeki fırında 45 dakika pişirin. Afiyet olsun.""]"
6799c178-8afc-4b00-b6c5-c6b06579ee7a,Kaşarlı Fit Pancake,Turkey,"Lezzetli ve besleyici kaşarlı fit pancake, kahvaltıların vazgeçilmezi olacak",Ana Yemek,"[""110 gram buğday unu (kızıl) (başka unlar da olur)"", ""250 mililitresüt"", ""2 adet yumurta"", ""1 çay kaşığı tuz"", ""1/2 çay kaşığı karbonat (veya kabartma tozu)"", ""100 gram kaşar peyniri (veya eriyen herhangi bir peynir)""]","[""Un, tuz, karbonat, süt ve yumurta bir kaba alınıp güzelce tüm malzemeler birbirine geçene denk karıştırılır."", ""Sonrasında pancakeleri pişireceğiniz tava orta ateşte ısıtılır."", ""Isınan tavaya 1 kaşık pancake harcından eklenir ve hafif göz göz olmaya başlayınca üzerine, ince ince dilimlenen kaşar peynirinden 1 parça koyulur."", ""Onun üzerini kapatacak şekilde pancake harcından biraz daha eklenip ters çevirilir."", ""Ter iki tarafı da eşit pişen pancake servis tabağına alınır."", ""Pancake harcı bitene kadar bu işleme devam edilir."", ""Hazır olan tüm kaşarlı pancakelerinizi dilediğiniz şekilde servis edebilirsiniz. Afiyet olsun!""]"
c101c94b-f764-49fa-a4e3-bc228c8fe39c,Çiğ Köfte,Turkey,"Geleneksel Türk mutfağının lezzetli ve baharatlı mezesi olan çiğ köfte, doyurucu atıştırmalık alternatifidir",Et Yemekleri,"[""2 adet büyük boy soğan"", ""2 adet domates"", ""2 adet sarımsak"", ""1 su bardağı sıvı yağ"", ""1 tatlı kaşığı pul biber"", ""2 yemek kaşığı domates salçası"", ""1 yemek kaşığı biber salçası"", ""1 kilogram esmer bulgur""]","[""İnce bulguru bir tepsiye alın. Üzerine isot, pul biber, tuz ekleyip, domates rendesini de ilave ederek yoğurmaya başlayın."", ""Sonra rendelenmiş sarımsak ve soğanı alın, elinizi arada hafif ıslatarak yoğurmaya devam edin."", ""Ardından salça ilave edin, bulgur iyice yumuşayana kadar su ekleyerek yoğurmaya devam edin."", ""Bulgur yumuşayınca yeşil soğanları da ilave ederek yoğurun. Tüm malzemeler güzelce yoğrulunca şekil verip servis edin. Afiyet olsun!""]"
bd731c2c-2541-454f-9880-ceb057b01b65,Sardalya Buğulama,Turkey,"Lezzetli ve sağlıklı sardalya buğulama, az malzemeyle kolayca hazırlanabilen nefis bir deniz ürünü tarifidir",Ana Yemek,"[""1 kilogram sardalya balığı"", ""1 adet kuru soğan"", ""1 adet domates"", ""1 adet limon"", ""2 tatlı kaşığı tuz"", ""1 tatlı kaşığı karabiber"", ""1 çay bardağı zeytinyağı""]","[""Soğan jülyen doğranır. Maydanozların yaprakları ayrılır. Limonlar da yarım ay şeklinde kesilir. Domates kabuğu soyulduktan sonra yine yarım ay şeklinde doğranır."", ""Bir kapta soğanın üzerine zeytinyağı dökülür ve tuz ile karabiber eklenerek iyice harmanlanır. Sonra tepsiye yerleştirdiğimiz pişirme kağıdı üzerine soğanlar yerleştirilir. Üzerine temizlenmiş ve tuzl"", ""Daha sonra üzerine maydanozlar, domates ve limonlar yerleştirilir ve zeytinyağı gezdirilir. Son olarak 200 derecedeki fırına sürülür 20-30 dakika pişirilir.""]"
d1658460-a005-4b0c-bce7-732f0ad43e41,Çikolata Soslu Saray Muhallebisi,Turkey,"Çikolata sosuyla süslenmiş, puding kıvamında nefis bir Türk tatlısı",Tatlı,"[""1 litre süt"", ""1 su bardağı un"", ""1 su bardağı şeker"", ""100 gram tereyağı"", ""1 yemek kaşığı nişasta"", ""1 paket damla sakızlı vanilin""]","[""Tenceremize yağımızı alıyoruz, yağ erikten sonra üstüne unu ekliyoruz ve rengi dönene kadar kavuruyoruz."", ""Yeterince kavrulan unumuza yavaş yavaş sütü ekliyoruz. Çırpıcı ile pürüzsüz kıvam alana kadar çırpıyoruz."", ""Ardından toz şekeri ekleyip kıvam alana kadar karıştıra karıştıra kaynatıyoruz. Koyulaşan muhallebiye vanilya ekleyip ocaktan alıyoruz. 5 dakika mikserle çırpıyoruz."", ""Hazırladığımız muhallebiyi, ıslatıp fazla suyunu aldığımız borcama döküyoruz. (Islattığımız için servis sırasında yapışmayacak)"", ""Hazır çikolata sosunu poşetteki talimatlara göre hazırlayıp üstüne döküyoruz. Oda sıcaklığına gelen tatlımızı en az 2-3 saat buzdolabında soğutuyoruz ve servis yapıyoruz.""]"
e5dbb6e2-b205-4e8e-bcd5-87892abdc9cc,Fit Pankek Pasta,Turkey,"Sağlıklı ve lezzetli fit pankek pasta, tam buğday unu ve doğal tatlandırıcılarla hazırlanan hafif bir tatlı seçeneği",Tatlı,"[""1 adet yumurta"", ""1 su bardağı tam buğday unu"", ""1/2 çay bardağı pekmez ya da bal"", ""1 çay bardağı süt"", ""1 paket vanilya"", ""1 çay kaşığı kabartma tozu"", ""1 adet limon kabuğu rendesi""]","[""Hamur için tüm malzemeler karıştırılır. Krep hamurundan az koyu hamur elde edilir."", ""Tavada pişirilir. Pankek gibi hamur bitene kadar."", ""Ara katlar için tüm malzemeler karıştırılır."", ""Ara katlara ve en üste paylaştırılır ve en üst kısım süslenir."", ""Hem leziz hem içeriği temiz pastamız hazır. Afiyet olsun.""]"
48ca5a40-2d38-4e4d-9b29-25b4346137ed,Portakal Aromalı Revani,Turkey,"Portakal aromalı, nemli ve lezzetli revani tarifi. Şerbetli tatlı sevenlerin bayılacağı bu pratik tarif, misafirlerinize ikram etmek için ideal",Tatlı,"[""4 adet yumurta"", ""1 çay bardağı şeker"", ""1 su bardağı süt"", ""1 su bardağı sıvı yağ"", ""1,5 su bardağı irmik"", ""1,5 su bardağı un"", ""1 adet portakalın kabuğu (rendelenmiş)"", ""1 paket vanilin"", ""1 paket kabartma tozu"", ""1/2 çay kaşığı karbonat""]","[""Öncelikle şeker ve suyumuzu tenceremize alarak ocağa koyalım, kaynara geçtikten sonra altını hafif kısıp 18 dakika kadar kaynatalım."", ""Yumurta ve şekeri kabımıza alarak çırpalım."", ""Üzerine süt ve sıvı yağ katarak karıştıralım."", ""İrmiği, kabartma tozlarını, vanilyayı ve portakal kabuğunu katıp karıştıralım."", ""Son olarak unumuzu kontrollü bir şekilde ekleyerek akışkan bir kıvam oluşturalım."", ""Yağlamış olduğumuz kare borcama boşaltalım, 180 derecelik fırınımızda kabarıp kızarana kadar pişirelim."", ""Pişen kekimizi 15 dakika soğuttuktan sonra, soğumuş olan şerbetimizi üzerine dökelim."", ""Kare kare kesip şerbetini çekmesini sağlayalım. 3-4 saat sonra süsleyip servis edebilirsiniz. Afiyet olsun.""]"
c907c76d-80b3-4624-934b-e9936f313dcb,Fit Çilekli Galette,Turkey,Badem unu ve taze çileklerle hazırlanan sağlıklı ve lezzetli fit galette tarifi,Et Yemekleri,"[""1/2 su bardağı badem unu"", ""3/4 su bardağı buğday unu"", ""1 yemek kaşığı Hindistan cevizi şekeri"", ""2 yemek kaşığı soğuk tereyağı"", ""3 yemek kaşığı soğuk su""]","[""Mutfak robotuna önce unları ve şekeri atıp bir tur döndürelim. Sonra soğuk tereyağını atalım. 1 dakika kadar robotu çalıştıralım."", ""Sonra soğuk suyu ekleyelim ve 1 dakika daha çalıştıralım. Hamur haline gelen karışım biraz yapışkan olmalı. Elimizle yuvarlayalım ve bir kaba koyup üzerini streç film ile kapatıp buzdolabında 1"", ""Çilekleri kesip, bir kasede üzerine limon suyunu ve şekeri dökelim, suyunu vermesi için bekleyelim."", ""O esnada hamuru yağlı kağıtların arasında incelene kadar açalım. Sonra hamurun ortasına çilekleri ekleyip, önceden 180 derecede ısıtılmış fırında 25-30 dakika pişirelim. Afiyet olsun.""]"
a536e74c-47be-4b27-9777-04eb94b41fa2,Çilekli Kremalı Tart Pasta,Turkey,Taze çilekler ve kremanın mükemmel uyumuyla hazırlanan hafif ve lezzetli bir tatlı,Tatlı,"[""2 adet yumurta"", ""1 çay bardağı şeker"", ""1 çay bardağı süt"", ""1 çay bardağı sıvı yağ"", ""1 su bardağı un"", ""1 paket kabartma tozu"", ""1 paket vanilya""]","[""Keki için derin bir kapta yumurta ve şekeri çarpıyoruz. Daha sonra tüm sıvıları ekleyip tekrar karıştırıyoruz. Son olarak da tüm toz malzemeleri ekleyip karıştırıyoruz."", ""Yağlanmış tart kalıbına döküyoruz ve pişirmek için 180 derece önceden ısıtılmış fırına verip 15 dakika pişiriyoruz."", ""Kreması için derin tencereye vanilya hariç toz ürünleri ekleyip güzelce karıştırıyoruz. Daha sonra soğuk sütü ekleyip çarpıyoruz."", ""Kısık ateşte göz göz olana kadar pişiriyoruz. Pişen kremamıza tereyağı ve vanilya ekleyip güzelce çarpıyoruz."", ""Pişirdiğimiz keki kalıptan çıkarttıktan sonra kekin ilk sıcağı geçince kremamızı döküp güzelce yayıyoruz ve soğumaya bırakıyoruz."", ""Son olarak dilimlediğiniz çilekler ile dilediğiniz gibi süsleyebilirsiniz. Afiyet olsun.""]"
e0a6ae10-89ee-4966-91de-52cee766cba9,Soslu Elmalı Kek,Turkey,"Yoğurt ve sıvı yağ ile hazırlanan yumuşacık soslu elmalı kek, çay saatlerinin vazgeçilmezi",Tatlı,"[""1 su bardağı şeker"", ""1 su bardağı sıvı yağ"", ""1 su bardağı yoğurt"", ""4 adet yumurta"", ""1 paket vanilya"", ""1 paket kabartma tozu"", ""2 su bardağı un""]","[""Üzümleri yarım saat ılık suda bekletip süzün."", ""İlk toz şeker, sıvı yağ ve yoğurt çırpılır. Çırpıldıktan sonra 1 su bardağı bu sostan ayırın. Kalan kısma diğer malzemeler sırayla eklenip kek harcı elde edilir. Margarin ile yağlanmış borcama dökülür"", ""Üzeri için elmalar kabuklarını soymadan yarım ay olarak hafif ince şekilde kesilir, kek hamurunun üzerinde dizilir. Kuş üzümü, ceviz eklenip önceden ısıtılmış 180 derecede pişirilir."", ""Kek piştikten sonra ilk sıcaklığı çıkınca ayrılmış sos üzerine dökülür. Arzuya göre tarçın eklenir. Afiyet olsun.""]"
9e0410e8-52f0-474c-b9d2-9e3c979c7bc5,Fındıklı Mozaik Pasta,Turkey,"Fındıklı mozaik pasta, bitter çikolata ve kremanın mükemmel uyumuyla hazırlanan, pişirmeden kolayca yapılan lezzetli bir tatlıdır",Tatlı,"[""120 gram çiğ fındık"", ""240 gram bitter çikolata (%55 kakao oranı olan)"", ""300 mililitrekrema"", ""1 paket çifte kavrulmuş petibör bisküvi""]","[""İlk olarak tavamızı ısıtıyoruz. Fındıkları yaklaşık 5-6 dakika yüksek ateşte sürekli çevirerek kavuruyoruz."", ""Kavrulan fındıkları bir kabın içine soğumaya alıyoruz. Kavrulurken zaten çoğunun kabuğu kendiliğinden atacak, kalanları da ellerimizle soyup tarif için kullanıma hazır hale getiriyoruz."", ""Kremayı benmari usulü ısıtıyoruz ve çikolatayı içine ekleyerek eritiyoruz."", ""Fındıkların yarısını rondoda toz haline getiriyoruz. Diğer yarısını bıçaktan geçirerek dişe gelecek şekilde fakat ne çok büyük ne çok küçük olacak şekilde parçalara bölüyoruz."", ""Eriyen çikolata ve kremayı ocaktan alıp, spatulayla birbirine yediriyoruz. Ardından ilk önce toz haline gelmiş fındıkları ve parça fındıkları içine katıp, spatulayla karıştırıyoruz."", ""Bisküvileri de elimizle parçalayarak bazen toz, bazen küçük parçalar halinde karışımın içine döküyoruz. Tekrar spatulayla yavaş yavaş karıştırıyoruz."", ""Baton kek kalıbımızın içine dört bir tarafından sarkacak şekilde fırın kağıdımızı yerleştiriyoruz ve harcımızı döküyoruz."", ""Buzdolabında 3-4 saat beklettikten sonra servis edebilirsiniz.""]"
777bf475-9beb-41a1-96bf-232d4a2b0021,Üşengeç Pastası,Turkey,"Pratik ve lezzetli üşengeç pastası, sadece 3 malzemeyle hazırlanan harika bir tatlı",Tatlı,"[""1 adet bisküvi"", ""3 büyük su bardağı süt"", ""1 adet çilekli puding""]","[""Bisküvileri borcama dizelim, sonra pudingimizi tarifine göre ocağa alıp hazırlayalım kabuk tutmaması için karıştıralım."", ""Pudingimiz hazır olduğunda borcama dizdiğimiz bisküvileri üzerine yavaşça dökerek etrafa yayalım."", ""Sonra aynı işlemi yapmaya devam edelim; aynı hizada aynı şekilde devam ederek işlemimizi bitirelim. Buzdolabında soğuttuktan sonra afiyetle yiyelim.""]"
44eb3dcf-ee9e-4a70-8c34-56f533b3eecc,Sucuklu Yumurta Tavası,Turkey,Lezzetli sucukların yumuşak yumurtalarla buluştuğu pratik ve doyurucu bir kahvaltı tarifi,Kahvaltı,"[""4 adet yumurta"", ""2 yemek kaşığı tereyağ"", ""1/4 çay kaşığı tuz"", ""1/2 adet simit"", ""5 adet cherry domates"", ""6 adet siyah zeytin""]","[""Yumurtaları ve tereyağı soğuk tavaya koyun. Orta ateşte sürekli çırparak yumuşak, kremamsı bir doku alana kadar pişirin."", ""Sucukları ayrı bir tavada kızartın. Simidi dilimleyip tost makinasında kızartın."", ""Yumurtaları servis etmeden önce hafif tuzlayıp karıştırın ve servis tavasına alın."", ""Sucukları yumurtanın üzerine yerleştirin. Simit, domates, zeytin ve taze nane yaprakları ile birlikte servis edin. Afiyet olsun!""]"
2cc1e54e-d249-4e0c-99e6-0257db4221f3,Erikli ve Labneli Cheesecake Tart,Turkey,"Taze eriklerin ve kremsi labne peynirinin mükemmel uyumuyla hazırlanan bu cheesecake tart, hem göze hem de damaklara hitap eden lezzetli bir tatlı seçeneği",Ana Yemek,"[""125 gram Sütaş Tereyağı (6 yemek kaşığı)"", ""250 gram un (2 su bardağı + 1 yemek kaşığı)"", ""60 gram pudra şekeri (2 tepeleme yemek kaşığı)"", ""1 adet yumurta"", ""1/2 çay kaşığı tuz""]","[""Tart hamuru için öncesinde Sütaş Tereyağı'nı ufak parçalar halinde 15-20 dakika derin dondurucuda bekletin."", ""Ardından unu, pudra şekerini, donuk tereyağı parçalarını ve tuzu mutfak robotuna koyup durdura durdura çalıştırın ve kırıntı gibi bir kıvam alana kadar bu işleme devam edin."", ""Son olarak yumurtayı çırpın, azar azar hamura ekleyin ve robotta hafifçe toparlanana kadar işleme devam edin."", ""Elinizle sıktığınızda pürüzsüz şekilde toparlanıyorsa hamurunuz olmuş demektir. Hamuru bir streç filme yerleştirin ve etrafını sarıp hafifçe bastırın, buzdolabında 30 dakika dinlendirin."", ""Dinlenen hamuru hafifçe unlayıp merdane ile yarım santimetreden biraz daha ince olacak şekilde açın. Açtığınız hamuru tart kalıbına yerleştirin, kenarlarını, tabanını bir parça hamurla bastırarak yerl"", ""Tart tabanını çatal yardımı ile birçok yerinden delin. Hamuru derin dondurucuya kaldırıp 15 dakika dinlendirin."", ""Fırını 190 derecede alt, üst ve fanlı ayarda ısıtın. Tart tabanını dolaptan çıkarın, içine bir yağlı kağıt ve ağırlık yapması için herhangi bir bakliyatı koyun ve fırınlayın."", ""Tart hamurunu 20 dakika pişirin ve fırından çıkarıp, içindekileri dikkatlice boşaltıp tezgahta 5 dakika dinlendirin. Fırını 175 dereceye indirin."", ""Cheesecake harcı için krema, yumurta, toz şeker, nişasta, limon suyu ve vanilya esansını şeker eriyene kadar çırpın. Harca son olarak Sütaş Labne'yi de ekleyip hiç pürüz kalmayana kadar yavaşça karışt"", ""Harcı tart tabanının üzerine dökün, erikleri ortadan ikiye bölün ve içleri yukarı bakacak şekilde yerleştirin. Tartı fırına yerleştirin ve üzeri sertleşene kadar 25-30 dakika pişirin."", ""Pişen tartı oda sıcaklığında soğuyana kadar 2 saat dinlenmeye bırakın. Sos için erikleri doğrayıp şeker ve limon suyu ile birlikte yumuşayana kadar kısık ateşte, bir sos tenceresinde pişirin."", ""Pişen erikleri son olarak pürüzsüz olana kadar blenderden geçirin ve oda sıcaklığında soğutun. Soğuyan tartınızı dilimleyin, yanına bir kaşık sos ekleyin ve servis edin. Afiyet olsun.""]"
6218d3eb-ca14-433f-8c69-a90c7d56dd9d,Güveçte Ekmek,Turkey,"Geleneksel Türk mutfağının lezzetli ve pratik ekmek tarifi, güveçte mükemmel kıvamda pişer",Börek & Hamur İşi,"[""4 su bardağı un"", ""2 su bardağı su"", ""2 tatlı kaşığı şeker"", ""1 çay kaşığı tuz"", ""2 yemek kaşığı sıvı yağ"", ""1 yemek kaşığı instant maya"", ""1 yemek kaşığı pekmez""]","[""Önce un yoğurma kabına konur."", ""Ortasına su, şeker, tuz, yağ ve maya konup yoğurulur."", ""Hamurun yumuşak kıvamlı olması sağlanmalı."", ""Hamur ılık bir yerde kabarana kadar bekletilir."", ""Yağlanıp unlanan güveç kaplarına 6 eşit parçaya ayrılan hamurlar konarak 10 15 dakika bekletilir."", ""Ortasına bıçakla bir çizik atılır ve üzerine sulandırılmış pekmez sürülüp 200 dereceli fırında 25 dakika pembeleşinceye kadar pişirilir. Afiyet olsun.""]"
7ffea64d-54d3-478f-b700-dc87d834e105,Fincan Tatlısı,Turkey,Fırınlanmış muhallebi tabaklarının üzerine dökülen karamelize şekerle hazırlanan geleneksel Türk tatlısı,Tatlı,"[""1 litre süt"", ""1,5 su bardağı şeker"", ""2 yemek kaşığı nişasta"", ""4 yemek kaşığı un"", ""1 paket vanilya"", ""1 yemek kaşığı tereyağı""]","[""Süt, şeker, nişasta, unu karıştırıp ocağa alalım."", ""Göz göz olana kadar kaynatalım."", ""Vanilya ve tereyağını ekleyip ocağın altını kapatalım."", ""Fincanlarımıza muhallebilerimizi döküp dondurucuda 2 saat donduralım."", ""Tatlımızı fincanlarımızdan çıkaralım."", ""Hindistan cevizine bulayalım."", ""Üzerine şekerleme koyup servis edelim.""]"
b01b295e-c6a6-4cca-ba81-59f730990fe5,Elmalı Tarçınlı Kurabiye,Turkey,Tarçın ve elmanın harika uyumunu bu lezzetli kurabiyelerde deneyin. Çıtır dışı ve yumuşak içiyle mükemmel bir ikram,Tatlı,"[""1 adet yumurta"", ""1 çay bardağı nişasta"", ""1,5 çay bardağı pudra şekeri"", ""3 yemek kaşığı yoğurt"", ""1/2 çay bardağı sıvı yağ"", ""150 gram margarin"", ""3,5 su bardağı un"", ""1 paket kabartma tozu"", ""1 çay kaşığı tarçın""]","[""Öncelikle elmaları soyup rendeleyelim."", ""Şekeri de ilave edip ocakta soteleyelim."", ""İyice yumuşayınca tarçın ve cevizi ilave edip altını kapatalım. Soğumaya alalım."", ""Hamuru için tüm malzemeleri karıştırıp yumuşak ele yapışmayan bir hamur elde edelim."", ""Hamuru 10 dakika dolapta dinlendirelim."", ""Dinlenen hamuru ceviz büyüklüğünde koparıp içine 1 tatlı kaşığı iç malzememizi koyup kapatalım."", ""Ben sebze dilimleyici ile şekil verdim, siz dilediğiniz gibi yapabilirsiniz."", ""Yağlı kağıt serdğgimiz fırın tepsisine alıp önceden ısıtılmış 170 derece fırına atalım."", ""20 dakika yeterli olacaktır. Kontrol edelim, hafif pembeleşince fırından alalım. Afiyet olsun.""]"
c60b0e4c-6dbd-4c9f-a75c-77b5a733a706,Badem Yoğurdu,Turkey,"Ev yapımı badem yoğurdu, sağlıklı ve lezzetli bir alternatif. Çiğ bademlerden hazırlanan bu yoğurt, glutensiz ve besleyici bir atıştırmalık",Ana Yemek,"[""300 gram çiğ badem"", ""4-5 yemek kaşığı glutensiz un"", ""1 adet limonun suyu"", ""1 çay kaşığı tuz"", ""1 çay bardağı su""]","[""Öncelikle bademlerimizi sıcak suya koyuyoruz. Birkaç saat sonra soyuyoruz. Kolayca çıkıyor. Soyduğumuz bademleri 2 bardak sıcak suyla 24 saat bekletelim."", ""Ertesi gün suyuyla birlikte bademleri rondodan çekelim. Bir kenarda glutensiz unumuzu kaba alalım, topaklaşmaması için 1 çay bardağı su ile yavaş yavaş yedirelim. Bebek maması yapar gibi ocakta pişire"", ""Unun kokusunun çıkması için bu işlem önemli. Pişirdiğimiz mama kıvamındaki karışımı blendera alalım, karıştırmaya devam edelim. Bu aşamada tuzu ve limon suyunu ekliyoruz."", ""Ben 1 limon ve 1 çay kaşığı tuz kullandım ama siz belki daha ekşi isterseniz limonu artırabilirsiniz. Şunu unutmayalım yoğurtun katılığı da tadı da herkese göre değişebilir. Daha katı isteyen olursa u"", ""Mutlaka en az 12 saat buzdolabında dinlendirelim. Ne kadar dinlenirse o kadar iyi. Şimdiden deneyenlere afiyet olsun.""]"
bd0c678f-6423-4b8b-add7-53aed83410af,Patates Borani,Turkey,"Patates Borani, haşlanmış patateslerin soğan ve baharatlarla harmanlanıp fırında pişirilmesiyle hazırlanan lezzetli bir Türk mutfağı özelidir",Ana Yemek,"[""2 adet büyük boy patates (haşlanmış)"", ""4 yemek kaşığı sıvı yağ"", ""1 adet soğan (küp doğranmış)"", ""1 çay kaşığı tuz"", ""1 çay kaşığı karabiber"", ""1 çay kaşığı kırmızı toz biber""]","[""Bir sos tenceresine sıvı yağı ekleyin ve ısıtın. Üzerine salçayı ekleyip 30 daniye kadar kavurun."", ""Ardından domates püresi, tuz ve suyu ekleyip bir taşım kaynatın. Domates sosunuz hazır."", ""Haşlanmış patatesleri rendeleyin. Bir tavada sıvı yağını ısıtın. Küp soğanları üzerine ekleyip 3-4 dakika kadar kavurun. Ardından ocağın altını kısıp patatesleri ekleyin ve soğanlarla beraber karıştı"", ""Soğanlı patates karışımını tuz, karabiber ve kırmızı toz biberle tatlandırın. Tavayı ocaktan alıp karışımı oda sıcaklığında soğutun."", ""Karışımdan ceviz büyüklüğünde toplar olacak şekilde parçalar kopartın ve elinizde yuvarlayın. Karışımın elinize yapışmaması için sıvı yağ ile ellerinizi yağlayın."", ""Hazırladığınız topları bir serrvis kasesine koyun."", ""Üzerine sarımsaklı yoğurt ve domates sosunu ekleyip maydanoz serpiştirerek servis edin.""]"
c3dec4e0-b76a-49a2-9bc8-87c934d55b2a,Lime Aromalı Bowl,Turkey,"Taze ve ferahlatıcı lime aromalı bowl, dondurulmuş muz ve süt ile hazırlanan sağlıklı bir lezzet",Ana Yemek,"[""2 adet dondurulmuş muz"", ""1 adet lime kabuğu rendesi"", ""2 yemek kaşığı süt"", ""1 tatlı kaşığı fıstık ezmesi"", ""1 tatlı kaşığı bal""]","[""Bütün malzemeleri rondoya ekleyin ve iki dakika kadar çekin."", ""Servis tabağına alın ve afiyetle tüketin.""]"
37f50e26-7fe5-4096-8cb3-a29ad1f38b0e,Sarımsaklı Hardallı Mayonez,Turkey,"Sarımsak ve hardalın eşsiz lezzetiyle hazırlanan, ev yapımı kremsi mayonez",Ye,"[""150 mililitreayçiçek yağı"", ""25 mililitrezeytinyağı"", ""1 adet yumurta"", ""1 tatlı kaşığı hardal"", ""1 tatlı kaşığı elma sirkesi""]","[""Yumurta, tuz, sarımsak, hardal ve elma sirkesini blender'ın tamamen girebileceği genişlikte derin bir ölçü kabı veya kavonoza koyun."", ""Ayçiçek yağı ve zeytinyağını ekleyip bir dakika bekleyin."", ""Blender'ınızı tabana oturtarak kuvvetli ayarda çalıştırın. Sosu bir kaseye aktarıp servis edin.""]"
60fc965d-656e-455b-a159-45af0dd0e11e,Patatesli Sigara Böreği,Turkey,"Hafif ve lezzetli patatesli sigara böreği, çay saatlerinin vazgeçilmezi",Ye,"[""3 adet yufka"", ""3 adet patates"", ""1 tatlı kaşığı tuz"", ""1 çay kaşığı pul biber"", ""1 çay kaşığı karabiber""]","[""İç harç için patatesleri haşlayın. Yumuşayan patatesleri alın ve suyunu süzün."", ""Geniş bir kaba alın. Üzerine baharat ve tuzu ekleyin. Patates eziciyle ezip püre haline getirin."", ""Yufkaları 8 eşit parçaya bölün."", ""Elde edilen üçgenlerin geniş kısmına iç harçtan koyun. İki yanından kapatarak sıkıca rulo şeklinde sarın."", ""Sardığınız ruloların uç kısmının pişerken açılmaması için küçük bir kaseye koyduğunuz suya batırın."", ""Tüm yufkalar bitene kadar bu şekilde hazırlayın."", ""Yağı kızdırdıktan sonra börekleri çevirerek kızartın."", ""Kızaran börekler havlu kağıt üzerine alın. Afiyet olsun.""]"
8220fece-8e27-4631-8ddf-b3ed66edb0fc,Fırında Biber Dolması,Turkey,"Fırında pişirilen lezzetli biber dolmaları, kıyma ve pirinçle harmanlanmış özel iç harcıyla sofranızda şölen sunar",Sebze Yemekleri,"[""500 gram dolmalık biber"", ""200 gram kıyma"", ""1/2 çay bardağı pirinç"", ""1/2 çay bardağı bulgur"", ""1/2 çay bardağı zeytinyağı"", ""1 adet soğan"", ""1 adet büyük boy rendelenmiş domates"", ""1 çay kaşığı tuz"", ""1 yemek kaşığı domates salçası"", ""1 tatlı kaşığı biber salçası"", ""1 çay kaşığı karabiber""]","[""Öncelikle biberleri yıkayın. Biberleri zedelemeden bıçak yardımı ile saplarını çıkartıp, çekirdeklerini temizleyin."", ""Dolma harcı için; derin bir kapa kıymayı alın üzerine doğranmış soğan, yıkanıp süzülmüş pirinç ve bulgur, ince kıyılmış maydanoz, salça, domates, tuz, baharatlar ve son olarak yarım çay bardağı zeytin"", ""Birazını sosunda kullanmak üzere ayırın. Hazırladığınız dolma iç harcını eliniz ile iyice karıştırın. Daha sonra dolmalık biberlerin iç kısımlarını üzerinde biraz boşluk kalacak şekilde kıymalı harç i"", ""fırın kabı içine dik olarak dizin. Ardından 1 adet domatesi küçük küçük kesip, biber dolmasının üzerine kapatın. Son olarak biber salçasını üzetine kalan zeytinyağını ekleyin üzerine sıcak suyu da koy"", ""Biberlerin üzerini yağlı kağıt ile kapatın. Önceden ısıtılmış 150 derecelik fırında 50 dakika pişirin. Yağlı kağıdı alın ve üzeri kızarması için 5 dakika kadar pişirin."", ""Ardından fırından alıp servis edin. Afiyetler olsun.""]"
ea6cc934-615f-47f5-a194-a3f3f2fc949f,Kadınbudu Köfte,Turkey,"İçine harmanlanmış patates ve baharatlarla lezzetlendirilen, dışı çıtır içi yumuşak özel bir köfte çeşidi",Ye,"[""500 gram orta yağlı kıyma"", ""1 adet yumurta"", ""1 adet kuru soğan"", ""1/2 su bardağı haşlanmış pirinç"", ""1,5 çay kaşığı tuz"", ""1,5 çay kaşığı karabiber"", ""1,5 çay kaşığı kimyon"", ""1/2 su bardağı un""]","[""Kadınbudu köfte için 1/2 su bardağı pirinci tuz ve su ile birlikte hafif yumuşayana kadar kaynatın. Çok yumuşamamasına dikkat edin. Bir tavada zeytinyağı ile soğanları yumuşayana kadar kavurun. Sarım"", ""Kıymanın yarısını soğan ve sarımsakların içerisine alın ve suyunu salıp, çekene kadar kavurun. Pişen kıymaları ocaktan alın ve soğumaya bırakın."", ""Geniş bir kasede çiğ kıyma, un, haşlanmış pirinç, pişip soğuyan soğanlı kıyma harcını, yumurta ve tüm baharatları bir araya getirip yoğurun. Yoğurduktan sonra üzerine streç çekip 20 dakika buzdolabınd"", ""Bekleyen harçtan yumurtadan biraz daha büyük parçalar koparıp yuvarlayarak şekil verin."", ""Şekil verilmiş köfteleri önce un ve galeta unu karışımına, sonra yumurtaya batırın."", ""Ardından kızgın yağda kızartın. Kadınbudu köfte hazır. Servis ederken püre ve sotelenmiş sebzeler ile servis edebilirsiniz. Afiyet olsun!""]"
4ca20b92-f4de-4d44-8b74-21f1bc4dc008,Karnabaharlı Brokoli Salatası,Turkey,"Lezzetli ve sağlıklı karnabaharlı brokoli salatası, sebzelerin tazeliğiyle sofranızı şenlendirecek",Ye,"[""1 adet orta boy brokoli"", ""1 adet küçük boy karnabahar"", ""1 adet havuç""]","[""Karnabaharlı brokoli salatası için havucun kabuğunu soyup halka halka doğruyoruz."", ""Tencereye su koyup kaynayınca ilk olarak havucu ekliyoruz."", ""5 dakika sonra parçalara kestiğimiz karnabahar ve brokoliyi ekliyoruz. Yumuşayınca sebzelerimizi tabağa alıyoruz."", ""Sos malzemelerini bir kaba alıp iyice karıştırıyoruz. Haşlanmış mısırları ekliyoruz."", ""En son olarak sosumuzu sebzelerin üzerine döküp karıştırıyoruz. Karnabaharlı brokoli salatası hazır, afiyet olsun.""]"
a59cbebb-fca4-4bfb-8e0b-f2969eb8ea6a,Kolay İrmik Helvası,Turkey,"Kolay ve hızlı yapılan, lezzetli irmik helvası tarifi",Tatlı,"[""2 su bardağı irmik"", ""1 çay bardağı sıvı yağ (100 mililitre)"", ""100 gram tereyağı (3 yemek kaşığı)"", ""2 su bardağı toz şeker"", ""1,5 su bardağı süt"", ""1 su bardağı su""]","[""İrmiğimize yağlarımızı ilave edip kısık ateşte devamlı karıştırarak güzelce kavuralım."", ""Arzuya göre ceviz, fındık, fıstık ilave edelim veya sade bırakalım."", ""Şekerimizi ilave edip güzelce karıştıralım. Su ve süt karışımımızı ilave edip açık ateşte kıvam alana kadar karıştıralım."", ""Katılaştıkça altını kısalım, tamamen şerbetini çektiğinde on dakika şekerini ve yağını çekmesi için dinlendirelim. Afiyet olsun.""]"
b3ad8004-85c8-4a75-a4f1-02cc82f5b33f,Ayva Tatlısı,Turkey,"Kış aylarının en sevilen lezzetlerinden olan ayva tatlısı, vişne suyuyla harmanlanarak hazırlanan ferahlatıcı bir tatlıdır",Ye,"[""3 adet ayva"", ""9 yemek kaşığı şeker"", ""2 su bardağı vişne suyu"", ""5 adet tane karanfil"", ""1 adet çubuk tarçın"", ""1/2 adet limon""]","[""Uygun bir kabı su ile doldurup yarım limonun suyunu sıkıyoruz. Daha sonra ayvaların kabuklarını soyup boydan ikiye bölüyoruz. Çekirdeklerini kenara ayırıyoruz."", ""Böldüğümüz ayvaları tencereye yerleştiriyoruz ve her yarım dilimin üzerine 1,5 yemek kaşığı şeker koyuyoruz.(Şeker miktarı isteğe göre artabilir)"", ""2 su bardağı vişne suyunu döküp karanfil, tarçın ve ayva çekirdeklerini tencereye ekliyoruz."", ""Orta ateşte kaynamaya başladıktan sonra kısık ateşte pişirmeye devam ediyoruz. Çatalla pişmesini kontrol edin. Afiyet olsun.""]"
d7ef06f0-41ab-4f7f-ae46-086af72cd10a,Sezar Sos,Turkey,"Lezzetli ve kremsi Sezar sosu, salatalarınıza eşsiz bir tat katar",Ye,"[""2 adet yumurta sarısı"", ""300 mililitrezeytinyağı"", ""3 gram karabiber"", ""5 gram sirke"", ""4-5 damlalimon suyu"", ""5 gram tuz"", ""20 gram parmesan""]","[""Yumurtanın sarısını zeytinyağı ile iyice çırparak kıvam verin."", ""Ardından yarım kapak limon suyu ve yarım kapak sirke ile tuzu ekleyin ve çırpma işlemine devam ediniz."", ""Son olarak taze tarhun ve taze kekik ilave ederek baharatlarını atıp karıştırınız. Afiyet olsun.""]"
17088b5e-b16a-4ff6-9c4c-5a5d72429b1e,Portakallı Revani,Turkey,"Portakallı revani, ferahlatıcı portakal aromasıyla nemli ve tatlı bir geleneksel Türk tatlısıdır",Ye,"[""3 adet yumurta"", ""1 adet portakal kabuğu rendesi"", ""1 su bardağı şeker"", ""1 su bardağı yoğurt"", ""1 su bardağı irmik"", ""1 su bardağı un"", ""1 çay bardağı sıvı yağ"", ""1 paket vanilya"", ""1 paket kabartma tozu"", ""3 su bardağı su"", ""25 su bardağı toz şeker"", ""1 adet yarımlimon suyu""]","[""3 yumurta ile şeker iyice çırpılır."", ""Köpük gibi olan yumurta üzerine yoğurt ve sıvı yağ eklenir. Onlarla beraber tekrar çırpılır."", ""Üzerine un, irmik, kabartma tozu ve vanilya eklenerek çırpmaya devam edilir."", ""İçerisine portakal kabuğunun rendesi koyulur isterseniz limon da rendeleyebilirsiniz."", ""Yağladığınız bir kaba dökülür. (Çok kalın olmayacak şekilde dökmeye çalışın.)"", ""170 derecelik fırında yarım saat pişirilir. İçerisine kürdan ile bakabilirsiniz. Olmadıysa hala 3-5 dakika daha bırakabilirsiniz."", ""İlk yapacağımız iş aslında şerbettir. 3 su bardağı suya 2,5 su bardağı şeker dökülür ve kıvam alana kadar karıştırılır. Üzerine yarım limon suyu dökülür, 2 dakika sonra kapanır ve soğutulur."", ""Soğuyan şerbet fırından çıkan tepsi üzerine dökülür. Eğer şerbeti dökmeden kekinizi keserseniz çok daha şerbeti çekecektir."", ""Afiyet bal şeker olsun...""]"
d712ab93-d2f2-4841-8781-b3aae7e331c1,"Alfredo Soslu, Tavuk Etli Pizza",Turkey,Creamy Alfredo chicken pizza with a rich white sauce and perfectly seasoned chicken,Et Yemekleri,"[""100 ml krema"", ""1 çay kaşığı karabiber""]","[""Alfredo Soslu, Tavuk Etli Pizza"", ""Alfredo sos için sos tenceresinde tereyağını eritin. Üzerine rendelenmiş sarımsakları ekleyip hafif soteleyin. Krema ve karabiberi ekleyip karıştırmaya devam edin."", ""1-2 taşım kaynattıktan sonra gravyer peynirini ekleyip karıştırın ve ocaktan alın. Soğumaya bırakın."", ""Ekmek hamurunun üzerine biraz un serperek merdane yardımıyla tepsi büyüklüğüne göre açın. Pizza tepsisini yağlayıp unlayın. Üzerine hamuru yayın."", ""Alfredo sosu üzerine sürün. Kaşar peynirinin yarısını serpin. Tavuk etlerini yerleştirin. Dilimlediğiniz kırmızıbiberi serpin ve önceden ısıtılmış 180 derece fırında 20 dakika pişirin."", ""Fırından almaya yakın ince kıyılmış maydanozu ve fesleğeni de serptikten sonra kalan kaşar peynirini de ilave edip tekrar fırına verin. Kaşar peyniri eriyip kızarınca fırından çıkarın ve sıcak servis yapın.""]"
5af7d75c-3760-4736-afaa-576d4c32904f,Fit Tiramisu Topları,Turkey,Kahve aromalı sağlıklı tatlı krizleri için mükemmel atıştırmalık,Ana Yemek,"[""1 su bardağı yulaf ezmesi (ince öğütülmüş)"", ""2 yemek kaşığı labne"", ""3 yemek kaşığı filtre kahve (demlenmiş) (granül kahve de olur)"", ""2 yemek kaşığı bal""]","[""Yulaf ezmesi, labne, bal ve kahve bir kaba alınıp tüm malzemeler birbirine geçene denk karıştırılır."", ""Elde edilen hamurumuz 10-15 dakika buzdolabında dinlendirilir."", ""Dinlenen hamurdan birer parça kopartılarak şekil verilir."", ""Şekil verdiğimiz topları kakaoya bulayarak kahvelerinizin yanında büyük bir keyifle tüketebilirsiniz. Afiyet olsun!""]"
bf5307a1-2e62-400f-9371-fbfd3b476f53,Kolay Humus,Turkey,"Lezzetli ve kremsi dokusuyla kolay humus tarifi, malzemeleri bir araya getirip püre haline getirerek dakikalar içinde hazırlanabilir",Ana Yemek,"[""200 gram nohut (bir gece önceden ıslatılmış)"", ""4 yemek kaşığı tahin"", ""1 adet limon suyu"", ""1/2 çay bardağı zeytinyağı"", ""1 çay bardağı soğuk su"", ""1 çay kaşığı tuz"", ""1 çay kaşığı kimyon"", ""1 çay kaşığı sumak""]","[""Haşlanmış nohutu, tahini, sarımsağı, zeytin yağını, tuzu ve limon suyunu doğrayıcıdan geçirin."", ""Nohutlar parçalanınca kontrollü bir şekilde kıvamını ayarlamak için su ekleyin. (İstediğiniz yoğunluğa göre artırıp azaltabilirsiniz.)"", ""Doğrayıcıdan püre oluncaya kadar çekin. Ve humusunuz hazır!""]"
c44ee04d-1f19-46b6-bda3-5a12e9e112f7,Çıtır Tavuk Parçaları,Turkey,"Kıyır kıyır tavuk parçaları, dışı çıtır içi yumuşak lezzet!",Tavuk Yemekleri,"[""1 su bardağı un"", ""1/2 su bardağı nişasta"", ""2 su bardağı su"", ""1 tatlı kaşığı kekik"", ""1 tatlı kaşığı tuz"", ""1 tatlı kaşığı karabiber"", ""1 tatlı kaşığı kırmızı biber"", ""3 yemek kaşığı zeytinyağı"", ""250 gram kemiksiz tavuk but""]","[""Süzme yoğurt ve sarımsağı karıştırın ve haşhaşları ilave edin."", ""İyice karışana kadar karıştırın ve sos hazır!"", ""Hardalı çırpma teliyle karıştırın ve karıştırırken zeytinyağını ilave edin."", ""Hardal ve zeytinyağı birbirine karışınca balı ilave edin ve karıştırmaya devam edin. Sosunuz hazır.""]"
04f0545d-0825-467f-a979-99fef529424d,Otlu Kolay Poğaça,Turkey,"Lezzetli ve pratik otlu poğaça tarifi, çay saatlerinin vazgeçilmezi",Börek & Hamur İşi,"[""2 adet yumurta"", ""1 çay bardağı yoğurt"", ""1 su bardağı kaşar"", ""200 gram eritilmiş tereyağı"", ""1 çay bardağı sıvı yağ"", ""1 çay bardağı süt"", ""2 yemek kaşığı şeker"", ""1 tatlı kaşığı tuz"", ""1 adet yarım doğranmış dereotu"", ""1 tatlı kaşığı limon suyu"", ""2 paket kabartma tozu"", ""5 su bardağı un""]","[""Maydonoz ve dere otunu ince ince doğrayın, bütün malzemeleri karıştırıp yumuşak ele yapışmayan bir hamur yoğuralım."", ""Kaşarıda rendeleyip hamura ekleyerek yoğurmaya devam edelim. Ardından hamurdan ceviz büyüklüğünde bezeler alıp yuvarlayarak yağlı kağıt serili fırın tepsisine dizin."", ""180 derecede önceden ısıtılmış fırında 15-20 dakika arası pişirin. Çıkarıp oda sıcaklığında soğuttuktan sonra servis eidn. Afiyetler olsun!""]"
065afa5f-d87f-4d33-ab0d-cbb8d1009772,Şeftalili Ters Yüz Kek,Turkey,"Şeftalilerin tatlılığıyla harmanlanmış, altı üstü ters çevrilmiş nefis bir kek tarifi",Tatlı,"[""2 adet şeftali"", ""3 yemek kaşığı şeker"", ""3 yemek kaşığı su"", ""3 adet yumurta"", ""1 su bardağı şeker"", ""1 su bardağı sıvı yağ"", ""1 su bardağı süt"", ""2 su bardağı un"", ""1 paket kabartma tozu"", ""1 paket vanilya""]","[""Şeftalileri ay şekinde ne kalın ne de ince olacak şekilde doğrayın."", ""Yağlı kağıt serili kek kalıbına dizelim."", ""Kek kalıbı 20 cm olmalıdır."", ""Sos tavasına şeker ve suyu alıp kaşık ile karıştırmadan tavayı hafif oynatarak çok kısa sürede orta ateşte karamel kıvamına gelene kadar pişirelim."", ""Sıcakken hemen şeftalilerin üzerine yayalım."", ""Kek için, yumurta ve şekeri 5 dakika şeker eriyip beyaz köpük kıvamına gelene kadar çırpalım."", ""Sıvı yağ ve sütü ekleyip 1 dakika çırpalım."", ""Un ve kabartma tozu vanilyayı da eleyerek ekleyelim sadece karıştıralım, çok çırpmayalım."", ""Şeftalilerin üzerine karışımı döküp tezgaha birkaç kez vuralım içindeki hava çıksın."", ""Önceden ısıtılmış 170 derecelik fırında yaklaşık 40 dakika kürdan testi yaparak pişirelim."", ""Piştikten 15 dakika sonra ters yüz yapıp yağlı kağıdı dikkatlice çıkaralım.""]"
8b80fb9d-975a-484e-aacc-660a37252646,Glutensiz Hindistan Cevizi Topları,Turkey,"Lezzetli glutensiz Hindistan cevizi topları, sağlıklı atıştırmalık arayanlar için mükemmel bir seçenek",Ana Yemek,"[""3 tatlı kaşığı labne peyniri"", ""2 yemek kaşığı Hindistan cevizi unu (glutensiz)"", ""1 yemek kaşığı glutensiz yulaf ezmesi"", ""1/2 çay bardağı kuru üzüm"", ""3 adet ceviz""]","[""Labne peynirini ekleyelim ve üzerine Hindistan cevizi ununu ilave edip karıştıralım."", ""Ardından kuru üzümü ve cevizi ekleyip karıştırmaya devam edelim."", ""Ben kuru üzümler biraz yumuşasın diye öncesinde üzümleri suda beklettim."", ""Meyve olarak kırmızı meyveler, muz ve daha bir sürü meyve kullanılabilir, ben kuru üzüm kullanmak istedim."", ""Ardından yulaf ezmesini ekleyip karıştıralım. Dağılan bir karışım olduğu için elimizle toparlayıp minik topçuklar yapalım."", ""Yağlı kağıt serili fırın tepsisine diziyoruz. Fırında 5 dakika pişirdikten sonra servis edebilirsiniz. Afiyet olsun.""]"
90e53b62-2746-433b-92f5-55ac2b67f95b,İncir Tatlısı,Turkey,Kuru incirlerin sütle pişirilerek hazırlanan geleneksel ve lezzetli bir tatlı,Tatlı,"[""15 adet kuru incir"", ""1 litre süt"", ""Etimek Tatlısı Tarifi"", ""Damla Çikolatalı Kurabiye"", ""Tatlı Tarifleri Spoonful Mozaik Pasta Çikolatalı Sufle İrmik Helvası Fırın Sütlaç Profiterol Revani Magnolia"", ""Kahvaltılık Tarifler Pancake Krep Pişi Kuymak Kaygana Kahvaltılık Sos Menemen Muhlama Yumurtalı Ekmek Omlet"", ""Omlet""]","[""Kuru incirlerimizi 5 dakika ılık suda bekletip yumuşamasını sağladıktan sonra incirleri küçük küçük doğrayıp rondodan bir tur geçiriyoruz."", ""Sütümüzü de tencerede el yakmayacak şekilde ıstıyoruz."", ""Süt ile inciri birleştiriyoruz ve kaşığın tersi ile iyice ezerek kaselere eşit miktarda koyuyoruz."", ""Kaselerin üzerine tepsi koyup kalın bir bezle örtüyoruz ve oda sıcaklığında 4 saat dinlendiriyoruz."", ""Daha sonrasında 1-2 saat de buzdolabında soğumasını bekleyip afiyetle tüketebilirsiniz.""]"
e6d6456b-bb41-47b7-9531-7af4c4e028f4,Bulgur Pilavı,Turkey,"Lezzetli ve besleyici bulgur pilavı, domates ve biberlerle zenginleştirilmiş geleneksel Türk mutfağının vazgeçilmezleri arasında yer alır",Pilav & Makarna,"[""2 su bardağı bulgur"", ""2 adet domates"", ""2 adet kapya biber"", ""5 adet yeşil biber"", ""1 adet taze soğan"", ""2 yemek kaşığı salça"", ""4 su bardağı sıcak su"", ""1/2 yemek kaşığı tuz"", ""1/2 yemek kaşığı nane"", ""1/2 yemek kaşığı pul biber""]","[""Sıvıyağda soğanlar kavrulur."", ""Kapya biber ve yeşil biber jülyen kesilip 5 dakika pişirilir."", ""Salça ekleyip kokusu çıkana kadar kavrulur."", ""Küp küp kesilen kabuğu soyulan domatesler eklenir."", ""Yıkadığımız bulgurlar tencereye eklenip karıştırılır."", ""İsteğe göre baharatlar eklenir. Ben nane, tuz, pul biber kullandım."", ""Sonra bulgurun suyu dökülür."", ""Bulgur suyunu çekene kadar kısık ateşte pişirilir."", ""Piştikten sonra kağıt havlu serilerek demlenmeye bırakılır. Afiyet olsun.""]"
a2d2e5dc-8137-4efe-88d7-4027954e9542,Suyla Yapılan Pamuk Kek,Turkey,"Nefis ve hafif dokusuyla bu suyla yapılan pamuk kek, pratik malzemeleriyle dikkat çekiyor. Suyun verdiği yumuşaklıkla misafirlerinizin favorisi olacak",Tatlı,"[""3 adet yumurta"", ""1 su bardağı şeker"", ""2 su bardağı su"", ""1/2 su bardağı sıvı yağ"", ""3 su bardağı un"", ""1 paket kabartma tozu"", ""1 paket vanilya"", ""1 yemek kaşığı kakao"", ""1 yemek kaşığı su""]","[""Yumurta ve şekeri kabarana kadar çırpın."", ""İçerisine suyu ve yağı ilave edin, çırpmaya devam edin."", ""Kuru malzemeleri ilave edin, boza kıvamımda bir harç elde edin."", ""Yağlanmış kek kalıbına harcın üçte ikisini aktarın."", ""Kalan harcın içine kakao ve suyu ekleyerek karıştırın. Daha sonra bu kakaolu harcı da diğer harcın üzerine ilave edin. 180 dereceye ayarlı, önceden ısıtılmış fansız fırında 40 dakika pişirin."", ""Çıkarıp oda sıcaklığında soğutun. Ters çevirip servis edin. Afiyet olsun!""]"
8904eaa0-3cf3-42be-b8f6-df0209266ae8,Ev Yapımı Zeytinyağlı Yaprak Sarma,Turkey,"Zeytinyağının eşsiz aromasıyla buluşan, geleneksel lezzetin en özel hali. Salamura yaprakların tazeliğiyle damaklarda unutulmaz bir tat bırakan ev yapımı sarma",Meze,"[""500 gram salamura asma yaprağı"", ""2 su bardağı sıcak su (kontrollü olarak ekleme yapılabilir)"", ""3-4 dilim limon"", ""2 yemek kaşığı zeytinyağı""]","[""Salamura yaprakları tuzu çıkana kadar sıcak suyun içinde bekletin. Yaklaşık 15-20 dakika sonra tuzu gitmiş olacaktır. Suyunu süzüp bol suda yeniden yıkadıktan sonra kenara alın."", ""Bir tencerede zeytinyağı ve soğanları alıp pembeleşene kadar kavurun. Üzerine salçayı ekleyip kavurmaya devam edin. Yıkadığınız pirinçleri de ekleyip baharatlarını da attıktan sonra birkaç dakika kada"", ""Sıcak suyu ilave edip tencerenin kapağını kapatarak, kısık ateşte, pirinçler yumuşayana kadar pişmeye bırakın. Ara ara suyunu kontrol edip suyu azalırsa tencerenin kenarlarından sıcak su ekleyebilirsi"", ""Pirinçler istenilen yumuşaklığa geldiğinde harcı ocaktan alın ve soğuyana kadar bekletin."", ""Yaprakları dilediğiniz kalınlıkta olacak şekilde harç ilave ederek sarın ve varsa toprak güvece veya tencereye dizin."", ""Tencereniz dolup pişmeye hazır olduğunda üzerine sıcak su ekleyip ocağa alın. Bu aşamada dolmaların üzerine zeytinyağı gezdirmeniz pişerken daha lezzetli olmasını ve parlaklık katmasını sağlayacaktır."", ""Son olarak dolmaların üzerine limon dilimleri koyduktan sonra tencerenizin içerisine boyutuna göre seçtiğiniz bir tabağı yerleştirip üzerine kapağı kapatın."", ""Ortalama 20 dakika kısık ateşte pişirdikten sonra kontrol ederek dilediğiniz pişirme kıvamına geldiğinde ocaktan alın ve soğumaya bırakın. Servis ederken limon dilimleri ile sunabilirsiniz. Afiyet ols""]"
dbddbc8d-c671-41d3-8e77-e3de656078aa,Patatesli Pratik Kek,Turkey,"Patatesli Pratik Kek, yumuşak dokulu ve lezzetli bir kek tarifi. Hem pratik hem de doyurucu bir atıştırmalık alternatifidir",Tatlı,"[""3 adet yumurta"", ""1/2 su bardağı krema"", ""1 su bardağı yoğurt"", ""1/2 su bardağı zeytinyağı"", ""3/4 su bardağı süt"", ""1 su bardağı un"", ""1 paket kabartma tozu"", ""1 tatlı kaşığı tuz"", ""1 çay kaşığı karabiber"", ""1 çay kaşığı toz kırmızı biber"", ""2 yemek kaşığı ince kıyılmış dereotu"", ""4 adet patates""]","[""Fırını 180 dereceye ayarlayın."", ""Bir kabın içine yumurta ve kremayı alın. Pürüzsüz bir kıvam oluncaya kadar çırpın."", ""Yoğurt, zeytinyağı ve sütü de ilave ederek çırpmaya devam edin."", ""Unu, kabartma tozunu, tuzu, kırmızı biberi, karabiberi ve dereotunu ekleyip iyice çırpın."", ""Patatesleri yarım ay şeklinde doğrayın. 6 dilim patatesi kekin üzerine koymak için ayırın."", ""Patatesleri harçla birleştirin ve ısıya dayanıklı fırın kabınıza yerleştirin. Ayırdığınız patatesleri kekin üzerine yerleştirin ve 30 dakika pişirin. İşte bu kadar! Afiyetler olsun!""]"
baa731e5-81f1-4696-9ebc-53a2ef1010e5,Kolay Roka Salatası,Turkey,"Taze ve lezzetli roka salatası, kapya biber ve zeytinyağıyla hazırlanan pratik bir tarif",Ye,"[""1/4 adet kapya biber"", ""1/4 çay kaşığı tuz"", ""1 yemek kaşığı zeytinyağı"", ""1/4 adet limon""]","[""Biberleri ufak küpler halinde doğrayın."", ""Rokaları yıkayıp iri parçalar halinde parçalayın."", ""Tüm malzemeleri karıştırarak ya da limonu yanına koyarak servis edebilirsiniz.""]"
5266b180-fca5-407f-9107-c879b90e481f,Mısır Gevrekli Kurabiye,Turkey,Çıtır mısır gevrekleriyle hazırlanan pratik ve lezzetli kurabiye tarifi,Tatlı,"[""2 adet yumurta"", ""6 yemek kaşığı toz şeker"", ""1/2 çay bardağı sıvı yağ"", ""1 paket kabartma tozu"", ""1 paket vanilin"", ""2,5 su bardağı un (hamur kıvamına göre değişkenlik gösterebilir)""]","[""İlk önce yumurta ve şekeri köpürene kadar çırpıyoruz, sonrasında un hariç tüm malzemeleri ekleyip tekrar çırpıyoruz."", ""Hamurumuz kıvam aldığında azar azar unu ekleyip fazla katı olmayan ele yapışmayan bir hamur elde ediyoruz, sonrasında yuvarlayıp tepsiye diziyoruz."", ""Çikolatamıza yağ ekleyip eritiyoruz ve mısır gevreğini elimizle ufalıyoruz. Kurabiyelere sürüp fırına atıyoruz. Afiyet olsun.""]"
db2b2e48-a706-42a8-b249-e989dcbaaef0,Etli Safranlı Pilav,Turkey,"Safranın eşsiz aromasıyla zenginleşmiş, kuşbaşı kuzu etiyle hazırlanan lezzetli ve görkemli bir pilav",Pilav & Makarna,"[""500 gram kuşbaşı kuzu eti"", ""2 su bardağı pirinç"", ""1 adet kuru soğan"", ""2,5 su bardağı sıcak su"", ""1/2 adet havuç"", ""2 yemek kaşığı tereyağı"", ""1/2 çay kaşığı safran (ya da aspir)"", ""5 gram kuş üzümü""]","[""Pirinci tuzlu suda bir saat bekletin."", ""Yarım havucu rendeleyin. Sarımsağı minik parçalara bölün ve tereyağında soteleyin. Etleri ekleyin."", ""Kendi suyunu salıp çekene kadar sotelemeye devam edin. Kuş üzümü ve diğer baharatları ekleyin, üzerini geçecek kadar su ilave edin."", ""Kısık ateşte etler yumuşayıncaya kadar pişirin. Et yağında kalınca 2 bardak su ekleyin."", ""Safranı sıcak suda eritin."", ""Su kaynadığı zaman iyice yıkanmış ve süzülmüş pirinci ve kesme şekeri ekleyin."", ""Tencerenin kapağını kapatıp, 20 dakika kısık ateşte pişirin. Afiyet olsun!""]"
b30e462c-9137-40b0-b06d-581b681031be,Fırında Tarhanalı Sebzeli Tavuk,Turkey,"Sebzelerle zenginleştirilmiş tarhana sosunda fırınlanmış tavuk kalçalar, lezzetli ve doyurucu bir ana yemek",Tavuk Yemekleri,"[""6 adet tavuk kalça"", ""3 adet patates"", ""2 adet havuç"", ""1 adet soğan"", ""1 adet dolmalık sarı biber"", ""1 adet dolmalık yeşil biber""]","[""Büyük bir kapta tarhana, tuz, kimyon, kaynar su ve zeytinyağını karıştırın."", ""Tavuk kalça, patates, havuç, soğan, sarı biber, yeşil biber ve sarımsakları iri küpler halinde doğrayın. Hazırladığınız harcın içine ekleyin ve karıştırın."", ""Yağlı kağıt serilmiş bir fırın tepsisine hazırladığınız karışımı aktarıp üstüne avucunuzla bastırın."", ""Önceden ısıtılmış 200 derece fırında üzeri kızarana kadar yaklaşık 40 dakika pişirin."", ""Yemek sıcakken üstüne ince kıyılmış maydanoz serpip, servis edin. Afiyet olsun.""]"
e11bdd80-ee0f-41b4-8783-869497e20597,Bulgurlu Köz Kapya Biber Çorbası,Turkey,"Közlenmiş kapya biberlerin bulgurla harmanlandığı, doyurucu ve lezzetli bir çorba",Çorba,"[""1 yemek kaşığı tereyağı"", ""1 yemek kaşığı un"", ""1 yemek kaşığı salça"", ""1 adet soğan"", ""1/2 su bardağı bulgur"", ""5 adet kapya biber"", ""4 adet domates"", ""1 su bardağı süt"", ""1 çay kaşığı tuz"", ""1/2 çay kaşığı karabiber"", ""1 çay kaşığı nane""]","[""Öncelikle kapya biberleri ve domatesleri tost makinesinde ya da 200 derece ısınmış fırında 35 dakika közleyelim. (Közmatik kullanabilirsiniz)"", ""Tencereye tereyağı ve unu alıp biraz kavuruyoruz. Soğan, sarımsak, salça ve bulguru da ekleyip hepsini birlikte kavuralım."", ""Közlediğimiz biberleri ve domatesleri ekleyelim. Suyunu ayarlayıp pişmeye bırakalım. Bulgurlar iyice yumuşadığında blender yardımıyla pürüzsüz bir kıvama getirelim."", ""Baharatları ekleyelim. Afiyet olsun. :)""]"
49707f50-f352-44b1-912e-5ea798de3724,Patates Köftesi,Turkey,"Haşlanmış patateslerle hazırlanan, lezzetli ve doyurucu bir köfte tarifi",Et Yemekleri,"[""2 adet orta boy patates (haşlanmış)"", ""1 adet yumurta"", ""1 tatlı kaşığı tuz (azaltıp arttırılabilir)"", ""1 çay kaşığı karabiber"", ""1,5 su bardağı un (veya tam buğday unu)""]","[""Patates köftesi için önce patatesleri tencerede haşlayın. Haşlanmış ve kabukları soyulmuş patateslerinizi bir kaba alın ve güzelce ezin."", ""Üzerine ince kıyılmış maydanoz, yumurta, tuz, karabiber ve unu da azar azar ilave ederek yoğurmaya başlayın."", ""Hafif yumuşak kıvamlı bir hamur elde edin."", ""Ellerinizi ıslatın. Hamurunuzu yuvarlak ve orta kalınlıkta köfteler olacak şekilde şekillendirin. Buzdolabında 15-20 dakika soğumaya bırakın."", ""O sırada bir tavaya zeytinyağınızı ya da sıvı yağı alın. Yağ kızınca köftelerinizi yağa atın ve arkalı önlü kızartın. Tüm köftelere kızartma işlemini uygulayın."", ""Kızardıktan sonra fazla yağını çekmesini için kağıt havlu serili bir tabağa alın."", ""Yağı süzülünce servis tabağına alıp servis edebilirsiniz. Patates köftesi hazır. Afiyetler olsun!""]"
ea07723b-299e-4af6-8b1b-cbb5570e32ba,Ispanaklı Yaş Pasta,Turkey,"Ispanaklı Yaş Pasta, sağlıklı ve lezzetli bir pasta alternatifidir. Ispanakla zenginleştirilmiş bu pasta, hem göze hem de damaklara hitap eder",Tatlı,"[""3 adet yumurta"", ""3/4 su bardağı toz şeker"", ""1/2 su bardağı süt"", ""3/4 su bardağı sıvı yağ"", ""1 su bardağı ıspanak püresi (400 gr ıspanağı blenderdan geçirin)"", ""1 paket kabartma tozu"", ""1 paket vanilin"", ""2,5 su bardağı un""]","[""İlk olarak ıspanakları güzelce yıkayın ve rondoda güzelce püre haline getirin. Daha kolay çekilmesi için içerisine biraz sıvı yağ da ekleyebilirsiniz."", ""Yumurta ve şekeri güzelce çırpın. Sütü ve sıvı yağını da ekleyip çırpmaya devam edin. Ispanak püresini de ekleyip karıştırın."", ""Ayrı bir tarafta unu, vanilyayı, kabartma tozunu eleyin ve karışıma ekleyin. Güzelce karıştırdıktan sonra yağladığınız kare borcama dökün. Önceden ısıtılmış 180 derecelik fırında pişirin."", ""Krem şanti için derin bir kapta kıvam alıncaya kadar süt ve şantiyi çırpın ve buzdolabına kaldırın. Pişen kekinizi fırından çıkartın. Soğumaya bırakın. Soğuyan kek borcamdan kolaylıkla çıkacaktır."", ""Keki bir tabağa koyun ve üzerini bıçak yardımıyla kesip alın. Kestiğiniz parçaları ya rondo da çekin ya da elinizle ufalayın. Kek tababını tekrar borcama koyun. İsterseniz kekinizi biraz sütle ıstalab"", ""Hazırladığınız şantiyi kekin üzerine güzelce yayın. Kek kırıntılarıyla da pastanın üzerini kaplayın."", ""Nar taneleriyle süsleyebilirsiniz."", ""1 saat buzdolabında dinlendirdikten sonra servis yapabilirsiniz. Afiyet olsun.""]"
f2ce282b-3e66-4fe6-8061-457f532727af,Şeftalili Dondurma,Turkey,"Yaz aylarının serinletici lezzeti şeftalili dondurma, sadece 3 malzemeyle hazırlanabilir. Ev yapımı bu dondurma, taze şeftalinin tadıyla damakları şenlendirir",Tatlı,"[""2 adet büyük boy şeftali"", ""1 çay bardağı toz şeker"", ""1 çay bardağı süt""]","[""Şeftalilerin kabuğunu soyup küp küp doğrayın."", ""Bir kapta toz şeker ve sütü blender yardımıyla krema haline getirin."", ""Şeftalileri de ekleyip püre haline getirin."", ""Buzluğa konulabilecek bir kaba alın ve dondurucuya koyun."", ""Donana kadar ara ara dondurucudan çıkarıp karıştırın."", ""En az 1 gece buzlukta bekletip servis yapabilirsiniz. Afiyet olsun!""]"
abd6ce25-82bd-4abb-a8fc-9c3d40a3815d,Çörek Otlu Kurabiye,Turkey,"Çörek otunun eşsiz aromasıyla zenginleştirilmiş, tereyağı ve zeytinyağıyla harmanlanmış çıtır kurabiye tarifi",Tatlı,"[""1 adet yumurta"", ""3 yemek kaşığı tereyağı"", ""1/2 su bardağı sızma zeytinyağı"", ""2 yemek kaşığı sirke"", ""2 yemek kaşığı çörek otu"", ""2 yemek kaşığı susam"", ""1 su bardağı tam buğday unu"", ""1 adet kabartma tozu""]","[""Yumurtanın sarısı hariç tüm malzemeler karıştırılıp güzelce yoğrulur."", ""Yoğrulan hamurdan ceviz büyüklüğünde toplar elde edilir. Yağlı kağıt serili fırın tepsisine dizilir. Üzerine yumurta sarısı sürülür."", ""180-200 derece fırında üzeri kızarana kadar pişirilir. Çıkarılıp soğuduktan sonra servis edilir. Afiyetler olsun!""]"
4df9a88d-b89a-44c3-a363-456d0e9d517c,Bisküvili Kup Muhallebi,Turkey,"Pratik ve lezzetli Bisküvili Kup Muhallebi, ferinlatan tatlı arayanların vazgeçilmezi",Tatlı,"[""1 litre süt"", ""6 yemek kaşığı nişasta"", ""1 çay bardağı toz şeker"", ""1 paket vanilin"", ""35 gram toz krem şanti"", ""50 gram sütlü ya da bitter çikolata"", ""1 paket kakaolu bisküvi""]","[""Süt,şeker ve nişastayı kaynayana kadar pişirin. Vanilyayı ekleyin ve ocaktan alın."", ""İyice çırpın. Karışımı ikiye bölüp yarısına sıcakken, eritilmiş çikolata ekleyin."", ""Diğer sade karışıma da toz krem şantiyi de ekleyip, çırpın. Kakaolu bisküvileri toz haline getirin."", ""Servis edeceğiniz kupların en altına bir kaşık çikolatalı muhallebi, kakaolu bisküvi kırıntısı, bir kaşık sade muhallebi olacak şekilde kat çıkın. Afiyet olsun.""]"
90da03e4-9444-49a5-bc7f-b223802bd2e7,Brüksel Lahanası,Turkey,Zeytinyağında sote edilmiş soğan ve Brüksel lahanasından oluşan lezzetli ve sağlıklı bir yan yemek,Sebze Yemekleri,"[""4 yemek kaşığı zeytinyağı"", ""500 gram Brüksel lahanası"", ""1 adet kuru soğan"", ""1 adet domates"", ""1 adet kırmızı kapya biber"", ""1 adet havuç"", ""3 yemek kaşığı pirinç"", ""1,5 su bardağı sıcak su"", ""1/2 tatlı kaşığı toz şeker"", ""1 çay kaşığı tuz"", ""1 yemek kaşığı taze sıkılmış limon suyu""]","[""Kuru soğanı küçük küpler halinde doğrayın. Sarımsağı ince halkalar halinde dilimleyin. Zeytinyağında yumuşayana kadar kavurun."", ""Küp küp doğranmış havucu ekleyip pişirmeye devam edin."", ""Ortadan ikiye kesip uç kısımlarını temizlediğiniz domatesleri rendenin ince kısmıyla rendeleyin. Ortadan ikiye kesip çekirdeklerini çıkardığınız kırmızı biberleri yarım ay şeklinde doğrayın ve tencere"", ""Bol suda yıkayıp fazla suyunu süzdürdüğünüz Brüksel lahanalarının sert kök kısımlarını temizleyin. Yıkanmış pirinci, tuz ve toz şekeri de ekleyin."", ""Lahanaların üzerine gelecek kadar yaklaşık 1,5 su bardağı sıcak suyu tencereye aktarın. Kısık ateşte lahanalar yumuşayana kadar pişirme işlemini sürdürün. Ocaktan aldıktan sonra limon suyunu ekleyip k"", ""Zeytinyağlı Brüksel lahanasını ılık ya da soğuk olarak servis edin. Afiyet olsun!""]"
e91edf42-284b-4c83-86f7-bdc2b2aae098,Mor Lahanalı Pizza,Turkey,Mor lahananın eşsiz lezzetiyle hazırlanan renkli ve besleyici pizza,Sebze Yemekleri,"[""270 gram un"", ""9 gram yaş maya"", ""8 gram tuz"", ""1-2 yemek kaşığı zeytinyağı"", ""160 ml su""]","[""Malzemeleri karıştırıp pizza hamurunuzu 10 dakika yoğurun."", ""Altını unladığınız derin bir kaba hamuru yerleştirip üzerini örtün."", ""Hacmi iki katına çıkana kadar 1-2 saat mayalanmaya bırakın."", ""Kabaran hamuru un serptiğiniz tezgaha alıp 5 dakika yoğurun. İkiye bölüp top haline getirip üzerlerini örtün. 1 saat daha dinlendirin."", ""Hamurları açın. İki adet 35-40 cmlik pizza elde edeceksiniz.""]"
71a26f2a-5545-4ea9-9520-a436e4a6724d,Sarımsaklı Yumulmalık Ekmek,Turkey,"Sarımsak ve tulum peyniriyle zenginleştirilmiş, nefis yumuşak dokulu ev yapımı ekmek",Börek & Hamur İşi,"[""1 adet büyük boy sarımsak"", ""2 yemek kaşığı zeytinyağı"", ""1/2 su bardağı tulum peyniri (rendelenmiş)"", ""1 su bardağı kaşar peyniri (rendelenmiş)"", ""3 yemek kaşığı tereyağı"", ""1 adet yuvarlak ekmek""]","[""Sarımsakların baş kısımlarını kesin. Yağlı kağıt ve folyo tabakasına yerleştirin, zeytinyağı gezdirin ve tane karabiber öğütüp, üzerine biberiye ekleyip sıkıca sarın."", ""Fırın tepsisine aktarın ve 200 derecede 20 dakika pişirin."", ""Oda ısısında yumuşamış tereyağı, taze kekik, rendelenmiş tulum peyniri ve kaşar peynirini karıştırın."", ""Üzerine fırında pişmiş sarımsakları elinizle sıkarak ekleyin ve karıştırın."", ""Ekmeği çapraz şeklinde dilim dilim kesin, taban kısmını sağlam bırakın."", ""Ekmeğin tüm dilim kısımlarına sosundan sürün. Aralarını rendelenmiş kaşar peyniri ile doldurun."", ""Zeytinyağı ile maydanozla karıştırın ve üzerine fırçayla sürün."", ""190 derecede 30 dakika pişirin. Sıcak sıcak tüketin. Afiyet olsun!""]"
dd5f19ac-0f0c-4aa2-88f3-a7cfb55aaeb0,Paris Usulü Pankek,Turkey,"Fransız usulü hafif ve nefis pankekler, kahvaltıların vazgeçilmezi olacak",Tatlı,"[""1 su bardağı un"", ""1 çay bardağı süt"", ""1 paket kabartma tozu"", ""1 paket vanilya"", ""1 çay kaşığı (tepeleme) tarçın"", ""1 adet yumurta""]","[""Tüm malzemeleri bir kaba ekleyin."", ""Homojen hale gelen, akışkan yapıda bir karışım elde edene kadar çırpın."", ""Yapışmaz tavada pankekleri pişirin."", ""Dilediğiniz gibi servis edebilirsiniz. Afiyet olsun.""]"
cec8aa1f-9cdf-479e-8d3c-2096fc64d002,Neşeli Tabak,Turkey,"Neşeli Tabak, sağlıklı ve renkli atıştırmalık için hızlıca hazırlanan basit bir tarif",Ana Yemek,"[""1 adet tost ekmeği"", ""1 adet elma"", ""1-2 adet salatalık kabuğu"", ""1 yemek kaşığı corn flakes""]","[""Öncelikle kızarmış ekmekten kırmızı başlıklı kızın kafasını yuvarlak bir bardak yardımı ile oluşturuyoruz."", ""Üzerine yine bir parça ekmek koyuyoruz. Başlık için."", ""Sonra elmanın tan tarafından kesip gövdeyi oluşturuyoruz."", ""Çilekle başlığını yapıyoruz. yine elmadan kol ve ayak yapıyoruz."", ""Çilekten çiçek, salatalık kabuğundan dal yapıyoruz. Kividen güneş yapıp, corn flakes ile zemin hazırlıyoruz. Afiyet olsun.""]"
c337bd26-f73b-43d3-979a-16870180efc8,Acılı Ezme Salata,Turkey,"Lezzetli ve baharatlı mezgenin en sevilen versiyonu olan acılı ezme salatası, sofralarınıza ferahlık katacak",Salata,"[""2-3 adet domates"", ""2 adet kapya biber"", ""1 adet yeşil biber"", ""1 adet küçük boy soğan""]","[""Öncelikle sebzeleri ister elde ufak ufak kıyın, isterseniz robotta fazla sulandırmadan çekin. Kıyılmış sebzeleri bir süzgece alın, fazla suyu gitsin."", ""Ayrı bir kapta sos malzemelerini karıştırın."", ""Suyu giden sebzelerle sosu bir kapta buluşturup iyice karıştırın."", ""Servis tabağına alıp üzerine yağ ve nar ekşisi gezdirip tüketin.""]"
e62453eb-88ee-4a6e-985c-6632efe33cbf,Pankekli Çikolatalı Kup,Turkey,"Pankek ve çikolatanın mükemmel uyumuyla hazırlanan, pratik ve lezzetli bir tatlı",Tatlı,"[""1 su bardağı un"", ""1 çay bardağı süt"", ""1 adet yumurta"", ""1 paket kabartma tozu"", ""1 paket vanilya"", ""1 kilogram çilek"", ""6 adet muz""]","[""Un, süt, yumurta, kabartma tozu ve vanilya eklenip çırpılır. Karışım sıkma torbasına alınır."", ""Yumurta fırçası ile tava yağlanır. (Çok yağlı olursa görünüş bozulur.) Sıkma torbasının ucu küçük kesilir."", ""Sıkma torbası yardımıyla küçük küçük pankekler elde edilir. (ne kadar küçük yapılırsa o kadar çok porsiyon çıkar.)"", ""Pankekler bir kaba alınır. Çilekler yıkanır dikey kesilir. Muzlar kesilir. Bir kupun içerisine konur. Üzerine eritilmiş çikolata ilave edilerek servis edilir. Afiyetler olsun!""]"
ceb551da-6a2f-41e6-a236-555dc53b7d9b,Sütlü Revani,Turkey,"Yumuşacık dokusu ve şerbetiyle damaklarda tat bırakan Sütlü Revani, misafirlerinize ikram edebileceğiniz pratik bir tatlı seçeneğidir",Ye,"[""3 adet yumurta"", ""1 paket kabartma tozu"", ""1 paket vanilya"", ""1 su bardağı toz şeker"", ""1.5 su bardağı irmik"", ""1.5 su bardağı un"", ""1 su bardağı sıvı yağ"", ""1 su bardağı şeker"", ""5 su bardağı süt"", ""1 paket krem şanti""]","[""Sütlü revani tatlısının şerbeti için; orta boy bir tencere içine 3 su bardağı süt ve 1 buçuk su bardağı toz şeker ekleyin."", ""Ocak üzerine alın. Şeker eriyene kadar şerbeti ısıtın."", ""Şerbet olduktan sonra ocaktan alın. Oda ısısında soğumaya bırakın."", ""Sütlü revani tatlısının hamuru için; derin bir kaba 3 adet yumurta kırın. Üzerine 1 su bardağı toz şeker ekleyin."", ""Mikser ile köpürene kadar çırpın."", ""Daha sonra 1 su bardağı süt ve 1 su bardağı sıvı yağ koyup, tekrar çırpın."", ""Ardından 1 buçuk su bardağı un, 1 paket kabartma tozu ve 1 paket vanilyayı eleyerek koyun."", ""Son olarak 1 buçuk su bardağı irmik de ekleyin."", ""Mikser ile köpürene kadar çırpın."", ""Daha sonra büyük yuvarlak borcamın içini yağlayın. İrmikli karışımı kalıbın içine dökün."", ""Karışımın kaba yayılmasını sağlayın."", ""Hazırladığınız sütlü revani tatlısını önceden ısıtılmış 170 derece fırına verin. Üzeri kızarana kadar yaklaşık 25-30 dakika pişirin."", ""Sütlü revani tatlısı piştikten sonra fırından çıkartın. 10 dakika kadar ılımaya bırakın."", ""Ardından soğuk şerbeti kepçe ile üzerine azar azar dökün."", ""Şerbeti tamamen çekene kadar bu şekilde bekletin.""]"
fa1a0480-fc99-4faa-9235-eed2551c9444,İstiridye Tatlısı,Turkey,Tereyağının zengin lezzeti ve irmiğin dokusuyla birleşen enfes bir tatlı,Tatlı,"[""250 gram tereyağı (oda sıcaklığında)"", ""2 adet yumurta"", ""1 su bardağı irmik"", ""1/2 su bardağı ceviz içi (kıyılmış)"", ""4 yemek kaşığı tahin"", ""1 paket vanilin"", ""1 paket kabartma tozu"", ""2,5 su bardağı un""]","[""Su ve şekeri bir tencereye alın ve 15 dakika kaynatın. Ardından ocaktan alınca limon suyunu ekleyin. Kenarda soğumaya bırakın."", ""Derin bir kaba tereyağı ile yumurtayı alın ve karıştırın."", ""Ardından irmiği ekleyin ve karıştırın. Kıyılmış cevizi ve tahini de ilave edin. Tekrar karıştırın."", ""Homojen bir kıvam elde ettikten sonra kabartma tozunu ve kontrollü olarak unu ekleyin. Güzelce yoğurun."", ""Hamurdan ceviz büyüklüğünde bezeler koparın ve elinizde yuvarlayın."", ""Hamuru elinizde hafif yassılaştırın. Çay bardağı ile üzerlerine çizikler atın ve bir ucundan elinizle büzerek istiridye şekli verin. 180 dereceye ayarlı fırında, orta rafta, 35 dakika pişirin."", ""Fırından çıktıktan sonra tatlıyı derin bir borcama alın. Tatlının ilk sıcaklığı geçince soğuk şerbetini verin. Şerbetini çekmesi için oda sıcaklığında en az 2 saat bekletin."", ""İstiridye tatlısı hazır. Afiyet olsun!""]"
479a152a-f937-4d7a-aadb-1d8cf44bbd34,Zencefilli Tarçınlı Kurabiye,Turkey,"Zencefil ve tarçının harika uyumuyla hazırlanan, mis gibi kokan çay saatleri için ideal kurabiye",Ye,"[""113 gram oda sıcaklığında tereyağı"", ""75 gram esmer şeker"", ""100 gram pekmez"", ""1 adet orta boy yumurta"", ""315 gram un"", ""4 gram zencefil"", ""3 gram tarçın"", ""2 gram muskat cevizi (isteğe bağlı)"", ""3 gram tuz"", ""6 gram kabartma tozu""]","[""Oda sıcaklığında sıcaklığında olan tereyağını bir kaba alıp esmer şeker ile krema kıvamına gelene kadar çırpın."", ""Daha sonra yumurtayı ekleyerek çırpma işlemine devam edin."", ""Pekmezi ekleyin ardından kuru malzemeleri ekleyip hamur haline getirin."", ""Hamuru streçleyip 15-20 dakika buzdolabında bekletin."", ""Ardından iki dağlı kayıt arasında açalım istediğiniz kalıplarla şekil verin."", ""Yağlı kağıtla serili tepsiye dizin."", ""180 derecede kontrollü olarak 10 dakikayı geçmeyecek şekilde pişirin. Afiyet olsun.""]"
984145b6-1e24-4443-950e-0c3c2d8eb70e,"Karadutlu, Yoğurtlu Buz",Turkey,Taze karadutların yoğurt ve limunla buluştuğu serinletici ve ferahlatıcı bir lezzet,Ana Yemek,"[""250 gram karadut"", ""250 gram yoğurt"", ""1 adet lime kabuğunun rendesi"", ""1 adet lime suyu""]","[""Dutları ve pudra şekerini mutfak robotunun içerisine alın ve püre haline getirin."", ""Yoğurt, bal, lime suyu ve kabuğunu bir kaba alın ve güzelce karıştırın."", ""Derin dondurucuya koyulabilen 6 adet kap hazırlayın."", ""Hazırlanan kapların tabanına birer çorba kaşığı yoğurtlu karışımdan konup derin dondurucuya atın."", ""Derin dondurucuda 15 dakika bekletilen karışımlar çıkartılıp üzerlerine birer çorba kaşığı kara dutlu karışım konur ve tekrar derin dondurucuya atın."", ""Tekrar 15 dakika bekletildikten sonra bir kat daha yoğurtlu karışım ilave edilip, derin dondurucuda 15 dakika daha bekletin. Malzemeler bitene kadar aynı işlem tekrarlanır."", ""Son karışım katı konduktan sonra karışımın içine tahta çubuk batırılıp derin dondurucuda 2 saat daha bekletildikten sonra servis edin. Afiyet olsun.""]"
a146ad0d-2bf2-4e0b-9c4b-9775c279a3a4,Baklava Semifreddo,Turkey,"Geleneksel baklavanın dondurulmuş modern yorumu olan Baklava Semifreddo, çıtır yufka ve fıstıkla hazırlanan ferahlatıcı bir tatlıdır",Ye,"[""5-6 adet baklavalık yufka"", ""60 gram eritilmiş tereyağı"", ""100 gram fıstık içi"", ""35 gram pudra şekeri"", ""30 gram tereyağı""]","[""Baklava yufkalarının her tarafını yağlayıp 2 katta bir şeker serperek pasta kalıbına yerleştirin. 200 derece fırında kızarana kadar pişirin."", ""Şerbet için gerekli malzemeleri ocağa alın koyulaşana kadar pişirin."", ""Taban için diğer malzemeleri bir kasede karıştırıp pişmiş tabana yayın."", ""Sıcak olan şerbeti tabanın kenarları dahil her tarafına gelecek şekilde ıslatın ve kenara alın."", ""Semifreddo için yumurtaları ve şekeri benmaride mikserle çırparak pişirin. Ayrı bir kapta kremayı kabartın."", ""Başka bir kapta ev yapımı kaymağı blenderdan geçirin."", ""Son aşama olarak spatula yardımıyla hepsini söndürmeden birleştirin. Hazır olan harcı tabana yayın ve dondurucuda en az 6-7 saat dinlendirin.""]"
5afd1ebb-d542-43f0-8e9d-eb441af42fb1,Vişneli Çikolatalı Brownie,Turkey,"Vişne ve çikolatanın mükemmel uyumuyla hazırlanan, damaklarda unutulmaz bir tat bırakan brownie tarifi",Ye,"[""3 adet yumurta"", ""1 su bardağı (bir parmak eksik) şeker"", ""1 su bardağı (bir parmak eksik) un"", ""125 gram tereyağı"", ""125 gram bitter çikolata"", ""1 paket vanilya"", ""1 avuçdamla çikolata""]","[""Yumurta ve şekeri beyazlaşıncaya kadar çırpalım."", ""Ayrı bir tavada tereyağını eritip içerisine bitter çikolatayı katalım ve eriyip soğumasını sağlayalım. Çikolatanın soğuması gerekiyor."", ""Yumurtanın içerisine sıcak sıcak eklersek pişer. Soğuduktan sonra yumurtanın içerisine koyalım ve mikser kullanmadan el çırpıcısı ile çırpalım."", ""Un ve vanilya karışımını azar azar dökelim ve yeniden karıştıralım. İçerisine ceviz veya fındık koyalım."", ""Pişirme kalıbına kek karışımını ekleyelim ve üzerine vişne parçalarını koyalım."", ""Damla çikolatalardan da serpiştirip önceden ısıtılmış 170 derecelik fırında pişirelim. Afiyet olsun.""]"
f25a3157-d768-4969-85ad-5c38d45a8ed2,Hazır Yufkadan Baklava,Turkey,"Pratik ve lezzetli hazır yufkadan baklava tarifi, ceviz içi ve tereyağıyla harmanlanmış nefis bir tatlı",Tatlı,"[""1 paket baklavalık yufka"", ""250 gram ceviz içi"", ""225 gram eritilmiş tereyağı"", ""1/2 çay bardağı sıvı yağ"", ""5 su bardağı su"", ""5 su bardağı şeker"", ""1/3 adet limon"", ""100 gram Antep fıstığı""]","[""Yufkalarımızı masanın üstüne serelim ve kırılmaması için üzerine nemli bir bez örtelim."", ""Yufkalarımız dinlenirken önce şerbetimizi yapmaya başlayalım. Tencereye 5 su bardağı şekeri ve 5 su bardağı suyu ekleyelim."", ""Ocağımızın altını açalım ve kaynayana kadar karıştıralım."", ""Kaynayan şerbetimizin kristalleşmemesi için çeyrek limonu sıkalım ve karıştırmaya devam edelim."", ""Yaklaşık 10 dakika daha kaynayan şerbetimiz istediğimiz kıvama geldi."", ""Ocaktan alarak soğumaya bırakalım. Yufkalarımızın ölçüsünü tepsimize göre kesmemiz gerekiyor."", ""Ben fırın tepsisi kullanacağım için kenarlarından yaklaşık 1 parmak keserek tepsime göre ayarlıyorum. Siz de kullanacağınız tepsiye göre ölçülendirebilirsiniz."", ""Yufkalarımızı dizmeye başlıyoruz. Öncelikle tepsimizin dibini güzelce yağlamamız gerekiyor."", ""Yağladıktan sonra yufka sıralamasını ekranda gördüğünüz gibi yapabilirsiniz. En alta 5 yufka koyduktan sonra diğer katlara 3’er yufka koyuyoruz."", ""Kat aralarını güzelce yağlamaya özen gösterin. 20 kat olana kadar bu işlemi yapmaya devam ediyoruz."", ""20 kat olduktan sonra kıyılmış cevizlerimizi bolca koyuyoruz. Cevizleri yufkanın her tarafına eşit miktarda dökmeye özen gösterelim."", ""Baklavamızın ikinci aşamasındaki yufka sıralamasını yine ekranda gördüğünüz sıralamaya göre yapabilirsiniz."", ""İkinci aşamanın ilk 4 sırasına 3 kat yufka, son 4 sırasına 2 kat yufka koyuyoruz. Aralarını güzelce yağladığımız baklavamız bu sıralama ile çıtır çıtır olacaktır."", ""40 kat yufka sıralama işlemimiz bittikten sonra kesme işlemine başlıyoruz. Ben kare kare kesmeyi tercih ettim. Siz dilediğiniz gibi farklı şekillerde de kesebilirsiniz."", ""Kesme işlemimiz bittikten sonra, tereyağı ve sıvı yağ karışımı ile tepsinin her tarafını güzelce yağlıyoruz.""]"
6601db20-0a35-4097-a088-118ae10ad4b7,Bulgurlu Tavuk,Turkey,"Lezzetli bulgurlu tavuk, pratik ve doyurucu bir ana yemek",Ye,"[""150 gram tavuk göğsü"", ""1 yemek kaşığı yoğurt"", ""2 yemek kaşığı zeytinyağı"", ""1 çay kaşığı toz kırmızı biber"", ""1 çay kaşığı tuz"", ""1 çay kaşığı karabiber""]","[""Tavukları küp küp doğrayın. Bir kabın içerisine alın. Üzerine baharatları, yağ ve yoğurdu ilave ederek güzelce karıştırın."", ""Tavukların üzerini streç filmle örtün ve buzdolabında 15-20 dakika kadar marine edin. Vaktiniz yoksa bu işlemi yapmadan pişirme aşamasına geçebilirsiniz, vaktiniz varsa marinasyon süresini uzatabilirs"", ""Tavuklar marine olurken bulguru hazırlayın. Bir küçük tencereye yağ ve ince ince doğranmış soğanları alın. Soğanlar hafif yumuşayana kadar pişirin."", ""Ardından salça ve bulguru ilave ederek kavurma işlemine devam edin. 2-3 dakika daha bu şekilde kavurduktan sonra üzerine 2 çay bardağı su ilave ederek kapağını kapatın ve pişmeye bırakın."", ""Bulgurlar suyunu tamamen çekince ocağın altını kapatın ve demlenmeye bırakın."", ""O sırada tavukları da pişirin. Bir tavaya sıvı yağ ya da 1 yemek kaşığı tereyağı alın. Yağ hafif kızdıktan sonra tavuklarınızı atarak soteleyin. Ardından ocaktan alın."", ""Bulgur demlendiğinde bir tabağa alın. Üzerine tavukları da ilave ederek servis edin. Afiyetler olsun!""]"
c311e6d2-2318-445d-bfc9-1c0637cb0cde,Pancarlı Patates Çanakları,Turkey,"Pancarlı Patates Çanakları, fırınlanmış patateslerin içine harmanlanmış pancarlarla hazırlanan renkli ve lezzetli bir atıştırmalıktır",Ana Yemek,"[""4 adet patates"", ""3 yemek kaşığı tereyağ"", ""2 adet pancar"", ""150 gram lor peyniri"", ""1 çay kaşığı tuz"", ""3 yemek kaşığı zeytinyağı""]","[""Patatesler haşlanır ve ezilir."", ""İçine tereyağı, tuz, arzuya göre karabiber eklenir ve iyice karıştırılır."", ""Patates püresinden toplar yapılarak çanak şekli verilir."", ""Pancarlar rendelenir ve lor peyniri, zeytinyağı, tuz eklenir."", ""İyice karıştırılır ve patates çanakları içine konur."", ""Arzuya göre içine nane, dereotu veya maydanoz gibi yeşillikler de kullanabilirsiniz. Afiyetler olsun!""]"
eb34f776-2a4f-489e-8518-07725c033b7f,Fırında Çıtır Kabak,Turkey,"Fırında çıtır kabak, kaşar peyniri ve galeta unuyla hazırlanan pratik ve lezzetli bir atıştırmalıktır",Sebze Yemekleri,"[""1 büyük su bardağı kabak"", ""1/2 su bardağı rendelenmiş kaşar peyniri"", ""2 yemek kaşığı galeta unu"", ""1 tatlı kaşığı toz kırmızı biber"", ""1 çay kaşığı tuz"", ""1 çay kaşığı karabiber"", ""1/2 çay bardağı süt"", ""3 yemek kaşığı zeytinyağı""]","[""Süt ve yağı bir kapta karıştırın."", ""Kaşar, galeta unu, baharatları ayrı bir kapta karıştırın."", ""Halka halka doğradığınız kabakları önce sütlü karışıma sonra diğer karışıma bulayın yağlı kağıt serili fırın tepsisine dizin."", ""Önceden ısıtılmış 200 derece fırında 20 dakika pişirin. Afiyet olsun.""]"
578d23de-1030-41ad-b1a9-3b25ec84918e,Dereotlu Poğaça,Turkey,"Mis kokulu dereotuyla harmanlanmış, yumuşacık ve lezzetli poğaça tarifi",Ana Yemek,"[""2 adet yumurta (birinin sarısı üzerine)"", ""2 yemek kaşığı tereyağı"", ""3/4 su bardağı sıvı yağ"", ""1 paket yoğurt"", ""1 yemek kaşığı kabartma tozu"", ""1 yemek kaşığı sirke"", ""3,5-4 su bardağı un (kontrollü ekleyin)"", ""1 tatlı kaşığı tuz"", ""1 adet yumurta sarısı (üzeri için)""]","[""Peynir hariç diğer malzemeler karıştırılıp yumuşak bir hamur elde edilir (unu yavaş ekleyip kıvamına göre arttırıp azaltabilirsiniz)."", ""İstenilen büyüklükte parçalar kopartılıp önce yuvarlak yapılır."", ""Ardından elle bastırılıp arasına peynir koyulur."", ""Uçları birleştirilip tekrar yuvarlanır yağlı kağıt serili tepsiye dizilir."", ""Üzerlerine yumurta sarısı sürülüp çörek otu serpilir. 180 derecede kızarana kadar pişirilir. Afiyet olsun.""]"
de95a14f-2a90-4c85-a660-d9af8c4bafdb,Ponpon Lokmalar,Turkey,"Yumuşacık ponpon lokmalar, süt ve unun mükemmel uyumuyla hazırlanan geleneksel bir lezzet",Ana Yemek,"[""1 litre süt"", ""2 çay bardağı un"", ""2 çay bardağı toz şeker"", ""1 paket vanilin"", ""1 yemek kaşığı tereyağı"", ""1 su bardağı Hindistan cevizi"", ""1/2 su bardağı Antep fıstığı (süslemek için)""]","[""Süt, un ve şekeri derince bir tencere içerisinde koyulaşıncaya kadar pişirin."", ""Ocaktan aldıktan sonra içerisine vanilya ve tereyağ ilave edip, sürekli karıştırarak ılımasını sağlayın."", ""Elinizi yakmayacak dereceye geldiği zaman, ceviz büyüklüğünde toplar yapın."", ""Daha sonra orta kısımlarına bastırıp, her yerini hindistan cevizine bulayın."", ""Servis tabağına alıp, çukur kısımlarını fıstık kırıntıları ile doldurun."", ""Buzdolabında soğuttuktan sonra sevdiklerinize ikram edin. Afiyetler olsun.""]"
510ff432-25c6-4a9e-9d7f-6f7fd0da8722,Ağızda Dağılan Un Kurabiyesi,Turkey,Ağızda dağılan kıvamı ve lezzetiyle un kurabiyesi tarifi. Kolay hazırlanışı ve muhteşem tadıyla favori kurabiyeniz olacak,Tatlı,"[""1 paket oda sıcaklığında margarin"", ""1 çay bardağı sıvı yağ"", ""1 su bardağı pudra şekeri"", ""1 su bardağı nişasta"", ""1 paket vanilya"", ""3,5 - 4 su bardağı un""]","[""İlk olarak yoğurma kabına margarini ve puda şekerini alıp yoğuralım. Nişasta ve sıvı yağı ilave edip yoğurmaya devam edelim."", ""Ardından vanilyayı ve unu azar azar ekleyerek yoğurmaya devam edelim.(Unu kontrollü ekleyelim, hamurumuz çok sert olmasın. Ele yapışmayan bir kıvamda olması yeterli.)"", ""Son olarak hamurdan fındık büyüklüğünde küçük parçalar koparalım ve aralıklı bir şekilde fırın tepsisine dizelim.(Kopardığınız parçalar büyük olmasın çünkü fırında pişerken kabarıcaklar.)"", ""170 derece fırında 25 dakika kadar kontrollü pişirelim.(Renginin dönmesini beklemeyin, beyaz kalıcaklar.) Biraz soğuduktan sonra servis edelim. Afiyetler olsun!""]"
4997a46f-fe08-4695-824c-b4d116f70a00,Rafine Şekersiz Kakaolu Pasta,Turkey,"Sağlıklı ve lezzetli rafine şekersiz kakaolu pasta, hurmaların doğal tatlılığıyla tatlandırılmış harika bir alternatif",Tatlı,"[""13 adet hurma"", ""3 yemek kaşığı kakao"", ""1.5 su bardağı süt (arzuya göre laktozsuz)"", ""1 su bardağı tam buğday unu"", ""1 adet avokado"", ""1 paket kabartma tozu"", ""200 gram labne"", ""2 yemek kaşığı bal"", ""2 yemek kaşığı tahin"", ""1 paket bitter çikolata (yüzde 80 kakao içeren)""]","[""Hurmaları sıcak suda bir süre bekletin.. Avokado, kakao ve süt rondoda çekin. Rondonuz yoksa çatalla ezebilirsiniz."", ""Bitter çikolatanızın yarım paketini küçük küçük doğrayın, harcınızın içine atın."", ""Yumuşayan hurmalarınızı rondoya alın ve onları da çekin. Un ve kabartma tozunu da ekleyin."", ""Kek hamurunuzu orta boy bir kalıba serin ve 180 derecede 35 dakikada pişirin."", ""Üst dolgu için: 200 gram labne, 2 yemek kaşığı bal, 3 parça eriteceğiniz bitter çikolatayı karıştırın, çırpın."", ""30 dakika buzdolabında bekletin, kıvam alsın. Bu sırada keki çıkartın ve soğumasını bekleyin."", ""Pişen kekiniz üzerine bu dolguyu sürün."", ""En üste de kalan çikolatanızı benmari usulü eritip gezdirin. Çikolata donmadan tahininizi de gezdirin. Afiyet olsun.""]"
d0178ff7-b2b7-4311-9cf4-d485b85be713,4 Kişilik İrmik Helvası,Turkey,"Tereyağında kızartılmış irmiğin şerbetle buluştuğu, hafif ve lezzetli bir tatlı",Tatlı,"[""2 su bardağı irmik"", ""100 gram tereyağı (7 yemek kaşığı)"", ""1 su bardağı süt"", ""1 su bardağı su"", ""1,5 su bardağı toz şeker""]","[""Süt, su ve şekeri küçük tencereye alın, şeker eriyene kadar ısıtın. Hazırladığınız şerbeti ocaktan alın ve soğumaya bırakın."", ""Tavaya tereyağını alın ve eritin. Üzerine irmik ilave edip orta ateşte kavurun."", ""İrmiğin rengi dönene kadar ara vermeden kavurmaya devam edin."", ""Ocağın altını kısın. Şerbeti dikkatli bir şekilde ekleyin."", ""Şerbeti çekip kıvam aldıktan sonra ocaktan alın."", ""Üzerine havlu kağıt örtüp yaklaşık 10 dakika demlenmeye bırakın.Demlendikten sonra servis edin. Afiyetler olsun.""]"
410a78f7-059f-46ee-95e7-831136f57cc5,Bodrum Köfte,Turkey,"Bodrum'un ferhat lezzetiyle harmanlanmış, özel baharatlarla hazırlanan nefis köfte tarifi",Et Yemekleri,"[""500 gram kıyma"", ""1 adet soğan"", ""1 adet yumurta"", ""3-4 yemek kaşığı galeta unu"", ""1 tatlı kaşığı tuz"", ""1 çay kaşığı karabiber"", ""1 çay kaşığı nane"", ""1 çay kaşığı kimyon"", ""1 çay kaşığı pul biber (arzuya göre)"", ""4 adet patates"", ""1 adet domates"", ""2 yemek kaşığı domates salçası""]","[""Köfte için tüm malzemeleri derin bir kap içerisinde güzelce yoğurun."", ""Elinizle şekilde verin ve buzdolabında dinlendirin."", ""Patatesleri kibrit çöpü şeklinde doğrayın. Kızgın yağda kızartın. Köfteleri de yağda kızartın."", ""Sos için salçayı kavurup domates rendesini ekleyin kıvam alınca ocağın altını kapatın."", ""Servis tabağına patatesleri alın. Üzerine yoğurdu gezdirin. Köfteleri de üzerine dizin ve sostan döküp servis edin. Afiyet olsun.""]"
8d6bcfb3-5148-4ef0-a050-e5d246fb9588,Çilekli Mozaik Pasta,Turkey,"Pratik ve lezzetli çilekli mozaik pasta, çikolata ve kremanın mükemmel uyumuyla damaklarda tat bırakıyor",Tatlı,"[""3 paket petibör bisküvi"", ""1 paket çiğ krema"", ""160 gram çikolata (bitter ve sütlü)"", ""1 yemek kaşığı tereyağı"", ""1/2 çay bardağı süt""]","[""Petibör bisküvileri ister elimizde ister robattan geçirerek ufalayalım. 1 paket kremayı ocakta kaynatmadan ısıtalım ve içerisine tereyağı, 160 gram bitter ve sütlü çikolatayı eriyene kadar karıştıral"", ""Çikolatamız ve tereyağı eridikten sonra yarım çay bardağı sütümüzü de ekleyerek ufalanmış bisküvilerin üzerine dökelim."", ""Kelepçeli kalıba büsküvi karışımımızı dökelim. 1 gece buzdolabında bekletelim. Üzerini dilediğiniz gibi süsleyip servis yapabilirsiniz.""]"
2f50a7db-f8d1-4f2a-b122-792096c4309d,Shortbread,Turkey,"İskoçya'ya özgü, tereyağlı ve kırılgan dokulu bir bisküvi olan shortbread, az malzemeyle kolayca hazırlanabilen klasik bir tatlıdır",Ana Yemek,"[""150 gram un"", ""50 gram şeker"", ""100 gram tereyağı""]","[""Tereyağı ve şekeri elinizle karıştırın."", ""Unu ekleyip ufalayarak dökülen bir hamur elde edin."", ""Hamuru yavaşça yedirip birbirini tutan bir kıvam elde etmesini sağlayın."", ""Hamurun hepsini açıp ya yuvarlak ya da bir cm kalınlığında, iki cm uzunluğunda dikdörtgen şekilde kesin. Çatalla delikler de yapabilirsiniz kurabiye yüzeyine."", ""170 derece fırında üzerine şeker serpip pişirin.""]"
e63eb470-2a92-4509-9450-11e386217f86,Yoğurtlu Ananas,Turkey,Taze ananasın ferahlatıcı lezzetini yoğurt ve chia tohumuyla birleştiren sağlıklı ve pratik bir tatlı,Ana Yemek,"[""4 yemek kaşığı yoğurt"", ""1 yemek kaşığı chia tohumu"", ""Etimek Tatlısı Tarifi"", ""Damla Çikolatalı Kurabiye"", ""Tatlı Tarifleri Spoonful Mozaik Pasta Çikolatalı Sufle İrmik Helvası Fırın Sütlaç Profiterol Revani Magnolia"", ""Kahvaltılık Tarifler Pancake Krep Pişi Kuymak Kaygana Kahvaltılık Sos Menemen Muhlama Yumurtalı Ekmek Omlet"", ""Omlet""]","[""Tabağın tabanına 4 yemek kaşığı yoğurdu yayıyoruz."", ""Üzerine 1 tekerlek ananası dilimleyip koyuyoruz."", ""İsteğe göre Omega-3 ve posa kaynağı 1 yemek kaşığı chia tohumu ile süslüyoruz. Afiyet olsun.""]"
8ec75625-534a-43b7-bef3-dbb80ddbfc5c,Bol Peynirli Soslu Tost,Turkey,"Lezzetli peynirli soslu tost, pratik ve doyurucu bir atıştırmalık",Ana Yemek,"[""1 tatlı kaşığı tereyağı"", ""1 yemek kaşığı biber salçası"", ""2 adet rendelenmiş domates"", ""3/4 su bardağı su"", ""1 çay kaşığı tuz"", ""1 çay kaşığı kekik""]","[""Minik bir sos tenceresinde tereyağını eritin."", ""Eriyen tereyağına rendelenmiş domates ve biber salçasını ilave edin ve kavurun."", ""Kekik ve tuzu ilave ederek lezzetlendirin ve sosu ocaktan alın.""]"
fbb5984e-2e87-4f1e-a607-a8015661d152,Fit Puding,Turkey,"Sağlıklı ve besleyici fit puding, sadece 3 malzeme ile hazırlanan pratik bir tatlı alternatifidir",Ana Yemek,"[""1 adet olgun muz"", ""1 adet cennet hurması"", ""2 yemek kaşığı süt"", ""1 tatlı kaşığı kakao"", ""1 çay kaşığı Hindistan cevizi (üzerine)"", ""1 çay kaşığı kakao parça ları (üzerine)""]","[""Muz, cennet hurması, süt ve kakaoyu bir karıştırma kabına alın."", ""Blender veya robotta güzelce karıştırın."", ""Hazırlanan karışımı tabağa alın. Süsleyip servis edin. Afiyet olsun.""]"
cb34a27a-de2b-4f3c-9d8f-abede21983c2,Enginar Kalbi Salatası,Turkey,"Enginar kalpleri, kurutulmuş domates ve biber dolgulu zeytinlerle hazırlanan ferahlatıcı ve lezzetli Akdeniz tarzı salata",Salata,"[""5 adet salamura enginar kalbi"", ""6 adet kurutulmuş domates"", ""5 adet biber dolgulu yeşil zeytin"", ""2 çay bardağı haşlanmış buğday (dilerseniz karabuğday da kullanabilrisiniz)"", ""2 yemek kaşığı taze keçi peyniri""]","[""Kuru domatesleri çok ufaltmadan gelişi güzel doğrayın."", ""Enginar kalplerini ve zeytinleri ortadan ikiye bölün."", ""Nar ekşisi ve nar sirkesini bir kaseye koyup iyice karıştırın sonra diğer sos malzemelerini de ekleyin."", ""Peynir dışındaki bütün salata malzemelerini bir kasede birleştirip, sosu da üzerine dökün. Sos salatanın her yerine geçinceye dek karıştırın"", ""En son taze keçi peynirini de ellerinizle ufalayarak salataya ekleyin.""]"
6a04c2d7-e9e1-48bb-a830-2c0b146ffc8f,Aşure,Turkey,"Geleneksel Türk tatlısı Aşure, buğday, baklagiller ve kuruyemişlerle hazırlanan besleyici bir lezzet şöleni",Ana Yemek,"[""2 su bardağı buğday"", ""1 su bardağı kuru fasulye"", ""1 su bardağı nohut"", ""3 adet karanfil"", ""1 su bardağı süt""]","[""Buğday, fasulye ve nohut ayrı ayrı haşlanır."", ""Haşlanan buğday, nohut ve fasulye birleştirilip üzerini geçecek kadar sıcak su eklenerek karıştırılır, pişirmeye devam edilir."", ""Kıvam aldıktan sonra süt ve nişasta karıştırılarak içine dökülür."", ""Fındık içi, üzüm, karanfil ve kayısı eklenerek karıştırılır."", ""2-3 dakika kaynadıktan sonra kaselere eşit miktarda paylaştırılır. Meyveler ve kuru yemişlerle süslemesi yapılır. Afiyet olsun.""]"
b487cc72-c0f9-4dcf-ae21-8e64c9d42d81,Yalancı Tavuk Göğsü,Turkey,"Margarin, süt ve un ile hazırlanan pratik ve lezzetli yalancı tavuk göğsü tarifi",Tavuk Yemekleri,"[""125 gram margarin"", ""1 litre süt"", ""1 su bardağı un"", ""1,5 su bardağı şeker"", ""1 paket vanilin""]","[""Margarin eritilir ve un ile hafif kokusu çıkana kadar karıştırılır. Süt ve şeker ilave edilip tekrar koyulaşana kadar pişirilir."", ""Ocaktan alınca vanilya eklenir ve karıştırılır. Kup veya tatlı kasesinde servis için dipleri hafif ıslatılır."", ""Tavuk göğsü kaplara boşaltılır. Dolaba kaldırılır. Soğuduktan sonra servis tabağına ters çevrilir ve çıkarılır. Tarçın, fındık ve Hindistan cevizi ile süslenir.""]"
b211c4d2-1c74-4830-8520-193d9af8a6ea,Ev Yapımı Baget Ekmek,Turkey,Fransız usulü ev yapımı baget ekmek tarifi. Kıtır kabuğu ve yumuşacık içi ile misafirlerinizi şaşırtacak,Börek & Hamur İşi,"[""400 gram ekmeklik un"", ""1,5 paket kuru maya"", ""1 tatlı kaşığı deniz tuzu"", ""300 ml oda sıcaklığında su""]","[""100 gr un ve yarım paket mayanın üzerine 300 ml oda sıcaklığındaki suyu koyun. Karıştırın. Sulu bir karışım olacaktır."", ""Bu karşımın üzerini kapatın ve bir saat bekletin."", ""Bir saatin sonunda iyice köpüren hamura kalan unu , tuzu ve bir paket mayayı ekleyin. Eğer gerekirse biraz daha su ekleyebilirsiniz."", ""Karıştırın ve unladığınız bir yuzeye alıp hamurunuzu 10 dakika yoğurun."", ""Hamur yüzeye yapışmamaya başladığında kenara alın üzerini nemli bir bezle örtün ve en az 1 saat daha dinlendirin."", ""Dinlenen hamurunuzu ikiye bölün. Fırın tepsinizin genişliğinde rulo haline getirin. Bagetimizin uzunluğu malesef fırın ölçümüzle sınırlı. Rulonuzu önünüze yatay olarak koyun."", ""Parmaklarınızla bastırarak açın ve katlayın. Bu işlemi hamurun havasını almak için yapıyoruz."", ""İki parçayı da katladıktan sonra kalın bir bezin arasına katlama çizgisi üste gelecek şekilde yerleştirin. 5-10 dakika bekletin."", ""Hamura parmağınızı bastırdığınızda tekrar geri geliyorsa hamur fırına girmeye hazırdır."", ""Bu arada fırınımızda bir taş kullanıyorsak işimiz epey kolay olacaktır. Fırın taşınız yoksa fırın tepsisini tersinden fırına yerleştirin ve 225 dereceye ayarladığınız fırınınızda fırınla beraber iyice"", ""Fırınınızın alt kısmına sonradan kaynar su ekleyeceğiniz bir kabı,tercihen metal yada dökme demir bir tavayı yerleştirin."", ""10 dakika sonunda ekmeklerinizi fırına süreceğiniz yüzeye katlı kısımları alta gelecek şekilde ters çevirerek aktarın."", ""Ekmeğin tepsiye yada taşa kolay kayması için unladığınız yüzeye biraz irmik serpebilirsiniz. Üzerlerini keskin bir bıçak yada jilet yardımıyla dik bir açıyla kesin."", ""Sıcak fırın tepsinize (veya taşınıın üzerine) ekmeklerinizi bir tahta kürek yada spatula yardımıyla kaydırın ve önceden hazırladığınız kaynar suyu ısınmış olan kaba boşaltıp fırın kapağınızı hemen kap"", ""Yaklaşık 20-25 dakika sonra ekmeğiniz nar gibi kızardığında fırından çıkartın ve soğumaya bırakın.""]"
5e2a3e20-f217-406a-b87d-c0e6aaea0638,Tavuk Suyuna Tarhana Çorbası,Turkey,Lezzetli ve besleyici tavuk suyuyla hazırlanan geleneksel tarhana çorbası,Çorba,"[""1/2 litre tavuk suyu"", ""1 su bardağı su"", ""4 yemek kaşığı tarhana""]","[""Soğuk suda tarhanayı inceltin."", ""Tavuk suyunu ve tarhanalı karışımı tencereye alın."", ""Orta ateşte koyulaşana kadar pişirin."", ""Servis esnasında tabaklara didiklenmiş tavuk ve buğday ekleyip, çorbayı taneli hale de getirebilirsiniz. Afiyet olsun.""]"
1d1b63c4-d0c5-4e35-835a-b5f73e30ad28,Tarçınlı Cevizli Çikolatalı Kurabiye,Turkey,"Tarçın, ceviz ve çikolatanın mükemmel uyumunu bir araya getiren bu kurabiyeler, çay saatlerinin vazgeçilmezi olacak",Tatlı,"[""150 gram tereyağı"", ""100 mililitrepudra şekeri"", ""2 adet yumurta sarısı"", ""2 yemek kaşığı su"", ""1 paket vanilya"", ""1/2 tatlı kaşığı kabartma tozu"", ""1,5 tatlı kaşığı tarçın"", ""300 mililitreun"", ""50 gram damla çikolata"", ""100 gram ceviz""]","[""Karıştırma kabımıza şeker ve yumurtayı alıp bir çırpıcı yardımıyla çırpalım."", ""Tereyağını, vanilyayı ve suyu ekleyip tekrar çırpalım."", ""Son olarak kabartma tozu ve tarçını alıp tekrar çırpalım."", ""Unu yavaş yavaş ekleyerek yoğurmaya başlayalım. Ele yapışmayan bir hamur elde edene kadar yoğurmaya devam edelim."", ""Hamurumuz hazır olunca içine ceviz ve çikolatayı ekleyip spatula yardımıyla karıştıralım. (Elimizle yoğurmayalım, çikolatanın erimesine sebep oluruz.)"", ""Hamuru ikiye bölelim. Streç yardımıyla 5-6 cm çaplı rulo yapıp buzdolabına dinlenmeye gönderelim."", ""Eğer vaktiniz azsa 20 dakika kadar dondurucuya koyun. Vaktiniz varsa buzdolabında iki saat beklesin."", ""En güzeli geceden hazırlayıp koymak. Maksat hamurun donması keserken rahat ve güzel kesebilmek."", ""Hamuru dolaptan çıkarıp 1-1.5 cm'lik dilimler kesip, yağlı kağıt serdiğimiz fırın tepsisine dizelim."", ""Tepsiyi, önceden ısıttığımız 160 derecelik fırında 12 dakika pişirmeye gönderelim."", ""12 dakika sonra tepsiyi fırından çıkarıp, kurabiyeleri soğumaya bırakalım. Kurabiyeler soğuduysa servise hazırlar, afiyet olsun.""]"
2d8632f2-3135-474a-9c02-ccf31b74d5ba,Kabak Oturtma,Turkey,İçine lezzetli kıymalı harç doldurulmuş fırınlanmış kabak dilimleri. Hem pratik hem de doyurucu bir ana yemek tarifi,Sebze Yemekleri,"[""2-3 adet kabak"", ""1 adet büyük boy kuru soğan"", ""150 gram kıyma"", ""1 adet domates"", ""1 yemek kaşığı domates salçası"", ""1/2 çay bardağı sıvı yağ"", ""1 çay kaşığı tuz"", ""1 çay kaşığı karabiber""]","[""Bir tavada soğanı kavurun."", ""Kıymayı ekleyip kavurmaya devam edin."", ""Salçayı ve küp küp doğradığınız domatesi ekleyin. Karabiber ve tuzunu ekledikten sonra domatesler yumuşayıncaya kadar pişirin. Kıymalı harcı bir tabağa alın."", ""Kabakların bir çatal yardımıyla üzerini çizin ve halka halka doğrayın."", ""Kızgın yağda çok rengi değişmeyecek şekilde kızartın. Havlu kağıt üzerine alın."", ""Tencereye kabakların bir kısmını dizin. Üzerine kıymalı harcı yayın."", ""Üzerine tekrar kabakları dizin."", ""Üzerini geçecek kadar sıcak su koyun."", ""Kısık ateşte 20 dakika pişirin."", ""Kabak oturtma tarifiniz hazır. Afiyet olsun.""]"
e35297af-5365-4e6d-ad59-3fa996222613,Şam Böreği,Turkey,"Lezzetli ve pratik Şam Böreği, çay saatlerinin vazgeçilmezi olacak",Börek & Hamur İşi,"[""4 su bardağı un"", ""1 yemek kaşığı yoğurt"", ""1 adet yumurta"", ""1 su bardağı ılık su"", ""1 yemek kaşığı zeytinyağı"", ""1,5 tatlı kaşığı tuz""]","[""Hamur için tüm malzemeleri yoğurma kabınıza alın ve suyu yavaş yavaş ekleyerek ele yapışmayan yumuşak bir hamur yoğurun."", ""Kıvamına göre su ya da un eklemesi yapabilirsiniz."", ""İç harcı için bir tavaya zeytinyağı ekleyin ve yemeklik doğranmış soğanları ilave edin. Soğanlar renk değiştirince kıymayı ekleyin. Tuz ve karabiberi de ilave edin. Kıymalar ve soğanlar tamamen kavrul"", ""Dinlenen hamuru 12 adet bezeye ayırın ve kahvaltı tabağı büyüklüğünde açtığınız bezelerin yarısına harçtan koyarak yarım ay şeklinde kapatın."", ""Kızdırdığınız sıvı yağın içinde arkalı önlü altın rengi olana dek pişirin.""]"
3e47ba39-6976-4cbc-bdf7-228afd5841d2,Çilekli Haşhaşlı İrmik Tatlısı,Turkey,"Çileklerin ferahlatıcı lezzeti ile haşhaşın benzersiz aromasını birleştiren, irmik tatlısının enfes bir versiyonu",Tatlı,"[""3 adet yumurta"", ""1 su bardağı mavi haşhaş tohumu"", ""1 su bardağı (bir parmak eksik) zeytinyağı"", ""5 adet hurma püresi (veya püre haline gelmiş incir)"", ""3 yemek kaşığı tam buğday unu"", ""1 su bardağı irmik (organik)"", ""1/2 su bardağı süt (organik)"", ""1 paket kabartma tozu""]","[""Önce sosuyla başlamak istiyorum. Çilekleri sirkeli suda bir güzel yıkıyoruz ve ince halkalar şeklinde doğruyoruz."", ""Daha sonra ocağa alıyoruz ve kısık ateşte suyunu salmasını bekliyoruz. Suyunun çok az uçtuğunda chia tohumlarınızı ekleyebilirsiniz."", ""Karıştırıyoruz ve 1-2 damla limon damlatıyoruz. Reçel olarak kullanacaktım fakat tatlıma enfes bir tat verdi."", ""Reçel olarak kullanmak isterseniz sıcakken kavanoza koyup ağzını kapatmanızı öneririm. 1 hafta içerisinde tüketebilirsiniz."", ""Çilek sosumuzun soğumasını beklerken kekimizi yapalım. Önce 3 adet yumurtamızı çırpalım."", ""Sonrasında süt ve yağımızı ekleyip tekrar çırpalım. Kalan tüm malzemeleri ilave edelim ve homojen bir şekilde karıştığından emin olduktan sonra yağladığımız kalıbımıza kek harcımızı döküyoruz."", ""Önceden ısıtılmış fırında 15-20 dakika pişirelim. Fırından fırına değişiklik gösterebilir. Kontrol altında tutalım."", ""Kekimiz pişerken 2 adet muzumuzu dilimleyelim. 1 dilim süzme peynir ve 2 yemek kaşığı balı ilave edip blender da karıştıralım. Ve buzdolabın da kekimiz soğuyana kadar dinlendirelim."", ""Fırından çıkardığımız kekimiz soğuduktan sonra, üzerine muhallebimizi dökelim."", ""Biraz bekledikten sonra çilek sosumuzu döküp dolaba kaldıralım. 1 gün beklemesi iyi olur. Ben sabırsız olduğum için kalıptan çıkardığımda sosum yayıldı. Siz sabırlı olun. Afiyet olsun.""]"
fbf768aa-8ee8-41cc-9a32-288073783ada,Salça Topları,Turkey,"Cevizli salça topları, zeytinyağıyla harmanlanmış biber salçasının ceviz içiyle buluştuğu pratik ve lezzetli bir meze",Ana Yemek,"[""1 su bardağı biber salçası"", ""2 yemek kaşığı zeytinyağı"", ""1 su bardağı ceviz içi (iri çekilmiş)"", ""1 çay kaşığı kekik"", ""1 çay kaşığı susam"", ""1/2 çay kaşığı kimyon"", ""1/2 çay kaşığı çörek otu"", ""1 yemek kaşığı galeta unu""]","[""Galeta unu hariç diğer malzemeleri bir kapta karıştırın."", ""Baharatları zevkinize göre ilave edin."", ""Galeta ununu kontrollü ekleyerek hamur kıvamına getirin."", ""Elinizle yuvarlayarak şekil verin."", ""Yanında beyaz peynirle servis edebilirsiniz. Afiyet olsun.""]"
4867d884-0fae-4f8e-84db-c665f2cf42fa,Yaban Mersinli Muffin,Turkey,"Yaban mersinli muffin, çay saatlerinin vazgeçilmez lezzetlerinden biridir",Ana Yemek,"[""1+3/4 su bardağı un"", ""3/4 su bardağı şeker"", ""1 adet yumurta (çırpılmış)"", ""1/2 su bardağı süt"", ""1 tatlı kaşığı limon suyu (veya sirke)"", ""6 yemek kaşığı sıvı yağ"", ""1 paket vanilin"", ""1 paket kabartma tozu"", ""1 su bardağı yaban mersini""]","[""Süt ile limonu karıştırıp bir kenara koyalım."", ""Un, seker, kabartma tozu ve vanilyayı bir kapta karıştıralım, içine meyveleri ekleyelim."", ""Süt, yağ ve yumurtayı da ekleyerek spatula ile karıştıralım."", ""9 adet cupcake kağıdını kalıplara yerleştirip karışımı bölüştürelim."", ""Önceden ısıtılmış 225 derece fırında 10 dakika sonra ısıyı 175'e düşürüp 10-12 dakika daha pişirelim. Afiyet olsun.""]"
897057ad-6446-4ffc-bcdc-396ac1855c6e,Pratik Fincan Tatlısı,Turkey,"Pratik ve lezzetli fincan tatlısı, misafirlerinize sürpriz yapmak için ideal bir tarif",Tatlı,"[""1 litre süt"", ""1 paket vanilin"", ""1 yemek kaşığı margarin"", ""1 su bardağı Hindistan cevizi (kaplamak için)""]","[""Bir tencereye sütü, unu ve şekeri koyalım. Kısık ateşte koyulaşana kadar pişirelim."", ""Muhallebimiz hazır olunca ateşten alalım, vanilya ile yağı ekleyip son defa daha karıştıralım."", ""Kullanacağımız kahve fincanlarının içini, muhallebinin yapışıp kalmaması için ıslatalım."", ""Muhallebiyi fincanlara doldurup soğumaya bırakalım. Soğuyan muhallebileri bardaktan çıkarıp bir borcama dizelim."", ""Tabağa boşalttığımız Hindistan cevizine bulayıp tekrar borcama dizelim. Tatlımız hazır, afiyet olsun.""]"
648c5133-2cf6-4431-915f-f4b6c54c446e,Çıtır Profiterol Topları,Turkey,"Tereyağı, şeker ve fıstık ezmesiyle hazırlanan çıtır profiterol topları, pratik ve lezzetli bir tatlı seçeneği sunuyor",Ana Yemek,"[""1,5 yemek kaşığı tereyağı (oda sıcaklığında)(40 gram)"", ""1 tepeleme yemek kaşığı toz şeker (20 gram)"", ""1 tepeleme yemek kaşığı fıstık ezmesi (60 gram)"", ""2 tepeleme yemek kaşığı un (60 gram)""]","[""Önce çıtır hamuru hazırlayalım. Büyük boy bir kaseye soğuk tereyağını, şeker, unu spatula ile ezelim. İsteğe göre fıstık ezmesini ekleyerek elinizle hamur haline getirin."", ""Fırın kağıdını 2 sayfa şeklinde arasına koyarak merdane ile açalım ve kağıt üzerinden 3 cm bir kalıp ile yuvarlakları oluşturup kağıdı dikkatli bir şekilde dondurucuya atalım. 1 saat kadar."", ""Pastacı kreması için: tencereye sütü alalım. Biraz ısınmaya bırakalım. Ayrı bir kapa 2 yumurta sarısını karıştıralım. Üzerine şekeri ekleyelim karıştıralım."", ""Unu ekleyelim. Nişastayı ekleyelim karıştıralım. Ilıttığımız sütü temperleme şeklinde kepçe ile yavaş yavaş yumurtalı karışıma ekleyelim."", ""karışımı tencereye alalım orta ateşte karıştırarak kıvam almasını bekleyelim."", ""Karışıma sıcak iken vanilya, tereyağını ve pul beyaz çikolatadan ekleyelim. Üzerine streç yapıştıralım üzeri kaymak tutmasın. Buz dolabında bekletelim."", ""Profiterol hamuru için; bir tencereye tereyağı suyu ve sütü alalım taşım kaynatalım. Üzerine unu ve bir tutam tuzu ekleyip kıvam aldığında yapışmayan bir kıvam olduğunda yağ kusmamasını isteriz."", ""Miksere alalım. Ayrı bir kapta yumurtaları çırpalım ve mikser ile tüm hamur karışımını yapışık bir kıvam aldığında işlemi bitirelim."", ""Sıkma torbasına koyalım. Fırın kağıdına hamurlarımızı aralıklı bir şekilde sıkalım."", ""Dolapta dondurduğumuz kurabiye çıtırlarını sıktığımız hamur üzerine yerleştirelim. Şapka görevi gibi düşünebiliriz."", ""Fırını önceden ısıtılmış 190 derece 15 dakika kapağı açalım ve bir 170 derece 15 dakika daha pişirelim."", ""Pişen çıtır profiterol toplarına pastacı kremasını dilediğiniz servis şeklinde ikram edebilirsiniz. Üstünden bir parça keserek yada içlerini tamamen doldurarak."", ""Üzeri için çikolata sosu 250 ml süt ve 3 paket bitter çikolata tencerede ısıtalım ve sosa biraz tereyağı ekleyelim sosumuz daha parlak ve kıvamlı olacaktır. Afiyet olsun.""]"
bfcb3656-37d5-455b-9d77-25a24ff17775,Ev Yapımı Profiterol,Turkey,"Ev yapımı profiterol, çıtır hamurun krema ve çikolata sosuyla buluştuğu lezzetli bir tatlıdır",Ana Yemek,"[""1 su bardağı su"", ""1 su bardağı un"", ""100 gram tereyağı (2 yemek kaşığı kadar)"", ""3 adet yumurta""]","[""Hamurunu hazırlamak için tencereye 1 su bardağı suyu ve tereyağını koyup kaynamaya bırakın."", ""İçine unu ekleyip yumuşak bir hamur haline gelince hemen altını kapatın (yaklaşık unu ilave edince 3 dakikada oluyor)."", ""Biraz soğuyunca yumurtaları tek tek ilave ederek hamura yedirin. Yani bir yumurtayı kırıp iyice yedin sonra ikinciyi, sonra üçüncüyü yedirin."", ""Hepsi bitince bir tatlı kaşığı yardım ile top top yağlı pişirme kağıdı yerleştirin."", ""Tepsiye yaklaşık 25 tane çıkacak şekilde yerleştirip önceden ısıtılmış fırında 40 dakika pişirin."", ""Kreması için olan malzemelerin vanilya hariç hepsini karıştırın. İndirdikten sonra vanilyalı ekleyip soğumaya bırakın."", ""Pişen profiterol hamurlarının için ister keserek kaşık ile; isterseniz de krema poşeti ile doldurun."", ""Çikolata sosunu küçük bir sos tenceresinin içinde hazırlayın. Profiterollere dökerek soğuk bir şekilde servis edebilirsiniz. Afiyet olsun.""]"
1178422d-727d-4c25-b957-4d45cf361818,Pratik Airfryer Yemek Tarifleri,Turkey,Hava fırınında hazırlanan pratik ve lezzetli tariflerle soğuk çayınızı mükemmel bir şekilde tamamlayın,Ana Yemek,"[""Soğuk Çay""]","[""Pofuduk hamuru, üzerine dökülen türlü soslar ve taptaze meyveler ile nefis bir kahvaltılık tarifi olan pancake'i bu sefer airfryer'da yapalım hadi. En pratik hali burada: Airfryer'da Dev Pancake Tarifi"", ""Bol çikolatalı orijinal sufle tarifini airfryer ile pişirmek için mutfaktayız. Sadece 5 malzeme ile 10 dakikada hazır olan bu tatlıyı yapmak için geç kalmayın. Tüm detaylarıyla: Airfryer'da Sufle"", ""Fırın sütlacı airfryer'da hazırlaması o kadar pratik ki! Sütlaçları 200 derece 10 dakika pişiriyorsunuz ve şahane kıvamda sütlaçlarınız hazır. Püf noktaları için: Airfryer'da Fırın Sütlaç Tarifi"", ""Çay saatlerinde ya da ikramlık hazırlayabilceğiniz keki airfryer'da kısa sürede pişirebiliyoruz. En pratik ve farklı kek tarifiyle tanışmaya hazır olun: Airfryer'da Kek Tarifi"", ""Çok yağ kullanmadan, kalorisini düşünme derdi de olmadan çıtır çıtır sigara börekleri yapıyoruz. Airfryer'da pişen börekler bu şekilde çok hafif oluyor. Hemen denemek için: Airfryer'da Sigara Böreği Tarifi""]"
495b7b28-b0bb-4d43-9d8f-d315cdf60d2b,Pastane Usulü Profiterol,Turkey,"Hafif ve çıtır hamurun içi krema ile dolu, üzerine çikolata sosu dökülmüş klasik bir pastane lezzeti",Tatlı,"[""100 gram tereyağı"", ""1 su bardağı su"", ""1 su bardağı un"", ""1 tatlı kaşığı şeker"", ""3 adet büyük boy yumurta""]","[""Hamuru için suyu, tereyağını, bir çimdik tuzu, şekeri tencereye koyup kaynayana kadar bekleyin. Kaynayınca unu ekleyip sürekli spatula ile 2 dakika kadar pişirmeniz yeterli."", ""Ocaktan alıp ılıyınca yumurtaları teker teker kırıp mikserde iyice çırpın. Sıkma torbasına alıp istediğiniz büyüklükte yağlı kağıt serili tepsiye sıkın. Parmağınızı suya batırıp düzeltin."", ""Önceden ısıtılmış 150° alt üst fanlı fırında 50- 60 dakika pişirin. Her fırın farklı pişirebilir, kontrollü pişirin. Fırını açarsanız sönme olabilir, ilk 45 dakika fırını hiç açmayın. Buna dikkat eder"", ""Kreması için; krem şanti hariç tüm malzemeler tencereye alıp pişirin. Krem şantiyi ekleyip pürüzsüz olana kadar mikserde çırpın."", ""Oda ısısında biraz bekletip sürekli kabuk tutmaması için karıştırın. Üzerine buzdolabı poşeti koyup dolaba kaldırıp iyice soğutun."", ""Çikolata sosu için; süt, şeker, nişasta, kakaoyu tencereye alıp pişirin. Piştikten sonra tereyağı, çikolata, vanilini ekleyip blenderdan geçirin."", ""Soğuyana kadar dolapta bekletin. Ben bir gece önceden yapıp bekletiyorum. Eğer kıvamı soğuduktan sonra yoğun ise süt ile kıvamı açabilirsiniz; dikkatli olun cıvık yapmayın."", ""Profiterol soğuyunca bıçakla kesip içini krema ile doldurun. Çikolata sosunu döküp servis edin. Afiyetle...""]"
d2baaf2e-3ea5-41e7-9bf7-a632be78cc4b,Fit Manolya,Turkey,"Sağlıklı ve lezzetli bir kahvaltı seçeneği olan Fit Manolya, pratik yapımıyla enerji dolu bir başlangıç sunar",Ana Yemek,"[""3 su bardağı süt"", ""1 su bardağı yulaf unu"", ""1 adet yumurta sarısı"", ""1 tatlı kaşığı bal"", ""1 çay kaşığı tarçın""]","[""Tarifimize muhallebiyi yaparak başlıyoruz. Bir tencereye süt, yulaf unu, yumurta sarısı, bal ve tarçını ekliyoruz."", ""Kısık ateşte karıştırarak kıvam alana kadar pişiriyoruz, piştikten sonra soğumaya bırakıyoruz."", ""Sıra geldi bisküvilere! Bir kaseye çıtır ekmeklerimizi ufalamadan küçük küçük kırıyoruz, bal ve Hindistan cevizi yağını da ekleyip harmanlıyoruz."", ""Son adım! Bardaklarımıza ilk hazırladığımız bisküvi harcını ardından muhallebimizi üzerine dilimlediğimiz muzları da ekleyip kat kat çıkıyoruz. Afiyet olsun.""]"
b2d5283d-c32b-4cc8-bdf2-6eda0fc3955c,Amerikan Kurabiyesi,Turkey,Lezzetli ve pratik Amerikan kurabiyesi tarifi,Tatlı,"[""2 adet yumurta"", ""1 büyük su bardağı yulaf kepeği"", ""1 adet vanilin"", ""1 adet kabartma tozu ya da karbonat"", ""4 tepeleme yemek kaşığı ince çekilmiş fındık"", ""4 tepeleme yemek kaşığı tereyağı (eritilmiş)"", ""4 tepeleme yemek kaşığı damla çikolata"", ""1 su bardağı şeker"", ""2 su bardağı un""]","[""Tereyağını eritip üzerine un hariç diğer malzemeleri ekleyin."", ""Unu azar azar ekleyerek elimize yapışan hafif akışkan kıvamda olacak hamur elde edin. Dondurma kaşığıyla yağlı kağıt serili tepsiye dizin."", ""Önceden ısıtılmış 170 derecelik fırında hafif rengi dönene kadar yaklaşık 12 dakika pişirin. Afiyet olsun.""]"
644d7e02-01aa-411c-ab78-3efb1a77c901,Kakaolu Trüf,Turkey,"Kakaolu trüf, sadece üç malzemeyle hazırlanan pratik ve lezzetli bir tatlıdır",Ana Yemek,"[""100 gram labne peyniri"", ""Etimek Tatlısı Tarifi"", ""Damla Çikolatalı Kurabiye"", ""Tatlı Tarifleri Spoonful Mozaik Pasta Çikolatalı Sufle İrmik Helvası Fırın Sütlaç Profiterol Revani Magnolia"", ""Kahvaltılık Tarifler Pancake Krep Pişi Kuymak Kaygana Kahvaltılık Sos Menemen Muhlama Yumurtalı Ekmek Omlet"", ""Omlet""]","[""İlk olarak 2 yemek kaşığı suda kahvenin çözünmesini bekliyoruz."", ""Kakao dışında tüm malzemeleri karıştırıp biraz dolapta bekletiyoruz karışımı."", ""15 dakika beklettikten sonra yuvarlayıp şekil veriyor kakao tozuna buluyoruz. Afiyet olsun.""]"
d8735306-594d-42e6-bbce-7a825f4d525c,Kremalı Pancar Çorbası,Turkey,"Kremalı Pancar Çorbası, lezzetli ve besleyici bir başlangıç için mükemmel bir seçim",Ye,"[""3 adet orta boy pancar"", ""2 adet orta boy kuru soğan"", ""1 paket krema"", ""3 yemek kaşığı zeytinyağı"", ""1 litre su"", ""1 çay kaşığı tuz"", ""1 çay kaşığı karabiber""]","[""Püf noktasında belirttiğimiz biçimde haşladığınız pancarların kabuklarını soyun ve dilediğiniz büyüklükte doğrayın."", ""Soğanların kabuklarını soyun ve ince ince doğrayın."", ""Sarımsağında kabuklarını soyun ve doğrayın."", ""Bir tencerenin içerisine zeytinyağını, soğan ve sarımsağı alın, sotelemeye başlayın."", ""Sarımsak ve soğan hafifçe renk değiştirip kavrulduktan sonra üzerine doğranmış pancarları ilave edin."", ""Pişen sebzelere tuz, karabiber ilave edip iyice karıştırın ve suyu ekleyin. Pişmeye bırakın."", ""İyice piştiğinden emin olduğunuzda ocaktan alın ve el mikseri yardımıyla iyice ezin."", ""Çorbayı tekrar ocağın üzerine alın ve kremayı ilave edin. Kıvam aldığında ocaktan alın ve afiyetle tüketin.""]"
4be1264e-9f9a-4e79-adf8-e363a098d325,Soğanlı Menemen,Turkey,Yumurtalı ve soğanlı lezzetli bir klasik menemen tarifi,Ye,"[""4 yemek kaşığı zeytinyağı"", ""1/2 adet soğan"", ""4 adet sivri biber"", ""1 adet kapya biber"", ""4 adet domates"", ""4 adet yumurta"", ""1 çay kaşığı tuz"", ""1 çay kaşığı karabiber""]","[""Zeytinyağını yapışmaz tabanl bir tavaya alın ve ince ince doğradığınız kuru soğanı pembeleşene dek kavurun."", ""Ardından sivri biberleri ve kapya biberleri ekleyin ve kavurmaya devam edin."", ""Biberler solmaya başlayınca küp küp doğradığınız domatesleri de ekleyin."", ""Kapağını kapatıp, domatesler iyice yumuşayana dek pişirin."", ""Yaklaşık 10 dakika yeterli olacaktır."", ""Son olarak incecik doğradığınız taze soğanı da ekleyin."", ""Soğanların rengi solunca yumurtaları kırın ve baharatları ekleyip karıştırın."", ""Yumurtalar pişene kadar karıştırın ve ardından ocağın altını kapatıp, soğanlı menemeni sıcak sıcak servis edin.""]"
fdca1273-70d0-406e-9223-730f80c04f1e,Damla Sakızlı Tavuk Göğsü,Turkey,"Damla sakızının eşsiz aromasıyla zenginleştirilmiş, lezzetli ve pratik bir tavuk göğsü tarifi",Tavuk Yemekleri,"[""125 gram tereyağı"", ""1 su bardağı un"", ""1 su bardağı toz şeker"", ""1 litre süt"", ""1 adet damla sakızı (ezilmiş)""]","[""Tereyağını tencereye alıp eritin."", ""Eriyen tereyağının üzerine unu ekleyip rengi hafif koyulaşıp, kokusu çıkana kadar karıştırarak kavurun."", ""Üzerine sütü ekleyerek çırpıcı ile karıştırmaya devam edin. Tortu kalmaması için sürekli karıştırmanız önemli."", ""Süt hafif kaynayınca damla sakızını da ekleyip karıştırmaya devam edin."", ""Son olarak da şekeri ekleyin ve kaynayıp iyice koyulaşana kadar pişirin."", ""Koyulaşan tatlıyı blender yada süzgeçten geçirin ve ıslattığınız borcama dökün. Buzdolabında en az 2 saat dinlendirin."", ""Tarçın, badem yada fındık ilavesiyle servis edebilirsiniz. Afiyet olsun!""]"
e0b58b61-124d-476a-9d36-314a347af9c8,Kolay Elmalı Profiterol,Turkey,Elmalı ve tarçınlı lezzetli pratik bir tatlı,Ana Yemek,"[""2 adet kırmızı elma"", ""1 paket petibör bisküvi"", ""1 çay kaşığı tarçın"", ""1/2 su bardağı ceviz""]","[""Elmalar kabukları soyulup rendelenir."", ""Bisküviler ve ceviz rondodan geçilerek un haline getirilir."", ""Elma, bisküvi, tarçın ve ceviz birlikte karıştırma kabına alınarak yoğurulur. Kıvamı sıvı gelirse, biraz daha bisküvi ilave edilebilir."", ""Hazırlanan harçtan ceviz büyüklüğünde parçalar koparılarak servis tabağına alınır."", ""Üzerine çikolata sosu ve ceviz eklenip afiyetle yenir. Afiyet olsun!""]"
cc9e4de4-ca52-4e5a-838b-41a081a93793,Tahinli Pekmezli Raw Cookie,Turkey,"Sağlıklı ve pratik bir atıştırmalık olan tahinli pekmezli raw cookie, pişirmeden hazırlanır",Ye,"[""4 yemek kaşığı yulaf"", ""1 yemek kaşığı tahin pekmez"", ""1/2 su bardağı ceviz içi"", ""1/2 su bardağı kuru üzüm"", ""20 gram bitter çikolata"", ""1 adet kivi""]","[""Çikolata ve kivi hariç bütün malzemeleri karıştırın."", ""Ardından şekil verin ve buzdolabında soğuması için 15 dakika bekletin."", ""Erittiğiniz çikolatayı üstlerine paylaştırın. Kiviyi dilimleyip yerleştirin. Afiyet olsun.""]"
38a47a44-2184-4cfe-b2ab-27bbbc672720,Mayalı Poğaça,Turkey,Yumuşacık ve lezzetli mayalı poğaça tarifi,Ye,"[""3 su bardağı ılık süt"", ""1 su bardağı sıvı yağ"", ""6 yemek kaşığı şeker"", ""2 tatlı kaşığı tuz"", ""1 adet yaş maya"", ""5-6 su bardağı un (aldığı kadar)"", ""1 adet yumurta sarısı""]","[""Önce maya ılık süt ve şekeri iyice karıştırın."", ""Sonra yağ ile unu karıştırın."", ""30 dakika mayalanmasını bekleyin. Hamurdan parçalar kopartın. Yuvarlayın."", ""İstediğiniz gibi şekil verebilirsiniz ve içini istediğiniz malzemeler ile doldurabilirsiniz."", ""Önceden ısıtılmış 175 derecelik fırında 30 dakika kadar pişirin. Afiyet olsun.""]"
87a41292-ecd9-4d15-b8fb-06ed28805f68,Portakal Soslu Kek,Turkey,"Portakal sosuyla harmanlanmış, pratik ve lezzetli bir kek tarifi",Ye,"[""4 adet yumurta"", ""1 su bardağı şeker"", ""1 su bardağı sıvı yağ"", ""1 su bardağı süt"", ""3 su bardağı un"", ""1 paket kabartma tozu"", ""1 paket vanilin"", ""1 tatlı kaşığı portakal kabuğu rendesi""]","[""Portakal soslu kek için yumurta ve şekeri çırpın."", ""Sıvıları ilave edin. Ardından diğer malzemeleri ilave ederek karıştırın."", ""Yağlanmış kek kalıbına harcı aktarın."", ""180 derecede 40 dakika pişirin. Sos malzemelerini bir araya getirip karıştırarak pişirin."", ""Kekin üzerine gezdirerek servis edin. Portakal soslu kek hazır. Afiyet olsun.""]"
431617ce-812e-49ca-b0b8-ca39fdfb7840,Muffin Kek,Turkey,Lezzetli ve pratik muffin kek tarifimizle çay saatlerinizi renklendirin,Ye,"[""2 adet yumurta"", ""1 çay bardağı toz şeker"", ""1 çay bardağı süt"", ""1 çay bardağı sıvı yağ"", ""1 adet limon kabuğu rendesi"", ""1 paket kabartma tozu"", ""2 çay bardağı un""]","[""Yumurta ve şekeri güzelce çırpalım sonra."", ""Daha sonra süt, yağ ve limon kabuğu rendesini ekleyip karıştıralım."", ""Un ve kabartma tozunu eleyerek ekleyip karıştıralım."", ""Kıvamlı bir hamur olması lazım ki üzerine koyduğumuz malzeme dibe çökmesin."", ""Üzerine çikolata eklemecekseniz şekeri 2 yemek kaşığı fazla ekleyelim."", ""Muffin kağıtlarına paylaştırın. Dilerseniz frambuaz da koyabilirsiniz."", ""20 dakikadan sonra kontrol edelim. Fırından fırına pişirme süresi değişkenlik gösterir. Afiyet olsun.""]"
f15f6ce8-ea7b-4559-9b74-7f55548b793d,Meyve Salatası,Turkey,Taze ve lezzetli meyvelerle hazırlanan ferahlatıcı bir atıştırmalık,Salata,"[""1 adet muz"", ""2 adet ananas (1 dilim)"", ""10- 15 adet üzüm"", ""1 adet portakal"", ""5 - 6 adet çilek""]","[""Üzümleri sapından ayıklayıp bir kaba aktarın."", ""Portakalın kabuğunu soyup küp küp doğrayın."", ""Muzu da halka halka dilimleyip kaseye aktarın."", ""Çilek ve ananası da doğrayın."", ""Karıştırma kabına ekleyip karıştırın."", ""Meyve salatası tarifiniz hazır. Afiyet olsun!""]"
688bbad6-7eb1-4bb0-b385-5c60260bb6da,Etsiz Çiğ Köfte,Turkey,"Geleneksel lezzetlerin modern dokunuşla buluştuğu, sağlıklı ve pratik atıştırmalık",Vegetarian,"[""3 su bardağı esmer bulgur"", ""1 su bardağı domates rendesi"", ""3 yemek kaşığı isot"", ""1 adet küçük boy soğan (rendelenmiş)"", ""1,5 yemek kaşığı biber salçası"", ""1 yemek kaşığı domates salçası"", ""1/2 su bardağı zeytinyağı""]","[""Bulgur, domates rendesi ve oda ısısındaki suyla ıslatılır. Yumuşayıncaya kadar (yaklaşık 1 saat) bekletilir."", ""Bulgur dişe gelmeyecek şekilde yumuşayınca yoğurma işlemine başlanır. Soğan, sarımsak, yağ ve salçalar eklenip iyice yoğrulur."", ""İsot, nar ekşisi ve 2-3 yemek kaşığı su bir kapta karıştırılır."", ""Bulgura bu karışım da eklenir, yoğurmaya devam edilir. Kıvamı tutana kadar iyice yoğurulur ve ardından servis edilir. Afiyet olsun.""]"
c793a643-0a10-42c3-ac8f-d95c19da12f4,Kaymaklı Ayva Tatlısı,Turkey,"Şerbeti içinde yumuşayan ayvalar, kaymak ve tarçın ile harika bir kış tatlısı",Tatlı,"[""3 adet orta boy ayva"", ""2 adet çubuk tarçın"", ""5 adet karanfil"", ""1,5 su bardağı su"", ""2 tatlı kaşığı vişne reçeli"", ""1 çimdikgıda boyası"", ""1 çay kaşığı toz Antep fıstığı""]","[""Ayvaları güzelce yıkayın. İkiye bölün ve kabuklarını soyun ve içini temizleyin. Ayvanın hiçbir şeyini atmayın."", ""Kabuklarını tencerenin altına koyun üzerine ayvaları ekleyin. Üzerine her birine 1'er fincan toz şeker ekleyin. Tarçını ve karanfili de ekleyin."", ""1 su bardağının içine 2 tatlı kaşığı vişne reçelini ve bir çimdik gıda boyası tozunu ekleyip karıştırın ve suyu tencereye ekleyin."", ""30-35 dakika yumuşaklığını kontrol ederek pişirin. Soğuduktan sonra kaymak ve toz Antep fıstığı ile servis edin. Afiyet olsun.""]"
5285c6e3-d3d7-42cc-aa32-847e24643b0c,Ketojenik Kurabiye,Turkey,Lezzetli ve şeker içermeyen ketojenik kurabiye tarifi,Keto,"[""6 yemek kaşığı badem unu"", ""2 yemek kaşığı Hindistan cevizi unu"", ""3 yemek kaşığı stevia"", ""1 çay kaşığı kabartma tozu"", ""60 gram bitter çikolata"", ""2 adet yumurta"", ""50 gram eritilmiş tereyağı""]","[""Yumurta ve tereyağı haricindeki malzemeleri karıştırın."", ""Sonra yumurta ve tereyağını ekleyin ve bir kaşık yardımıyla iyice karıştırın."", ""Fırın tepsisine pişirme kağıdı koyup, aralık bırakarak bir kaşıkla kurabiye hamurunu koyun."", ""180 derece fırında 10-15 dakika pişirin. Afiyet olsun.""]"
d8b2c181-c78e-44b1-9deb-d17e7fdad89f,Kek Tarifleri,Turkey,Lezzetli ve pratik kek tarifleriyle tatlı krizlerinizi anında çözün,Tatlı,"[""Etimek Tatlısı Tarifi"", ""Damla Çikolatalı Kurabiye"", ""Tatlı Tarifleri Spoonful Mozaik Pasta Çikolatalı Sufle İrmik Helvası Fırın Sütlaç Profiterol Revani Magnolia"", ""Kahvaltılık Tarifler Pancake Krep Pişi Kuymak Kaygana Kahvaltılık Sos Menemen Muhlama Yumurtalı Ekmek Omlet"", ""Omlet""]","[""Üzümlü, portakallı, cevizli, tarçınlı, havuçlu ve kakaolu gibi onlarca çeşidi bulunan kekler iştah kabartan kokularıyla bütün evi etkisi altına alacak. İster sade, ister mozaik, ister kakaolu tüm bu k"", ""Mutfakta çareler tükenmez. Bayat ekmekler de değerlendirilir, artan yemekler de. Bu kez de sırada bayatlayan, kalan kekler var! Bu bayat kek değerlendirme yöntemleriyle keklerinizi bambaşka tatlılara,"", ""Islak kek yaptığınızda kek sosunu tam çekmiyor ya da kıvamı istediğiniz gibi olmuyorsa nefis sos önerilerimiz var, toplanın! Kıvamı mükemmel, ıslaklığı tam istediğiniz gibi olacak ıslak kekler yapmak"", ""İçerisinde az un olması sebebiyle kıvamı bildiğimiz keklerden çok daha farklı olan, çikolata tadının buram buram hissedildiği, hafif nemli kıvamıyla öne çıkan brownie'yi evde tam kıvamında yapmak bizi""]"
554c53d8-b1a4-43f0-ae5a-0b62c4480a78,Tavuk Soteli Patates,Turkey,"Zeytinyağında sotelenmiş tavuk göğsü ile pişirilen, doyurucu ve lezzetli bir patates yemeği",Tavuk Yemekleri,"[""1/4 çay bardağı zeytinyağı"", ""600 gram tavuk göğsü"", ""1 adet soğan"", ""1 adet kırmızı kapya biber"", ""2 adet yeşil biber"", ""1 tatlı kaşığı salça"", ""1 çay kaşığı karabiber"", ""1 çay kaşığı kırmızı toz biber"", ""1 tatlı kaşığı pul biber"", ""1 tatlı kaşığı tuz""]","[""Öncelikle patatesleri bir tencereye alarak haşlayalım. Tavuk sotemiz için bir tavaya zeytinyağını koyup küçük küp küp doğradığımız tavukları alalım."", ""Tavuklarımız biraz piştikten sonra minik olarak doğradığımız soğan, kırmızı biber, yeşil biberi ekleyip karıştıralım."", ""Pişmesine yakın salça, baharatları ve tuzu ekleyelim bir 10 dakika kadar daha piştikten sonra ocağımızın altını kapatalım."", ""Haşlanan patateslerimizi çatal yardımıyla ezip karabiber ve tuzunu ekleyip karıştıralım. Yağladığımız borcama önce patatesimizi koyarak düzeltelim, daha sonra tavuk soteyi koyup her tarafına yayalım."", ""Son olarak rendelediğimiz kaşar peyniri üstüne yayıp önceden ısıttığımız 150 derece fırında kaşarlarımız eriyip üzeri kızarana kadar pişirelim.""]"
c967d571-170f-49a3-84e3-c9d542b8859b,Klasik Kabak Mücver,Turkey,"Lezzetli ve pratik kabak mücver, sofralarınızın vazgeçilmezi olacak",Sebze Yemekleri,"[""2 adet yumurta"", ""3 adet kabak"", ""2 yemek kaşığı un"", ""5-6 adet yeşil soğan"", ""1 çay kaşığı tuz"", ""1 çay kaşığı karabiber"", ""2 yemek kaşığı sıvı yağ""]","[""İlk olarak mücver malzemelerini hazırlayalım. Kabakları soyarak rendenin iri kısmında rendeleyelim. Yeşil soğan, dereotunu minik minik doğrayın."", ""Bir kabın içerisine un ve yumurtayı pürüzsüz bir hale gelene kadar çırpın."", ""Daha sonra doğradığımız yeşil soğan, dereotu ve baharatları harmanlayıp üzerine kabakları ilave edin ve iyice yoğurun."", ""Tavada yağı ısıtın, ısınmış yağa birer kaşık harcımızdan koyarak alt üst şekilde kızartın.""]"
44833e0f-91f3-4f19-bf88-63bd0d31cb5d,Çilekli Fit Marmelat,Turkey,Şeker eklenmeden hazırlanan sağlıklı ve lezzetli çilekli marmelat,Ana Yemek,"[""20 adet çilek"", ""1 tatlı kaşığı pekmez"", ""3 yemek kaşığı limon suyu"", ""2 silme tatlı kaşığı nişasta"", ""4 tatlı kaşığı su""]","[""20 adet orta boy çileğimizi dörde bölerek ufak parçalar elde ediyoruz."", ""Doğradığımız çilekleri derin bir tencereye alıp yüksek ateşte sürekli karıştırarak suyunu salmalarını bekliyoruz."", ""Suyunu salan ve kaynamaya başlayan çileklere sırasıyla, 3 yemek kaşığı limon suyu, 1 tatlı kaşığı pekmez ve 4 tatlı kaşığı su ile ayrı bir kapta açtığımız 2 tatlı kaşığı nişastayı ekliyoruz."", ""Eklenen malzemelerle birlikte mutlu sona yaklaştığımız çilekli marmelat için karışımın altını kısıp bir 5 dakika daha kaynatıyoruz. Sürekli karıştırmayı unutmuyoruz."", ""Kaynatma işlemini tamamladıktan sonra çileklerimizi kenara alıp soğumaya bırakıyoruz."", ""Soğuyan çilekleri blender yardımıyla çekip marmelatımızı elde diyoruz. Afiyet olsun.""]"
d90a98fd-3c01-4f79-b79c-92853b6dd49d,Ganaj,Turkey,Etimek tatlısı için pratik ve lezzetli ganaj sosu,Ana Yemek,"[""200 gram krema (1 paket)"", ""180 gram çikolata"", ""Etimek Tatlısı Tarifi"", ""Damla Çikolatalı Kurabiye"", ""Tatlı Tarifleri Spoonful Mozaik Pasta Çikolatalı Sufle İrmik Helvası Fırın Sütlaç Profiterol Revani Magnolia"", ""Kahvaltılık Tarifler Pancake Krep Pişi Kuymak Kaygana Kahvaltılık Sos Menemen Muhlama Yumurtalı Ekmek Omlet"", ""Omlet""]","[""Kremayı sos tenceresine alın. Ocağın altını yakın. Kısık ateşte kremayı sadece ısıtın, kaynatmayın"", ""sınan kremanın içerisine çikolatayı ekleyin."", ""Eriyinceye kadar karıştırın."", ""Çikolata tamamen eriyip homojen bir karışım elde ettikten sonra ganajı bir kaseye alıp üzerini streçleyin."", ""Buzdolabında bir süre dinlendirin. Dilediğiniz tatlı yapımında kullanabilirsiniz. Afiyetler olsun!""]"
ca553589-efb4-41ea-9896-681486684246,Vejetaryen Karnabahar Pizza,Turkey,"Karnabahar tabanlı, lezzetli ve sağlıklı bir pizza alternatifi",Vegetarian,"[""1 adet orta boy karnabahar"", ""2 adet yumurta"", ""1 su bardağı kaşar peyniri (yağsız)"", ""1 yemek kaşığı pizza sosu""]","[""Karnabaharı sapları olmadan çiçeklere ayırıyoruz ve rondodan geçiriyoruz. Bir tülbent yardımı ile iyice suyunu sıkıyoruz."", ""Daha sonra fırın tepsisine alıyoruz, 180 derecelik fırında 10 dakika kadar pişiriyoruz."", ""Fırından çıkan karnabaharımızı derin bir kaba alıyoruz. Üzerine 2 yumurtayı, kaşar peynirimizin yarısını, baharatları atıp iyice yoğuruyoruz."", ""Daha sonra yağlı kağıt serdiğimiz fırın tepsimize kalp şekli vererek 180 derecede 10 dakika kadar pişiriyoruz."", ""Fırından çıkan pizza tabanımızın üzerine biraz pizza sosu gezdirip kalan kaşar peynirleri ilave ettikten sonra domatesleri de yuvarlakça kesip diziyoruz."", ""180 derecede 15 dakika daha pişirip afiyetle yiyoruz :)""]"
58384b09-ccad-4afe-a584-a65167ad3071,Tam Buğdaylı Simit,Turkey,Tam buğday unuyla hazırlanan sağlıklı ve lezzetli ev simidi tarifi,Börek & Hamur İşi,"[""1 çay bardağı ılık süt"", ""1 çay bardağı ılık su"", ""1 çay kaşığı (silme) tuz"", ""2 adet küp şeker"", ""1 adet yumurta"", ""3 su bardağı tam buğday unu"", ""1 çay bardağı su"", ""2 çay kaşığı susam"", ""2 çay kaşığı ayçekirdeği içi""]","[""Kuru maya, ılık su, süt ve şekeri karıştırıp 5 dakika kadar aktive olmasını bekliyoruz."", ""Ardından yumurta ve tuzu da ekleyip çırpıyor, unu yavaşça ekliyoruz. Unu da ekleyip karıştırdıktan sonra, 45 dakika kadar mayalanması için bırakıyoruz."", ""O esnada pekmez ve 1 çay bardağı suyu karıştırıyoruz. Susam ve ay çekirdeğini de başka bir kaba döküyoruz."", ""Mayalanan hamurdan ikişer parça koparıp rulo şekli veriyoruz. İki tanesini birleştirip örgü şekli verip birleştiriyoruz."", ""Önce pekmezli suya, ardından susam ve ay çekirdeğine bulayıp tepsiye diziyoruz. 15 dakika da bekletiyoruz."", ""Önceden ısıtılmış 180 derecelik fırında pişiriyoruz. Afiyet olsun.""]"
a74c7bfb-8c64-446f-b0cc-42f27e2739f7,Kremalı Brokoli Çorbası,Turkey,"Kremalı ve lezzetli brokoli çorbası, sağlıklı ve doyurucu bir başlangıç",Çorba,"[""500 gram brokoli"", ""2 adet havuç"", ""1 adet soğan"", ""1 çay bardağı sıvı krema"", ""2-3 su bardağı sıcak su"", ""2 yemek kaşığı tereyağı"", ""1 yemek kaşığı un"", ""2 su bardağı süt"", ""1 çay kaşığı karabiber"", ""2 çay kaşığı tuz""]","[""Yıkayıp doğradığımız havucu, brokoliyi ve soğanı tencereye alıyoruz. 2-3 su bardağı (üzerini geçecek kadar) sıcak suyumuzu ekledikten sonra yumuşayana kadar haşlanmaya bırakıyoruz."", ""Sebzelerimiz haşlandıktan sonra başka bir tencerede tereyağını eritip unu ekleyerek kokusu çıkana kadar kavuruyoruz."", ""Kavrulan unun üstüne 2 su bardağı sütümüzü de yavaş yavaş ekleyerek beşamel sosumuzu karıştırıp kaynatıyoruz."", ""Sütlü karışımın üzerine sebzelerimizi ekliyoruz. Haşladığımız sebzelerin suyunun yarısını da ilave ediyoruz. (Ben kıvamı koyu olunca biraz fazla ekledim, siz de çorbanıza göre ayarlayabilirsiniz)"", ""Blender ile iyice eziyoruz. Üzerine kremayı, tuzu ve karabiberi de ekleyerek 5 dakika daha kaynatıp altını kapatıyoruz. Afiyet olsun.""]"
e061f8a7-b808-461b-bdad-fb9eef111234,Erikli Muffin,Turkey,"Taze eriklerle hazırlanan, pratik ve lezzetli bir muffin tarifi",Ana Yemek,"[""50 gram un (1/4 su bardağı)"", ""50 gram şeker (1/3 su bardağı)"", ""40 gram soğuk tereyağı (1 dolu yemek kaşığı)"", ""1 çay kaşığı tarçın"", ""1/2 çay kaşığı tuz"", ""1 çay kaşığı kabartma tozu""]","[""Streusel için, tüm malzemeleri bir kapta birleştirip elinizle toz haline getirin."", ""40 dakika kadar buzlukta bekletin."", ""Muffin için tüm malzemeler oda sıcaklığında olmalı."", ""Yumuşak tereyağını şeker ve vanilin ile çırpın. Yumurtaları ilave edin. Süt ilave edin."", ""Un ve kabartma tozunu da ilave edip kıvamlı bir hamur elde edin."", ""Erikleri küp küp doğrayıp hamura ilave edin."", ""Muffin kalıplarını tam dolmayacak şekilde kaşık ile doldurun."", ""Üzerine streusel serpip 180 derece sıcak fırında 30-35 dakika pişirin. Afiyet olsun.""]"
a5cc8a97-1e19-4435-bfd3-8cdaaa005f5e,Pratik Mercimek Çorbası,Turkey,"Lezzetli ve doyurucu pratik mercimek çorbası, sofralarınızın vazgeçilmezi olacak",Çorba,"[""1,5 su bardağı mercimek"", ""1 adet orta boy soğan"", ""3 yemek kaşığı zeytinyağı"", ""1 yemek kaşığı tereyağı"", ""2 yemek kaşığı un"", ""1 tatlı kaşığı tuz"", ""1 çay kaşığı karabiber"", ""1,5 litre su""]","[""Tencereye önce yağı, ardından soğanları ekleyin. Kavurmaya başlayın."", ""Mercimekleri de ekleyin ve kavurmaya devam edin."", ""Unu da ekleyin ve kavurmaya devam edin."", ""Suyu da ekleyin ve kaynayana kadar pişirin."", ""Blender ile çektikten sonra baharatları ekleyin ve bir taşım kaynatın.""]"
7c591647-5d61-4909-b231-47f1a25e55c1,Kırmızı Pancar Salatası,Turkey,"Lezzetli ve renkli kırmızı pancar salatası, ferahlatıcı turşu ve tatlı mısırla harmanlanmış sağlıklı bir seçenek",Salata,"[""2 adet kırmızı pancar"", ""10-15 adet kornişon turşu"", ""1 su bardağı süt mısır"", ""1/2 su bardağı nar"", ""1 adet havuç"", ""1 adet soğan"", ""1 adet limon"", ""1 tatlı kaşığı tuz""]","[""Pancarın kabuklarını soyup küp küp doğrayıp yumuşayacak ama diri kalacak şekilde haşlayalım."", ""Havuçların da kabuklarını soyup küp küp doğrayıp ayrı tencerede haşlayalım."", ""Yeşillikleri, turşu ve soğanı da doğrayalım. Haşlanan sebzeleri süzüp tabağa alalım."", ""Bütün doğranmış malzemeleri bir kapta birleştirip limon, tuz ve yağını ekleyip karıştırıp servis tabağına alalım.""]"
c5e16c48-b228-4736-980f-967d4c859fa1,Patatesli Antrikot,Turkey,Lezzetli antrikot ve yumuşak patatesle hazırlanan doyurucu bir ana yemek,Ana Yemek,"[""2 adet soğan"", ""3 adet patates"", ""2 adet domates"", ""3 adet antrikot"", ""2 tatlı kaşığı tuz"", ""1 çay kaşığı karabiber"", ""6 yemek kaşığı zeytinyağı"", ""1 adet küp şeker"", ""1 çay kaşığı kekik""]","[""Antrikotlar 3'e bölüp, yağsız tavada arkalı önlü mühürleyin. Tuz ve karabiber serpin ve bir kaba alın."", ""Patatesleri ve soğanları halka halka kesin. Domatesleri ve sarımsakları küp küp doğrayın."", ""Tencereye zeytinyağı ekleyin. Önce soğanları koyun daha sonra patateslerin yarısı koyun. Üzerine etleri koyup daha sonra tekrar patatesleri koyun. Üzerine tuz ve karabiber serpin."", ""Son olarak domatesleri ve sarımsakları koyun ve şeker ekleyin."", ""Tencerenin altı kısık bir şekilde 1 saat pişirin. Piştikten sonra üzerine kekik serpin.""]"
6d294f7a-d0fb-4c1a-80f5-9f32298cd296,Yeşil Kabaklı Kek,Turkey,"Yeşil kabaklı kek, pratik ve lezzetli bir atıştırmalık alternatifidir",Tatlı,"[""2 adet yumurta"", ""1 su bardağı şeker"", ""1 su bardağı sıvı yağ"", ""2 adet kabak"", ""1/2 su bardağı ceviz içi (iri çekilmiş)"", ""1 paket kabartma tozu"", ""1 paket vanilya"", ""1 paket kakao (25 gram)"", ""5 yemek kaşığı un""]","[""Yumurta ve şekeri çırpıyoruz."", ""Sıvı yağ ve kakaoyu koyup karıştırıyoruz."", ""Rendeleyip suyunu sıktığımız kabakları ve iri dövülmüş cevizleri ilave ediyoruz."", ""Kabartma tozunu, vanilyasını ve ununu katıp karıştırıyoruz."", ""Yağladığımız kek kalıbına döküyoruz."", ""180 derecede 45 dakika kontrollü bir şekilde pişiriyoruz.""]"
826d2f79-9cd4-4d2a-9ec4-1fbc65a1b423,Sosisli Milföy Böreği,Turkey,"Pratik ve lezzetli atıştırmalık, sosisli milföy böreği",Börek & Hamur İşi,"[""1 paket milföy hamuru"", ""1 adet yumurta"", ""Etimek Tatlısı Tarifi"", ""Damla Çikolatalı Kurabiye"", ""Tatlı Tarifleri Spoonful Mozaik Pasta Çikolatalı Sufle İrmik Helvası Fırın Sütlaç Profiterol Revani Magnolia"", ""Kahvaltılık Tarifler Pancake Krep Pişi Kuymak Kaygana Kahvaltılık Sos Menemen Muhlama Yumurtalı Ekmek Omlet"", ""Omlet""]","[""Sosisleri ilk önce boyuna ikiye bölün sonra enine ikiye kesiyoruz."", ""Milföy hamurlarını ikiye kesiyoruz."", ""Milföy hamurunun üstüne kestiğimiz 2 adet sosisi koyuyoruz."", ""Kare olan milföy hamurunu çapraz 2 köşeden birleştirip pişirirken açılmaması için kenarlarını çatalla sabitliyoruz. Milföyün üzerine yumurta sarısı sürün."", ""180 derece fırında 25 dakika pişiriyoruz. Afiyet olsun.""]"
